uuid,decision_visibility,decision_visibility_other,end_date_visibility_restriction,decision_monetary,decision_monetary_other,end_date_monetary_restriction,decision_provision,end_date_service_restriction,decision_account,end_date_account_restriction,account_type,decision_ground,decision_ground_reference_url,illegal_content_legal_ground,illegal_content_explanation,incompatible_content_ground,incompatible_content_explanation,incompatible_content_illegal,category,category_addition,category_specification,category_specification_other,content_type,content_type_other,content_language,content_date,territorial_scope,application_date,decision_facts,source_type,source_identity,automated_detection,automated_decision,platform_name,platform_uid,created_at
98210615-1b83-46ac-af46-3295a1c38c67,"[""DECISION_VISIBILITY_CONTENT_REMOVED""]",,,,,,,,,,,DECISION_GROUND_INCOMPATIBLE_CONTENT,,,,"Activités et défis dangereux","La plupart des activités et des défis sont adaptés à tout le monde, mais certains comportent un risque de blessure important. Nous n'autorisons pas la présentation ou la promotion d'activités et de défis dangereux. Cela comprend les défis, les jeux, les tours, l'utilisation inappropriée d'outils dangereux, l'ingestion de substances nocives pour la santé ou d'autres activités similaires pouvant entraîner des dommages physiques importants. Consulte nos {CG_link} pour en savoir plus.",,STATEMENT_CATEGORY_SCOPE_OF_PLATFORM_SERVICE,,,,"[""CONTENT_TYPE_VIDEO""]",,,"2024-11-23 00:00:00","[""AT"",""BE"",""BG"",""CY"",""CZ"",""DE"",""DK"",""EE"",""ES"",""FI"",""FR"",""GR"",""HR"",""HU"",""IE"",""IS"",""IT"",""LI"",""LT"",""LU"",""LV"",""MT"",""NL"",""NO"",""PL"",""PT"",""RO"",""SE"",""SI"",""SK""]","2024-11-23 00:00:00","The decision was taken pursuant to own-initiative investigations",SOURCE_VOLUNTARY,,Yes,AUTOMATED_DECISION_FULLY,TikTok,7440305504640883489,"2024-11-23 03:05:30"
b4f704ec-2e3f-4fe7-8fdb-fd2ae709729e,"[""DECISION_VISIBILITY_CONTENT_REMOVED""]",,,,,,,,,,,DECISION_GROUND_INCOMPATIBLE_CONTENT,,,,"Minimum Age Requirement","Users must be 13 years and older to have a TikTok account. We are deeply committed to ensuring that TikTok is a safe and positive experience for people under the age of 18. This starts by being old enough to use TikTok. If we learn someone is below the minimum age on TikTok, we will ban that account.We proactively enforce our Community Guidelines through a mix of technology and human moderation. We have detected this policy violation using automated measures. We have used automated measures in making this decision.",,STATEMENT_CATEGORY_PROTECTION_OF_MINORS,,,,"[""CONTENT_TYPE_TEXT""]",,,"2024-11-23 00:00:00","[""AT"",""BE"",""BG"",""CY"",""CZ"",""DE"",""DK"",""EE"",""ES"",""FI"",""FR"",""GR"",""HR"",""HU"",""IE"",""IT"",""LI"",""LT"",""LU"",""LV"",""MT"",""NL"",""NO"",""PL"",""PT"",""RO"",""SE"",""SI"",""SK""]","2024-11-23 00:00:00","The decision was taken pursuant to own-initiative investigations.",SOURCE_VOLUNTARY,,Yes,AUTOMATED_DECISION_FULLY,TikTok,7440305504640899873,"2024-11-23 03:05:30"
1a761a22-5e5f-4445-a35f-254002266b50,"[""DECISION_VISIBILITY_CONTENT_REMOVED""]",,,,,,,,,,,DECISION_GROUND_INCOMPATIBLE_CONTENT,,,,"Harassment and Bullying","We welcome the respectful expression of different viewpoints, but not toxicity or trolling. We do not allow language or behavior that harasses, humiliates, threatens, or doxes anyone. This also includes responding to such acts with retaliatory harassment (but excludes non-harassing counterspeech).We proactively enforce our Community Guidelines through a mix of technology and human moderation. We have detected this policy violation using automated measures. We have used automated measures in making this decision.",,STATEMENT_CATEGORY_ILLEGAL_OR_HARMFUL_SPEECH,,,,"[""CONTENT_TYPE_TEXT""]",,,"2024-11-23 00:00:00","[""AT"",""BE"",""BG"",""CY"",""CZ"",""DE"",""DK"",""EE"",""ES"",""FI"",""FR"",""GR"",""HR"",""HU"",""IE"",""IT"",""LI"",""LT"",""LU"",""LV"",""MT"",""NL"",""NO"",""PL"",""PT"",""RO"",""SE"",""SI"",""SK""]","2024-11-23 00:00:00","The decision was taken pursuant to own-initiative investigations.",SOURCE_VOLUNTARY,,Yes,AUTOMATED_DECISION_FULLY,TikTok,7440305490002860833,"2024-11-23 03:05:30"
949f41a8-64f4-42ea-94f3-4f9ac8f33cbd,"[""DECISION_VISIBILITY_CONTENT_REMOVED""]",,,,,,,,,,,DECISION_GROUND_INCOMPATIBLE_CONTENT,,,,"Sexually Suggestive Content","We welcome performances and dances where people can creatively express themselves, celebrate their culture, or seek to entertain. We are mindful that certain behaviors related to sexual arousal or suggestiveness may be offensive to some people and may put young people at risk of exploitation. We do not allow seductive performances or allusions to sexual activity by young people, or the use of sexually explicit narratives by anyone.We proactively enforce our Community Guidelines through a mix of technology and human moderation. We have detected this policy violation using automated measures. We have used automated measures in making this decision.",,STATEMENT_CATEGORY_SCOPE_OF_PLATFORM_SERVICE,,,,"[""CONTENT_TYPE_TEXT""]",,,"2024-11-23 00:00:00","[""AT"",""BE"",""BG"",""CY"",""CZ"",""DE"",""DK"",""EE"",""ES"",""FI"",""FR"",""GR"",""HR"",""HU"",""IE"",""IT"",""LI"",""LT"",""LU"",""LV"",""MT"",""NL"",""NO"",""PL"",""PT"",""RO"",""SE"",""SI"",""SK""]","2024-11-23 00:00:00","The decision was taken pursuant to own-initiative investigations.",SOURCE_VOLUNTARY,,Yes,AUTOMATED_DECISION_FULLY,TikTok,7440305504640916257,"2024-11-23 03:05:30"
7587de8b-a387-411c-8baf-953327406d0a,"[""DECISION_VISIBILITY_OTHER""]","Video not eligible for recommendation in the For You feed",,,,,,,,,,DECISION_GROUND_INCOMPATIBLE_CONTENT,,,,"Nudity and Body Exposure","We celebrate all shapes and sizes and want people to feel comfortable in how they present themselves and their bodies. Content is ineligible for the For You feed and harder to find in search if it shows moderate body exposure of a young person, or significant body exposure of an adult. We allow regional exceptions for body exposure in limited situations, such as common cultural practices.We proactively enforce our Community Guidelines through a mix of technology and human moderation. We have detected this policy violation using automated measures. We have used automated measures in making this decision.",,STATEMENT_CATEGORY_SCOPE_OF_PLATFORM_SERVICE,,,,"[""CONTENT_TYPE_VIDEO""]",,,"2024-11-23 00:00:00","[""AT"",""BE"",""BG"",""CY"",""CZ"",""DE"",""DK"",""EE"",""ES"",""FI"",""FR"",""GR"",""HR"",""HU"",""IE"",""IT"",""LI"",""LT"",""LU"",""LV"",""MT"",""NL"",""NO"",""PL"",""PT"",""RO"",""SE"",""SI"",""SK""]","2024-11-23 00:00:00","The decision was taken pursuant to own-initiative investigations.",SOURCE_VOLUNTARY,,Yes,AUTOMATED_DECISION_FULLY,TikTok,7440305504640932641,"2024-11-23 03:05:30"
1e92fd98-59af-4673-a2dd-d2cb00314873,"[""DECISION_VISIBILITY_CONTENT_REMOVED""]",,,,,,,,,,,DECISION_GROUND_INCOMPATIBLE_CONTENT,,,,"Harassment and Bullying","We welcome the respectful expression of different viewpoints, but not toxicity or trolling. We do not allow language or behavior that harasses, humiliates, threatens, or doxes anyone. This also includes responding to such acts with retaliatory harassment (but excludes non-harassing counterspeech).We proactively enforce our Community Guidelines through a mix of technology and human moderation. We have detected this policy violation using automated measures. We have used automated measures in making this decision.",,STATEMENT_CATEGORY_ILLEGAL_OR_HARMFUL_SPEECH,,,,"[""CONTENT_TYPE_TEXT""]",,,"2024-11-23 00:00:00","[""AT"",""BE"",""BG"",""CY"",""CZ"",""DE"",""DK"",""EE"",""ES"",""FI"",""FR"",""GR"",""HR"",""HU"",""IE"",""IT"",""LI"",""LT"",""LU"",""LV"",""MT"",""NL"",""NO"",""PL"",""PT"",""RO"",""SE"",""SI"",""SK""]","2024-11-23 00:00:00","The decision was taken pursuant to own-initiative investigations.",SOURCE_VOLUNTARY,,Yes,AUTOMATED_DECISION_FULLY,TikTok,7440305503093136161,"2024-11-23 03:05:30"
31bb101b-bbd5-4eaf-9f80-9eb81df518af,"[""DECISION_VISIBILITY_CONTENT_REMOVED""]",,,,,,,,,,,DECISION_GROUND_INCOMPATIBLE_CONTENT,,,,"Harassment and Bullying","We welcome the respectful expression of different viewpoints, but not toxicity or trolling. We do not allow language or behavior that harasses, humiliates, threatens, or doxes anyone. This also includes responding to such acts with retaliatory harassment (but excludes non-harassing counterspeech).We proactively enforce our Community Guidelines through a mix of technology and human moderation. We have detected this policy violation using automated measures. We have used automated measures in making this decision.",,STATEMENT_CATEGORY_ILLEGAL_OR_HARMFUL_SPEECH,,,,"[""CONTENT_TYPE_TEXT""]",,,"2024-11-23 00:00:00","[""AT"",""BE"",""BG"",""CY"",""CZ"",""DE"",""DK"",""EE"",""ES"",""FI"",""FR"",""GR"",""HR"",""HU"",""IE"",""IT"",""LI"",""LT"",""LU"",""LV"",""MT"",""NL"",""NO"",""PL"",""PT"",""RO"",""SE"",""SI"",""SK""]","2024-11-23 00:00:00","The decision was taken pursuant to own-initiative investigations.",SOURCE_VOLUNTARY,,Yes,AUTOMATED_DECISION_FULLY,TikTok,7440305503093152545,"2024-11-23 03:05:30"
43c6fc2d-447a-4732-833d-e8895440a766,"[""DECISION_VISIBILITY_CONTENT_REMOVED""]",,,,,,,,,,,DECISION_GROUND_INCOMPATIBLE_CONTENT,,,,"Sexual Exploitation and Gender-Based Violence","We are committed to providing a space that embraces gender equity, supports healthy relationships, and respects intimate privacy. We do not allow sexual exploitation or gender-based violence, including non-consensual sexual acts, image-based sexual abuse, sextortion, physical abuse, and sexual harassment.We proactively enforce our Community Guidelines through a mix of technology and human moderation. We have detected this policy violation using automated measures. We have used automated measures in making this decision.",,STATEMENT_CATEGORY_VIOLENCE,,,,"[""CONTENT_TYPE_TEXT""]",,,"2024-11-23 00:00:00","[""AT"",""BE"",""BG"",""CY"",""CZ"",""DE"",""DK"",""EE"",""ES"",""FI"",""FR"",""GR"",""HR"",""HU"",""IE"",""IT"",""LI"",""LT"",""LU"",""LV"",""MT"",""NL"",""NO"",""PL"",""PT"",""RO"",""SE"",""SI"",""SK""]","2024-11-23 00:00:00","The decision was taken pursuant to own-initiative investigations.",SOURCE_VOLUNTARY,,Yes,AUTOMATED_DECISION_FULLY,TikTok,7440305503093168929,"2024-11-23 03:05:30"
4cce95eb-3523-4b13-b6ac-7bd342fbf663,"[""DECISION_VISIBILITY_OTHER""]","LIVE not eligible for recommendation and restricted in search results for 10 minutes","2024-11-23 00:00:00",,,,,,,,,DECISION_GROUND_INCOMPATIBLE_CONTENT,,,,"Mauvaise qualité visuelle ou images statiques","Ton LIVE n'est pas éligible pour les recommandations et a été restreint dans les résultats de recherche pour les 10 prochaines minutes, car il est possible que son contenu soit d'une mauvaise qualité visuelle ou représente des images statiques. Cette décision est conforme aux normes d'éligibilité du fil d'actualité Pour toi dans le cadre de nos Consignes communautaires.",,STATEMENT_CATEGORY_SCOPE_OF_PLATFORM_SERVICE,,,,"[""CONTENT_TYPE_VIDEO""]",,,"2024-11-23 00:00:00","[""AT"",""BE"",""BG"",""CY"",""CZ"",""DE"",""DK"",""EE"",""ES"",""FI"",""FR"",""GR"",""HR"",""HU"",""IE"",""IS"",""IT"",""LI"",""LT"",""LU"",""LV"",""MT"",""NL"",""NO"",""PL"",""PT"",""RO"",""SE"",""SI"",""SK""]","2024-11-23 00:00:00","The decision was taken pursuant to own-initiative investigations",SOURCE_VOLUNTARY,,Yes,AUTOMATED_DECISION_FULLY,TikTok,7440305503093185313,"2024-11-23 03:05:30"
7183f6f6-be1f-44e5-9b64-4148ed945187,"[""DECISION_VISIBILITY_OTHER""]","Photo not eligible for recommendation in the For You feed, and visibility restricted in search results",,,,,,,,,,DECISION_GROUND_INCOMPATIBLE_CONTENT,,,,"Civic and Election Integrity","We want to enable the informed exchange of civic ideas in a way that fosters productive dialogue. Your video didn’t meet our eligibility standards for the For You Feed. Please review our Community Guidelines for more information.We proactively enforce our Community Guidelines through a mix of technology and human moderation. We have detected this policy violation using automated measures. We have used automated measures in making this decision.",,STATEMENT_CATEGORY_NEGATIVE_EFFECTS_ON_CIVIC_DISCOURSE_OR_ELECTIONS,,,,"[""CONTENT_TYPE_IMAGE""]",,,"2024-11-23 00:00:00","[""AT"",""BE"",""BG"",""CY"",""CZ"",""DE"",""DK"",""EE"",""ES"",""FI"",""FR"",""GR"",""HR"",""HU"",""IE"",""IT"",""LI"",""LT"",""LU"",""LV"",""MT"",""NL"",""NO"",""PL"",""PT"",""RO"",""SE"",""SI"",""SK""]","2024-11-23 00:00:00","The decision was taken pursuant to own-initiative investigations.",SOURCE_VOLUNTARY,,Yes,AUTOMATED_DECISION_FULLY,TikTok,7440305504640949025,"2024-11-23 03:05:30"
fac9ed2e-1252-4791-b5b7-5aae03d5f45a,"[""DECISION_VISIBILITY_CONTENT_REMOVED""]",,,,,,,,,,,DECISION_GROUND_INCOMPATIBLE_CONTENT,,,,"Harassment and Bullying","We welcome the respectful expression of different viewpoints, but not toxicity or trolling. We do not allow language or behavior that harasses, humiliates, threatens, or doxes anyone. This also includes responding to such acts with retaliatory harassment (but excludes non-harassing counterspeech).We proactively enforce our Community Guidelines through a mix of technology and human moderation. We have detected this policy violation using automated measures. We have used automated measures in making this decision.",,STATEMENT_CATEGORY_ILLEGAL_OR_HARMFUL_SPEECH,,,,"[""CONTENT_TYPE_TEXT""]",,,"2024-11-23 00:00:00","[""AT"",""BE"",""BG"",""CY"",""CZ"",""DE"",""DK"",""EE"",""ES"",""FI"",""FR"",""GR"",""HR"",""HU"",""IE"",""IT"",""LI"",""LT"",""LU"",""LV"",""MT"",""NL"",""NO"",""PL"",""PT"",""RO"",""SE"",""SI"",""SK""]","2024-11-23 00:00:00","The decision was taken pursuant to own-initiative investigations.",SOURCE_VOLUNTARY,,Yes,AUTOMATED_DECISION_FULLY,TikTok,7440305503093201697,"2024-11-23 03:05:30"
2cffce5b-0113-434c-be9d-f9dd75c4b968,"[""DECISION_VISIBILITY_CONTENT_REMOVED""]",,,,,,,,,,,DECISION_GROUND_INCOMPATIBLE_CONTENT,,,,"Harassment and Bullying","We welcome the respectful expression of different viewpoints, but not toxicity or trolling. We do not allow language or behavior that harasses, humiliates, threatens, or doxes anyone. This also includes responding to such acts with retaliatory harassment (but excludes non-harassing counterspeech).We proactively enforce our Community Guidelines through a mix of technology and human moderation. We have detected this policy violation using automated measures. We have used automated measures in making this decision.",,STATEMENT_CATEGORY_ILLEGAL_OR_HARMFUL_SPEECH,,,,"[""CONTENT_TYPE_TEXT""]",,,"2024-11-23 00:00:00","[""AT"",""BE"",""BG"",""CY"",""CZ"",""DE"",""DK"",""EE"",""ES"",""FI"",""FR"",""GR"",""HR"",""HU"",""IE"",""IT"",""LI"",""LT"",""LU"",""LV"",""MT"",""NL"",""NO"",""PL"",""PT"",""RO"",""SE"",""SI"",""SK""]","2024-11-23 00:00:00","The decision was taken pursuant to own-initiative investigations.",SOURCE_VOLUNTARY,,Yes,AUTOMATED_DECISION_FULLY,TikTok,7440305503093218081,"2024-11-23 03:05:30"
a558bbe2-a6ff-42e6-8fdf-828133a0cbbd,"[""DECISION_VISIBILITY_OTHER""]","Video not eligible for recommendation in the For You feed",,,,,,,,,,DECISION_GROUND_INCOMPATIBLE_CONTENT,,,,"Community Guidelines","We maintain content eligibility standards for the For You feed (FYF) that prioritize safety and are informed by the diversity of our community and cultural norms. We make ineligible for the FYF certain content that may not be appropriate for a broad audience related to: (1) Behavioral Health, (2) Sensitive and Mature Themes, (3) Integrity and Authenticity, and (4) Regulated Goods. Content that is ineligible for the FYF can still be discovered in other ways, such as through search tools or by following an account.We proactively enforce our Community Guidelines through a mix of technology and human moderation. We have detected this policy violation using automated measures. We have used automated measures in making this decision.",,STATEMENT_CATEGORY_SCOPE_OF_PLATFORM_SERVICE,,,,"[""CONTENT_TYPE_VIDEO""]",,,"2024-11-22 00:00:00","[""AT"",""BE"",""BG"",""CY"",""CZ"",""DE"",""DK"",""EE"",""ES"",""FI"",""FR"",""GR"",""HR"",""HU"",""IE"",""IT"",""LI"",""LT"",""LU"",""LV"",""MT"",""NL"",""NO"",""PL"",""PT"",""RO"",""SE"",""SI"",""SK""]","2024-11-23 00:00:00","The decision was taken pursuant to own-initiative investigations.",SOURCE_VOLUNTARY,,Yes,AUTOMATED_DECISION_FULLY,TikTok,7440305504640965409,"2024-11-23 03:05:30"
731c371e-e16a-4618-bcbc-018bce61cd9e,"[""DECISION_VISIBILITY_CONTENT_REMOVED""]",,,,,,,,,,,DECISION_GROUND_INCOMPATIBLE_CONTENT,,,,"Sexual Exploitation and Gender-Based Violence","We are committed to providing a space that embraces gender equity, supports healthy relationships, and respects intimate privacy. We do not allow sexual exploitation or gender-based violence, including non-consensual sexual acts, image-based sexual abuse, sextortion, physical abuse, and sexual harassment.Users and 3rd-parties can report policy violations to us. We have detected this policy violation based on a report that the content violated our Community Guidelines.",,STATEMENT_CATEGORY_VIOLENCE,,,,"[""CONTENT_TYPE_IMAGE""]",,,"2024-11-23 00:00:00","[""AT"",""BE"",""BG"",""CY"",""CZ"",""DE"",""DK"",""EE"",""ES"",""FI"",""FR"",""GR"",""HR"",""HU"",""IE"",""IT"",""LI"",""LT"",""LU"",""LV"",""MT"",""NL"",""NO"",""PL"",""PT"",""RO"",""SE"",""SI"",""SK""]","2024-11-23 00:00:00","The decision was taken in response to a report alleging a violation of our Community Guidelines.",SOURCE_VOLUNTARY,,No,AUTOMATED_DECISION_NOT_AUTOMATED,TikTok,7440305504640981793,"2024-11-23 03:05:30"
a12081c3-d01f-4859-bb62-ed682964667c,"[""DECISION_VISIBILITY_CONTENT_REMOVED""]",,,,,,,,,,,DECISION_GROUND_INCOMPATIBLE_CONTENT,,,,"Community Guidelines","Your content is against our Community Guidelines. The guidelines include rules and standards for using TikTok that apply to everyone and everything on our platform.Users and 3rd-parties can report policy violations to us. We have detected this policy violation based on a report that the content violated our Community Guidelines.",,STATEMENT_CATEGORY_SCOPE_OF_PLATFORM_SERVICE,,,,"[""CONTENT_TYPE_TEXT""]",,,"2024-11-22 00:00:00","[""AT"",""BE"",""BG"",""CY"",""CZ"",""DE"",""DK"",""EE"",""ES"",""FI"",""FR"",""GR"",""HR"",""HU"",""IE"",""IT"",""LI"",""LT"",""LU"",""LV"",""MT"",""NL"",""NO"",""PL"",""PT"",""RO"",""SE"",""SI"",""SK""]","2024-11-23 00:00:00","The decision was taken in response to a report alleging a violation of our Community Guidelines.",SOURCE_VOLUNTARY,,No,AUTOMATED_DECISION_NOT_AUTOMATED,TikTok,7440305503093234465,"2024-11-23 03:05:30"
d3204850-43db-4056-8704-08543c686dc8,"[""DECISION_VISIBILITY_CONTENT_REMOVED""]",,,,,,,,,,,DECISION_GROUND_INCOMPATIBLE_CONTENT,,,,"Community Guidelines","Your content is against our Community Guidelines. The guidelines include rules and standards for using TikTok that apply to everyone and everything on our platform.We proactively enforce our Community Guidelines through a mix of technology and human moderation. We have detected this policy violation using automated measures. We have used automated measures in making this decision.",,STATEMENT_CATEGORY_SCOPE_OF_PLATFORM_SERVICE,,,,"[""CONTENT_TYPE_IMAGE""]",,,"2024-11-14 00:00:00","[""AT"",""BE"",""BG"",""CY"",""CZ"",""DE"",""DK"",""EE"",""ES"",""FI"",""FR"",""GR"",""HR"",""HU"",""IE"",""IT"",""LI"",""LT"",""LU"",""LV"",""MT"",""NL"",""NO"",""PL"",""PT"",""RO"",""SE"",""SI"",""SK""]","2024-11-23 00:00:00","The decision was taken pursuant to own-initiative investigations.",SOURCE_VOLUNTARY,,Yes,AUTOMATED_DECISION_FULLY,TikTok,7440305519484476193,"2024-11-23 03:05:32"
de46e5dc-0e66-4b34-b8b4-35b699dc57c6,"[""DECISION_VISIBILITY_CONTENT_REMOVED""]",,,,,,,,,,,DECISION_GROUND_INCOMPATIBLE_CONTENT,,,,"Hate Speech and Hateful Behaviors","TikTok is enriched by the various backgrounds of our community members. Our differences should be respected, rather than a cause for division. We do not allow any hateful behavior, hate speech, or promotion of hateful ideologies. This includes content that attacks a person or group because of protected attributes.Users and 3rd-parties can report policy violations to us. We have detected this policy violation based on a report that the content violated our Community Guidelines.",,STATEMENT_CATEGORY_ILLEGAL_OR_HARMFUL_SPEECH,,,,"[""CONTENT_TYPE_TEXT""]",,,"2024-11-22 00:00:00","[""AT"",""BE"",""BG"",""CY"",""CZ"",""DE"",""DK"",""EE"",""ES"",""FI"",""FR"",""GR"",""HR"",""HU"",""IE"",""IT"",""LI"",""LT"",""LU"",""LV"",""MT"",""NL"",""NO"",""PL"",""PT"",""RO"",""SE"",""SI"",""SK""]","2024-11-23 00:00:00","The decision was taken in response to a report alleging a violation of our Community Guidelines.",SOURCE_VOLUNTARY,,No,AUTOMATED_DECISION_NOT_AUTOMATED,TikTok,7440305519350307616,"2024-11-23 03:05:32"
3f2747e9-1210-4de3-8a55-9628e9c6d623,"[""DECISION_VISIBILITY_CONTENT_REMOVED""]",,,,,,,,,,,DECISION_GROUND_INCOMPATIBLE_CONTENT,,,,"Hate Speech and Hateful Behaviors","TikTok is enriched by the various backgrounds of our community members. Our differences should be respected, rather than a cause for division. We do not allow any hateful behavior, hate speech, or promotion of hateful ideologies. This includes content that attacks a person or group because of protected attributes.We proactively enforce our Community Guidelines through a mix of technology and human moderation. We have detected this policy violation using automated measures. We have used automated measures in making this decision.",,STATEMENT_CATEGORY_ILLEGAL_OR_HARMFUL_SPEECH,,,,"[""CONTENT_TYPE_TEXT""]",,,"2024-11-23 00:00:00","[""AT"",""BE"",""BG"",""CY"",""CZ"",""DE"",""DK"",""EE"",""ES"",""FI"",""FR"",""GR"",""HR"",""HU"",""IE"",""IT"",""LI"",""LT"",""LU"",""LV"",""MT"",""NL"",""NO"",""PL"",""PT"",""RO"",""SE"",""SI"",""SK""]","2024-11-23 00:00:00","The decision was taken pursuant to own-initiative investigations.",SOURCE_VOLUNTARY,,Yes,AUTOMATED_DECISION_FULLY,TikTok,7440305519350324000,"2024-11-23 03:05:32"
865bc1db-643e-4f80-a857-c52e4ed3859a,"[""DECISION_VISIBILITY_OTHER""]","Photo not eligible for recommendation in the For You feed",,,,,,,,,,DECISION_GROUND_INCOMPATIBLE_CONTENT,,,,"Dangerous Activities and Challenges","Most activities or challenges are appropriate for everyone, but some carry a risk of significant injury. Content is ineligible for the For You feed if it involves activities that are likely to lead to moderate physical harm, or includes professionals who are performing extreme sports and stunts that may endanger others.We proactively enforce our Community Guidelines through a mix of technology and human moderation. We have detected this policy violation using automated measures. We have used automated measures in making this decision.",,STATEMENT_CATEGORY_NEGATIVE_EFFECTS_ON_CIVIC_DISCOURSE_OR_ELECTIONS,,,,"[""CONTENT_TYPE_IMAGE""]",,,"2024-11-23 00:00:00","[""AT"",""BE"",""BG"",""CY"",""CZ"",""DE"",""DK"",""EE"",""ES"",""FI"",""FR"",""GR"",""HR"",""HU"",""IE"",""IT"",""LI"",""LT"",""LU"",""LV"",""MT"",""NL"",""NO"",""PL"",""PT"",""RO"",""SE"",""SI"",""SK""]","2024-11-23 00:00:00","The decision was taken pursuant to own-initiative investigations.",SOURCE_VOLUNTARY,,Yes,AUTOMATED_DECISION_FULLY,TikTok,7440305519484492577,"2024-11-23 03:05:32"
0d942fc0-d32c-4daa-b465-5a39ded17d94,"[""DECISION_VISIBILITY_OTHER""]","Video not eligible for recommendation in the For You feed",,,,,,,,,,DECISION_GROUND_INCOMPATIBLE_CONTENT,,,,"Community Guidelines","We maintain content eligibility standards for the For You feed (FYF) that prioritize safety and are informed by the diversity of our community and cultural norms. We make ineligible for the FYF certain content that may not be appropriate for a broad audience related to: (1) Behavioral Health, (2) Sensitive and Mature Themes, (3) Integrity and Authenticity, and (4) Regulated Goods. Content that is ineligible for the FYF can still be discovered in other ways, such as through search tools or by following an account.We proactively enforce our Community Guidelines through a mix of technology and human moderation. We have detected this policy violation using automated measures. We have used automated measures in making this decision.",,STATEMENT_CATEGORY_SCOPE_OF_PLATFORM_SERVICE,,,,"[""CONTENT_TYPE_VIDEO""]",,,"2024-11-23 00:00:00","[""AT"",""BE"",""BG"",""CY"",""CZ"",""DE"",""DK"",""EE"",""ES"",""FI"",""FR"",""GR"",""HR"",""HU"",""IE"",""IT"",""LI"",""LT"",""LU"",""LV"",""MT"",""NL"",""NO"",""PL"",""PT"",""RO"",""SE"",""SI"",""SK""]","2024-11-23 00:00:00","The decision was taken pursuant to own-initiative investigations.",SOURCE_VOLUNTARY,,Yes,AUTOMATED_DECISION_FULLY,TikTok,7440305519484508961,"2024-11-23 03:05:32"
0aa76426-b780-4354-a70f-798f8f585e40,"[""DECISION_VISIBILITY_CONTENT_REMOVED""]",,,,,,,,,,,DECISION_GROUND_INCOMPATIBLE_CONTENT,,,,"Harassment and Bullying","We welcome the respectful expression of different viewpoints, but not toxicity or trolling. We do not allow language or behavior that harasses, humiliates, threatens, or doxes anyone. This also includes responding to such acts with retaliatory harassment (but excludes non-harassing counterspeech).We proactively enforce our Community Guidelines through a mix of technology and human moderation. We have detected this policy violation using automated measures. We have used automated measures in making this decision.",,STATEMENT_CATEGORY_ILLEGAL_OR_HARMFUL_SPEECH,,,,"[""CONTENT_TYPE_TEXT""]",,,"2024-11-23 00:00:00","[""AT"",""BE"",""BG"",""CY"",""CZ"",""DE"",""DK"",""EE"",""ES"",""FI"",""FR"",""GR"",""HR"",""HU"",""IE"",""IT"",""LI"",""LT"",""LU"",""LV"",""MT"",""NL"",""NO"",""PL"",""PT"",""RO"",""SE"",""SI"",""SK""]","2024-11-23 00:00:00","The decision was taken pursuant to own-initiative investigations.",SOURCE_VOLUNTARY,,Yes,AUTOMATED_DECISION_FULLY,TikTok,7440305519350340384,"2024-11-23 03:05:32"
48524cb9-dd4f-4c16-8152-dd68292a1676,"[""DECISION_VISIBILITY_CONTENT_REMOVED""]",,,,,,,,,,,DECISION_GROUND_INCOMPATIBLE_CONTENT,,,,"Harassment and Bullying","We welcome the respectful expression of different viewpoints, but not toxicity or trolling. We do not allow language or behavior that harasses, humiliates, threatens, or doxes anyone. This also includes responding to such acts with retaliatory harassment (but excludes non-harassing counterspeech).We proactively enforce our Community Guidelines through a mix of technology and human moderation. We have detected this policy violation using automated measures. We have used automated measures in making this decision.",,STATEMENT_CATEGORY_ILLEGAL_OR_HARMFUL_SPEECH,,,,"[""CONTENT_TYPE_TEXT""]",,,"2024-11-23 00:00:00","[""AT"",""BE"",""BG"",""CY"",""CZ"",""DE"",""DK"",""EE"",""ES"",""FI"",""FR"",""GR"",""HR"",""HU"",""IE"",""IT"",""LI"",""LT"",""LU"",""LV"",""MT"",""NL"",""NO"",""PL"",""PT"",""RO"",""SE"",""SI"",""SK""]","2024-11-23 00:00:00","The decision was taken pursuant to own-initiative investigations.",SOURCE_VOLUNTARY,,Yes,AUTOMATED_DECISION_FULLY,TikTok,7440305519350356768,"2024-11-23 03:05:32"
3b1c6e36-c8dc-4e16-ab06-5a7ae453c8e4,"[""DECISION_VISIBILITY_CONTENT_REMOVED""]",,,,,,,,,,,DECISION_GROUND_INCOMPATIBLE_CONTENT,,,,"Harassment and Bullying","We welcome the respectful expression of different viewpoints, but not toxicity or trolling. We do not allow language or behavior that harasses, humiliates, threatens, or doxes anyone. This also includes responding to such acts with retaliatory harassment (but excludes non-harassing counterspeech).We proactively enforce our Community Guidelines through a mix of technology and human moderation. We have detected this policy violation using automated measures. We have used automated measures in making this decision.",,STATEMENT_CATEGORY_ILLEGAL_OR_HARMFUL_SPEECH,,,,"[""CONTENT_TYPE_TEXT""]",,,"2024-11-23 00:00:00","[""AT"",""BE"",""BG"",""CY"",""CZ"",""DE"",""DK"",""EE"",""ES"",""FI"",""FR"",""GR"",""HR"",""HU"",""IE"",""IT"",""LI"",""LT"",""LU"",""LV"",""MT"",""NL"",""NO"",""PL"",""PT"",""RO"",""SE"",""SI"",""SK""]","2024-11-23 00:00:00","The decision was taken pursuant to own-initiative investigations.",SOURCE_VOLUNTARY,,Yes,AUTOMATED_DECISION_FULLY,TikTok,7440305519484525345,"2024-11-23 03:05:32"
0d39f4d1-e6d3-465e-ab4b-aefabe1ee20a,"[""DECISION_VISIBILITY_CONTENT_AGE_RESTRICTED""]",,,,,,,,,,,DECISION_GROUND_INCOMPATIBLE_CONTENT,,,,"Sexually Suggestive Content","We are mindful that certain behaviors related to sexual arousal or suggestiveness may be offensive to some people and may put young people at risk of exploitation. Content is ineligible for the For You feed and harder to find in search if it shows sex products or intends to sexually arouse (such as intimate kissing, sexualized posing, and seductive performances or allusions to sexual activity by adults). We proactively enforce our Community Guidelines through a mix of technology and human moderation. We have detected this policy violation using automated measures.",,STATEMENT_CATEGORY_SCOPE_OF_PLATFORM_SERVICE,,,,"[""CONTENT_TYPE_VIDEO""]",,,"2024-11-16 00:00:00","[""AT"",""BE"",""BG"",""CY"",""CZ"",""DE"",""DK"",""EE"",""ES"",""FI"",""FR"",""GR"",""HR"",""HU"",""IE"",""IT"",""LI"",""LT"",""LU"",""LV"",""MT"",""NL"",""NO"",""PL"",""PT"",""RO"",""SE"",""SI"",""SK""]","2024-11-23 00:00:00","The decision was taken pursuant to own-initiative investigations.",SOURCE_VOLUNTARY,,Yes,AUTOMATED_DECISION_NOT_AUTOMATED,TikTok,7440305519350373152,"2024-11-23 03:05:32"
c0fa390e-3af0-478f-9237-37aeb3c9eba0,"[""DECISION_VISIBILITY_CONTENT_REMOVED""]",,,,,,,,,,,DECISION_GROUND_INCOMPATIBLE_CONTENT,,,,"Community Guidelines","Your content is against our Community Guidelines. The guidelines include rules and standards for using TikTok that apply to everyone and everything on our platform.Users and 3rd-parties can report policy violations to us. We have detected this policy violation based on a report that the content violated our Community Guidelines.",,STATEMENT_CATEGORY_SCOPE_OF_PLATFORM_SERVICE,,,,"[""CONTENT_TYPE_TEXT""]",,,"2024-11-23 00:00:00","[""AT"",""BE"",""BG"",""CY"",""CZ"",""DE"",""DK"",""EE"",""ES"",""FI"",""FR"",""GR"",""HR"",""HU"",""IE"",""IT"",""LI"",""LT"",""LU"",""LV"",""MT"",""NL"",""NO"",""PL"",""PT"",""RO"",""SE"",""SI"",""SK""]","2024-11-23 00:00:00","The decision was taken in response to a report alleging a violation of our Community Guidelines.",SOURCE_VOLUNTARY,,No,AUTOMATED_DECISION_NOT_AUTOMATED,TikTok,7440305519484541729,"2024-11-23 03:05:32"
d240adc1-ddf0-4580-ae55-b60406a89298,"[""DECISION_VISIBILITY_CONTENT_REMOVED""]",,,,,,,,,,,DECISION_GROUND_INCOMPATIBLE_CONTENT,,,,"Harassment and Bullying","We welcome the respectful expression of different viewpoints, but not toxicity or trolling. We do not allow language or behavior that harasses, humiliates, threatens, or doxes anyone. This also includes responding to such acts with retaliatory harassment (but excludes non-harassing counterspeech).We proactively enforce our Community Guidelines through a mix of technology and human moderation. We have detected this policy violation using automated measures. We have used automated measures in making this decision.",,STATEMENT_CATEGORY_ILLEGAL_OR_HARMFUL_SPEECH,,,,"[""CONTENT_TYPE_TEXT""]",,,"2024-11-23 00:00:00","[""AT"",""BE"",""BG"",""CY"",""CZ"",""DE"",""DK"",""EE"",""ES"",""FI"",""FR"",""GR"",""HR"",""HU"",""IE"",""IT"",""LI"",""LT"",""LU"",""LV"",""MT"",""NL"",""NO"",""PL"",""PT"",""RO"",""SE"",""SI"",""SK""]","2024-11-23 00:00:00","The decision was taken pursuant to own-initiative investigations.",SOURCE_VOLUNTARY,,Yes,AUTOMATED_DECISION_FULLY,TikTok,7440305519484623649,"2024-11-23 03:05:34"
6505d31f-4cc1-4b42-b27a-b6e48f4f71b9,"[""DECISION_VISIBILITY_CONTENT_REMOVED""]",,,,,,,,,,,DECISION_GROUND_INCOMPATIBLE_CONTENT,,,,"Harassment and Bullying","We welcome the respectful expression of different viewpoints, but not toxicity or trolling. We do not allow language or behavior that harasses, humiliates, threatens, or doxes anyone. This also includes responding to such acts with retaliatory harassment (but excludes non-harassing counterspeech).We proactively enforce our Community Guidelines through a mix of technology and human moderation. We have detected this policy violation using automated measures. We have used automated measures in making this decision.",,STATEMENT_CATEGORY_ILLEGAL_OR_HARMFUL_SPEECH,,,,"[""CONTENT_TYPE_TEXT""]",,,"2024-11-23 00:00:00","[""AT"",""BE"",""BG"",""CY"",""CZ"",""DE"",""DK"",""EE"",""ES"",""FI"",""FR"",""GR"",""HR"",""HU"",""IE"",""IT"",""LI"",""LT"",""LU"",""LV"",""MT"",""NL"",""NO"",""PL"",""PT"",""RO"",""SE"",""SI"",""SK""]","2024-11-23 00:00:00","The decision was taken pursuant to own-initiative investigations.",SOURCE_VOLUNTARY,,Yes,AUTOMATED_DECISION_FULLY,TikTok,7440305525050333984,"2024-11-23 03:05:34"
90ae17d6-cfcf-4dc1-91d8-b2421b6cd801,"[""DECISION_VISIBILITY_CONTENT_REMOVED""]",,,,,,,,,,,DECISION_GROUND_INCOMPATIBLE_CONTENT,,,,"Harassment and Bullying","We welcome the respectful expression of different viewpoints, but not toxicity or trolling. We do not allow language or behavior that harasses, humiliates, threatens, or doxes anyone. This also includes responding to such acts with retaliatory harassment (but excludes non-harassing counterspeech).We proactively enforce our Community Guidelines through a mix of technology and human moderation. We have detected this policy violation using automated measures. We have used automated measures in making this decision.",,STATEMENT_CATEGORY_ILLEGAL_OR_HARMFUL_SPEECH,,,,"[""CONTENT_TYPE_TEXT""]",,,"2024-11-23 00:00:00","[""AT"",""BE"",""BG"",""CY"",""CZ"",""DE"",""DK"",""EE"",""ES"",""FI"",""FR"",""GR"",""HR"",""HU"",""IE"",""IT"",""LI"",""LT"",""LU"",""LV"",""MT"",""NL"",""NO"",""PL"",""PT"",""RO"",""SE"",""SI"",""SK""]","2024-11-23 00:00:00","The decision was taken pursuant to own-initiative investigations.",SOURCE_VOLUNTARY,,Yes,AUTOMATED_DECISION_FULLY,TikTok,7440305525050350368,"2024-11-23 03:05:34"
5def004a-39eb-44fe-abd5-f062a2e86a62,"[""DECISION_VISIBILITY_CONTENT_REMOVED""]",,,,,,,,,,,DECISION_GROUND_INCOMPATIBLE_CONTENT,,,,"Hate Speech and Hateful Behaviors","TikTok is enriched by the various backgrounds of our community members. Our differences should be respected, rather than a cause for division. We do not allow any hateful behavior, hate speech, or promotion of hateful ideologies. This includes content that attacks a person or group because of protected attributes.We proactively enforce our Community Guidelines through a mix of technology and human moderation. We have detected this policy violation using automated measures.",,STATEMENT_CATEGORY_ILLEGAL_OR_HARMFUL_SPEECH,,,,"[""CONTENT_TYPE_VIDEO""]",,,"2024-07-07 00:00:00","[""AT"",""BE"",""BG"",""CY"",""CZ"",""DE"",""DK"",""EE"",""ES"",""FI"",""FR"",""GR"",""HR"",""HU"",""IE"",""IT"",""LI"",""LT"",""LU"",""LV"",""MT"",""NL"",""NO"",""PL"",""PT"",""RO"",""SE"",""SI"",""SK""]","2024-11-23 00:00:00","The decision was taken pursuant to own-initiative investigations.",SOURCE_VOLUNTARY,,Yes,AUTOMATED_DECISION_NOT_AUTOMATED,TikTok,7440305525050366752,"2024-11-23 03:05:34"
64e817ef-d848-4795-86f6-13c5bd3d4af7,"[""DECISION_VISIBILITY_OTHER""]","LIVE not eligible for recommendation and restricted in search results for 10 minutes","2024-11-23 00:00:00",,,,,,,,,DECISION_GROUND_INCOMPATIBLE_CONTENT,,,,"Mauvaise qualité visuelle ou images statiques","Ton LIVE n'est pas éligible pour les recommandations et a été restreint dans les résultats de recherche pour les 10 prochaines minutes, car il est possible que son contenu soit d'une mauvaise qualité visuelle ou représente des images statiques. Cette décision est conforme aux normes d'éligibilité du fil d'actualité Pour toi dans le cadre de nos Consignes communautaires.",,STATEMENT_CATEGORY_SCOPE_OF_PLATFORM_SERVICE,,,,"[""CONTENT_TYPE_VIDEO""]",,,"2024-11-23 00:00:00","[""AT"",""BE"",""BG"",""CY"",""CZ"",""DE"",""DK"",""EE"",""ES"",""FI"",""FR"",""GR"",""HR"",""HU"",""IE"",""IS"",""IT"",""LI"",""LT"",""LU"",""LV"",""MT"",""NL"",""NO"",""PL"",""PT"",""RO"",""SE"",""SI"",""SK""]","2024-11-23 00:00:00","The decision was taken pursuant to own-initiative investigations",SOURCE_VOLUNTARY,,Yes,AUTOMATED_DECISION_FULLY,TikTok,7440305525050383136,"2024-11-23 03:05:34"
ffafec6d-be30-4db0-8c0a-c36fa09b67c5,"[""DECISION_VISIBILITY_CONTENT_REMOVED""]",,,,,,,,,,,DECISION_GROUND_INCOMPATIBLE_CONTENT,,,,"Harassment and Bullying","We welcome the respectful expression of different viewpoints, but not toxicity or trolling. We do not allow language or behavior that harasses, humiliates, threatens, or doxes anyone. This also includes responding to such acts with retaliatory harassment (but excludes non-harassing counterspeech).We proactively enforce our Community Guidelines through a mix of technology and human moderation. We have detected this policy violation using automated measures. We have used automated measures in making this decision.",,STATEMENT_CATEGORY_ILLEGAL_OR_HARMFUL_SPEECH,,,,"[""CONTENT_TYPE_TEXT""]",,,"2024-11-23 00:00:00","[""AT"",""BE"",""BG"",""CY"",""CZ"",""DE"",""DK"",""EE"",""ES"",""FI"",""FR"",""GR"",""HR"",""HU"",""IE"",""IT"",""LI"",""LT"",""LU"",""LV"",""MT"",""NL"",""NO"",""PL"",""PT"",""RO"",""SE"",""SI"",""SK""]","2024-11-23 00:00:00","The decision was taken pursuant to own-initiative investigations.",SOURCE_VOLUNTARY,,Yes,AUTOMATED_DECISION_FULLY,TikTok,7440305525050399520,"2024-11-23 03:05:34"
670a028e-934a-44a2-9175-8eca56843198,"[""DECISION_VISIBILITY_CONTENT_REMOVED""]",,,,,,,,,,,DECISION_GROUND_INCOMPATIBLE_CONTENT,,,,"Sexual Exploitation and Gender-Based Violence","We are committed to providing a space that embraces gender equity, supports healthy relationships, and respects intimate privacy. We do not allow sexual exploitation or gender-based violence, including non-consensual sexual acts, image-based sexual abuse, sextortion, physical abuse, and sexual harassment.We proactively enforce our Community Guidelines through a mix of technology and human moderation. We have detected this policy violation using automated measures. We have used automated measures in making this decision.",,STATEMENT_CATEGORY_VIOLENCE,,,,"[""CONTENT_TYPE_TEXT""]",,,"2024-11-23 00:00:00","[""AT"",""BE"",""BG"",""CY"",""CZ"",""DE"",""DK"",""EE"",""ES"",""FI"",""FR"",""GR"",""HR"",""HU"",""IE"",""IT"",""LI"",""LT"",""LU"",""LV"",""MT"",""NL"",""NO"",""PL"",""PT"",""RO"",""SE"",""SI"",""SK""]","2024-11-23 00:00:00","The decision was taken pursuant to own-initiative investigations.",SOURCE_VOLUNTARY,,Yes,AUTOMATED_DECISION_FULLY,TikTok,7440305523758471969,"2024-11-23 03:05:34"
bc7e00a7-9ff1-4176-90f6-cdc52b42fe63,"[""DECISION_VISIBILITY_CONTENT_AGE_RESTRICTED""]",,,,,,,,,,,DECISION_GROUND_INCOMPATIBLE_CONTENT,,,,"Shocking and Graphic Content","Part of the joy of TikTok is coming across new and unexpected content. But the platform is not a space to intentionally shock, upset, or disgust others. Content is ineligible for the For You feed and harder to find in search if it shows fictional violence, blood, potentially distressing or mildly graphic material, animal genitalia or sexual activity between animals, or if it contains graphic footage of events that are in the public interest to view.We proactively enforce our Community Guidelines through a mix of technology and human moderation. We have detected this policy violation using automated measures.",,STATEMENT_CATEGORY_VIOLENCE,,,,"[""CONTENT_TYPE_VIDEO""]",,,"2024-08-20 00:00:00","[""AT"",""BE"",""BG"",""CY"",""CZ"",""DE"",""DK"",""EE"",""ES"",""FI"",""FR"",""GR"",""HR"",""HU"",""IE"",""IT"",""LI"",""LT"",""LU"",""LV"",""MT"",""NL"",""NO"",""PL"",""PT"",""RO"",""SE"",""SI"",""SK""]","2024-11-23 00:00:00","The decision was taken pursuant to own-initiative investigations.",SOURCE_VOLUNTARY,,Yes,AUTOMATED_DECISION_NOT_AUTOMATED,TikTok,7440305523758488353,"2024-11-23 03:05:34"
5d42af53-03ce-4adf-85ca-b78b87bf20f4,"[""DECISION_VISIBILITY_CONTENT_REMOVED""]",,,,,,,,,,,DECISION_GROUND_INCOMPATIBLE_CONTENT,,,,"Sexual Activity and Services","TikTok is a place where people can come to discuss or learn about sexuality, sex or reproductive health. We are mindful that certain content involving sexuality, sex or reproductive health may not be appropriate for young people, be considered offensive by some, or create the potential for exploitation. We do not allow sexual activity or services, including sex, sexual arousal, fetish and kink behavior, and seeking or offering sexual services.We proactively enforce our Community Guidelines through a mix of technology and human moderation. We have detected this policy violation using automated measures.",,STATEMENT_CATEGORY_PORNOGRAPHY_OR_SEXUALIZED_CONTENT,,,,"[""CONTENT_TYPE_VIDEO""]",,,"2024-11-23 00:00:00","[""AT"",""BE"",""BG"",""CY"",""CZ"",""DE"",""DK"",""EE"",""ES"",""FI"",""FR"",""GR"",""HR"",""HU"",""IE"",""IT"",""LI"",""LT"",""LU"",""LV"",""MT"",""NL"",""NO"",""PL"",""PT"",""RO"",""SE"",""SI"",""SK""]","2024-11-23 00:00:00","The decision was taken pursuant to own-initiative investigations.",SOURCE_VOLUNTARY,,Yes,AUTOMATED_DECISION_NOT_AUTOMATED,TikTok,7440305523758504737,"2024-11-23 03:05:34"
f7d6e2c3-d5cc-4e87-be8f-db646640d5d3,"[""DECISION_VISIBILITY_CONTENT_REMOVED""]",,,,,,,,,,,DECISION_GROUND_INCOMPATIBLE_CONTENT,,,,"Harassment and Bullying","We welcome the respectful expression of different viewpoints, but not toxicity or trolling. We do not allow language or behavior that harasses, humiliates, threatens, or doxes anyone. This also includes responding to such acts with retaliatory harassment (but excludes non-harassing counterspeech).We proactively enforce our Community Guidelines through a mix of technology and human moderation. We have detected this policy violation using automated measures. We have used automated measures in making this decision.",,STATEMENT_CATEGORY_ILLEGAL_OR_HARMFUL_SPEECH,,,,"[""CONTENT_TYPE_TEXT""]",,,"2024-11-23 00:00:00","[""AT"",""BE"",""BG"",""CY"",""CZ"",""DE"",""DK"",""EE"",""ES"",""FI"",""FR"",""GR"",""HR"",""HU"",""IE"",""IT"",""LI"",""LT"",""LU"",""LV"",""MT"",""NL"",""NO"",""PL"",""PT"",""RO"",""SE"",""SI"",""SK""]","2024-11-23 00:00:00","The decision was taken pursuant to own-initiative investigations.",SOURCE_VOLUNTARY,,Yes,AUTOMATED_DECISION_FULLY,TikTok,7440305525050415904,"2024-11-23 03:05:34"
e2c71d25-7bba-4b11-bc11-1432f1227e09,"[""DECISION_VISIBILITY_CONTENT_REMOVED""]",,,,,,,,,,,DECISION_GROUND_INCOMPATIBLE_CONTENT,,,,"Sexual Exploitation and Gender-Based Violence","We are committed to providing a space that embraces gender equity, supports healthy relationships, and respects intimate privacy. We do not allow sexual exploitation or gender-based violence, including non-consensual sexual acts, image-based sexual abuse, sextortion, physical abuse, and sexual harassment.We proactively enforce our Community Guidelines through a mix of technology and human moderation. We have detected this policy violation using automated measures. We have used automated measures in making this decision.",,STATEMENT_CATEGORY_VIOLENCE,,,,"[""CONTENT_TYPE_TEXT""]",,,"2024-11-23 00:00:00","[""AT"",""BE"",""BG"",""CY"",""CZ"",""DE"",""DK"",""EE"",""ES"",""FI"",""FR"",""GR"",""HR"",""HU"",""IE"",""IT"",""LI"",""LT"",""LU"",""LV"",""MT"",""NL"",""NO"",""PL"",""PT"",""RO"",""SE"",""SI"",""SK""]","2024-11-23 00:00:00","The decision was taken pursuant to own-initiative investigations.",SOURCE_VOLUNTARY,,Yes,AUTOMATED_DECISION_FULLY,TikTok,7440305523758521121,"2024-11-23 03:05:36"
084219dd-3142-4223-a08b-ad34d663ddaf,"[""DECISION_VISIBILITY_CONTENT_REMOVED""]",,,,,,,,,,,DECISION_GROUND_INCOMPATIBLE_CONTENT,,,,"Hate Speech and Hateful Behaviors","TikTok is enriched by the various backgrounds of our community members. Our differences should be respected, rather than a cause for division. We do not allow any hateful behavior, hate speech, or promotion of hateful ideologies. This includes content that attacks a person or group because of protected attributes.We proactively enforce our Community Guidelines through a mix of technology and human moderation. We have detected this policy violation using automated measures. We have used automated measures in making this decision.",,STATEMENT_CATEGORY_ILLEGAL_OR_HARMFUL_SPEECH,,,,"[""CONTENT_TYPE_TEXT""]",,,"2024-11-23 00:00:00","[""AT"",""BE"",""BG"",""CY"",""CZ"",""DE"",""DK"",""EE"",""ES"",""FI"",""FR"",""GR"",""HR"",""HU"",""IE"",""IT"",""LI"",""LT"",""LU"",""LV"",""MT"",""NL"",""NO"",""PL"",""PT"",""RO"",""SE"",""SI"",""SK""]","2024-11-23 00:00:00","The decision was taken pursuant to own-initiative investigations.",SOURCE_VOLUNTARY,,Yes,AUTOMATED_DECISION_FULLY,TikTok,7440305523758537505,"2024-11-23 03:05:36"
5ed7242c-0ce2-4aa2-9242-583f789c3568,"[""DECISION_VISIBILITY_CONTENT_REMOVED""]",,,,,,,,,,,DECISION_GROUND_INCOMPATIBLE_CONTENT,,,,"Harassment and Bullying","We welcome the respectful expression of different viewpoints, but not toxicity or trolling. We do not allow language or behavior that harasses, humiliates, threatens, or doxes anyone. This also includes responding to such acts with retaliatory harassment (but excludes non-harassing counterspeech).We proactively enforce our Community Guidelines through a mix of technology and human moderation. We have detected this policy violation using automated measures. We have used automated measures in making this decision.",,STATEMENT_CATEGORY_ILLEGAL_OR_HARMFUL_SPEECH,,,,"[""CONTENT_TYPE_TEXT""]",,,"2024-11-23 00:00:00","[""AT"",""BE"",""BG"",""CY"",""CZ"",""DE"",""DK"",""EE"",""ES"",""FI"",""FR"",""GR"",""HR"",""HU"",""IE"",""IT"",""LI"",""LT"",""LU"",""LV"",""MT"",""NL"",""NO"",""PL"",""PT"",""RO"",""SE"",""SI"",""SK""]","2024-11-23 00:00:00","The decision was taken pursuant to own-initiative investigations.",SOURCE_VOLUNTARY,,Yes,AUTOMATED_DECISION_FULLY,TikTok,7440305523758553889,"2024-11-23 03:05:36"
733e1f76-b1b7-4ed4-ad73-03074b7a07bf,"[""DECISION_VISIBILITY_CONTENT_REMOVED""]",,,,,,,,,,,DECISION_GROUND_INCOMPATIBLE_CONTENT,,,,"Violent Behaviors and Criminal Activities","We recognize that online content related to violence can cause real-world harm. We do not allow any violent threats, incitement to violence, or promotion of criminal activities that may harm people, animals, or property. If there is a specific, credible, and imminent threat to human life or serious physical injury, we will report it to relevant law enforcement authorities.We proactively enforce our Community Guidelines through a mix of technology and human moderation. We have detected this policy violation using automated measures. We have used automated measures in making this decision.",,STATEMENT_CATEGORY_VIOLENCE,,,,"[""CONTENT_TYPE_TEXT""]",,,"2024-11-23 00:00:00","[""AT"",""BE"",""BG"",""CY"",""CZ"",""DE"",""DK"",""EE"",""ES"",""FI"",""FR"",""GR"",""HR"",""HU"",""IE"",""IT"",""LI"",""LT"",""LU"",""LV"",""MT"",""NL"",""NO"",""PL"",""PT"",""RO"",""SE"",""SI"",""SK""]","2024-11-23 00:00:00","The decision was taken pursuant to own-initiative investigations.",SOURCE_VOLUNTARY,,Yes,AUTOMATED_DECISION_FULLY,TikTok,7440305525050432288,"2024-11-23 03:05:36"
27312d24-a877-4144-b3e8-2c568f8628cc,"[""DECISION_VISIBILITY_CONTENT_REMOVED""]",,,,,,,,,,,DECISION_GROUND_INCOMPATIBLE_CONTENT,,,,"Harassment and Bullying","We welcome the respectful expression of different viewpoints, but not toxicity or trolling. We do not allow language or behavior that harasses, humiliates, threatens, or doxes anyone. This also includes responding to such acts with retaliatory harassment (but excludes non-harassing counterspeech).We proactively enforce our Community Guidelines through a mix of technology and human moderation. We have detected this policy violation using automated measures. We have used automated measures in making this decision.",,STATEMENT_CATEGORY_ILLEGAL_OR_HARMFUL_SPEECH,,,,"[""CONTENT_TYPE_TEXT""]",,,"2024-11-23 00:00:00","[""AT"",""BE"",""BG"",""CY"",""CZ"",""DE"",""DK"",""EE"",""ES"",""FI"",""FR"",""GR"",""HR"",""HU"",""IE"",""IT"",""LI"",""LT"",""LU"",""LV"",""MT"",""NL"",""NO"",""PL"",""PT"",""RO"",""SE"",""SI"",""SK""]","2024-11-23 00:00:00","The decision was taken pursuant to own-initiative investigations.",SOURCE_VOLUNTARY,,Yes,AUTOMATED_DECISION_FULLY,TikTok,7440305523758570273,"2024-11-23 03:05:36"
0b5b1b67-91d1-49eb-b44a-318d41cd6606,"[""DECISION_VISIBILITY_CONTENT_REMOVED""]",,,,,,,,,,,DECISION_GROUND_INCOMPATIBLE_CONTENT,,,,"Harassment and Bullying","We welcome the respectful expression of different viewpoints, but not toxicity or trolling. We do not allow language or behavior that harasses, humiliates, threatens, or doxes anyone. This also includes responding to such acts with retaliatory harassment (but excludes non-harassing counterspeech).We proactively enforce our Community Guidelines through a mix of technology and human moderation. We have detected this policy violation using automated measures. We have used automated measures in making this decision.",,STATEMENT_CATEGORY_ILLEGAL_OR_HARMFUL_SPEECH,,,,"[""CONTENT_TYPE_TEXT""]",,,"2024-11-23 00:00:00","[""AT"",""BE"",""BG"",""CY"",""CZ"",""DE"",""DK"",""EE"",""ES"",""FI"",""FR"",""GR"",""HR"",""HU"",""IE"",""IT"",""LI"",""LT"",""LU"",""LV"",""MT"",""NL"",""NO"",""PL"",""PT"",""RO"",""SE"",""SI"",""SK""]","2024-11-23 00:00:00","The decision was taken pursuant to own-initiative investigations.",SOURCE_VOLUNTARY,,Yes,AUTOMATED_DECISION_FULLY,TikTok,7440305525050448672,"2024-11-23 03:05:36"
cd495a7d-ee01-4d95-b12a-59d89cceacb4,"[""DECISION_VISIBILITY_CONTENT_REMOVED""]",,,,,,,,,,,DECISION_GROUND_INCOMPATIBLE_CONTENT,,,,"Harassment and Bullying","We welcome the respectful expression of different viewpoints, but not toxicity or trolling. We do not allow language or behavior that harasses, humiliates, threatens, or doxes anyone. This also includes responding to such acts with retaliatory harassment (but excludes non-harassing counterspeech).We proactively enforce our Community Guidelines through a mix of technology and human moderation. We have detected this policy violation using automated measures. We have used automated measures in making this decision.",,STATEMENT_CATEGORY_ILLEGAL_OR_HARMFUL_SPEECH,,,,"[""CONTENT_TYPE_TEXT""]",,,"2024-11-23 00:00:00","[""AT"",""BE"",""BG"",""CY"",""CZ"",""DE"",""DK"",""EE"",""ES"",""FI"",""FR"",""GR"",""HR"",""HU"",""IE"",""IT"",""LI"",""LT"",""LU"",""LV"",""MT"",""NL"",""NO"",""PL"",""PT"",""RO"",""SE"",""SI"",""SK""]","2024-11-23 00:00:00","The decision was taken pursuant to own-initiative investigations.",SOURCE_VOLUNTARY,,Yes,AUTOMATED_DECISION_FULLY,TikTok,7440305525050465056,"2024-11-23 03:05:36"
5928e56a-3df1-4ea3-8823-6c7ecefe2f92,"[""DECISION_VISIBILITY_OTHER""]","Video not eligible for recommendation in the For You feed",,,,,,,,,,DECISION_GROUND_INCOMPATIBLE_CONTENT,,,,"Shocking and Graphic Content","Part of the joy of TikTok is coming across new and unexpected content. But the platform is not a space to intentionally shock, upset, or disgust others. Content is ineligible for the For You feed and harder to find in search if it shows fictional violence, blood, potentially distressing or mildly graphic material, animal genitalia or sexual activity between animals, or if it contains graphic footage of events that are in the public interest to view.We proactively enforce our Community Guidelines through a mix of technology and human moderation. We have detected this policy violation using automated measures. We have used automated measures in making this decision.",,STATEMENT_CATEGORY_VIOLENCE,,,,"[""CONTENT_TYPE_VIDEO""]",,,"2024-11-23 00:00:00","[""AT"",""BE"",""BG"",""CY"",""CZ"",""DE"",""DK"",""EE"",""ES"",""FI"",""FR"",""GR"",""HR"",""HU"",""IE"",""IT"",""LI"",""LT"",""LU"",""LV"",""MT"",""NL"",""NO"",""PL"",""PT"",""RO"",""SE"",""SI"",""SK""]","2024-11-23 00:00:00","The decision was taken pursuant to own-initiative investigations.",SOURCE_VOLUNTARY,,Yes,AUTOMATED_DECISION_FULLY,TikTok,7440305533698972448,"2024-11-23 03:05:36"
7f0f4f83-6e4d-4901-8a8f-b76fd3c1f6bf,"[""DECISION_VISIBILITY_CONTENT_REMOVED""]",,,,,,,,,,,DECISION_GROUND_INCOMPATIBLE_CONTENT,,,,"Harassment and Bullying","We welcome the respectful expression of different viewpoints, but not toxicity or trolling. We do not allow language or behavior that harasses, humiliates, threatens, or doxes anyone. This also includes responding to such acts with retaliatory harassment (but excludes non-harassing counterspeech).We proactively enforce our Community Guidelines through a mix of technology and human moderation. We have detected this policy violation using automated measures. We have used automated measures in making this decision.",,STATEMENT_CATEGORY_ILLEGAL_OR_HARMFUL_SPEECH,,,,"[""CONTENT_TYPE_TEXT""]",,,"2024-11-23 00:00:00","[""AT"",""BE"",""BG"",""CY"",""CZ"",""DE"",""DK"",""EE"",""ES"",""FI"",""FR"",""GR"",""HR"",""HU"",""IE"",""IT"",""LI"",""LT"",""LU"",""LV"",""MT"",""NL"",""NO"",""PL"",""PT"",""RO"",""SE"",""SI"",""SK""]","2024-11-23 00:00:00","The decision was taken pursuant to own-initiative investigations.",SOURCE_VOLUNTARY,,Yes,AUTOMATED_DECISION_FULLY,TikTok,7440305523758586657,"2024-11-23 03:05:38"
e821b567-b5d9-4be1-aa8e-6a2aae8fdf9a,"[""DECISION_VISIBILITY_OTHER""]","LIVE not eligible for recommendation and restricted in search results for 10 minutes","2024-11-23 00:00:00",,,,,,,,,DECISION_GROUND_INCOMPATIBLE_CONTENT,,,,"Content with low visual quality or static imagery","Your LIVE is not eligible for recommendation and restricted in search results for the next 10 minutes, because it may contain content with low visual quality or static imagery. This is in line with the For You feed eligibility standards under our Community Guidelines.",,STATEMENT_CATEGORY_SCOPE_OF_PLATFORM_SERVICE,,,,"[""CONTENT_TYPE_VIDEO""]",,,"2024-11-23 00:00:00","[""AT"",""BE"",""BG"",""CY"",""CZ"",""DE"",""DK"",""EE"",""ES"",""FI"",""FR"",""GR"",""HR"",""HU"",""IE"",""IS"",""IT"",""LI"",""LT"",""LU"",""LV"",""MT"",""NL"",""NO"",""PL"",""PT"",""RO"",""SE"",""SI"",""SK""]","2024-11-23 00:00:00","The decision was taken pursuant to own-initiative investigations",SOURCE_VOLUNTARY,,Yes,AUTOMATED_DECISION_FULLY,TikTok,7440305533699005216,"2024-11-23 03:05:38"
58f9382d-5154-45b3-8d7c-a65833fe1e4d,"[""DECISION_VISIBILITY_CONTENT_REMOVED""]",,,,,,,,,,,DECISION_GROUND_INCOMPATIBLE_CONTENT,,,,"Community Guidelines","Your content is against our Community Guidelines. The guidelines include rules and standards for using TikTok that apply to everyone and everything on our platform.We proactively enforce our Community Guidelines through a mix of technology and human moderation. We have detected this policy violation using automated measures. We have used automated measures in making this decision.",,STATEMENT_CATEGORY_SCOPE_OF_PLATFORM_SERVICE,,,,"[""CONTENT_TYPE_VIDEO""]",,,"2024-11-23 00:00:00","[""AT"",""BE"",""BG"",""CY"",""CZ"",""DE"",""DK"",""EE"",""ES"",""FI"",""FR"",""GR"",""HR"",""HU"",""IE"",""IT"",""LI"",""LT"",""LU"",""LV"",""MT"",""NL"",""NO"",""PL"",""PT"",""RO"",""SE"",""SI"",""SK""]","2024-11-23 00:00:00","The decision was taken pursuant to own-initiative investigations.",SOURCE_VOLUNTARY,,Yes,AUTOMATED_DECISION_FULLY,TikTok,7440305523758603041,"2024-11-23 03:05:38"
2e8353bf-d573-4a9f-8584-313e1129306a,"[""DECISION_VISIBILITY_CONTENT_REMOVED""]",,,,,,,,,,,DECISION_GROUND_INCOMPATIBLE_CONTENT,,,,"Dangerous Activities and Challenges","Most activities or challenges are appropriate for everyone, but some carry a risk of significant injury. We do not allow showing or promoting dangerous activities and challenges. This includes dares, games, tricks, inappropriate use of dangerous tools, eating substances that are harmful to one’s health, or similar activities that may lead to significant physical harm.We proactively enforce our Community Guidelines through a mix of technology and human moderation. We have detected this policy violation using automated measures. We have used automated measures in making this decision.",,STATEMENT_CATEGORY_SCOPE_OF_PLATFORM_SERVICE,,,,"[""CONTENT_TYPE_VIDEO""]",,,"2024-11-23 00:00:00","[""AT"",""BE"",""BG"",""CY"",""CZ"",""DE"",""DK"",""EE"",""ES"",""FI"",""FR"",""GR"",""HR"",""HU"",""IE"",""IT"",""LI"",""LT"",""LU"",""LV"",""MT"",""NL"",""NO"",""PL"",""PT"",""RO"",""SE"",""SI"",""SK""]","2024-11-23 00:00:00","The decision was taken pursuant to own-initiative investigations.",SOURCE_VOLUNTARY,,Yes,AUTOMATED_DECISION_FULLY,TikTok,7440305523758619425,"2024-11-23 03:05:38"
f65e1bd3-1351-4f6b-bfb6-27a123f82927,"[""DECISION_VISIBILITY_OTHER""]","Video not eligible for recommendation in the For You feed",,,,,,,,,,DECISION_GROUND_INCOMPATIBLE_CONTENT,,,,"Minimum Age Requirement","Users must be 13 years and older to have a TikTok account. We are deeply committed to ensuring that TikTok is a safe and positive experience for people under the age of 18. This starts by being old enough to use TikTok. If we learn someone is below the minimum age on TikTok, we will ban that account. Content created by anyone under 16 is ineligible for the For You feed and harder to find in search.We proactively enforce our Community Guidelines through a mix of technology and human moderation. We have detected this policy violation using automated measures.",,STATEMENT_CATEGORY_PROTECTION_OF_MINORS,,,,"[""CONTENT_TYPE_VIDEO""]",,,"2024-11-23 00:00:00","[""AT"",""BE"",""BG"",""CY"",""CZ"",""DE"",""DK"",""EE"",""ES"",""FI"",""FR"",""GR"",""HR"",""HU"",""IE"",""IT"",""LI"",""LT"",""LU"",""LV"",""MT"",""NL"",""NO"",""PL"",""PT"",""RO"",""SE"",""SI"",""SK""]","2024-11-23 00:00:00","The decision was taken pursuant to own-initiative investigations.",SOURCE_VOLUNTARY,,Yes,AUTOMATED_DECISION_NOT_AUTOMATED,TikTok,7440305543203265312,"2024-11-23 03:05:38"
fad26603-353b-4052-88d5-d2fe8ca19d60,"[""DECISION_VISIBILITY_CONTENT_REMOVED""]",,,,,,,,,,,DECISION_GROUND_INCOMPATIBLE_CONTENT,,,,"Harassment and Bullying","We welcome the respectful expression of different viewpoints, but not toxicity or trolling. We do not allow language or behavior that harasses, humiliates, threatens, or doxes anyone. This also includes responding to such acts with retaliatory harassment (but excludes non-harassing counterspeech).We proactively enforce our Community Guidelines through a mix of technology and human moderation. We have detected this policy violation using automated measures. We have used automated measures in making this decision.",,STATEMENT_CATEGORY_ILLEGAL_OR_HARMFUL_SPEECH,,,,"[""CONTENT_TYPE_TEXT""]",,,"2024-11-23 00:00:00","[""AT"",""BE"",""BG"",""CY"",""CZ"",""DE"",""DK"",""EE"",""ES"",""FI"",""FR"",""GR"",""HR"",""HU"",""IE"",""IT"",""LI"",""LT"",""LU"",""LV"",""MT"",""NL"",""NO"",""PL"",""PT"",""RO"",""SE"",""SI"",""SK""]","2024-11-23 00:00:00","The decision was taken pursuant to own-initiative investigations.",SOURCE_VOLUNTARY,,Yes,AUTOMATED_DECISION_FULLY,TikTok,7440305533699021600,"2024-11-23 03:05:38"
525afecc-8a6e-4ee8-bf88-74a9533d3e94,"[""DECISION_VISIBILITY_CONTENT_REMOVED""]",,,,,,,,,,,DECISION_GROUND_INCOMPATIBLE_CONTENT,,,,"Harassment and Bullying","We welcome the respectful expression of different viewpoints, but not toxicity or trolling. We do not allow language or behavior that harasses, humiliates, threatens, or doxes anyone. This also includes responding to such acts with retaliatory harassment (but excludes non-harassing counterspeech).We proactively enforce our Community Guidelines through a mix of technology and human moderation. We have detected this policy violation using automated measures. We have used automated measures in making this decision.",,STATEMENT_CATEGORY_ILLEGAL_OR_HARMFUL_SPEECH,,,,"[""CONTENT_TYPE_TEXT""]",,,"2024-11-23 00:00:00","[""AT"",""BE"",""BG"",""CY"",""CZ"",""DE"",""DK"",""EE"",""ES"",""FI"",""FR"",""GR"",""HR"",""HU"",""IE"",""IT"",""LI"",""LT"",""LU"",""LV"",""MT"",""NL"",""NO"",""PL"",""PT"",""RO"",""SE"",""SI"",""SK""]","2024-11-23 00:00:00","The decision was taken pursuant to own-initiative investigations.",SOURCE_VOLUNTARY,,Yes,AUTOMATED_DECISION_FULLY,TikTok,7440305533699037984,"2024-11-23 03:05:38"
f9286576-2933-4cd9-9173-35e651508f88,"[""DECISION_VISIBILITY_CONTENT_REMOVED""]",,,,,,,,,,,DECISION_GROUND_INCOMPATIBLE_CONTENT,,,,"Harassment and Bullying","We welcome the respectful expression of different viewpoints, but not toxicity or trolling. We do not allow language or behavior that harasses, humiliates, threatens, or doxes anyone. This also includes responding to such acts with retaliatory harassment (but excludes non-harassing counterspeech).We proactively enforce our Community Guidelines through a mix of technology and human moderation. We have detected this policy violation using automated measures. We have used automated measures in making this decision.",,STATEMENT_CATEGORY_ILLEGAL_OR_HARMFUL_SPEECH,,,,"[""CONTENT_TYPE_TEXT""]",,,"2024-11-23 00:00:00","[""AT"",""BE"",""BG"",""CY"",""CZ"",""DE"",""DK"",""EE"",""ES"",""FI"",""FR"",""GR"",""HR"",""HU"",""IE"",""IT"",""LI"",""LT"",""LU"",""LV"",""MT"",""NL"",""NO"",""PL"",""PT"",""RO"",""SE"",""SI"",""SK""]","2024-11-23 00:00:00","The decision was taken pursuant to own-initiative investigations.",SOURCE_VOLUNTARY,,Yes,AUTOMATED_DECISION_FULLY,TikTok,7440305543203281696,"2024-11-23 03:05:38"
dab3d0a8-05b4-4479-9e65-c8e7306609f5,"[""DECISION_VISIBILITY_OTHER""]","LIVE not eligible for recommendation and restricted in search results","2024-11-23 00:00:00",,,,,,,,,DECISION_GROUND_INCOMPATIBLE_CONTENT,,,,"Fake engagement","Your LIVE is not eligible for recommendation and restricted in search results, because it violates the fake engagement policy under our Community Guidelines.",,STATEMENT_CATEGORY_SCOPE_OF_PLATFORM_SERVICE,,,,"[""CONTENT_TYPE_VIDEO""]",,,"2024-11-23 00:00:00","[""AT"",""BE"",""BG"",""CY"",""CZ"",""DE"",""DK"",""EE"",""ES"",""FI"",""FR"",""GR"",""HR"",""HU"",""IE"",""IS"",""IT"",""LI"",""LT"",""LU"",""LV"",""MT"",""NL"",""NO"",""PL"",""PT"",""RO"",""SE"",""SI"",""SK""]","2024-11-23 00:00:00","The decision was taken pursuant to own-initiative investigations",SOURCE_VOLUNTARY,,Yes,AUTOMATED_DECISION_NOT_AUTOMATED,TikTok,7440305533699054368,"2024-11-23 03:05:38"
265c9b00-066a-4ae3-9c35-bde85eb4bf21,"[""DECISION_VISIBILITY_OTHER""]","Photo not eligible for recommendation in the For You feed",,,,,,,,,,DECISION_GROUND_INCOMPATIBLE_CONTENT,,,,"Community Guidelines","Your content is against our Community Guidelines. The guidelines include rules and standards for using TikTok that apply to everyone and everything on our platform.",,STATEMENT_CATEGORY_SCOPE_OF_PLATFORM_SERVICE,,,,"[""CONTENT_TYPE_IMAGE""]",,,"2024-11-23 00:00:00","[""AT"",""BE"",""BG"",""CY"",""CZ"",""DE"",""DK"",""EE"",""ES"",""FI"",""FR"",""GR"",""HR"",""HU"",""IE"",""IT"",""LI"",""LT"",""LU"",""LV"",""MT"",""NL"",""NO"",""PL"",""PT"",""RO"",""SE"",""SI"",""SK""]","2024-11-23 00:00:00","The decision was taken pursuant to own-initiative investigations.",SOURCE_VOLUNTARY,,Yes,AUTOMATED_DECISION_FULLY,TikTok,7440305543203298080,"2024-11-23 03:05:38"
5b205a88-f19a-4a86-b9fa-a3b8f773f144,"[""DECISION_VISIBILITY_OTHER""]","Video not eligible for recommendation in the For You feed",,,,,,,,,,DECISION_GROUND_INCOMPATIBLE_CONTENT,,,,"Alcohol, Tobacco, and Drugs","While adults make personal choices about how they engage with alcohol, drugs, and tobacco, we recognize that there are risks connected to trading and using these substances. Content is ineligible for the For You feed and harder to find in search if it shows adults consuming excessive amounts of alcohol or tobacco products.We proactively enforce our Community Guidelines through a mix of technology and human moderation. We have detected this policy violation using automated measures. We have used automated measures in making this decision.",,STATEMENT_CATEGORY_SCOPE_OF_PLATFORM_SERVICE,,,,"[""CONTENT_TYPE_VIDEO""]",,,"2024-11-23 00:00:00","[""AT"",""BE"",""BG"",""CY"",""CZ"",""DE"",""DK"",""EE"",""ES"",""FI"",""FR"",""GR"",""HR"",""HU"",""IE"",""IT"",""LI"",""LT"",""LU"",""LV"",""MT"",""NL"",""NO"",""PL"",""PT"",""RO"",""SE"",""SI"",""SK""]","2024-11-23 00:00:00","The decision was taken pursuant to own-initiative investigations.",SOURCE_VOLUNTARY,,Yes,AUTOMATED_DECISION_FULLY,TikTok,7440305533699070752,"2024-11-23 03:05:40"
fbefd3c2-a4e5-45d1-b733-392ae87f4b97,"[""DECISION_VISIBILITY_CONTENT_REMOVED""]",,,,,,,,,,,DECISION_GROUND_INCOMPATIBLE_CONTENT,,,,"Nudity and Body Exposure","We celebrate all shapes and sizes and want people to feel comfortable in how they present themselves and their bodies. We do not allow nudity, including uncovered genitals and buttocks, as well as nipples and areolas of women and girls. Sheer and partially see-through clothing is not considered covered.We proactively enforce our Community Guidelines through a mix of technology and human moderation. We have detected this policy violation using automated measures.",,STATEMENT_CATEGORY_SCOPE_OF_PLATFORM_SERVICE,,,,"[""CONTENT_TYPE_VIDEO""]",,,"2024-11-22 00:00:00","[""AT"",""BE"",""BG"",""CY"",""CZ"",""DE"",""DK"",""EE"",""ES"",""FI"",""FR"",""GR"",""HR"",""HU"",""IE"",""IT"",""LI"",""LT"",""LU"",""LV"",""MT"",""NL"",""NO"",""PL"",""PT"",""RO"",""SE"",""SI"",""SK""]","2024-11-23 00:00:00","The decision was taken pursuant to own-initiative investigations.",SOURCE_VOLUNTARY,,Yes,AUTOMATED_DECISION_NOT_AUTOMATED,TikTok,7440305533699087136,"2024-11-23 03:05:40"
ab42b1fe-f447-4edf-bc76-d0baa8b5ccf7,"[""DECISION_VISIBILITY_CONTENT_REMOVED""]",,,,,,,,,,,DECISION_GROUND_INCOMPATIBLE_CONTENT,,,,"Harassment and Bullying","We welcome the respectful expression of different viewpoints, but not toxicity or trolling. We do not allow language or behavior that harasses, humiliates, threatens, or doxes anyone. This also includes responding to such acts with retaliatory harassment (but excludes non-harassing counterspeech).We proactively enforce our Community Guidelines through a mix of technology and human moderation. We have detected this policy violation using automated measures. We have used automated measures in making this decision.",,STATEMENT_CATEGORY_ILLEGAL_OR_HARMFUL_SPEECH,,,,"[""CONTENT_TYPE_TEXT""]",,,"2024-11-23 00:00:00","[""AT"",""BE"",""BG"",""CY"",""CZ"",""DE"",""DK"",""EE"",""ES"",""FI"",""FR"",""GR"",""HR"",""HU"",""IE"",""IT"",""LI"",""LT"",""LU"",""LV"",""MT"",""NL"",""NO"",""PL"",""PT"",""RO"",""SE"",""SI"",""SK""]","2024-11-23 00:00:00","The decision was taken pursuant to own-initiative investigations.",SOURCE_VOLUNTARY,,Yes,AUTOMATED_DECISION_FULLY,TikTok,7440305543203314464,"2024-11-23 03:05:40"
244f7ffd-eaad-4d55-8d6f-9acaf3c70cb1,"[""DECISION_VISIBILITY_CONTENT_REMOVED""]",,,,,,,,,,,DECISION_GROUND_INCOMPATIBLE_CONTENT,,,,"Harassment and Bullying","We welcome the respectful expression of different viewpoints, but not toxicity or trolling. We do not allow language or behavior that harasses, humiliates, threatens, or doxes anyone. This also includes responding to such acts with retaliatory harassment (but excludes non-harassing counterspeech).We proactively enforce our Community Guidelines through a mix of technology and human moderation. We have detected this policy violation using automated measures. We have used automated measures in making this decision.",,STATEMENT_CATEGORY_ILLEGAL_OR_HARMFUL_SPEECH,,,,"[""CONTENT_TYPE_TEXT""]",,,"2024-11-23 00:00:00","[""AT"",""BE"",""BG"",""CY"",""CZ"",""DE"",""DK"",""EE"",""ES"",""FI"",""FR"",""GR"",""HR"",""HU"",""IE"",""IT"",""LI"",""LT"",""LU"",""LV"",""MT"",""NL"",""NO"",""PL"",""PT"",""RO"",""SE"",""SI"",""SK""]","2024-11-23 00:00:00","The decision was taken pursuant to own-initiative investigations.",SOURCE_VOLUNTARY,,Yes,AUTOMATED_DECISION_FULLY,TikTok,7440305533699103520,"2024-11-23 03:05:40"
7aaee05d-38c3-4d0c-990d-c83c7a843f90,,,,,,,,,DECISION_ACCOUNT_TERMINATED,,,DECISION_GROUND_INCOMPATIBLE_CONTENT,,,,"Advertising policy violation","Reasons why your account may have been suspended: - We received a report or complaint about your account from people on TikTok or other channels. - There are problems with your ad creative, or qualifications or services provided in your ads. - We suspected malicious behavior or intent during ad creation. - You made changes to your ad's landing page after launching the campaign.",,STATEMENT_CATEGORY_SCOPE_OF_PLATFORM_SERVICE,,,,"[""CONTENT_TYPE_OTHER""]","Account Suspended",,"2024-11-20 00:00:00","[""AT"",""BE"",""BG"",""CY"",""CZ"",""DE"",""DK"",""EE"",""ES"",""FI"",""FR"",""GR"",""HR"",""HU"",""IE"",""IT"",""LI"",""LT"",""LU"",""LV"",""MT"",""NL"",""NO"",""PL"",""PT"",""RO"",""SE"",""SI"",""SK""]","2024-11-23 00:00:00","The decision was taken pursuant to own-initiative investigations.",SOURCE_VOLUNTARY,,Yes,AUTOMATED_DECISION_FULLY,TikTok,7440305543203363616,"2024-11-23 03:05:42"
0ed80600-44cc-4286-a0a9-78438dd01080,"[""DECISION_VISIBILITY_OTHER""]","Video not eligible for recommendation in the For You feed",,,,,,,,,,DECISION_GROUND_INCOMPATIBLE_CONTENT,,,,"Alcohol, Tobacco, and Drugs","While adults make personal choices about how they engage with alcohol, drugs, and tobacco, we recognize that there are risks connected to trading and using these substances. Content is ineligible for the For You feed and harder to find in search if it shows adults consuming excessive amounts of alcohol or tobacco products.We proactively enforce our Community Guidelines through a mix of technology and human moderation. We have detected this policy violation using automated measures. We have used automated measures in making this decision.",,STATEMENT_CATEGORY_SCOPE_OF_PLATFORM_SERVICE,,,,"[""CONTENT_TYPE_VIDEO""]",,,"2024-11-23 00:00:00","[""AT"",""BE"",""BG"",""CY"",""CZ"",""DE"",""DK"",""EE"",""ES"",""FI"",""FR"",""GR"",""HR"",""HU"",""IE"",""IT"",""LI"",""LT"",""LU"",""LV"",""MT"",""NL"",""NO"",""PL"",""PT"",""RO"",""SE"",""SI"",""SK""]","2024-11-23 00:00:00","The decision was taken pursuant to own-initiative investigations.",SOURCE_VOLUNTARY,,Yes,AUTOMATED_DECISION_FULLY,TikTok,7440305533699119904,"2024-11-23 03:05:42"
c6c65476-6b9f-4192-9743-d254bab3ab17,"[""DECISION_VISIBILITY_CONTENT_REMOVED""]",,,,,,,,,,,DECISION_GROUND_INCOMPATIBLE_CONTENT,,,,"Community Guidelines","Your content is against our Community Guidelines. The guidelines include rules and standards for using TikTok that apply to everyone and everything on our platform.We proactively enforce our Community Guidelines through a mix of technology and human moderation. We have detected this policy violation using automated measures. We have used automated measures in making this decision.",,STATEMENT_CATEGORY_SCOPE_OF_PLATFORM_SERVICE,,,,"[""CONTENT_TYPE_VIDEO""]",,,"2024-11-05 00:00:00","[""AT"",""BE"",""BG"",""CY"",""CZ"",""DE"",""DK"",""EE"",""ES"",""FI"",""FR"",""GR"",""HR"",""HU"",""IE"",""IT"",""LI"",""LT"",""LU"",""LV"",""MT"",""NL"",""NO"",""PL"",""PT"",""RO"",""SE"",""SI"",""SK""]","2024-11-23 00:00:00","The decision was taken pursuant to own-initiative investigations.",SOURCE_VOLUNTARY,,Yes,AUTOMATED_DECISION_FULLY,TikTok,7440305543203380000,"2024-11-23 03:05:42"
c549b12e-fc4b-4d5a-ac52-6278feb925a2,"[""DECISION_VISIBILITY_OTHER""]","Video not eligible for recommendation in the For You feed",,,,,,,,,,DECISION_GROUND_INCOMPATIBLE_CONTENT,,,,"Alcohol, Tobacco, and Drugs","While adults make personal choices about how they engage with alcohol, drugs, and tobacco, we recognize that there are risks connected to trading and using these substances. Content is ineligible for the For You feed and harder to find in search if it shows adults consuming excessive amounts of alcohol or tobacco products.We proactively enforce our Community Guidelines through a mix of technology and human moderation. We have detected this policy violation using automated measures. We have used automated measures in making this decision.",,STATEMENT_CATEGORY_SCOPE_OF_PLATFORM_SERVICE,,,,"[""CONTENT_TYPE_VIDEO""]",,,"2024-11-23 00:00:00","[""AT"",""BE"",""BG"",""CY"",""CZ"",""DE"",""DK"",""EE"",""ES"",""FI"",""FR"",""GR"",""HR"",""HU"",""IE"",""IT"",""LI"",""LT"",""LU"",""LV"",""MT"",""NL"",""NO"",""PL"",""PT"",""RO"",""SE"",""SI"",""SK""]","2024-11-23 00:00:00","The decision was taken pursuant to own-initiative investigations.",SOURCE_VOLUNTARY,,Yes,AUTOMATED_DECISION_FULLY,TikTok,7440305548609723169,"2024-11-23 03:05:42"
dc815d47-86f9-48f0-b3dd-f95672e739af,"[""DECISION_VISIBILITY_OTHER""]","Photo not eligible for recommendation in the For You feed",,,,,,,,,,DECISION_GROUND_INCOMPATIBLE_CONTENT,,,,"Dangerous Activities and Challenges","Most activities or challenges are appropriate for everyone, but some carry a risk of significant injury. Content is ineligible for the For You feed if it involves activities that are likely to lead to moderate physical harm, or includes professionals who are performing extreme sports and stunts that may endanger others.We proactively enforce our Community Guidelines through a mix of technology and human moderation. We have detected this policy violation using automated measures. We have used automated measures in making this decision.",,STATEMENT_CATEGORY_NEGATIVE_EFFECTS_ON_CIVIC_DISCOURSE_OR_ELECTIONS,,,,"[""CONTENT_TYPE_IMAGE""]",,,"2024-11-23 00:00:00","[""AT"",""BE"",""BG"",""CY"",""CZ"",""DE"",""DK"",""EE"",""ES"",""FI"",""FR"",""GR"",""HR"",""HU"",""IE"",""IT"",""LI"",""LT"",""LU"",""LV"",""MT"",""NL"",""NO"",""PL"",""PT"",""RO"",""SE"",""SI"",""SK""]","2024-11-23 00:00:00","The decision was taken pursuant to own-initiative investigations.",SOURCE_VOLUNTARY,,Yes,AUTOMATED_DECISION_FULLY,TikTok,7440305548609739553,"2024-11-23 03:05:42"
07494a33-f6c3-483f-a8e2-891e66ad94a3,"[""DECISION_VISIBILITY_OTHER""]","Video not eligible for recommendation in the For You feed",,,,,,,,,,DECISION_GROUND_INCOMPATIBLE_CONTENT,,,,"Community Guidelines","We maintain content eligibility standards for the For You feed (FYF) that prioritize safety and are informed by the diversity of our community and cultural norms. We make ineligible for the FYF certain content that may not be appropriate for a broad audience related to: (1) Behavioral Health, (2) Sensitive and Mature Themes, (3) Integrity and Authenticity, and (4) Regulated Goods. Content that is ineligible for the FYF can still be discovered in other ways, such as through search tools or by following an account.We proactively enforce our Community Guidelines through a mix of technology and human moderation. We have detected this policy violation using automated measures. We have used automated measures in making this decision.",,STATEMENT_CATEGORY_SCOPE_OF_PLATFORM_SERVICE,,,,"[""CONTENT_TYPE_VIDEO""]",,,"2024-11-23 00:00:00","[""AT"",""BE"",""BG"",""CY"",""CZ"",""DE"",""DK"",""EE"",""ES"",""FI"",""FR"",""GR"",""HR"",""HU"",""IE"",""IT"",""LI"",""LT"",""LU"",""LV"",""MT"",""NL"",""NO"",""PL"",""PT"",""RO"",""SE"",""SI"",""SK""]","2024-11-23 00:00:00","The decision was taken pursuant to own-initiative investigations.",SOURCE_VOLUNTARY,,Yes,AUTOMATED_DECISION_FULLY,TikTok,7440305543203396384,"2024-11-23 03:05:42"
1ef24a18-45d5-427e-8e3e-dc62c100855d,"[""DECISION_VISIBILITY_OTHER""]","Photo not eligible for recommendation in the For You feed, and visibility restricted in search results",,,,,,,,,,DECISION_GROUND_INCOMPATIBLE_CONTENT,,,,"Civic and Election Integrity","We want to enable the informed exchange of civic ideas in a way that fosters productive dialogue. Your video didn’t meet our eligibility standards for the For You Feed. Please review our Community Guidelines for more information.We proactively enforce our Community Guidelines through a mix of technology and human moderation. We have detected this policy violation using automated measures. We have used automated measures in making this decision.",,STATEMENT_CATEGORY_NEGATIVE_EFFECTS_ON_CIVIC_DISCOURSE_OR_ELECTIONS,,,,"[""CONTENT_TYPE_IMAGE""]",,,"2024-11-23 00:00:00","[""AT"",""BE"",""BG"",""CY"",""CZ"",""DE"",""DK"",""EE"",""ES"",""FI"",""FR"",""GR"",""HR"",""HU"",""IE"",""IT"",""LI"",""LT"",""LU"",""LV"",""MT"",""NL"",""NO"",""PL"",""PT"",""RO"",""SE"",""SI"",""SK""]","2024-11-23 00:00:00","The decision was taken pursuant to own-initiative investigations.",SOURCE_VOLUNTARY,,Yes,AUTOMATED_DECISION_FULLY,TikTok,7440305548609755937,"2024-11-23 03:05:42"
4b88490d-dd38-4840-812f-0191251eee8e,"[""DECISION_VISIBILITY_OTHER""]","Photo not eligible for recommendation in the For You feed, and visibility restricted in search results",,,,,,,,,,DECISION_GROUND_INCOMPATIBLE_CONTENT,,,,"Civic and Election Integrity","We want to enable the informed exchange of civic ideas in a way that fosters productive dialogue. Your video didn’t meet our eligibility standards for the For You Feed. Please review our Community Guidelines for more information.We proactively enforce our Community Guidelines through a mix of technology and human moderation. We have detected this policy violation using automated measures. We have used automated measures in making this decision.",,STATEMENT_CATEGORY_NEGATIVE_EFFECTS_ON_CIVIC_DISCOURSE_OR_ELECTIONS,,,,"[""CONTENT_TYPE_IMAGE""]",,,"2024-11-23 00:00:00","[""AT"",""BE"",""BG"",""CY"",""CZ"",""DE"",""DK"",""EE"",""ES"",""FI"",""FR"",""GR"",""HR"",""HU"",""IE"",""IT"",""LI"",""LT"",""LU"",""LV"",""MT"",""NL"",""NO"",""PL"",""PT"",""RO"",""SE"",""SI"",""SK""]","2024-11-23 00:00:00","The decision was taken pursuant to own-initiative investigations.",SOURCE_VOLUNTARY,,Yes,AUTOMATED_DECISION_FULLY,TikTok,7440305543203412768,"2024-11-23 03:05:44"
5565b388-55ae-4991-b93b-97a50e8bfef5,"[""DECISION_VISIBILITY_OTHER""]","Photo not eligible for recommendation in the For You feed",,,,,,,,,,DECISION_GROUND_INCOMPATIBLE_CONTENT,,,,"Dangerous Activities and Challenges","Most activities or challenges are appropriate for everyone, but some carry a risk of significant injury. Content is ineligible for the For You feed if it involves activities that are likely to lead to moderate physical harm, or includes professionals who are performing extreme sports and stunts that may endanger others.We proactively enforce our Community Guidelines through a mix of technology and human moderation. We have detected this policy violation using automated measures. We have used automated measures in making this decision.",,STATEMENT_CATEGORY_NEGATIVE_EFFECTS_ON_CIVIC_DISCOURSE_OR_ELECTIONS,,,,"[""CONTENT_TYPE_IMAGE""]",,,"2024-11-23 00:00:00","[""AT"",""BE"",""BG"",""CY"",""CZ"",""DE"",""DK"",""EE"",""ES"",""FI"",""FR"",""GR"",""HR"",""HU"",""IE"",""IT"",""LI"",""LT"",""LU"",""LV"",""MT"",""NL"",""NO"",""PL"",""PT"",""RO"",""SE"",""SI"",""SK""]","2024-11-23 00:00:00","The decision was taken pursuant to own-initiative investigations.",SOURCE_VOLUNTARY,,Yes,AUTOMATED_DECISION_FULLY,TikTok,7440305552795638560,"2024-11-23 03:05:44"
c4cc8176-c904-4219-aa0d-a1c1ca29fd59,"[""DECISION_VISIBILITY_CONTENT_REMOVED""]",,,,,,,,,,,DECISION_GROUND_INCOMPATIBLE_CONTENT,,,,"Harassment and Bullying","We welcome the respectful expression of different viewpoints, but not toxicity or trolling. We do not allow language or behavior that harasses, humiliates, threatens, or doxes anyone. This also includes responding to such acts with retaliatory harassment (but excludes non-harassing counterspeech).We proactively enforce our Community Guidelines through a mix of technology and human moderation. We have detected this policy violation using automated measures. We have used automated measures in making this decision.",,STATEMENT_CATEGORY_ILLEGAL_OR_HARMFUL_SPEECH,,,,"[""CONTENT_TYPE_TEXT""]",,,"2024-11-23 00:00:00","[""AT"",""BE"",""BG"",""CY"",""CZ"",""DE"",""DK"",""EE"",""ES"",""FI"",""FR"",""GR"",""HR"",""HU"",""IE"",""IT"",""LI"",""LT"",""LU"",""LV"",""MT"",""NL"",""NO"",""PL"",""PT"",""RO"",""SE"",""SI"",""SK""]","2024-11-23 00:00:00","The decision was taken pursuant to own-initiative investigations.",SOURCE_VOLUNTARY,,Yes,AUTOMATED_DECISION_FULLY,TikTok,7440305552795654944,"2024-11-23 03:05:44"
4fccf1ef-0761-4699-aa94-e0d1515ed338,"[""DECISION_VISIBILITY_CONTENT_REMOVED""]",,,,,,,,,,,DECISION_GROUND_INCOMPATIBLE_CONTENT,,,,"Hate Speech and Hateful Behaviors","TikTok is enriched by the various backgrounds of our community members. Our differences should be respected, rather than a cause for division. We do not allow any hateful behavior, hate speech, or promotion of hateful ideologies. This includes content that attacks a person or group because of protected attributes.We proactively enforce our Community Guidelines through a mix of technology and human moderation. We have detected this policy violation using automated measures.",,STATEMENT_CATEGORY_ILLEGAL_OR_HARMFUL_SPEECH,,,,"[""CONTENT_TYPE_VIDEO""]",,,"2024-11-23 00:00:00","[""AT"",""BE"",""BG"",""CY"",""CZ"",""DE"",""DK"",""EE"",""ES"",""FI"",""FR"",""GR"",""HR"",""HU"",""IE"",""IT"",""LI"",""LT"",""LU"",""LV"",""MT"",""NL"",""NO"",""PL"",""PT"",""RO"",""SE"",""SI"",""SK""]","2024-11-23 00:00:00","The decision was taken pursuant to own-initiative investigations.",SOURCE_VOLUNTARY,,Yes,AUTOMATED_DECISION_NOT_AUTOMATED,TikTok,7440305548609772321,"2024-11-23 03:05:44"
7dea4a90-592a-4ae1-a0e0-d2a6a57cafc5,"[""DECISION_VISIBILITY_CONTENT_REMOVED""]",,,,,,,,,,,DECISION_GROUND_INCOMPATIBLE_CONTENT,,,,"Harassment and Bullying","We welcome the respectful expression of different viewpoints, but not toxicity or trolling. We do not allow language or behavior that harasses, humiliates, threatens, or doxes anyone. This also includes responding to such acts with retaliatory harassment (but excludes non-harassing counterspeech).We proactively enforce our Community Guidelines through a mix of technology and human moderation. We have detected this policy violation using automated measures. We have used automated measures in making this decision.",,STATEMENT_CATEGORY_ILLEGAL_OR_HARMFUL_SPEECH,,,,"[""CONTENT_TYPE_TEXT""]",,,"2024-11-23 00:00:00","[""AT"",""BE"",""BG"",""CY"",""CZ"",""DE"",""DK"",""EE"",""ES"",""FI"",""FR"",""GR"",""HR"",""HU"",""IE"",""IT"",""LI"",""LT"",""LU"",""LV"",""MT"",""NL"",""NO"",""PL"",""PT"",""RO"",""SE"",""SI"",""SK""]","2024-11-23 00:00:00","The decision was taken pursuant to own-initiative investigations.",SOURCE_VOLUNTARY,,Yes,AUTOMATED_DECISION_FULLY,TikTok,7440305548609788705,"2024-11-23 03:05:44"
bdeae2d3-925e-4954-b112-eb4539fc5310,"[""DECISION_VISIBILITY_OTHER""]","Video not eligible for recommendation in the For You feed",,,,,,,,,,DECISION_GROUND_INCOMPATIBLE_CONTENT,,,,"Community Guidelines","We maintain content eligibility standards for the For You feed (FYF) that prioritize safety and are informed by the diversity of our community and cultural norms. We make ineligible for the FYF certain content that may not be appropriate for a broad audience related to: (1) Behavioral Health, (2) Sensitive and Mature Themes, (3) Integrity and Authenticity, and (4) Regulated Goods. Content that is ineligible for the FYF can still be discovered in other ways, such as through search tools or by following an account.We proactively enforce our Community Guidelines through a mix of technology and human moderation. We have detected this policy violation using automated measures. We have used automated measures in making this decision.",,STATEMENT_CATEGORY_SCOPE_OF_PLATFORM_SERVICE,,,,"[""CONTENT_TYPE_VIDEO""]",,,"2024-11-23 00:00:00","[""AT"",""BE"",""BG"",""CY"",""CZ"",""DE"",""DK"",""EE"",""ES"",""FI"",""FR"",""GR"",""HR"",""HU"",""IE"",""IT"",""LI"",""LT"",""LU"",""LV"",""MT"",""NL"",""NO"",""PL"",""PT"",""RO"",""SE"",""SI"",""SK""]","2024-11-23 00:00:00","The decision was taken pursuant to own-initiative investigations.",SOURCE_VOLUNTARY,,Yes,AUTOMATED_DECISION_FULLY,TikTok,7440305552795671328,"2024-11-23 03:05:44"
0bc8265b-c64a-42b3-9dd9-751caf7fe59b,"[""DECISION_VISIBILITY_CONTENT_AGE_RESTRICTED""]",,,,,,,,,,,DECISION_GROUND_INCOMPATIBLE_CONTENT,,,,"Minimum Age Requirement","Users must be 13 years and older to have a TikTok account. We are deeply committed to ensuring that TikTok is a safe and positive experience for people under the age of 18. This starts by being old enough to use TikTok. If we learn someone is below the minimum age on TikTok, we will ban that account. Content created by anyone under 16 is ineligible for the For You feed and harder to find in search.We proactively enforce our Community Guidelines through a mix of technology and human moderation. We have detected this policy violation using automated measures.",,STATEMENT_CATEGORY_PROTECTION_OF_MINORS,,,,"[""CONTENT_TYPE_VIDEO""]",,,"2020-07-17 00:00:00","[""AT"",""BE"",""BG"",""CY"",""CZ"",""DE"",""DK"",""EE"",""ES"",""FI"",""FR"",""GR"",""HR"",""HU"",""IE"",""IT"",""LI"",""LT"",""LU"",""LV"",""MT"",""NL"",""NO"",""PL"",""PT"",""RO"",""SE"",""SI"",""SK""]","2024-11-23 00:00:00","The decision was taken pursuant to own-initiative investigations.",SOURCE_VOLUNTARY,,Yes,AUTOMATED_DECISION_NOT_AUTOMATED,TikTok,7440305552795687712,"2024-11-23 03:05:44"
ee178b5b-c87d-4643-9c56-1c2ed43f1c44,"[""DECISION_VISIBILITY_OTHER""]","Video not eligible for recommendation in the For You feed",,,,,,,,,,DECISION_GROUND_INCOMPATIBLE_CONTENT,,,,"Dangerous Activities and Challenges","Most activities or challenges are appropriate for everyone, but some carry a risk of significant injury. Content is ineligible for the For You feed if it involves activities that are likely to lead to moderate physical harm, or includes professionals who are performing extreme sports and stunts that may endanger others.We proactively enforce our Community Guidelines through a mix of technology and human moderation. We have detected this policy violation using automated measures. We have used automated measures in making this decision.",,STATEMENT_CATEGORY_SCOPE_OF_PLATFORM_SERVICE,,,,"[""CONTENT_TYPE_VIDEO""]",,,"2024-11-23 00:00:00","[""AT"",""BE"",""BG"",""CY"",""CZ"",""DE"",""DK"",""EE"",""ES"",""FI"",""FR"",""GR"",""HR"",""HU"",""IE"",""IT"",""LI"",""LT"",""LU"",""LV"",""MT"",""NL"",""NO"",""PL"",""PT"",""RO"",""SE"",""SI"",""SK""]","2024-11-23 00:00:00","The decision was taken pursuant to own-initiative investigations.",SOURCE_VOLUNTARY,,Yes,AUTOMATED_DECISION_FULLY,TikTok,7440305548609805089,"2024-11-23 03:05:46"
10e3686b-6155-454d-871d-5b58b4f2e0eb,"[""DECISION_VISIBILITY_CONTENT_REMOVED""]",,,,,,,,,,,DECISION_GROUND_INCOMPATIBLE_CONTENT,,,,"Frauds and Scams","We want people to be able to use our platform to learn about ways to be financially responsible and consider economic transactions or investment opportunities, without worrying about scams or financial exploitation. We do not allow attempts to defraud or scam members of our community.We proactively enforce our Community Guidelines through a mix of technology and human moderation. We have detected this policy violation using automated measures.",,STATEMENT_CATEGORY_SCAMS_AND_FRAUD,,,,"[""CONTENT_TYPE_VIDEO""]",,,"2024-11-22 00:00:00","[""AT"",""BE"",""BG"",""CY"",""CZ"",""DE"",""DK"",""EE"",""ES"",""FI"",""FR"",""GR"",""HR"",""HU"",""IE"",""IT"",""LI"",""LT"",""LU"",""LV"",""MT"",""NL"",""NO"",""PL"",""PT"",""RO"",""SE"",""SI"",""SK""]","2024-11-23 00:00:00","The decision was taken pursuant to own-initiative investigations.",SOURCE_VOLUNTARY,,Yes,AUTOMATED_DECISION_NOT_AUTOMATED,TikTok,7440305552795704096,"2024-11-23 03:05:46"
7c1e7806-cf55-43e7-a97f-db3a6fd6c353,"[""DECISION_VISIBILITY_CONTENT_REMOVED""]",,,,,,,,,,,DECISION_GROUND_INCOMPATIBLE_CONTENT,,,,"Harassment and Bullying","We welcome the respectful expression of different viewpoints, but not toxicity or trolling. We do not allow language or behavior that harasses, humiliates, threatens, or doxes anyone. This also includes responding to such acts with retaliatory harassment (but excludes non-harassing counterspeech).We proactively enforce our Community Guidelines through a mix of technology and human moderation. We have detected this policy violation using automated measures. We have used automated measures in making this decision.",,STATEMENT_CATEGORY_ILLEGAL_OR_HARMFUL_SPEECH,,,,"[""CONTENT_TYPE_TEXT""]",,,"2024-11-23 00:00:00","[""AT"",""BE"",""BG"",""CY"",""CZ"",""DE"",""DK"",""EE"",""ES"",""FI"",""FR"",""GR"",""HR"",""HU"",""IE"",""IT"",""LI"",""LT"",""LU"",""LV"",""MT"",""NL"",""NO"",""PL"",""PT"",""RO"",""SE"",""SI"",""SK""]","2024-11-23 00:00:00","The decision was taken pursuant to own-initiative investigations.",SOURCE_VOLUNTARY,,Yes,AUTOMATED_DECISION_FULLY,TikTok,7440305548609821473,"2024-11-23 03:05:46"
79d80dd0-87a7-4c35-a7d8-5062821df13b,"[""DECISION_VISIBILITY_CONTENT_REMOVED""]",,,,,,,,,,,DECISION_GROUND_INCOMPATIBLE_CONTENT,,,,"Harassment and Bullying","We welcome the respectful expression of different viewpoints, but not toxicity or trolling. We do not allow language or behavior that harasses, humiliates, threatens, or doxes anyone. This also includes responding to such acts with retaliatory harassment (but excludes non-harassing counterspeech).We proactively enforce our Community Guidelines through a mix of technology and human moderation. We have detected this policy violation using automated measures. We have used automated measures in making this decision.",,STATEMENT_CATEGORY_ILLEGAL_OR_HARMFUL_SPEECH,,,,"[""CONTENT_TYPE_TEXT""]",,,"2024-11-23 00:00:00","[""AT"",""BE"",""BG"",""CY"",""CZ"",""DE"",""DK"",""EE"",""ES"",""FI"",""FR"",""GR"",""HR"",""HU"",""IE"",""IT"",""LI"",""LT"",""LU"",""LV"",""MT"",""NL"",""NO"",""PL"",""PT"",""RO"",""SE"",""SI"",""SK""]","2024-11-23 00:00:00","The decision was taken pursuant to own-initiative investigations.",SOURCE_VOLUNTARY,,Yes,AUTOMATED_DECISION_FULLY,TikTok,7440305552795720480,"2024-11-23 03:05:46"
cc0b338d-1389-4441-bfaf-4129f6bd4d2d,"[""DECISION_VISIBILITY_CONTENT_REMOVED""]",,,,,,,,,,,DECISION_GROUND_INCOMPATIBLE_CONTENT,,,,"Harassment and Bullying","We welcome the respectful expression of different viewpoints, but not toxicity or trolling. We do not allow language or behavior that harasses, humiliates, threatens, or doxes anyone. This also includes responding to such acts with retaliatory harassment (but excludes non-harassing counterspeech).We proactively enforce our Community Guidelines through a mix of technology and human moderation. We have detected this policy violation using automated measures. We have used automated measures in making this decision.",,STATEMENT_CATEGORY_ILLEGAL_OR_HARMFUL_SPEECH,,,,"[""CONTENT_TYPE_TEXT""]",,,"2024-11-23 00:00:00","[""AT"",""BE"",""BG"",""CY"",""CZ"",""DE"",""DK"",""EE"",""ES"",""FI"",""FR"",""GR"",""HR"",""HU"",""IE"",""IT"",""LI"",""LT"",""LU"",""LV"",""MT"",""NL"",""NO"",""PL"",""PT"",""RO"",""SE"",""SI"",""SK""]","2024-11-23 00:00:00","The decision was taken pursuant to own-initiative investigations.",SOURCE_VOLUNTARY,,Yes,AUTOMATED_DECISION_FULLY,TikTok,7440305548609837857,"2024-11-23 03:05:46"
8fc0be05-7329-4981-aa1f-7c290eba539a,"[""DECISION_VISIBILITY_OTHER""]","Photo not eligible for recommendation in the For You feed, and visibility restricted in search results",,,,,,,,,,DECISION_GROUND_INCOMPATIBLE_CONTENT,,,,"Civic and Election Integrity","We want to enable the informed exchange of civic ideas in a way that fosters productive dialogue. Your video didn’t meet our eligibility standards for the For You Feed. Please review our Community Guidelines for more information.We proactively enforce our Community Guidelines through a mix of technology and human moderation. We have detected this policy violation using automated measures. We have used automated measures in making this decision.",,STATEMENT_CATEGORY_NEGATIVE_EFFECTS_ON_CIVIC_DISCOURSE_OR_ELECTIONS,,,,"[""CONTENT_TYPE_IMAGE""]",,,"2024-11-23 00:00:00","[""AT"",""BE"",""BG"",""CY"",""CZ"",""DE"",""DK"",""EE"",""ES"",""FI"",""FR"",""GR"",""HR"",""HU"",""IE"",""IT"",""LI"",""LT"",""LU"",""LV"",""MT"",""NL"",""NO"",""PL"",""PT"",""RO"",""SE"",""SI"",""SK""]","2024-11-23 00:00:00","The decision was taken pursuant to own-initiative investigations.",SOURCE_VOLUNTARY,,Yes,AUTOMATED_DECISION_FULLY,TikTok,7440305552795736864,"2024-11-23 03:05:46"
48147f3b-f385-436f-8669-67ddb157ff6a,"[""DECISION_VISIBILITY_CONTENT_AGE_RESTRICTED""]",,,,,,,,,,,DECISION_GROUND_INCOMPATIBLE_CONTENT,,,,"Nudity and Body Exposure","We celebrate all shapes and sizes and want people to feel comfortable in how they present themselves and their bodies. Content is ineligible for the For You feed and harder to find in search if it shows moderate body exposure of a young person, or significant body exposure of an adult. We allow regional exceptions for body exposure in limited situations, such as common cultural practices.We proactively enforce our Community Guidelines through a mix of technology and human moderation. We have detected this policy violation using automated measures.",,STATEMENT_CATEGORY_SCOPE_OF_PLATFORM_SERVICE,,,,"[""CONTENT_TYPE_VIDEO""]",,,"2024-11-22 00:00:00","[""AT"",""BE"",""BG"",""CY"",""CZ"",""DE"",""DK"",""EE"",""ES"",""FI"",""FR"",""GR"",""HR"",""HU"",""IE"",""IT"",""LI"",""LT"",""LU"",""LV"",""MT"",""NL"",""NO"",""PL"",""PT"",""RO"",""SE"",""SI"",""SK""]","2024-11-23 00:00:00","The decision was taken pursuant to own-initiative investigations.",SOURCE_VOLUNTARY,,Yes,AUTOMATED_DECISION_NOT_AUTOMATED,TikTok,7440305548609854241,"2024-11-23 03:05:46"
8d87b220-ca5b-4a51-ab86-b20143a7abb5,"[""DECISION_VISIBILITY_OTHER""]","Photo not eligible for recommendation in the For You feed, and visibility restricted in search results",,,,,,,,,,DECISION_GROUND_INCOMPATIBLE_CONTENT,,,,"Civic and Election Integrity","We want to enable the informed exchange of civic ideas in a way that fosters productive dialogue. Your video didn’t meet our eligibility standards for the For You Feed. Please review our Community Guidelines for more information.We proactively enforce our Community Guidelines through a mix of technology and human moderation. We have detected this policy violation using automated measures. We have used automated measures in making this decision.",,STATEMENT_CATEGORY_NEGATIVE_EFFECTS_ON_CIVIC_DISCOURSE_OR_ELECTIONS,,,,"[""CONTENT_TYPE_IMAGE""]",,,"2024-11-23 00:00:00","[""AT"",""BE"",""BG"",""CY"",""CZ"",""DE"",""DK"",""EE"",""ES"",""FI"",""FR"",""GR"",""HR"",""HU"",""IE"",""IT"",""LI"",""LT"",""LU"",""LV"",""MT"",""NL"",""NO"",""PL"",""PT"",""RO"",""SE"",""SI"",""SK""]","2024-11-23 00:00:00","The decision was taken pursuant to own-initiative investigations.",SOURCE_VOLUNTARY,,Yes,AUTOMATED_DECISION_FULLY,TikTok,7440305552795753248,"2024-11-23 03:05:46"
70a3d772-6419-4ed1-981c-1ad57f75b677,"[""DECISION_VISIBILITY_CONTENT_REMOVED""]",,,,,,,,,,,DECISION_GROUND_INCOMPATIBLE_CONTENT,,,,"Nudity and Body Exposure","We celebrate all shapes and sizes and want people to feel comfortable in how they present themselves and their bodies. We do not allow nudity, including uncovered genitals and buttocks, as well as nipples and areolas of women and girls. Sheer and partially see-through clothing is not considered covered.We proactively enforce our Community Guidelines through a mix of technology and human moderation. We have detected this policy violation using automated measures. We have used automated measures in making this decision.",,STATEMENT_CATEGORY_SCOPE_OF_PLATFORM_SERVICE,,,,"[""CONTENT_TYPE_VIDEO""]",,,"2024-11-23 00:00:00","[""AT"",""BE"",""BG"",""CY"",""CZ"",""DE"",""DK"",""EE"",""ES"",""FI"",""FR"",""GR"",""HR"",""HU"",""IE"",""IT"",""LI"",""LT"",""LU"",""LV"",""MT"",""NL"",""NO"",""PL"",""PT"",""RO"",""SE"",""SI"",""SK""]","2024-11-23 00:00:00","The decision was taken pursuant to own-initiative investigations.",SOURCE_VOLUNTARY,,Yes,AUTOMATED_DECISION_FULLY,TikTok,7440305548609870625,"2024-11-23 03:05:46"
6b2bae2f-67d8-447c-be1e-bc4c077dad55,"[""DECISION_VISIBILITY_CONTENT_REMOVED""]",,,,,,,,,,,DECISION_GROUND_INCOMPATIBLE_CONTENT,,,,"Alcohol, Tobacco, and Drugs","While adults make personal choices about how they engage with alcohol, drugs, and tobacco, we recognize that there are risks connected to trading and using these substances. We do not allow showing or promoting recreational drug use, or the trade of alcohol, tobacco products, and drugs.We proactively enforce our Community Guidelines through a mix of technology and human moderation. We have detected this policy violation using automated measures.",,STATEMENT_CATEGORY_SCOPE_OF_PLATFORM_SERVICE,,,,"[""CONTENT_TYPE_VIDEO""]",,,"2024-11-22 00:00:00","[""AT"",""BE"",""BG"",""CY"",""CZ"",""DE"",""DK"",""EE"",""ES"",""FI"",""FR"",""GR"",""HR"",""HU"",""IE"",""IT"",""LI"",""LT"",""LU"",""LV"",""MT"",""NL"",""NO"",""PL"",""PT"",""RO"",""SE"",""SI"",""SK""]","2024-11-23 00:00:00","The decision was taken pursuant to own-initiative investigations.",SOURCE_VOLUNTARY,,Yes,AUTOMATED_DECISION_NOT_AUTOMATED,TikTok,7440305559078705952,"2024-11-23 03:05:46"
dcd41107-70f3-4cc5-851f-eff4aacba9bb,"[""DECISION_VISIBILITY_CONTENT_REMOVED""]",,,,,,,,,,,DECISION_GROUND_INCOMPATIBLE_CONTENT,,,,"Harassment and Bullying","We welcome the respectful expression of different viewpoints, but not toxicity or trolling. We do not allow language or behavior that harasses, humiliates, threatens, or doxes anyone. This also includes responding to such acts with retaliatory harassment (but excludes non-harassing counterspeech).We proactively enforce our Community Guidelines through a mix of technology and human moderation. We have detected this policy violation using automated measures. We have used automated measures in making this decision.",,STATEMENT_CATEGORY_ILLEGAL_OR_HARMFUL_SPEECH,,,,"[""CONTENT_TYPE_TEXT""]",,,"2024-11-23 00:00:00","[""AT"",""BE"",""BG"",""CY"",""CZ"",""DE"",""DK"",""EE"",""ES"",""FI"",""FR"",""GR"",""HR"",""HU"",""IE"",""IT"",""LI"",""LT"",""LU"",""LV"",""MT"",""NL"",""NO"",""PL"",""PT"",""RO"",""SE"",""SI"",""SK""]","2024-11-23 00:00:00","The decision was taken pursuant to own-initiative investigations.",SOURCE_VOLUNTARY,,Yes,AUTOMATED_DECISION_FULLY,TikTok,7440305559078722336,"2024-11-23 03:05:46"
1288d5fe-67d6-4ea6-9640-9b2a9b7cf435,"[""DECISION_VISIBILITY_CONTENT_REMOVED""]",,,,,,,,,,,DECISION_GROUND_INCOMPATIBLE_CONTENT,,,,"Harassment and Bullying","We welcome the respectful expression of different viewpoints, but not toxicity or trolling. We do not allow language or behavior that harasses, humiliates, threatens, or doxes anyone. This also includes responding to such acts with retaliatory harassment (but excludes non-harassing counterspeech).We proactively enforce our Community Guidelines through a mix of technology and human moderation. We have detected this policy violation using automated measures. We have used automated measures in making this decision.",,STATEMENT_CATEGORY_ILLEGAL_OR_HARMFUL_SPEECH,,,,"[""CONTENT_TYPE_TEXT""]",,,"2024-11-23 00:00:00","[""AT"",""BE"",""BG"",""CY"",""CZ"",""DE"",""DK"",""EE"",""ES"",""FI"",""FR"",""GR"",""HR"",""HU"",""IE"",""IT"",""LI"",""LT"",""LU"",""LV"",""MT"",""NL"",""NO"",""PL"",""PT"",""RO"",""SE"",""SI"",""SK""]","2024-11-23 00:00:00","The decision was taken pursuant to own-initiative investigations.",SOURCE_VOLUNTARY,,Yes,AUTOMATED_DECISION_FULLY,TikTok,7440305552795769632,"2024-11-23 03:05:46"
4f1161c1-4b03-4ddd-be53-e3c3604597b7,"[""DECISION_VISIBILITY_CONTENT_REMOVED""]",,,,,,,,,,,DECISION_GROUND_INCOMPATIBLE_CONTENT,,,,"Sexual Exploitation and Gender-Based Violence","We are committed to providing a space that embraces gender equity, supports healthy relationships, and respects intimate privacy. We do not allow sexual exploitation or gender-based violence, including non-consensual sexual acts, image-based sexual abuse, sextortion, physical abuse, and sexual harassment.We proactively enforce our Community Guidelines through a mix of technology and human moderation. We have detected this policy violation using automated measures. We have used automated measures in making this decision.",,STATEMENT_CATEGORY_VIOLENCE,,,,"[""CONTENT_TYPE_TEXT""]",,,"2024-11-23 00:00:00","[""AT"",""BE"",""BG"",""CY"",""CZ"",""DE"",""DK"",""EE"",""ES"",""FI"",""FR"",""GR"",""HR"",""HU"",""IE"",""IT"",""LI"",""LT"",""LU"",""LV"",""MT"",""NL"",""NO"",""PL"",""PT"",""RO"",""SE"",""SI"",""SK""]","2024-11-23 00:00:00","The decision was taken pursuant to own-initiative investigations.",SOURCE_VOLUNTARY,,Yes,AUTOMATED_DECISION_FULLY,TikTok,7440305552795786016,"2024-11-23 03:05:46"
ba2d255e-6803-47e7-b5cf-d83a9c2db26c,"[""DECISION_VISIBILITY_CONTENT_REMOVED""]",,,,,,,,,,,DECISION_GROUND_INCOMPATIBLE_CONTENT,,,,"Violent Behaviors and Criminal Activities","We recognize that online content related to violence can cause real-world harm. We do not allow any violent threats, incitement to violence, or promotion of criminal activities that may harm people, animals, or property. If there is a specific, credible, and imminent threat to human life or serious physical injury, we will report it to relevant law enforcement authorities.We proactively enforce our Community Guidelines through a mix of technology and human moderation. We have detected this policy violation using automated measures. We have used automated measures in making this decision.",,STATEMENT_CATEGORY_VIOLENCE,,,,"[""CONTENT_TYPE_TEXT""]",,,"2024-11-23 00:00:00","[""AT"",""BE"",""BG"",""CY"",""CZ"",""DE"",""DK"",""EE"",""ES"",""FI"",""FR"",""GR"",""HR"",""HU"",""IE"",""IT"",""LI"",""LT"",""LU"",""LV"",""MT"",""NL"",""NO"",""PL"",""PT"",""RO"",""SE"",""SI"",""SK""]","2024-11-23 00:00:00","The decision was taken pursuant to own-initiative investigations.",SOURCE_VOLUNTARY,,Yes,AUTOMATED_DECISION_FULLY,TikTok,7440305562786470688,"2024-11-23 03:05:46"
1a6acbd2-8d22-4758-bf10-86c14bc6ba0a,"[""DECISION_VISIBILITY_OTHER""]","Photo not eligible for recommendation in the For You feed",,,,,,,,,,DECISION_GROUND_INCOMPATIBLE_CONTENT,,,,"Dangerous Activities and Challenges","Most activities or challenges are appropriate for everyone, but some carry a risk of significant injury. Content is ineligible for the For You feed if it involves activities that are likely to lead to moderate physical harm, or includes professionals who are performing extreme sports and stunts that may endanger others.We proactively enforce our Community Guidelines through a mix of technology and human moderation. We have detected this policy violation using automated measures. We have used automated measures in making this decision.",,STATEMENT_CATEGORY_NEGATIVE_EFFECTS_ON_CIVIC_DISCOURSE_OR_ELECTIONS,,,,"[""CONTENT_TYPE_IMAGE""]",,,"2024-11-23 00:00:00","[""AT"",""BE"",""BG"",""CY"",""CZ"",""DE"",""DK"",""EE"",""ES"",""FI"",""FR"",""GR"",""HR"",""HU"",""IE"",""IT"",""LI"",""LT"",""LU"",""LV"",""MT"",""NL"",""NO"",""PL"",""PT"",""RO"",""SE"",""SI"",""SK""]","2024-11-23 00:00:00","The decision was taken pursuant to own-initiative investigations.",SOURCE_VOLUNTARY,,Yes,AUTOMATED_DECISION_FULLY,TikTok,7440305559078738720,"2024-11-23 03:05:46"
e8b53989-d8f9-4e2f-b431-23e36cd72f89,"[""DECISION_VISIBILITY_CONTENT_REMOVED""]",,,,,,,,,,,DECISION_GROUND_INCOMPATIBLE_CONTENT,,,,"Harassment and Bullying","We welcome the respectful expression of different viewpoints, but not toxicity or trolling. We do not allow language or behavior that harasses, humiliates, threatens, or doxes anyone. This also includes responding to such acts with retaliatory harassment (but excludes non-harassing counterspeech).We proactively enforce our Community Guidelines through a mix of technology and human moderation. We have detected this policy violation using automated measures. We have used automated measures in making this decision.",,STATEMENT_CATEGORY_ILLEGAL_OR_HARMFUL_SPEECH,,,,"[""CONTENT_TYPE_TEXT""]",,,"2024-11-23 00:00:00","[""AT"",""BE"",""BG"",""CY"",""CZ"",""DE"",""DK"",""EE"",""ES"",""FI"",""FR"",""GR"",""HR"",""HU"",""IE"",""IT"",""LI"",""LT"",""LU"",""LV"",""MT"",""NL"",""NO"",""PL"",""PT"",""RO"",""SE"",""SI"",""SK""]","2024-11-23 00:00:00","The decision was taken pursuant to own-initiative investigations.",SOURCE_VOLUNTARY,,Yes,AUTOMATED_DECISION_FULLY,TikTok,7440305559078755104,"2024-11-23 03:05:46"
24937e2e-b09f-4133-a58b-0aeb6ade816b,"[""DECISION_VISIBILITY_CONTENT_REMOVED""]",,,,,,,,,,,DECISION_GROUND_INCOMPATIBLE_CONTENT,,,,"Harassment and Bullying","We welcome the respectful expression of different viewpoints, but not toxicity or trolling. We do not allow language or behavior that harasses, humiliates, threatens, or doxes anyone. This also includes responding to such acts with retaliatory harassment (but excludes non-harassing counterspeech).We proactively enforce our Community Guidelines through a mix of technology and human moderation. We have detected this policy violation using automated measures. We have used automated measures in making this decision.",,STATEMENT_CATEGORY_ILLEGAL_OR_HARMFUL_SPEECH,,,,"[""CONTENT_TYPE_TEXT""]",,,"2024-11-23 00:00:00","[""AT"",""BE"",""BG"",""CY"",""CZ"",""DE"",""DK"",""EE"",""ES"",""FI"",""FR"",""GR"",""HR"",""HU"",""IE"",""IT"",""LI"",""LT"",""LU"",""LV"",""MT"",""NL"",""NO"",""PL"",""PT"",""RO"",""SE"",""SI"",""SK""]","2024-11-23 00:00:00","The decision was taken pursuant to own-initiative investigations.",SOURCE_VOLUNTARY,,Yes,AUTOMATED_DECISION_FULLY,TikTok,7440305562786487072,"2024-11-23 03:05:46"
4df76600-b948-4a32-8a99-6ac7f741ad32,"[""DECISION_VISIBILITY_CONTENT_REMOVED""]",,,,,,,,,,,DECISION_GROUND_INCOMPATIBLE_CONTENT,,,,"Nudity and Body Exposure","We celebrate all shapes and sizes and want people to feel comfortable in how they present themselves and their bodies. We do not allow nudity, including uncovered genitals and buttocks, as well as nipples and areolas of women and girls. Sheer and partially see-through clothing is not considered covered.We proactively enforce our Community Guidelines through a mix of technology and human moderation. We have detected this policy violation using automated measures. We have used automated measures in making this decision.",,STATEMENT_CATEGORY_SCOPE_OF_PLATFORM_SERVICE,,,,"[""CONTENT_TYPE_VIDEO""]",,,"2024-11-23 00:00:00","[""AT"",""BE"",""BG"",""CY"",""CZ"",""DE"",""DK"",""EE"",""ES"",""FI"",""FR"",""GR"",""HR"",""HU"",""IE"",""IT"",""LI"",""LT"",""LU"",""LV"",""MT"",""NL"",""NO"",""PL"",""PT"",""RO"",""SE"",""SI"",""SK""]","2024-11-23 00:00:00","The decision was taken pursuant to own-initiative investigations.",SOURCE_VOLUNTARY,,Yes,AUTOMATED_DECISION_FULLY,TikTok,7440305559078771488,"2024-11-23 03:05:46"
e7541a80-e9b4-41ff-bd42-c10502fea44d,"[""DECISION_VISIBILITY_CONTENT_REMOVED""]",,,,,,,,,,,DECISION_GROUND_INCOMPATIBLE_CONTENT,,,,"Harassment and Bullying","We welcome the respectful expression of different viewpoints, but not toxicity or trolling. We do not allow language or behavior that harasses, humiliates, threatens, or doxes anyone. This also includes responding to such acts with retaliatory harassment (but excludes non-harassing counterspeech).We proactively enforce our Community Guidelines through a mix of technology and human moderation. We have detected this policy violation using automated measures. We have used automated measures in making this decision.",,STATEMENT_CATEGORY_ILLEGAL_OR_HARMFUL_SPEECH,,,,"[""CONTENT_TYPE_TEXT""]",,,"2024-11-23 00:00:00","[""AT"",""BE"",""BG"",""CY"",""CZ"",""DE"",""DK"",""EE"",""ES"",""FI"",""FR"",""GR"",""HR"",""HU"",""IE"",""IT"",""LI"",""LT"",""LU"",""LV"",""MT"",""NL"",""NO"",""PL"",""PT"",""RO"",""SE"",""SI"",""SK""]","2024-11-23 00:00:00","The decision was taken pursuant to own-initiative investigations.",SOURCE_VOLUNTARY,,Yes,AUTOMATED_DECISION_FULLY,TikTok,7440305559078820640,"2024-11-23 03:05:48"
764c9d90-436a-456a-a6a3-28be1284e0b2,"[""DECISION_VISIBILITY_CONTENT_REMOVED""]",,,,,,,,,,,DECISION_GROUND_INCOMPATIBLE_CONTENT,,,,"Harassment and Bullying","We welcome the respectful expression of different viewpoints, but not toxicity or trolling. We do not allow language or behavior that harasses, humiliates, threatens, or doxes anyone. This also includes responding to such acts with retaliatory harassment (but excludes non-harassing counterspeech).We proactively enforce our Community Guidelines through a mix of technology and human moderation. We have detected this policy violation using automated measures. We have used automated measures in making this decision.",,STATEMENT_CATEGORY_ILLEGAL_OR_HARMFUL_SPEECH,,,,"[""CONTENT_TYPE_TEXT""]",,,"2024-11-23 00:00:00","[""AT"",""BE"",""BG"",""CY"",""CZ"",""DE"",""DK"",""EE"",""ES"",""FI"",""FR"",""GR"",""HR"",""HU"",""IE"",""IT"",""LI"",""LT"",""LU"",""LV"",""MT"",""NL"",""NO"",""PL"",""PT"",""RO"",""SE"",""SI"",""SK""]","2024-11-23 00:00:00","The decision was taken pursuant to own-initiative investigations.",SOURCE_VOLUNTARY,,Yes,AUTOMATED_DECISION_FULLY,TikTok,7440305559078837024,"2024-11-23 03:05:48"
88ae011f-7848-4a89-9a39-5d7e67eab956,"[""DECISION_VISIBILITY_OTHER""]","Ad is not eligible for posting.",,,,,,,,,,DECISION_GROUND_INCOMPATIBLE_CONTENT,,,,"TikTok has a zero-tolerance of child abuse material. Our review indicates that your advertising content may violate TikTok's advertising policies by promoting prohibited products, services, or material in the targeted locations. For more policy details, please refer to ""TikTok Advertising Policies - Industry Entry"" (https://ads.tiktok.com/help/article?aid=6685586866860720134).","TikTok prohibits the depiction or reference of abuse or endangerment of minors, whether directly or indirectly, which may include physical, verbal, psychological or sexual abuse, as detailed in TikTok's Advertising Policies - https://ads.tiktok.com/help/article/tiktok-ads-policy-youth-safety",,STATEMENT_CATEGORY_PROTECTION_OF_MINORS,,,,"[""CONTENT_TYPE_VIDEO""]",,,"2024-11-23 00:00:00","[""HU""]","2024-11-23 00:00:00","The decision was taken pursuant to own-initiative investigations.",SOURCE_VOLUNTARY,,Yes,AUTOMATED_DECISION_FULLY,TikTok,7440305562786568992,"2024-11-23 03:05:48"
325d92d4-8fc3-4114-857c-14e225b28117,"[""DECISION_VISIBILITY_OTHER""]","Photo not eligible for recommendation in the For You feed, and visibility restricted in search results",,,,,,,,,,DECISION_GROUND_INCOMPATIBLE_CONTENT,,,,"Civic and Election Integrity","We want to enable the informed exchange of civic ideas in a way that fosters productive dialogue. Your video didn’t meet our eligibility standards for the For You Feed. Please review our Community Guidelines for more information.We proactively enforce our Community Guidelines through a mix of technology and human moderation. We have detected this policy violation using automated measures. We have used automated measures in making this decision.",,STATEMENT_CATEGORY_NEGATIVE_EFFECTS_ON_CIVIC_DISCOURSE_OR_ELECTIONS,,,,"[""CONTENT_TYPE_IMAGE""]",,,"2024-11-23 00:00:00","[""AT"",""BE"",""BG"",""CY"",""CZ"",""DE"",""DK"",""EE"",""ES"",""FI"",""FR"",""GR"",""HR"",""HU"",""IE"",""IT"",""LI"",""LT"",""LU"",""LV"",""MT"",""NL"",""NO"",""PL"",""PT"",""RO"",""SE"",""SI"",""SK""]","2024-11-23 00:00:00","The decision was taken pursuant to own-initiative investigations.",SOURCE_VOLUNTARY,,Yes,AUTOMATED_DECISION_FULLY,TikTok,7440305562786585376,"2024-11-23 03:05:48"
fa1486c5-1d63-41fe-beb0-d2e400ca256e,,,,,,,,,DECISION_ACCOUNT_TERMINATED,,,DECISION_GROUND_INCOMPATIBLE_CONTENT,,,,"Advertising policy violation","Reasons why your account may have been suspended: - We received a report or complaint about your account from people on TikTok or other channels. - There are problems with your ad creative, or qualifications or services provided in your ads. - We suspected malicious behavior or intent during ad creation. - You made changes to your ad's landing page after launching the campaign.",,STATEMENT_CATEGORY_SCOPE_OF_PLATFORM_SERVICE,,,,"[""CONTENT_TYPE_OTHER""]","Account Suspended",,"2024-11-22 00:00:00","[""AT"",""BE"",""BG"",""CY"",""CZ"",""DE"",""DK"",""EE"",""ES"",""FI"",""FR"",""GR"",""HR"",""HU"",""IE"",""IT"",""LI"",""LT"",""LU"",""LV"",""MT"",""NL"",""NO"",""PL"",""PT"",""RO"",""SE"",""SI"",""SK""]","2024-11-23 00:00:00","The decision was taken pursuant to own-initiative investigations.",SOURCE_VOLUNTARY,,Yes,AUTOMATED_DECISION_FULLY,TikTok,7440305559078853408,"2024-11-23 03:05:48"
7be13884-9661-4d16-9d29-f5c2f2168395,"[""DECISION_VISIBILITY_CONTENT_REMOVED""]",,,,,,,,,,,DECISION_GROUND_INCOMPATIBLE_CONTENT,,,,"Sexual Exploitation and Gender-Based Violence","We are committed to providing a space that embraces gender equity, supports healthy relationships, and respects intimate privacy. We do not allow sexual exploitation or gender-based violence, including non-consensual sexual acts, image-based sexual abuse, sextortion, physical abuse, and sexual harassment.We proactively enforce our Community Guidelines through a mix of technology and human moderation. We have detected this policy violation using automated measures. We have used automated measures in making this decision.",,STATEMENT_CATEGORY_VIOLENCE,,,,"[""CONTENT_TYPE_TEXT""]",,,"2024-11-23 00:00:00","[""AT"",""BE"",""BG"",""CY"",""CZ"",""DE"",""DK"",""EE"",""ES"",""FI"",""FR"",""GR"",""HR"",""HU"",""IE"",""IT"",""LI"",""LT"",""LU"",""LV"",""MT"",""NL"",""NO"",""PL"",""PT"",""RO"",""SE"",""SI"",""SK""]","2024-11-23 00:00:00","The decision was taken pursuant to own-initiative investigations.",SOURCE_VOLUNTARY,,Yes,AUTOMATED_DECISION_FULLY,TikTok,7440305562786601760,"2024-11-23 03:05:48"
c7f9892d-60b1-4966-a167-c61d13f79a70,"[""DECISION_VISIBILITY_CONTENT_REMOVED""]",,,,,,,,,,,DECISION_GROUND_INCOMPATIBLE_CONTENT,,,,"Harassment and Bullying","We welcome the respectful expression of different viewpoints, but not toxicity or trolling. We do not allow language or behavior that harasses, humiliates, threatens, or doxes anyone. This also includes responding to such acts with retaliatory harassment (but excludes non-harassing counterspeech).We proactively enforce our Community Guidelines through a mix of technology and human moderation. We have detected this policy violation using automated measures. We have used automated measures in making this decision.",,STATEMENT_CATEGORY_ILLEGAL_OR_HARMFUL_SPEECH,,,,"[""CONTENT_TYPE_TEXT""]",,,"2024-11-23 00:00:00","[""AT"",""BE"",""BG"",""CY"",""CZ"",""DE"",""DK"",""EE"",""ES"",""FI"",""FR"",""GR"",""HR"",""HU"",""IE"",""IT"",""LI"",""LT"",""LU"",""LV"",""MT"",""NL"",""NO"",""PL"",""PT"",""RO"",""SE"",""SI"",""SK""]","2024-11-23 00:00:00","The decision was taken pursuant to own-initiative investigations.",SOURCE_VOLUNTARY,,Yes,AUTOMATED_DECISION_FULLY,TikTok,7440305562786618144,"2024-11-23 03:05:48"
68959ef7-2ad6-447f-a54e-349223764109,"[""DECISION_VISIBILITY_CONTENT_REMOVED""]",,,,,,,,,,,DECISION_GROUND_INCOMPATIBLE_CONTENT,,,,"Harassment and Bullying","We welcome the respectful expression of different viewpoints, but not toxicity or trolling. We do not allow language or behavior that harasses, humiliates, threatens, or doxes anyone. This also includes responding to such acts with retaliatory harassment (but excludes non-harassing counterspeech).We proactively enforce our Community Guidelines through a mix of technology and human moderation. We have detected this policy violation using automated measures. We have used automated measures in making this decision.",,STATEMENT_CATEGORY_ILLEGAL_OR_HARMFUL_SPEECH,,,,"[""CONTENT_TYPE_TEXT""]",,,"2024-11-23 00:00:00","[""AT"",""BE"",""BG"",""CY"",""CZ"",""DE"",""DK"",""EE"",""ES"",""FI"",""FR"",""GR"",""HR"",""HU"",""IE"",""IT"",""LI"",""LT"",""LU"",""LV"",""MT"",""NL"",""NO"",""PL"",""PT"",""RO"",""SE"",""SI"",""SK""]","2024-11-23 00:00:00","The decision was taken pursuant to own-initiative investigations.",SOURCE_VOLUNTARY,,Yes,AUTOMATED_DECISION_FULLY,TikTok,7440305580780034848,"2024-11-23 03:05:48"
125bb176-2c94-4576-83fc-3389a6ebea23,"[""DECISION_VISIBILITY_CONTENT_REMOVED""]",,,,,,,,,,,DECISION_GROUND_INCOMPATIBLE_CONTENT,,,,"Harassment and Bullying","We welcome the respectful expression of different viewpoints, but not toxicity or trolling. We do not allow language or behavior that harasses, humiliates, threatens, or doxes anyone. This also includes responding to such acts with retaliatory harassment (but excludes non-harassing counterspeech).We proactively enforce our Community Guidelines through a mix of technology and human moderation. We have detected this policy violation using automated measures. We have used automated measures in making this decision.",,STATEMENT_CATEGORY_ILLEGAL_OR_HARMFUL_SPEECH,,,,"[""CONTENT_TYPE_TEXT""]",,,"2024-11-23 00:00:00","[""AT"",""BE"",""BG"",""CY"",""CZ"",""DE"",""DK"",""EE"",""ES"",""FI"",""FR"",""GR"",""HR"",""HU"",""IE"",""IT"",""LI"",""LT"",""LU"",""LV"",""MT"",""NL"",""NO"",""PL"",""PT"",""RO"",""SE"",""SI"",""SK""]","2024-11-23 00:00:00","The decision was taken pursuant to own-initiative investigations.",SOURCE_VOLUNTARY,,Yes,AUTOMATED_DECISION_FULLY,TikTok,7440305580780051232,"2024-11-23 03:05:48"
178d99d1-81a8-40bc-a3df-8645a2f5d53d,"[""DECISION_VISIBILITY_CONTENT_REMOVED""]",,,,,,,,,,,DECISION_GROUND_INCOMPATIBLE_CONTENT,,,,"Harassment and Bullying","We welcome the respectful expression of different viewpoints, but not toxicity or trolling. We do not allow language or behavior that harasses, humiliates, threatens, or doxes anyone. This also includes responding to such acts with retaliatory harassment (but excludes non-harassing counterspeech).We proactively enforce our Community Guidelines through a mix of technology and human moderation. We have detected this policy violation using automated measures. We have used automated measures in making this decision.",,STATEMENT_CATEGORY_ILLEGAL_OR_HARMFUL_SPEECH,,,,"[""CONTENT_TYPE_TEXT""]",,,"2024-11-23 00:00:00","[""AT"",""BE"",""BG"",""CY"",""CZ"",""DE"",""DK"",""EE"",""ES"",""FI"",""FR"",""GR"",""HR"",""HU"",""IE"",""IT"",""LI"",""LT"",""LU"",""LV"",""MT"",""NL"",""NO"",""PL"",""PT"",""RO"",""SE"",""SI"",""SK""]","2024-11-23 00:00:00","The decision was taken pursuant to own-initiative investigations.",SOURCE_VOLUNTARY,,Yes,AUTOMATED_DECISION_FULLY,TikTok,7440305580780084000,"2024-11-23 03:05:50"
8603f287-0588-4ae6-9a8f-9b003e68706d,"[""DECISION_VISIBILITY_OTHER""]","Video not eligible for recommendation in the For You feed",,,,,,,,,,DECISION_GROUND_INCOMPATIBLE_CONTENT,,,,"Community Guidelines","We maintain content eligibility standards for the For You feed (FYF) that prioritize safety and are informed by the diversity of our community and cultural norms. We make ineligible for the FYF certain content that may not be appropriate for a broad audience related to: (1) Behavioral Health, (2) Sensitive and Mature Themes, (3) Integrity and Authenticity, and (4) Regulated Goods. Content that is ineligible for the FYF can still be discovered in other ways, such as through search tools or by following an account.We proactively enforce our Community Guidelines through a mix of technology and human moderation. We have detected this policy violation using automated measures. We have used automated measures in making this decision.",,STATEMENT_CATEGORY_SCOPE_OF_PLATFORM_SERVICE,,,,"[""CONTENT_TYPE_VIDEO""]",,,"2024-11-23 00:00:00","[""AT"",""BE"",""BG"",""CY"",""CZ"",""DE"",""DK"",""EE"",""ES"",""FI"",""FR"",""GR"",""HR"",""HU"",""IE"",""IT"",""LI"",""LT"",""LU"",""LV"",""MT"",""NL"",""NO"",""PL"",""PT"",""RO"",""SE"",""SI"",""SK""]","2024-11-23 00:00:00","The decision was taken pursuant to own-initiative investigations.",SOURCE_VOLUNTARY,,Yes,AUTOMATED_DECISION_FULLY,TikTok,7440305575864343328,"2024-11-23 03:05:50"
ba142810-738f-45f5-a65c-9042bc07feba,"[""DECISION_VISIBILITY_CONTENT_REMOVED""]",,,,,,,,,,,DECISION_GROUND_INCOMPATIBLE_CONTENT,,,,"Harassment and Bullying","We welcome the respectful expression of different viewpoints, but not toxicity or trolling. We do not allow language or behavior that harasses, humiliates, threatens, or doxes anyone. This also includes responding to such acts with retaliatory harassment (but excludes non-harassing counterspeech).We proactively enforce our Community Guidelines through a mix of technology and human moderation. We have detected this policy violation using automated measures. We have used automated measures in making this decision.",,STATEMENT_CATEGORY_ILLEGAL_OR_HARMFUL_SPEECH,,,,"[""CONTENT_TYPE_TEXT""]",,,"2024-11-23 00:00:00","[""AT"",""BE"",""BG"",""CY"",""CZ"",""DE"",""DK"",""EE"",""ES"",""FI"",""FR"",""GR"",""HR"",""HU"",""IE"",""IT"",""LI"",""LT"",""LU"",""LV"",""MT"",""NL"",""NO"",""PL"",""PT"",""RO"",""SE"",""SI"",""SK""]","2024-11-23 00:00:00","The decision was taken pursuant to own-initiative investigations.",SOURCE_VOLUNTARY,,Yes,AUTOMATED_DECISION_FULLY,TikTok,7440305575864359712,"2024-11-23 03:05:50"
78514258-9463-4a8e-87fe-dd32eb61395d,"[""DECISION_VISIBILITY_OTHER""]","Video not eligible for recommendation in the For You feed",,,,,,,,,,DECISION_GROUND_INCOMPATIBLE_CONTENT,,,,"Dangerous Activities and Challenges","Most activities or challenges are appropriate for everyone, but some carry a risk of significant injury. Content is ineligible for the For You feed if it involves activities that are likely to lead to moderate physical harm, or includes professionals who are performing extreme sports and stunts that may endanger others.We proactively enforce our Community Guidelines through a mix of technology and human moderation. We have detected this policy violation using automated measures. We have used automated measures in making this decision.",,STATEMENT_CATEGORY_SCOPE_OF_PLATFORM_SERVICE,,,,"[""CONTENT_TYPE_VIDEO""]",,,"2024-11-23 00:00:00","[""AT"",""BE"",""BG"",""CY"",""CZ"",""DE"",""DK"",""EE"",""ES"",""FI"",""FR"",""GR"",""HR"",""HU"",""IE"",""IT"",""LI"",""LT"",""LU"",""LV"",""MT"",""NL"",""NO"",""PL"",""PT"",""RO"",""SE"",""SI"",""SK""]","2024-11-23 00:00:00","The decision was taken pursuant to own-initiative investigations.",SOURCE_VOLUNTARY,,Yes,AUTOMATED_DECISION_FULLY,TikTok,7440305575864376096,"2024-11-23 03:05:50"
c659e5a3-773a-43df-913d-50d48daf5ef8,"[""DECISION_VISIBILITY_CONTENT_REMOVED""]",,,,,,,,,,,DECISION_GROUND_INCOMPATIBLE_CONTENT,,,,"Harassment and Bullying","We welcome the respectful expression of different viewpoints, but not toxicity or trolling. We do not allow language or behavior that harasses, humiliates, threatens, or doxes anyone. This also includes responding to such acts with retaliatory harassment (but excludes non-harassing counterspeech).We proactively enforce our Community Guidelines through a mix of technology and human moderation. We have detected this policy violation using automated measures. We have used automated measures in making this decision.",,STATEMENT_CATEGORY_ILLEGAL_OR_HARMFUL_SPEECH,,,,"[""CONTENT_TYPE_TEXT""]",,,"2024-11-23 00:00:00","[""AT"",""BE"",""BG"",""CY"",""CZ"",""DE"",""DK"",""EE"",""ES"",""FI"",""FR"",""GR"",""HR"",""HU"",""IE"",""IT"",""LI"",""LT"",""LU"",""LV"",""MT"",""NL"",""NO"",""PL"",""PT"",""RO"",""SE"",""SI"",""SK""]","2024-11-23 00:00:00","The decision was taken pursuant to own-initiative investigations.",SOURCE_VOLUNTARY,,Yes,AUTOMATED_DECISION_FULLY,TikTok,7440305580780100384,"2024-11-23 03:05:50"
edbadf77-b4f4-49f6-85c5-ddf92df074c8,"[""DECISION_VISIBILITY_OTHER""]","Video not eligible for recommendation in the For You feed",,,,,,,,,,DECISION_GROUND_INCOMPATIBLE_CONTENT,,,,"Community Guidelines","We maintain content eligibility standards for the For You feed (FYF) that prioritize safety and are informed by the diversity of our community and cultural norms. We make ineligible for the FYF certain content that may not be appropriate for a broad audience related to: (1) Behavioral Health, (2) Sensitive and Mature Themes, (3) Integrity and Authenticity, and (4) Regulated Goods. Content that is ineligible for the FYF can still be discovered in other ways, such as through search tools or by following an account.We proactively enforce our Community Guidelines through a mix of technology and human moderation. We have detected this policy violation using automated measures. We have used automated measures in making this decision.",,STATEMENT_CATEGORY_SCOPE_OF_PLATFORM_SERVICE,,,,"[""CONTENT_TYPE_VIDEO""]",,,"2024-11-23 00:00:00","[""AT"",""BE"",""BG"",""CY"",""CZ"",""DE"",""DK"",""EE"",""ES"",""FI"",""FR"",""GR"",""HR"",""HU"",""IE"",""IT"",""LI"",""LT"",""LU"",""LV"",""MT"",""NL"",""NO"",""PL"",""PT"",""RO"",""SE"",""SI"",""SK""]","2024-11-23 00:00:00","The decision was taken pursuant to own-initiative investigations.",SOURCE_VOLUNTARY,,Yes,AUTOMATED_DECISION_FULLY,TikTok,7440305580780116768,"2024-11-23 03:05:50"
adb63f0e-867b-4b92-9ce6-7cffd61b89bf,"[""DECISION_VISIBILITY_OTHER""]","Video not eligible for recommendation in the For You feed",,,,,,,,,,DECISION_GROUND_INCOMPATIBLE_CONTENT,,,,"Dangerous Activities and Challenges","Most activities or challenges are appropriate for everyone, but some carry a risk of significant injury. Content is ineligible for the For You feed if it involves activities that are likely to lead to moderate physical harm, or includes professionals who are performing extreme sports and stunts that may endanger others.We proactively enforce our Community Guidelines through a mix of technology and human moderation. We have detected this policy violation using automated measures. We have used automated measures in making this decision.",,STATEMENT_CATEGORY_SCOPE_OF_PLATFORM_SERVICE,,,,"[""CONTENT_TYPE_VIDEO""]",,,"2024-11-23 00:00:00","[""AT"",""BE"",""BG"",""CY"",""CZ"",""DE"",""DK"",""EE"",""ES"",""FI"",""FR"",""GR"",""HR"",""HU"",""IE"",""IT"",""LI"",""LT"",""LU"",""LV"",""MT"",""NL"",""NO"",""PL"",""PT"",""RO"",""SE"",""SI"",""SK""]","2024-11-23 00:00:00","The decision was taken pursuant to own-initiative investigations.",SOURCE_VOLUNTARY,,Yes,AUTOMATED_DECISION_FULLY,TikTok,7440305580780133152,"2024-11-23 03:05:50"
464caddb-1449-40dd-a4de-37134c16c077,"[""DECISION_VISIBILITY_CONTENT_REMOVED""]",,,,,,,,,,,DECISION_GROUND_INCOMPATIBLE_CONTENT,,,,"Nudity and Body Exposure","We celebrate all shapes and sizes and want people to feel comfortable in how they present themselves and their bodies. We do not allow nudity, including uncovered genitals and buttocks, as well as nipples and areolas of women and girls. Sheer and partially see-through clothing is not considered covered.We proactively enforce our Community Guidelines through a mix of technology and human moderation. We have detected this policy violation using automated measures. We have used automated measures in making this decision.",,STATEMENT_CATEGORY_SCOPE_OF_PLATFORM_SERVICE,,,,"[""CONTENT_TYPE_VIDEO""]",,,"2024-11-23 00:00:00","[""AT"",""BE"",""BG"",""CY"",""CZ"",""DE"",""DK"",""EE"",""ES"",""FI"",""FR"",""GR"",""HR"",""HU"",""IE"",""IT"",""LI"",""LT"",""LU"",""LV"",""MT"",""NL"",""NO"",""PL"",""PT"",""RO"",""SE"",""SI"",""SK""]","2024-11-23 00:00:00","The decision was taken pursuant to own-initiative investigations.",SOURCE_VOLUNTARY,,Yes,AUTOMATED_DECISION_FULLY,TikTok,7440305580780149536,"2024-11-23 03:05:50"
fba4a49c-a734-4e37-953d-017a684ab29c,"[""DECISION_VISIBILITY_CONTENT_REMOVED""]",,,,,,,,,,,DECISION_GROUND_INCOMPATIBLE_CONTENT,,,,"Community Guidelines","Your content is against our Community Guidelines. The guidelines include rules and standards for using TikTok that apply to everyone and everything on our platform.We proactively enforce our Community Guidelines through a mix of technology and human moderation. We have detected this policy violation using automated measures. We have used automated measures in making this decision.",,STATEMENT_CATEGORY_SCOPE_OF_PLATFORM_SERVICE,,,,"[""CONTENT_TYPE_VIDEO""]",,,"2024-11-23 00:00:00","[""AT"",""BE"",""BG"",""CY"",""CZ"",""DE"",""DK"",""EE"",""ES"",""FI"",""FR"",""GR"",""HR"",""HU"",""IE"",""IT"",""LI"",""LT"",""LU"",""LV"",""MT"",""NL"",""NO"",""PL"",""PT"",""RO"",""SE"",""SI"",""SK""]","2024-11-23 00:00:00","The decision was taken pursuant to own-initiative investigations.",SOURCE_VOLUNTARY,,Yes,AUTOMATED_DECISION_FULLY,TikTok,7440305575864392480,"2024-11-23 03:05:50"
b1780cf0-799c-4352-8d75-5baa911838ae,"[""DECISION_VISIBILITY_CONTENT_REMOVED""]",,,,,,,,,,,DECISION_GROUND_INCOMPATIBLE_CONTENT,,,,"Hate Speech and Hateful Behaviors","TikTok is enriched by the various backgrounds of our community members. Our differences should be respected, rather than a cause for division. We do not allow any hateful behavior, hate speech, or promotion of hateful ideologies. This includes content that attacks a person or group because of protected attributes.We proactively enforce our Community Guidelines through a mix of technology and human moderation. We have detected this policy violation using automated measures. We have used automated measures in making this decision.",,STATEMENT_CATEGORY_ILLEGAL_OR_HARMFUL_SPEECH,,,,"[""CONTENT_TYPE_TEXT""]",,,"2024-11-23 00:00:00","[""AT"",""BE"",""BG"",""CY"",""CZ"",""DE"",""DK"",""EE"",""ES"",""FI"",""FR"",""GR"",""HR"",""HU"",""IE"",""IT"",""LI"",""LT"",""LU"",""LV"",""MT"",""NL"",""NO"",""PL"",""PT"",""RO"",""SE"",""SI"",""SK""]","2024-11-23 00:00:00","The decision was taken pursuant to own-initiative investigations.",SOURCE_VOLUNTARY,,Yes,AUTOMATED_DECISION_FULLY,TikTok,7440305580780165920,"2024-11-23 03:05:50"
d4c21d3f-00d4-4a97-b4a9-1038962722aa,"[""DECISION_VISIBILITY_CONTENT_REMOVED""]",,,,,,,,,,,DECISION_GROUND_INCOMPATIBLE_CONTENT,,,,"Harassment and Bullying","We welcome the respectful expression of different viewpoints, but not toxicity or trolling. We do not allow language or behavior that harasses, humiliates, threatens, or doxes anyone. This also includes responding to such acts with retaliatory harassment (but excludes non-harassing counterspeech).We proactively enforce our Community Guidelines through a mix of technology and human moderation. We have detected this policy violation using automated measures. We have used automated measures in making this decision.",,STATEMENT_CATEGORY_ILLEGAL_OR_HARMFUL_SPEECH,,,,"[""CONTENT_TYPE_TEXT""]",,,"2024-11-23 00:00:00","[""AT"",""BE"",""BG"",""CY"",""CZ"",""DE"",""DK"",""EE"",""ES"",""FI"",""FR"",""GR"",""HR"",""HU"",""IE"",""IT"",""LI"",""LT"",""LU"",""LV"",""MT"",""NL"",""NO"",""PL"",""PT"",""RO"",""SE"",""SI"",""SK""]","2024-11-23 00:00:00","The decision was taken pursuant to own-initiative investigations.",SOURCE_VOLUNTARY,,Yes,AUTOMATED_DECISION_FULLY,TikTok,7440305575864408864,"2024-11-23 03:05:50"
4011ac74-5364-4a70-8e0a-dc54c2f29240,"[""DECISION_VISIBILITY_OTHER""]","Photo not eligible for recommendation in the For You feed",,,,,,,,,,DECISION_GROUND_INCOMPATIBLE_CONTENT,,,,"Community Guidelines","Your content is against our Community Guidelines. The guidelines include rules and standards for using TikTok that apply to everyone and everything on our platform.",,STATEMENT_CATEGORY_NEGATIVE_EFFECTS_ON_CIVIC_DISCOURSE_OR_ELECTIONS,,,,"[""CONTENT_TYPE_IMAGE""]",,,"2024-11-23 00:00:00","[""AT"",""BE"",""BG"",""CY"",""CZ"",""DE"",""DK"",""EE"",""ES"",""FI"",""FR"",""GR"",""HR"",""HU"",""IE"",""IT"",""LI"",""LT"",""LU"",""LV"",""MT"",""NL"",""NO"",""PL"",""PT"",""RO"",""SE"",""SI"",""SK""]","2024-11-23 00:00:00","The decision was taken pursuant to own-initiative investigations.",SOURCE_VOLUNTARY,,Yes,AUTOMATED_DECISION_FULLY,TikTok,7440305401247062817,"2024-11-23 03:06:08"
175aa10c-ac70-4516-9d51-768f72c670d6,"[""DECISION_VISIBILITY_CONTENT_REMOVED""]",,,,,,,,,,,DECISION_GROUND_INCOMPATIBLE_CONTENT,,,,"Alcohol, Tobacco, and Drugs","While adults make personal choices about how they engage with alcohol, drugs, and tobacco, we recognize that there are risks connected to trading and using these substances. We do not allow showing or promoting recreational drug use, or the trade of alcohol, tobacco products, and drugs.We proactively enforce our Community Guidelines through a mix of technology and human moderation. We have detected this policy violation using automated measures. We have used automated measures in making this decision.",,STATEMENT_CATEGORY_SCOPE_OF_PLATFORM_SERVICE,,,,"[""CONTENT_TYPE_VIDEO""]",,,"2024-11-23 00:00:00","[""AT"",""BE"",""BG"",""CY"",""CZ"",""DE"",""DK"",""EE"",""ES"",""FI"",""FR"",""GR"",""HR"",""HU"",""IE"",""IT"",""LI"",""LT"",""LU"",""LV"",""MT"",""NL"",""NO"",""PL"",""PT"",""RO"",""SE"",""SI"",""SK""]","2024-11-23 00:00:00","The decision was taken pursuant to own-initiative investigations.",SOURCE_VOLUNTARY,,Yes,AUTOMATED_DECISION_FULLY,TikTok,7440305411296746273,"2024-11-23 03:06:08"
41fcad21-3bc4-4fa6-a078-ce0862180527,"[""DECISION_VISIBILITY_CONTENT_REMOVED""]",,,,,,,,,,,DECISION_GROUND_INCOMPATIBLE_CONTENT,,,,"Harassment and Bullying","We welcome the respectful expression of different viewpoints, but not toxicity or trolling. We do not allow language or behavior that harasses, humiliates, threatens, or doxes anyone. This also includes responding to such acts with retaliatory harassment (but excludes non-harassing counterspeech).We proactively enforce our Community Guidelines through a mix of technology and human moderation. We have detected this policy violation using automated measures. We have used automated measures in making this decision.",,STATEMENT_CATEGORY_ILLEGAL_OR_HARMFUL_SPEECH,,,,"[""CONTENT_TYPE_TEXT""]",,,"2024-11-23 00:00:00","[""AT"",""BE"",""BG"",""CY"",""CZ"",""DE"",""DK"",""EE"",""ES"",""FI"",""FR"",""GR"",""HR"",""HU"",""IE"",""IT"",""LI"",""LT"",""LU"",""LV"",""MT"",""NL"",""NO"",""PL"",""PT"",""RO"",""SE"",""SI"",""SK""]","2024-11-23 00:00:00","The decision was taken pursuant to own-initiative investigations.",SOURCE_VOLUNTARY,,Yes,AUTOMATED_DECISION_FULLY,TikTok,7440305423682493216,"2024-11-23 03:06:08"
a20ba37a-0da3-4898-ab8b-43773c65cb31,"[""DECISION_VISIBILITY_OTHER""]","Photo not eligible for recommendation in the For You feed",,,,,,,,,,DECISION_GROUND_INCOMPATIBLE_CONTENT,,,,"Dangerous Activities and Challenges","Most activities or challenges are appropriate for everyone, but some carry a risk of significant injury. Content is ineligible for the For You feed if it involves activities that are likely to lead to moderate physical harm, or includes professionals who are performing extreme sports and stunts that may endanger others.We proactively enforce our Community Guidelines through a mix of technology and human moderation. We have detected this policy violation using automated measures. We have used automated measures in making this decision.",,STATEMENT_CATEGORY_SCOPE_OF_PLATFORM_SERVICE,,,,"[""CONTENT_TYPE_IMAGE""]",,,"2024-11-23 00:00:00","[""AT"",""BE"",""BG"",""CY"",""CZ"",""DE"",""DK"",""EE"",""ES"",""FI"",""FR"",""GR"",""HR"",""HU"",""IE"",""IT"",""LI"",""LT"",""LU"",""LV"",""MT"",""NL"",""NO"",""PL"",""PT"",""RO"",""SE"",""SI"",""SK""]","2024-11-23 00:00:00","The decision was taken pursuant to own-initiative investigations.",SOURCE_VOLUNTARY,,Yes,AUTOMATED_DECISION_FULLY,TikTok,7440305460516805409,"2024-11-23 03:06:08"
7ee7554b-d9b6-481b-8507-8cf202a946c5,"[""DECISION_VISIBILITY_CONTENT_REMOVED""]",,,,,,,,,,,DECISION_GROUND_INCOMPATIBLE_CONTENT,,,,"Personal Information","We are committed to making sure that any personal information shared intentionally or accidentally on TikTok does not lead to harm. We do not allow content that includes personal information that may create a risk of stalking, violence, phishing, fraud, identity theft, or financial exploitation, including content that someone has posted themselves or that they consented to being shared by others.We proactively enforce our Community Guidelines through a mix of technology and human moderation. We have detected this policy violation using automated measures. We have used automated measures in making this decision.",,STATEMENT_CATEGORY_DATA_PROTECTION_AND_PRIVACY_VIOLATIONS,,,,"[""CONTENT_TYPE_IMAGE""]",,,"2024-11-23 00:00:00","[""AT"",""BE"",""BG"",""CY"",""CZ"",""DE"",""DK"",""EE"",""ES"",""FI"",""FR"",""GR"",""HR"",""HU"",""IE"",""IT"",""LI"",""LT"",""LU"",""LV"",""MT"",""NL"",""NO"",""PL"",""PT"",""RO"",""SE"",""SI"",""SK""]","2024-11-23 00:00:00","The decision was taken pursuant to own-initiative investigations.",SOURCE_VOLUNTARY,,Yes,AUTOMATED_DECISION_FULLY,TikTok,7440305460516821793,"2024-11-23 03:06:08"
102f4647-5c5e-4d17-8058-a011e4431cd9,"[""DECISION_VISIBILITY_OTHER""]","Photo not eligible for recommendation in the For You feed, and visibility restricted in search results",,,,,,,,,,DECISION_GROUND_INCOMPATIBLE_CONTENT,,,,"Community Guidelines","We maintain content eligibility standards for the For You feed (FYF) that prioritize safety and are informed by the diversity of our community and cultural norms. We make ineligible for the FYF certain content that may not be appropriate for a broad audience related to: (1) Behavioral Health, (2) Sensitive and Mature Themes, (3) Integrity and Authenticity, and (4) Regulated Goods. Content that is ineligible for the FYF can still be discovered in other ways, such as through search tools or by following an account.We proactively enforce our Community Guidelines through a mix of technology and human moderation. We have detected this policy violation using automated measures. We have used automated measures in making this decision.",,STATEMENT_CATEGORY_SCOPE_OF_PLATFORM_SERVICE,,,,"[""CONTENT_TYPE_IMAGE""]",,,"2024-11-23 00:00:00","[""AT"",""BE"",""BG"",""CY"",""CZ"",""DE"",""DK"",""EE"",""ES"",""FI"",""FR"",""GR"",""HR"",""HU"",""IE"",""IT"",""LI"",""LT"",""LU"",""LV"",""MT"",""NL"",""NO"",""PL"",""PT"",""RO"",""SE"",""SI"",""SK""]","2024-11-23 00:00:00","The decision was taken pursuant to own-initiative investigations.",SOURCE_VOLUNTARY,,Yes,AUTOMATED_DECISION_FULLY,TikTok,7440305462592985888,"2024-11-23 03:06:08"
3acb9ffb-e325-471d-81eb-bfc3de40d2e2,"[""DECISION_VISIBILITY_CONTENT_REMOVED""]",,,,,,,,,,,DECISION_GROUND_INCOMPATIBLE_CONTENT,,,,"Harassment and Bullying","We welcome the respectful expression of different viewpoints, but not toxicity or trolling. We do not allow language or behavior that harasses, humiliates, threatens, or doxes anyone. This also includes responding to such acts with retaliatory harassment (but excludes non-harassing counterspeech).We proactively enforce our Community Guidelines through a mix of technology and human moderation. We have detected this policy violation using automated measures. We have used automated measures in making this decision.",,STATEMENT_CATEGORY_ILLEGAL_OR_HARMFUL_SPEECH,,,,"[""CONTENT_TYPE_TEXT""]",,,"2024-11-23 00:00:00","[""AT"",""BE"",""BG"",""CY"",""CZ"",""DE"",""DK"",""EE"",""ES"",""FI"",""FR"",""GR"",""HR"",""HU"",""IE"",""IT"",""LI"",""LT"",""LU"",""LV"",""MT"",""NL"",""NO"",""PL"",""PT"",""RO"",""SE"",""SI"",""SK""]","2024-11-23 00:00:00","The decision was taken pursuant to own-initiative investigations.",SOURCE_VOLUNTARY,,Yes,AUTOMATED_DECISION_FULLY,TikTok,7440305462593002272,"2024-11-23 03:06:08"
35611b0f-1a01-4805-939c-8c8d7093ee07,"[""DECISION_VISIBILITY_CONTENT_REMOVED""]",,,,,,,,,,,DECISION_GROUND_INCOMPATIBLE_CONTENT,,,,"Harassment and Bullying","We welcome the respectful expression of different viewpoints, but not toxicity or trolling. We do not allow language or behavior that harasses, humiliates, threatens, or doxes anyone. This also includes responding to such acts with retaliatory harassment (but excludes non-harassing counterspeech).We proactively enforce our Community Guidelines through a mix of technology and human moderation. We have detected this policy violation using automated measures. We have used automated measures in making this decision.",,STATEMENT_CATEGORY_ILLEGAL_OR_HARMFUL_SPEECH,,,,"[""CONTENT_TYPE_TEXT""]",,,"2024-11-23 00:00:00","[""AT"",""BE"",""BG"",""CY"",""CZ"",""DE"",""DK"",""EE"",""ES"",""FI"",""FR"",""GR"",""HR"",""HU"",""IE"",""IT"",""LI"",""LT"",""LU"",""LV"",""MT"",""NL"",""NO"",""PL"",""PT"",""RO"",""SE"",""SI"",""SK""]","2024-11-23 00:00:00","The decision was taken pursuant to own-initiative investigations.",SOURCE_VOLUNTARY,,Yes,AUTOMATED_DECISION_FULLY,TikTok,7440305462593018656,"2024-11-23 03:06:08"
89e1caf8-d50e-4a95-b2a8-5c0260b646f4,,,,,,,,,DECISION_ACCOUNT_TERMINATED,,,DECISION_GROUND_INCOMPATIBLE_CONTENT,,,,"Advertising policy violation","Reasons why your account may have been suspended: - We received a report or complaint about your account from people on TikTok or other channels. - There are problems with your ad creative, or qualifications or services provided in your ads. - We suspected malicious behavior or intent during ad creation. - You made changes to your ad's landing page after launching the campaign.",,STATEMENT_CATEGORY_SCOPE_OF_PLATFORM_SERVICE,,,,"[""CONTENT_TYPE_OTHER""]","Account Suspended",,"2024-11-22 00:00:00","[""AT"",""BE"",""BG"",""CY"",""CZ"",""DE"",""DK"",""EE"",""ES"",""FI"",""FR"",""GR"",""HR"",""HU"",""IE"",""IT"",""LI"",""LT"",""LU"",""LV"",""MT"",""NL"",""NO"",""PL"",""PT"",""RO"",""SE"",""SI"",""SK""]","2024-11-23 00:00:00","The decision was taken pursuant to own-initiative investigations.",SOURCE_VOLUNTARY,,Yes,AUTOMATED_DECISION_FULLY,TikTok,7440305462593035040,"2024-11-23 03:06:08"
74e45569-726d-42cf-93b6-7bb044c631ea,"[""DECISION_VISIBILITY_CONTENT_REMOVED""]",,,,,,,,,,,DECISION_GROUND_INCOMPATIBLE_CONTENT,,,,"Community Guidelines","Your content is against our Community Guidelines. The guidelines include rules and standards for using TikTok that apply to everyone and everything on our platform.We proactively enforce our Community Guidelines through a mix of technology and human moderation. We have detected this policy violation using automated measures. We have used automated measures in making this decision.",,STATEMENT_CATEGORY_SCOPE_OF_PLATFORM_SERVICE,,,,"[""CONTENT_TYPE_IMAGE""]",,,"2024-02-08 00:00:00","[""AT"",""BE"",""BG"",""CY"",""CZ"",""DE"",""DK"",""EE"",""ES"",""FI"",""FR"",""GR"",""HR"",""HU"",""IE"",""IT"",""LI"",""LT"",""LU"",""LV"",""MT"",""NL"",""NO"",""PL"",""PT"",""RO"",""SE"",""SI"",""SK""]","2024-11-23 00:00:00","The decision was taken pursuant to own-initiative investigations.",SOURCE_VOLUNTARY,,Yes,AUTOMATED_DECISION_FULLY,TikTok,7440305460516838177,"2024-11-23 03:06:08"
e5a16b96-0921-4a96-9754-a2d221700ebc,"[""DECISION_VISIBILITY_CONTENT_REMOVED""]",,,,,,,,,,,DECISION_GROUND_INCOMPATIBLE_CONTENT,,,,"Community Guidelines","Your content is against our Community Guidelines. The guidelines include rules and standards for using TikTok that apply to everyone and everything on our platform.We proactively enforce our Community Guidelines through a mix of technology and human moderation. We have detected this policy violation using automated measures. We have used automated measures in making this decision.",,STATEMENT_CATEGORY_SCOPE_OF_PLATFORM_SERVICE,,,,"[""CONTENT_TYPE_IMAGE""]",,,"2024-01-24 00:00:00","[""AT"",""BE"",""BG"",""CY"",""CZ"",""DE"",""DK"",""EE"",""ES"",""FI"",""FR"",""GR"",""HR"",""HU"",""IE"",""IT"",""LI"",""LT"",""LU"",""LV"",""MT"",""NL"",""NO"",""PL"",""PT"",""RO"",""SE"",""SI"",""SK""]","2024-11-23 00:00:00","The decision was taken pursuant to own-initiative investigations.",SOURCE_VOLUNTARY,,Yes,AUTOMATED_DECISION_FULLY,TikTok,7440305460516854561,"2024-11-23 03:06:08"
ccf2d357-5594-428e-b519-6ec476fa0ec3,"[""DECISION_VISIBILITY_CONTENT_REMOVED""]",,,,,,,,,,,DECISION_GROUND_INCOMPATIBLE_CONTENT,,,,"Community Guidelines","Your content is against our Community Guidelines. The guidelines include rules and standards for using TikTok that apply to everyone and everything on our platform.We proactively enforce our Community Guidelines through a mix of technology and human moderation. We have detected this policy violation using automated measures. We have used automated measures in making this decision.",,STATEMENT_CATEGORY_SCOPE_OF_PLATFORM_SERVICE,,,,"[""CONTENT_TYPE_IMAGE""]",,,"2024-02-09 00:00:00","[""AT"",""BE"",""BG"",""CY"",""CZ"",""DE"",""DK"",""EE"",""ES"",""FI"",""FR"",""GR"",""HR"",""HU"",""IE"",""IT"",""LI"",""LT"",""LU"",""LV"",""MT"",""NL"",""NO"",""PL"",""PT"",""RO"",""SE"",""SI"",""SK""]","2024-11-23 00:00:00","The decision was taken pursuant to own-initiative investigations.",SOURCE_VOLUNTARY,,Yes,AUTOMATED_DECISION_FULLY,TikTok,7440305460516870945,"2024-11-23 03:06:08"
213b4ecb-fec2-43c3-8265-93a75e92c31a,"[""DECISION_VISIBILITY_CONTENT_REMOVED""]",,,,,,,,,,,DECISION_GROUND_INCOMPATIBLE_CONTENT,,,,"Community Guidelines","Your content is against our Community Guidelines. The guidelines include rules and standards for using TikTok that apply to everyone and everything on our platform.We proactively enforce our Community Guidelines through a mix of technology and human moderation. We have detected this policy violation using automated measures. We have used automated measures in making this decision.",,STATEMENT_CATEGORY_SCOPE_OF_PLATFORM_SERVICE,,,,"[""CONTENT_TYPE_IMAGE""]",,,"2024-04-17 00:00:00","[""AT"",""BE"",""BG"",""CY"",""CZ"",""DE"",""DK"",""EE"",""ES"",""FI"",""FR"",""GR"",""HR"",""HU"",""IE"",""IT"",""LI"",""LT"",""LU"",""LV"",""MT"",""NL"",""NO"",""PL"",""PT"",""RO"",""SE"",""SI"",""SK""]","2024-11-23 00:00:00","The decision was taken pursuant to own-initiative investigations.",SOURCE_VOLUNTARY,,Yes,AUTOMATED_DECISION_FULLY,TikTok,7440305462593051424,"2024-11-23 03:06:08"
dfabcbcc-0c0c-4269-a749-79244bc68ac8,"[""DECISION_VISIBILITY_OTHER""]","Video not eligible for recommendation in the For You feed, and visibility restricted in search results",,,,,,,,,,DECISION_GROUND_INCOMPATIBLE_CONTENT,,,,"Community Guidelines","We maintain content eligibility standards for the For You feed (FYF) that prioritize safety and are informed by the diversity of our community and cultural norms. We make ineligible for the FYF certain content that may not be appropriate for a broad audience related to: (1) Behavioral Health, (2) Sensitive and Mature Themes, (3) Integrity and Authenticity, and (4) Regulated Goods. Content that is ineligible for the FYF can still be discovered in other ways, such as through search tools or by following an account.We proactively enforce our Community Guidelines through a mix of technology and human moderation. We have detected this policy violation using automated measures. We have used automated measures in making this decision.",,STATEMENT_CATEGORY_SCOPE_OF_PLATFORM_SERVICE,,,,"[""CONTENT_TYPE_VIDEO""]",,,"2024-11-23 00:00:00","[""AT"",""BE"",""BG"",""CY"",""CZ"",""DE"",""DK"",""EE"",""ES"",""FI"",""FR"",""GR"",""HR"",""HU"",""IE"",""IT"",""LI"",""LT"",""LU"",""LV"",""MT"",""NL"",""NO"",""PL"",""PT"",""RO"",""SE"",""SI"",""SK""]","2024-11-23 00:00:00","The decision was taken pursuant to own-initiative investigations.",SOURCE_VOLUNTARY,,Yes,AUTOMATED_DECISION_FULLY,TikTok,7440305503093250849,"2024-11-23 03:06:08"
9e6fdff9-5288-4d36-88fd-0009e0b3198e,"[""DECISION_VISIBILITY_CONTENT_AGE_RESTRICTED""]",,,,,,,,,,,DECISION_GROUND_INCOMPATIBLE_CONTENT,,,,"Minimum Age Requirement","Users must be 13 years and older to have a TikTok account. We are deeply committed to ensuring that TikTok is a safe and positive experience for people under the age of 18. This starts by being old enough to use TikTok. If we learn someone is below the minimum age on TikTok, we will ban that account. Content created by anyone under 16 is ineligible for the For You feed and harder to find in search.Users and 3rd-parties can report policy violations to us. We have detected this policy violation based on a report that the content violated our Community Guidelines.",,STATEMENT_CATEGORY_PROTECTION_OF_MINORS,,,,"[""CONTENT_TYPE_VIDEO""]",,,"2019-01-03 00:00:00","[""AT"",""BE"",""BG"",""CY"",""CZ"",""DE"",""DK"",""EE"",""ES"",""FI"",""FR"",""GR"",""HR"",""HU"",""IE"",""IT"",""LI"",""LT"",""LU"",""LV"",""MT"",""NL"",""NO"",""PL"",""PT"",""RO"",""SE"",""SI"",""SK""]","2024-11-23 00:00:00","The decision was taken in response to a report alleging a violation of our Community Guidelines.",SOURCE_VOLUNTARY,,No,AUTOMATED_DECISION_NOT_AUTOMATED,TikTok,7440305519350258464,"2024-11-23 03:06:08"
8574b9ba-e8a7-4779-87b4-6182dbd3d78b,"[""DECISION_VISIBILITY_CONTENT_REMOVED""]",,,,,,,,,,,DECISION_GROUND_INCOMPATIBLE_CONTENT,,,,"Community Guidelines","Your content is against our Community Guidelines. The guidelines include rules and standards for using TikTok that apply to everyone and everything on our platform.We proactively enforce our Community Guidelines through a mix of technology and human moderation. We have detected this policy violation using automated measures. We have used automated measures in making this decision.",,STATEMENT_CATEGORY_SCOPE_OF_PLATFORM_SERVICE,,,,"[""CONTENT_TYPE_IMAGE""]",,,"2024-11-14 00:00:00","[""AT"",""BE"",""BG"",""CY"",""CZ"",""DE"",""DK"",""EE"",""ES"",""FI"",""FR"",""GR"",""HR"",""HU"",""IE"",""IT"",""LI"",""LT"",""LU"",""LV"",""MT"",""NL"",""NO"",""PL"",""PT"",""RO"",""SE"",""SI"",""SK""]","2024-11-23 00:00:00","The decision was taken pursuant to own-initiative investigations.",SOURCE_VOLUNTARY,,Yes,AUTOMATED_DECISION_FULLY,TikTok,7440305503093267233,"2024-11-23 03:06:08"
afa33974-8ad0-4d6d-8ebd-5f1128b7c8f2,"[""DECISION_VISIBILITY_CONTENT_REMOVED""]",,,,,,,,,,,DECISION_GROUND_INCOMPATIBLE_CONTENT,,,,"Community Guidelines","Your content is against our Community Guidelines. The guidelines include rules and standards for using TikTok that apply to everyone and everything on our platform.We proactively enforce our Community Guidelines through a mix of technology and human moderation. We have detected this policy violation using automated measures. We have used automated measures in making this decision.",,STATEMENT_CATEGORY_SCOPE_OF_PLATFORM_SERVICE,,,,"[""CONTENT_TYPE_IMAGE""]",,,"2023-10-26 00:00:00","[""AT"",""BE"",""BG"",""CY"",""CZ"",""DE"",""DK"",""EE"",""ES"",""FI"",""FR"",""GR"",""HR"",""HU"",""IE"",""IT"",""LI"",""LT"",""LU"",""LV"",""MT"",""NL"",""NO"",""PL"",""PT"",""RO"",""SE"",""SI"",""SK""]","2024-11-23 00:00:00","The decision was taken pursuant to own-initiative investigations.",SOURCE_VOLUNTARY,,Yes,AUTOMATED_DECISION_FULLY,TikTok,7440305519350274848,"2024-11-23 03:06:08"
9a2e8be6-c495-478e-8dbb-3680ec392000,"[""DECISION_VISIBILITY_CONTENT_REMOVED""]",,,,,,,,,,,DECISION_GROUND_INCOMPATIBLE_CONTENT,,,,"Community Guidelines","Your content is against our Community Guidelines. The guidelines include rules and standards for using TikTok that apply to everyone and everything on our platform.We proactively enforce our Community Guidelines through a mix of technology and human moderation. We have detected this policy violation using automated measures. We have used automated measures in making this decision.",,STATEMENT_CATEGORY_SCOPE_OF_PLATFORM_SERVICE,,,,"[""CONTENT_TYPE_IMAGE""]",,,"2024-11-02 00:00:00","[""AT"",""BE"",""BG"",""CY"",""CZ"",""DE"",""DK"",""EE"",""ES"",""FI"",""FR"",""GR"",""HR"",""HU"",""IE"",""IT"",""LI"",""LT"",""LU"",""LV"",""MT"",""NL"",""NO"",""PL"",""PT"",""RO"",""SE"",""SI"",""SK""]","2024-11-23 00:00:00","The decision was taken pursuant to own-initiative investigations.",SOURCE_VOLUNTARY,,Yes,AUTOMATED_DECISION_FULLY,TikTok,7440305503093283617,"2024-11-23 03:06:08"
6574bc5b-909f-48a7-8bec-669a559c2baf,"[""DECISION_VISIBILITY_CONTENT_REMOVED""]",,,,,,,,,,,DECISION_GROUND_INCOMPATIBLE_CONTENT,,,,"Community Guidelines","Your content is against our Community Guidelines. The guidelines include rules and standards for using TikTok that apply to everyone and everything on our platform.We proactively enforce our Community Guidelines through a mix of technology and human moderation. We have detected this policy violation using automated measures. We have used automated measures in making this decision.",,STATEMENT_CATEGORY_SCOPE_OF_PLATFORM_SERVICE,,,,"[""CONTENT_TYPE_IMAGE""]",,,"2023-10-27 00:00:00","[""AT"",""BE"",""BG"",""CY"",""CZ"",""DE"",""DK"",""EE"",""ES"",""FI"",""FR"",""GR"",""HR"",""HU"",""IE"",""IT"",""LI"",""LT"",""LU"",""LV"",""MT"",""NL"",""NO"",""PL"",""PT"",""RO"",""SE"",""SI"",""SK""]","2024-11-23 00:00:00","The decision was taken pursuant to own-initiative investigations.",SOURCE_VOLUNTARY,,Yes,AUTOMATED_DECISION_FULLY,TikTok,7440305519350291232,"2024-11-23 03:06:08"
ffb80fe7-c78a-44b0-a17b-c5aa7780e601,"[""DECISION_VISIBILITY_CONTENT_REMOVED""]",,,,,,,,,,,DECISION_GROUND_INCOMPATIBLE_CONTENT,,,,"Harassment and Bullying","We welcome the respectful expression of different viewpoints, but not toxicity or trolling. We do not allow language or behavior that harasses, humiliates, threatens, or doxes anyone. This also includes responding to such acts with retaliatory harassment (but excludes non-harassing counterspeech).We proactively enforce our Community Guidelines through a mix of technology and human moderation. We have detected this policy violation using automated measures. We have used automated measures in making this decision.",,STATEMENT_CATEGORY_ILLEGAL_OR_HARMFUL_SPEECH,,,,"[""CONTENT_TYPE_TEXT""]",,,"2024-11-23 00:00:00","[""AT"",""BE"",""BG"",""CY"",""CZ"",""DE"",""DK"",""EE"",""ES"",""FI"",""FR"",""GR"",""HR"",""HU"",""IE"",""IT"",""LI"",""LT"",""LU"",""LV"",""MT"",""NL"",""NO"",""PL"",""PT"",""RO"",""SE"",""SI"",""SK""]","2024-11-23 00:00:00","The decision was taken pursuant to own-initiative investigations.",SOURCE_VOLUNTARY,,Yes,AUTOMATED_DECISION_FULLY,TikTok,7440305519350389536,"2024-11-23 03:06:08"
250ab181-ac90-4171-9277-89a2e4693a88,"[""DECISION_VISIBILITY_CONTENT_REMOVED""]",,,,,,,,,,,DECISION_GROUND_INCOMPATIBLE_CONTENT,,,,"Alcohol, Tobacco, and Drugs","While adults make personal choices about how they engage with alcohol, drugs, and tobacco, we recognize that there are risks connected to trading and using these substances. We do not allow showing or promoting recreational drug use, or the trade of alcohol, tobacco products, and drugs.We proactively enforce our Community Guidelines through a mix of technology and human moderation. We have detected this policy violation using automated measures.",,STATEMENT_CATEGORY_SCOPE_OF_PLATFORM_SERVICE,,,,"[""CONTENT_TYPE_VIDEO""]",,,"2024-11-22 00:00:00","[""AT"",""BE"",""BG"",""CY"",""CZ"",""DE"",""DK"",""EE"",""ES"",""FI"",""FR"",""GR"",""HR"",""HU"",""IE"",""IT"",""LI"",""LT"",""LU"",""LV"",""MT"",""NL"",""NO"",""PL"",""PT"",""RO"",""SE"",""SI"",""SK""]","2024-11-23 00:00:00","The decision was taken pursuant to own-initiative investigations.",SOURCE_VOLUNTARY,,Yes,AUTOMATED_DECISION_NOT_AUTOMATED,TikTok,7440305519350405920,"2024-11-23 03:06:08"
21d79411-33f8-46c1-955a-db1dfbb99d6b,"[""DECISION_VISIBILITY_CONTENT_REMOVED""]",,,,,,,,,,,DECISION_GROUND_INCOMPATIBLE_CONTENT,,,,"Harassment and Bullying","We welcome the respectful expression of different viewpoints, but not toxicity or trolling. We do not allow language or behavior that harasses, humiliates, threatens, or doxes anyone. This also includes responding to such acts with retaliatory harassment (but excludes non-harassing counterspeech).We proactively enforce our Community Guidelines through a mix of technology and human moderation. We have detected this policy violation using automated measures. We have used automated measures in making this decision.",,STATEMENT_CATEGORY_ILLEGAL_OR_HARMFUL_SPEECH,,,,"[""CONTENT_TYPE_TEXT""]",,,"2024-11-23 00:00:00","[""AT"",""BE"",""BG"",""CY"",""CZ"",""DE"",""DK"",""EE"",""ES"",""FI"",""FR"",""GR"",""HR"",""HU"",""IE"",""IT"",""LI"",""LT"",""LU"",""LV"",""MT"",""NL"",""NO"",""PL"",""PT"",""RO"",""SE"",""SI"",""SK""]","2024-11-23 00:00:00","The decision was taken pursuant to own-initiative investigations.",SOURCE_VOLUNTARY,,Yes,AUTOMATED_DECISION_FULLY,TikTok,7440305519484558113,"2024-11-23 03:06:08"
4c372ad7-5ccd-4872-a643-78be37218017,"[""DECISION_VISIBILITY_CONTENT_REMOVED""]",,,,,,,,,,,DECISION_GROUND_INCOMPATIBLE_CONTENT,,,,"Harassment and Bullying","We welcome the respectful expression of different viewpoints, but not toxicity or trolling. We do not allow language or behavior that harasses, humiliates, threatens, or doxes anyone. This also includes responding to such acts with retaliatory harassment (but excludes non-harassing counterspeech).We proactively enforce our Community Guidelines through a mix of technology and human moderation. We have detected this policy violation using automated measures. We have used automated measures in making this decision.",,STATEMENT_CATEGORY_ILLEGAL_OR_HARMFUL_SPEECH,,,,"[""CONTENT_TYPE_TEXT""]",,,"2024-11-23 00:00:00","[""AT"",""BE"",""BG"",""CY"",""CZ"",""DE"",""DK"",""EE"",""ES"",""FI"",""FR"",""GR"",""HR"",""HU"",""IE"",""IT"",""LI"",""LT"",""LU"",""LV"",""MT"",""NL"",""NO"",""PL"",""PT"",""RO"",""SE"",""SI"",""SK""]","2024-11-23 00:00:00","The decision was taken pursuant to own-initiative investigations.",SOURCE_VOLUNTARY,,Yes,AUTOMATED_DECISION_FULLY,TikTok,7440305519484574497,"2024-11-23 03:06:08"
9b9afbce-cb47-4560-a428-c6c6d174b430,"[""DECISION_VISIBILITY_CONTENT_REMOVED""]",,,,,,,,,,,DECISION_GROUND_INCOMPATIBLE_CONTENT,,,,"Community Guidelines","Your content is against our Community Guidelines. The guidelines include rules and standards for using TikTok that apply to everyone and everything on our platform.We proactively enforce our Community Guidelines through a mix of technology and human moderation. We have detected this policy violation using automated measures. We have used automated measures in making this decision.",,STATEMENT_CATEGORY_SCOPE_OF_PLATFORM_SERVICE,,,,"[""CONTENT_TYPE_IMAGE""]",,,"2024-11-22 00:00:00","[""AT"",""BE"",""BG"",""CY"",""CZ"",""DE"",""DK"",""EE"",""ES"",""FI"",""FR"",""GR"",""HR"",""HU"",""IE"",""IT"",""LI"",""LT"",""LU"",""LV"",""MT"",""NL"",""NO"",""PL"",""PT"",""RO"",""SE"",""SI"",""SK""]","2024-11-23 00:00:00","The decision was taken pursuant to own-initiative investigations.",SOURCE_VOLUNTARY,,Yes,AUTOMATED_DECISION_FULLY,TikTok,7440305525050317600,"2024-11-23 03:06:08"
4815d9aa-a095-4346-873f-2d5311a50018,"[""DECISION_VISIBILITY_CONTENT_REMOVED""]",,,,,,,,,,,DECISION_GROUND_INCOMPATIBLE_CONTENT,,,,"Community Guidelines","Your content is against our Community Guidelines. The guidelines include rules and standards for using TikTok that apply to everyone and everything on our platform.We proactively enforce our Community Guidelines through a mix of technology and human moderation. We have detected this policy violation using automated measures. We have used automated measures in making this decision.",,STATEMENT_CATEGORY_SCOPE_OF_PLATFORM_SERVICE,,,,"[""CONTENT_TYPE_IMAGE""]",,,"2024-11-22 00:00:00","[""AT"",""BE"",""BG"",""CY"",""CZ"",""DE"",""DK"",""EE"",""ES"",""FI"",""FR"",""GR"",""HR"",""HU"",""IE"",""IT"",""LI"",""LT"",""LU"",""LV"",""MT"",""NL"",""NO"",""PL"",""PT"",""RO"",""SE"",""SI"",""SK""]","2024-11-23 00:00:00","The decision was taken pursuant to own-initiative investigations.",SOURCE_VOLUNTARY,,Yes,AUTOMATED_DECISION_FULLY,TikTok,7440305519484590881,"2024-11-23 03:06:08"
55f01acf-e3fa-434e-b470-481e23a791af,"[""DECISION_VISIBILITY_CONTENT_REMOVED""]",,,,,,,,,,,DECISION_GROUND_INCOMPATIBLE_CONTENT,,,,"Community Guidelines","Your content is against our Community Guidelines. The guidelines include rules and standards for using TikTok that apply to everyone and everything on our platform.We proactively enforce our Community Guidelines through a mix of technology and human moderation. We have detected this policy violation using automated measures. We have used automated measures in making this decision.",,STATEMENT_CATEGORY_SCOPE_OF_PLATFORM_SERVICE,,,,"[""CONTENT_TYPE_IMAGE""]",,,"2024-11-22 00:00:00","[""AT"",""BE"",""BG"",""CY"",""CZ"",""DE"",""DK"",""EE"",""ES"",""FI"",""FR"",""GR"",""HR"",""HU"",""IE"",""IT"",""LI"",""LT"",""LU"",""LV"",""MT"",""NL"",""NO"",""PL"",""PT"",""RO"",""SE"",""SI"",""SK""]","2024-11-23 00:00:00","The decision was taken pursuant to own-initiative investigations.",SOURCE_VOLUNTARY,,Yes,AUTOMATED_DECISION_FULLY,TikTok,7440305519484607265,"2024-11-23 03:06:08"
2b3743b4-ddf0-4500-bd74-01de144643c6,"[""DECISION_VISIBILITY_OTHER""]","Video not eligible for recommendation in the For You feed",,,,,,,,,,DECISION_GROUND_INCOMPATIBLE_CONTENT,,,,"Community Guidelines","We maintain content eligibility standards for the For You feed (FYF) that prioritize safety and are informed by the diversity of our community and cultural norms. We make ineligible for the FYF certain content that may not be appropriate for a broad audience related to: (1) Behavioral Health, (2) Sensitive and Mature Themes, (3) Integrity and Authenticity, and (4) Regulated Goods. Content that is ineligible for the FYF can still be discovered in other ways, such as through search tools or by following an account.We proactively enforce our Community Guidelines through a mix of technology and human moderation. We have detected this policy violation using automated measures. We have used automated measures in making this decision.",,STATEMENT_CATEGORY_SCOPE_OF_PLATFORM_SERVICE,,,,"[""CONTENT_TYPE_VIDEO""]",,,"2024-11-23 00:00:00","[""AT"",""BE"",""BG"",""CY"",""CZ"",""DE"",""DK"",""EE"",""ES"",""FI"",""FR"",""GR"",""HR"",""HU"",""IE"",""IT"",""LI"",""LT"",""LU"",""LV"",""MT"",""NL"",""NO"",""PL"",""PT"",""RO"",""SE"",""SI"",""SK""]","2024-11-23 00:00:00","The decision was taken pursuant to own-initiative investigations.",SOURCE_VOLUNTARY,,Yes,AUTOMATED_DECISION_FULLY,TikTok,7440305533698988832,"2024-11-23 03:06:08"
ba270d38-0970-4dc0-83fd-8aab99bd37ac,"[""DECISION_VISIBILITY_CONTENT_REMOVED""]",,,,,,,,,,,DECISION_GROUND_INCOMPATIBLE_CONTENT,,,,"Harassment and Bullying","We welcome the respectful expression of different viewpoints, but not toxicity or trolling. We do not allow language or behavior that harasses, humiliates, threatens, or doxes anyone. This also includes responding to such acts with retaliatory harassment (but excludes non-harassing counterspeech).We proactively enforce our Community Guidelines through a mix of technology and human moderation. We have detected this policy violation using automated measures. We have used automated measures in making this decision.",,STATEMENT_CATEGORY_ILLEGAL_OR_HARMFUL_SPEECH,,,,"[""CONTENT_TYPE_TEXT""]",,,"2024-11-23 00:00:00","[""AT"",""BE"",""BG"",""CY"",""CZ"",""DE"",""DK"",""EE"",""ES"",""FI"",""FR"",""GR"",""HR"",""HU"",""IE"",""IT"",""LI"",""LT"",""LU"",""LV"",""MT"",""NL"",""NO"",""PL"",""PT"",""RO"",""SE"",""SI"",""SK""]","2024-11-23 00:00:00","The decision was taken pursuant to own-initiative investigations.",SOURCE_VOLUNTARY,,Yes,AUTOMATED_DECISION_FULLY,TikTok,7440305543203330848,"2024-11-23 03:06:08"
3a426053-2277-45b6-9aaa-67a3b4b3fb73,"[""DECISION_VISIBILITY_CONTENT_REMOVED""]",,,,,,,,,,,DECISION_GROUND_INCOMPATIBLE_CONTENT,,,,"Harassment and Bullying","We welcome the respectful expression of different viewpoints, but not toxicity or trolling. We do not allow language or behavior that harasses, humiliates, threatens, or doxes anyone. This also includes responding to such acts with retaliatory harassment (but excludes non-harassing counterspeech).We proactively enforce our Community Guidelines through a mix of technology and human moderation. We have detected this policy violation using automated measures. We have used automated measures in making this decision.",,STATEMENT_CATEGORY_ILLEGAL_OR_HARMFUL_SPEECH,,,,"[""CONTENT_TYPE_TEXT""]",,,"2024-11-23 00:00:00","[""AT"",""BE"",""BG"",""CY"",""CZ"",""DE"",""DK"",""EE"",""ES"",""FI"",""FR"",""GR"",""HR"",""HU"",""IE"",""IT"",""LI"",""LT"",""LU"",""LV"",""MT"",""NL"",""NO"",""PL"",""PT"",""RO"",""SE"",""SI"",""SK""]","2024-11-23 00:00:00","The decision was taken pursuant to own-initiative investigations.",SOURCE_VOLUNTARY,,Yes,AUTOMATED_DECISION_FULLY,TikTok,7440305543203347232,"2024-11-23 03:06:08"
44a145af-35d2-4c4a-859b-6f5c673f0cfd,"[""DECISION_VISIBILITY_OTHER""]","Photo not eligible for recommendation in the For You feed, and visibility restricted in search results",,,,,,,,,,DECISION_GROUND_INCOMPATIBLE_CONTENT,,,,"Civic and Election Integrity","We want to enable the informed exchange of civic ideas in a way that fosters productive dialogue. Your video didn’t meet our eligibility standards for the For You Feed. Please review our Community Guidelines for more information.We proactively enforce our Community Guidelines through a mix of technology and human moderation. We have detected this policy violation using automated measures. We have used automated measures in making this decision.",,STATEMENT_CATEGORY_NEGATIVE_EFFECTS_ON_CIVIC_DISCOURSE_OR_ELECTIONS,,,,"[""CONTENT_TYPE_IMAGE""]",,,"2024-11-23 00:00:00","[""AT"",""BE"",""BG"",""CY"",""CZ"",""DE"",""DK"",""EE"",""ES"",""FI"",""FR"",""GR"",""HR"",""HU"",""IE"",""IT"",""LI"",""LT"",""LU"",""LV"",""MT"",""NL"",""NO"",""PL"",""PT"",""RO"",""SE"",""SI"",""SK""]","2024-11-23 00:00:00","The decision was taken pursuant to own-initiative investigations.",SOURCE_VOLUNTARY,,Yes,AUTOMATED_DECISION_FULLY,TikTok,7440305562786503456,"2024-11-23 03:06:08"
d45890a4-0bd6-4704-a86d-cb39ff198c89,"[""DECISION_VISIBILITY_OTHER""]","LIVE not eligible for recommendation and restricted in search results for 10 minutes","2024-11-23 00:00:00",,,,,,,,,DECISION_GROUND_INCOMPATIBLE_CONTENT,,,,"Contenido de baja calidad visual o imágenes estáticas","Tu LIVE no se puede recomendar y su visibilidad se restringirá en los resultados de búsqueda durante los próximos 10 minutos porque podría incluir contenido de baja calidad visual o imágenes estáticas. Estas medidas se adoptaron de acuerdo con los estándares de aptitud del feed «Para ti» según las Normas de la comunidad.",,STATEMENT_CATEGORY_SCOPE_OF_PLATFORM_SERVICE,,,,"[""CONTENT_TYPE_VIDEO""]",,,"2024-11-22 00:00:00","[""AT"",""BE"",""BG"",""CY"",""CZ"",""DE"",""DK"",""EE"",""ES"",""FI"",""FR"",""GR"",""HR"",""HU"",""IE"",""IS"",""IT"",""LI"",""LT"",""LU"",""LV"",""MT"",""NL"",""NO"",""PL"",""PT"",""RO"",""SE"",""SI"",""SK""]","2024-11-23 00:00:00","The decision was taken pursuant to own-initiative investigations",SOURCE_VOLUNTARY,,Yes,AUTOMATED_DECISION_FULLY,TikTok,7440305562786519840,"2024-11-23 03:06:08"
e472c194-a437-4bb1-8480-4a459594c5a1,"[""DECISION_VISIBILITY_CONTENT_REMOVED""]",,,,,,,,,,,DECISION_GROUND_INCOMPATIBLE_CONTENT,,,,"Sexual Activity and Services","TikTok is a place where people can come to discuss or learn about sexuality, sex or reproductive health. We are mindful that certain content involving sexuality, sex or reproductive health may not be appropriate for young people, be considered offensive by some, or create the potential for exploitation. We do not allow sexual activity or services, including sex, sexual arousal, fetish and kink behavior, and seeking or offering sexual services.We proactively enforce our Community Guidelines through a mix of technology and human moderation. We have detected this policy violation using automated measures. We have used automated measures in making this decision.",,STATEMENT_CATEGORY_PORNOGRAPHY_OR_SEXUALIZED_CONTENT,,,,"[""CONTENT_TYPE_TEXT""]",,,"2024-11-23 00:00:00","[""AT"",""BE"",""BG"",""CY"",""CZ"",""DE"",""DK"",""EE"",""ES"",""FI"",""FR"",""GR"",""HR"",""HU"",""IE"",""IT"",""LI"",""LT"",""LU"",""LV"",""MT"",""NL"",""NO"",""PL"",""PT"",""RO"",""SE"",""SI"",""SK""]","2024-11-23 00:00:00","The decision was taken pursuant to own-initiative investigations.",SOURCE_VOLUNTARY,,Yes,AUTOMATED_DECISION_FULLY,TikTok,7440305559078787872,"2024-11-23 03:06:08"
57521642-4fbb-42c4-b9a6-d59f34bb8b24,"[""DECISION_VISIBILITY_CONTENT_REMOVED""]",,,,,,,,,,,DECISION_GROUND_INCOMPATIBLE_CONTENT,,,,"Civic and Election Integrity","Elections are important moments of community conversation and promote the values of an open society. We do not allow misinformation about civic and electoral processes, regardless of intent. This includes misinformation about how to vote, registering to vote, eligibility requirements of  candidates, the processes to count ballots and certify elections, and the final outcome of an election.We proactively enforce our Community Guidelines through a mix of technology and human moderation. We have detected this policy violation using automated measures. We have used automated measures in making this decision.",,STATEMENT_CATEGORY_NEGATIVE_EFFECTS_ON_CIVIC_DISCOURSE_OR_ELECTIONS,,,,"[""CONTENT_TYPE_IMAGE""]",,,"2024-11-23 00:00:00","[""AT"",""BE"",""BG"",""CY"",""CZ"",""DE"",""DK"",""EE"",""ES"",""FI"",""FR"",""GR"",""HR"",""HU"",""IE"",""IT"",""LI"",""LT"",""LU"",""LV"",""MT"",""NL"",""NO"",""PL"",""PT"",""RO"",""SE"",""SI"",""SK""]","2024-11-23 00:00:00","The decision was taken pursuant to own-initiative investigations.",SOURCE_VOLUNTARY,,Yes,AUTOMATED_DECISION_FULLY,TikTok,7440305562786536224,"2024-11-23 03:06:08"
994931fe-7a2f-480e-b710-c13f92506b2d,"[""DECISION_VISIBILITY_CONTENT_REMOVED""]",,,,,,,,,,,DECISION_GROUND_INCOMPATIBLE_CONTENT,,,,"Harassment and Bullying","We welcome the respectful expression of different viewpoints, but not toxicity or trolling. We do not allow language or behavior that harasses, humiliates, threatens, or doxes anyone. This also includes responding to such acts with retaliatory harassment (but excludes non-harassing counterspeech).We proactively enforce our Community Guidelines through a mix of technology and human moderation. We have detected this policy violation using automated measures. We have used automated measures in making this decision.",,STATEMENT_CATEGORY_ILLEGAL_OR_HARMFUL_SPEECH,,,,"[""CONTENT_TYPE_TEXT""]",,,"2024-11-23 00:00:00","[""AT"",""BE"",""BG"",""CY"",""CZ"",""DE"",""DK"",""EE"",""ES"",""FI"",""FR"",""GR"",""HR"",""HU"",""IE"",""IT"",""LI"",""LT"",""LU"",""LV"",""MT"",""NL"",""NO"",""PL"",""PT"",""RO"",""SE"",""SI"",""SK""]","2024-11-23 00:00:00","The decision was taken pursuant to own-initiative investigations.",SOURCE_VOLUNTARY,,Yes,AUTOMATED_DECISION_FULLY,TikTok,7440305559078804256,"2024-11-23 03:06:08"
e6c96099-2e6b-4552-aa96-1b6257b29623,"[""DECISION_VISIBILITY_CONTENT_REMOVED""]",,,,,,,,,,,DECISION_GROUND_INCOMPATIBLE_CONTENT,,,,"Hate Speech and Hateful Behaviors","TikTok is enriched by the various backgrounds of our community members. Our differences should be respected, rather than a cause for division. We do not allow any hateful behavior, hate speech, or promotion of hateful ideologies. This includes content that attacks a person or group because of protected attributes.We proactively enforce our Community Guidelines through a mix of technology and human moderation. We have detected this policy violation using automated measures. We have used automated measures in making this decision.",,STATEMENT_CATEGORY_ILLEGAL_OR_HARMFUL_SPEECH,,,,"[""CONTENT_TYPE_TEXT""]",,,"2024-11-23 00:00:00","[""AT"",""BE"",""BG"",""CY"",""CZ"",""DE"",""DK"",""EE"",""ES"",""FI"",""FR"",""GR"",""HR"",""HU"",""IE"",""IT"",""LI"",""LT"",""LU"",""LV"",""MT"",""NL"",""NO"",""PL"",""PT"",""RO"",""SE"",""SI"",""SK""]","2024-11-23 00:00:00","The decision was taken pursuant to own-initiative investigations.",SOURCE_VOLUNTARY,,Yes,AUTOMATED_DECISION_FULLY,TikTok,7440305562786552608,"2024-11-23 03:06:08"
e54398fe-c9f4-45cb-b41c-ac35a6374078,"[""DECISION_VISIBILITY_OTHER""]","Photo not eligible for recommendation in the For You feed, and visibility restricted in search results",,,,,,,,,,DECISION_GROUND_INCOMPATIBLE_CONTENT,,,,"Civic and Election Integrity","We want to enable the informed exchange of civic ideas in a way that fosters productive dialogue. Your video didn’t meet our eligibility standards for the For You Feed. Please review our Community Guidelines for more information.We proactively enforce our Community Guidelines through a mix of technology and human moderation. We have detected this policy violation using automated measures. We have used automated measures in making this decision.",,STATEMENT_CATEGORY_NEGATIVE_EFFECTS_ON_CIVIC_DISCOURSE_OR_ELECTIONS,,,,"[""CONTENT_TYPE_IMAGE""]",,,"2024-11-23 00:00:00","[""AT"",""BE"",""BG"",""CY"",""CZ"",""DE"",""DK"",""EE"",""ES"",""FI"",""FR"",""GR"",""HR"",""HU"",""IE"",""IT"",""LI"",""LT"",""LU"",""LV"",""MT"",""NL"",""NO"",""PL"",""PT"",""RO"",""SE"",""SI"",""SK""]","2024-11-23 00:00:00","The decision was taken pursuant to own-initiative investigations.",SOURCE_VOLUNTARY,,Yes,AUTOMATED_DECISION_FULLY,TikTok,7440305575864310560,"2024-11-23 03:06:08"
abd55092-b450-439a-87c2-cfe09a4d9138,"[""DECISION_VISIBILITY_CONTENT_REMOVED""]",,,,,,,,,,,DECISION_GROUND_INCOMPATIBLE_CONTENT,,,,"Harassment and Bullying","We welcome the respectful expression of different viewpoints but not toxicity or trolling. We do not allow language or behavior that harasses, humiliates, threatens, or doxxes anyone. This also includes responding to such acts with retaliatory harassment (but excludes non-harassing counter speech).We proactively enforce our Community Guidelines through a mix of technology and human moderation. We have detected this policy violation using automated measures.",,STATEMENT_CATEGORY_ILLEGAL_OR_HARMFUL_SPEECH,,,,"[""CONTENT_TYPE_VIDEO""]",,,"2024-11-22 00:00:00","[""AT"",""BE"",""BG"",""CY"",""CZ"",""DE"",""DK"",""EE"",""ES"",""FI"",""FR"",""GR"",""HR"",""HU"",""IE"",""IT"",""LI"",""LT"",""LU"",""LV"",""MT"",""NL"",""NO"",""PL"",""PT"",""RO"",""SE"",""SI"",""SK""]","2024-11-23 00:00:00","The decision was taken pursuant to own-initiative investigations.",SOURCE_VOLUNTARY,,Yes,AUTOMATED_DECISION_NOT_AUTOMATED,TikTok,7440305575864326944,"2024-11-23 03:06:08"
f894040d-9317-41d8-b91a-ed3472b47013,"[""DECISION_VISIBILITY_CONTENT_REMOVED""]",,,,,,,,,,,DECISION_GROUND_INCOMPATIBLE_CONTENT,,,,"Harassment and Bullying","We welcome the respectful expression of different viewpoints, but not toxicity or trolling. We do not allow language or behavior that harasses, humiliates, threatens, or doxes anyone. This also includes responding to such acts with retaliatory harassment (but excludes non-harassing counterspeech).We proactively enforce our Community Guidelines through a mix of technology and human moderation. We have detected this policy violation using automated measures. We have used automated measures in making this decision.",,STATEMENT_CATEGORY_ILLEGAL_OR_HARMFUL_SPEECH,,,,"[""CONTENT_TYPE_TEXT""]",,,"2024-11-23 00:00:00","[""AT"",""BE"",""BG"",""CY"",""CZ"",""DE"",""DK"",""EE"",""ES"",""FI"",""FR"",""GR"",""HR"",""HU"",""IE"",""IT"",""LI"",""LT"",""LU"",""LV"",""MT"",""NL"",""NO"",""PL"",""PT"",""RO"",""SE"",""SI"",""SK""]","2024-11-23 00:00:00","The decision was taken pursuant to own-initiative investigations.",SOURCE_VOLUNTARY,,Yes,AUTOMATED_DECISION_FULLY,TikTok,7440305580780067616,"2024-11-23 03:06:08"
98d0c024-f526-442c-8405-30e1d0e70eeb,"[""DECISION_VISIBILITY_OTHER""]","Photo not eligible for recommendation in the For You feed, and visibility restricted in search results",,,,,,,,,,DECISION_GROUND_INCOMPATIBLE_CONTENT,,,,"Dangerous Activities and Challenges","Most activities or challenges are appropriate for everyone, but some may carry a risk of significant injury. Content is ineligible for the For You feed if it involves activities likely to lead to moderate physical harm or includes professionals performing extreme sports and stunts that may endanger others.We proactively enforce our Community Guidelines through a mix of technology and human moderation. We have detected this policy violation using automated measures. We have used automated measures in making this decision.",,STATEMENT_CATEGORY_SCOPE_OF_PLATFORM_SERVICE,,,,"[""CONTENT_TYPE_IMAGE""]",,,"2024-11-23 00:00:00","[""AT"",""BE"",""BG"",""CY"",""CZ"",""DE"",""DK"",""EE"",""ES"",""FI"",""FR"",""GR"",""HR"",""HU"",""IE"",""IT"",""LI"",""LT"",""LU"",""LV"",""MT"",""NL"",""NO"",""PL"",""PT"",""RO"",""SE"",""SI"",""SK""]","2024-11-23 00:00:00","The decision was taken pursuant to own-initiative investigations.",SOURCE_VOLUNTARY,,Yes,AUTOMATED_DECISION_FULLY,TikTok,7440305575864425248,"2024-11-23 03:06:08"
7401a38b-2495-45f9-8f0b-b931e655fee4,"[""DECISION_VISIBILITY_CONTENT_REMOVED""]",,,,,,,,,,,DECISION_GROUND_INCOMPATIBLE_CONTENT,,,,"Personal Information","We are committed to making sure that any personal information shared intentionally or accidentally on TikTok does not lead to harm. We do not allow content that includes personal information that may create a risk of stalking, violence, phishing, fraud, identity theft, or financial exploitation, including content that someone has posted themselves or that they consented to being shared by others.We proactively enforce our Community Guidelines through a mix of technology and human moderation. We have detected this policy violation using automated measures. We have used automated measures in making this decision.",,STATEMENT_CATEGORY_DATA_PROTECTION_AND_PRIVACY_VIOLATIONS,,,,"[""CONTENT_TYPE_IMAGE""]",,,"2024-11-23 00:00:00","[""AT"",""BE"",""BG"",""CY"",""CZ"",""DE"",""DK"",""EE"",""ES"",""FI"",""FR"",""GR"",""HR"",""HU"",""IE"",""IT"",""LI"",""LT"",""LU"",""LV"",""MT"",""NL"",""NO"",""PL"",""PT"",""RO"",""SE"",""SI"",""SK""]","2024-11-23 00:00:00","The decision was taken pursuant to own-initiative investigations.",SOURCE_VOLUNTARY,,Yes,AUTOMATED_DECISION_FULLY,TikTok,7440305580780182304,"2024-11-23 03:06:08"
34b09727-c964-4f7d-ac08-87841159c255,"[""DECISION_VISIBILITY_CONTENT_REMOVED""]",,,,,,,,,,,DECISION_GROUND_INCOMPATIBLE_CONTENT,,,,"Civic and Election Integrity","Elections are important moments of community conversation and promote the values of an open society. We do not allow misinformation about civic and electoral processes, regardless of intent. This includes misinformation about how to vote, registering to vote, eligibility requirements of  candidates, the processes to count ballots and certify elections, and the final outcome of an election.We proactively enforce our Community Guidelines through a mix of technology and human moderation. We have detected this policy violation using automated measures. We have used automated measures in making this decision.",,STATEMENT_CATEGORY_NEGATIVE_EFFECTS_ON_CIVIC_DISCOURSE_OR_ELECTIONS,,,,"[""CONTENT_TYPE_IMAGE""]",,,"2024-11-23 00:00:00","[""AT"",""BE"",""BG"",""CY"",""CZ"",""DE"",""DK"",""EE"",""ES"",""FI"",""FR"",""GR"",""HR"",""HU"",""IE"",""IT"",""LI"",""LT"",""LU"",""LV"",""MT"",""NL"",""NO"",""PL"",""PT"",""RO"",""SE"",""SI"",""SK""]","2024-11-23 00:00:00","The decision was taken pursuant to own-initiative investigations.",SOURCE_VOLUNTARY,,Yes,AUTOMATED_DECISION_FULLY,TikTok,7440305575864441632,"2024-11-23 03:06:08"
d28876d4-c18b-4b8b-a729-ae45f40afe24,"[""DECISION_VISIBILITY_CONTENT_REMOVED""]",,,,,,,,,,,DECISION_GROUND_INCOMPATIBLE_CONTENT,,,,"Harassment and Bullying","We welcome the respectful expression of different viewpoints, but not toxicity or trolling. We do not allow language or behavior that harasses, humiliates, threatens, or doxes anyone. This also includes responding to such acts with retaliatory harassment (but excludes non-harassing counterspeech).We proactively enforce our Community Guidelines through a mix of technology and human moderation. We have detected this policy violation using automated measures. We have used automated measures in making this decision.",,STATEMENT_CATEGORY_ILLEGAL_OR_HARMFUL_SPEECH,,,,"[""CONTENT_TYPE_TEXT""]",,,"2024-11-23 00:00:00","[""AT"",""BE"",""BG"",""CY"",""CZ"",""DE"",""DK"",""EE"",""ES"",""FI"",""FR"",""GR"",""HR"",""HU"",""IE"",""IT"",""LI"",""LT"",""LU"",""LV"",""MT"",""NL"",""NO"",""PL"",""PT"",""RO"",""SE"",""SI"",""SK""]","2024-11-23 00:00:00","The decision was taken pursuant to own-initiative investigations.",SOURCE_VOLUNTARY,,Yes,AUTOMATED_DECISION_FULLY,TikTok,7440305575864458016,"2024-11-23 03:06:08"
3d79fbf4-a050-4c20-bb95-9f45eef7b64e,"[""DECISION_VISIBILITY_CONTENT_REMOVED""]",,,,,,,,,,,DECISION_GROUND_INCOMPATIBLE_CONTENT,,,,"Harassment and Bullying","We welcome the respectful expression of different viewpoints, but not toxicity or trolling. We do not allow language or behavior that harasses, humiliates, threatens, or doxes anyone. This also includes responding to such acts with retaliatory harassment (but excludes non-harassing counterspeech).We proactively enforce our Community Guidelines through a mix of technology and human moderation. We have detected this policy violation using automated measures. We have used automated measures in making this decision.",,STATEMENT_CATEGORY_ILLEGAL_OR_HARMFUL_SPEECH,,,,"[""CONTENT_TYPE_TEXT""]",,,"2024-11-23 00:00:00","[""AT"",""BE"",""BG"",""CY"",""CZ"",""DE"",""DK"",""EE"",""ES"",""FI"",""FR"",""GR"",""HR"",""HU"",""IE"",""IT"",""LI"",""LT"",""LU"",""LV"",""MT"",""NL"",""NO"",""PL"",""PT"",""RO"",""SE"",""SI"",""SK""]","2024-11-23 00:00:00","The decision was taken pursuant to own-initiative investigations.",SOURCE_VOLUNTARY,,Yes,AUTOMATED_DECISION_FULLY,TikTok,7440305605266381601,"2024-11-23 03:06:08"
3041a403-e1b1-4308-a9ea-163865e751ff,"[""DECISION_VISIBILITY_OTHER""]","Video not eligible for recommendation in the For You feed",,,,,,,,,,DECISION_GROUND_INCOMPATIBLE_CONTENT,,,,"Community Guidelines","We maintain content eligibility standards for the For You feed (FYF) that prioritize safety and are informed by the diversity of our community and cultural norms. We make ineligible for the FYF certain content that may not be appropriate for a broad audience related to: (1) Behavioral Health, (2) Sensitive and Mature Themes, (3) Integrity and Authenticity, and (4) Regulated Goods. Content that is ineligible for the FYF can still be discovered in other ways, such as through search tools or by following an account.We proactively enforce our Community Guidelines through a mix of technology and human moderation. We have detected this policy violation using automated measures. We have used automated measures in making this decision.",,STATEMENT_CATEGORY_SCOPE_OF_PLATFORM_SERVICE,,,,"[""CONTENT_TYPE_VIDEO""]",,,"2024-11-23 00:00:00","[""AT"",""BE"",""BG"",""CY"",""CZ"",""DE"",""DK"",""EE"",""ES"",""FI"",""FR"",""GR"",""HR"",""HU"",""IE"",""IT"",""LI"",""LT"",""LU"",""LV"",""MT"",""NL"",""NO"",""PL"",""PT"",""RO"",""SE"",""SI"",""SK""]","2024-11-23 00:00:00","The decision was taken pursuant to own-initiative investigations.",SOURCE_VOLUNTARY,,Yes,AUTOMATED_DECISION_FULLY,TikTok,7440305605266397985,"2024-11-23 03:06:08"
16dfefc6-5012-44b8-9b16-b534a619a32a,"[""DECISION_VISIBILITY_CONTENT_REMOVED""]",,,,,,,,,,,DECISION_GROUND_INCOMPATIBLE_CONTENT,,,,"Harassment and Bullying","We welcome the respectful expression of different viewpoints, but not toxicity or trolling. We do not allow language or behavior that harasses, humiliates, threatens, or doxes anyone. This also includes responding to such acts with retaliatory harassment (but excludes non-harassing counterspeech).We proactively enforce our Community Guidelines through a mix of technology and human moderation. We have detected this policy violation using automated measures. We have used automated measures in making this decision.",,STATEMENT_CATEGORY_ILLEGAL_OR_HARMFUL_SPEECH,,,,"[""CONTENT_TYPE_TEXT""]",,,"2024-11-23 00:00:00","[""AT"",""BE"",""BG"",""CY"",""CZ"",""DE"",""DK"",""EE"",""ES"",""FI"",""FR"",""GR"",""HR"",""HU"",""IE"",""IT"",""LI"",""LT"",""LU"",""LV"",""MT"",""NL"",""NO"",""PL"",""PT"",""RO"",""SE"",""SI"",""SK""]","2024-11-23 00:00:00","The decision was taken pursuant to own-initiative investigations.",SOURCE_VOLUNTARY,,Yes,AUTOMATED_DECISION_FULLY,TikTok,7440305605266414369,"2024-11-23 03:06:08"
054e8eb6-89d4-458a-9d87-ced94ffbce7d,"[""DECISION_VISIBILITY_CONTENT_REMOVED""]",,,,,,,,,,,DECISION_GROUND_INCOMPATIBLE_CONTENT,,,,"Harassment and Bullying","We welcome the respectful expression of different viewpoints, but not toxicity or trolling. We do not allow language or behavior that harasses, humiliates, threatens, or doxes anyone. This also includes responding to such acts with retaliatory harassment (but excludes non-harassing counterspeech).We proactively enforce our Community Guidelines through a mix of technology and human moderation. We have detected this policy violation using automated measures. We have used automated measures in making this decision.",,STATEMENT_CATEGORY_ILLEGAL_OR_HARMFUL_SPEECH,,,,"[""CONTENT_TYPE_TEXT""]",,,"2024-11-23 00:00:00","[""AT"",""BE"",""BG"",""CY"",""CZ"",""DE"",""DK"",""EE"",""ES"",""FI"",""FR"",""GR"",""HR"",""HU"",""IE"",""IT"",""LI"",""LT"",""LU"",""LV"",""MT"",""NL"",""NO"",""PL"",""PT"",""RO"",""SE"",""SI"",""SK""]","2024-11-23 00:00:00","The decision was taken pursuant to own-initiative investigations.",SOURCE_VOLUNTARY,,Yes,AUTOMATED_DECISION_FULLY,TikTok,7440305597146209056,"2024-11-23 03:06:08"
fc250e78-7963-4aab-ad28-87e94635cbd7,"[""DECISION_VISIBILITY_OTHER""]","Video not eligible for recommendation in the For You feed",,,,,,,,,,DECISION_GROUND_INCOMPATIBLE_CONTENT,,,,"Community Guidelines","We maintain content eligibility standards for the For You feed (FYF) that prioritize safety and are informed by the diversity of our community and cultural norms. We make ineligible for the FYF certain content that may not be appropriate for a broad audience related to: (1) Behavioral Health, (2) Sensitive and Mature Themes, (3) Integrity and Authenticity, and (4) Regulated Goods. Content that is ineligible for the FYF can still be discovered in other ways, such as through search tools or by following an account.We proactively enforce our Community Guidelines through a mix of technology and human moderation. We have detected this policy violation using automated measures. We have used automated measures in making this decision.",,STATEMENT_CATEGORY_SCOPE_OF_PLATFORM_SERVICE,,,,"[""CONTENT_TYPE_VIDEO""]",,,"2024-11-23 00:00:00","[""AT"",""BE"",""BG"",""CY"",""CZ"",""DE"",""DK"",""EE"",""ES"",""FI"",""FR"",""GR"",""HR"",""HU"",""IE"",""IT"",""LI"",""LT"",""LU"",""LV"",""MT"",""NL"",""NO"",""PL"",""PT"",""RO"",""SE"",""SI"",""SK""]","2024-11-23 00:00:00","The decision was taken pursuant to own-initiative investigations.",SOURCE_VOLUNTARY,,Yes,AUTOMATED_DECISION_FULLY,TikTok,7440305605266430753,"2024-11-23 03:06:08"
9dc13392-2734-4ffc-8ff7-b4cb1bf1c96c,"[""DECISION_VISIBILITY_CONTENT_REMOVED""]",,,,,,,,,,,DECISION_GROUND_INCOMPATIBLE_CONTENT,,,,"Community Guidelines","Your content is against our Community Guidelines. The guidelines include rules and standards for using TikTok that apply to everyone and everything on our platform.We proactively enforce our Community Guidelines through a mix of technology and human moderation. We have detected this policy violation using automated measures. We have used automated measures in making this decision.",,STATEMENT_CATEGORY_SCOPE_OF_PLATFORM_SERVICE,,,,"[""CONTENT_TYPE_IMAGE""]",,,"2024-08-26 00:00:00","[""AT"",""BE"",""BG"",""CY"",""CZ"",""DE"",""DK"",""EE"",""ES"",""FI"",""FR"",""GR"",""HR"",""HU"",""IE"",""IT"",""LI"",""LT"",""LU"",""LV"",""MT"",""NL"",""NO"",""PL"",""PT"",""RO"",""SE"",""SI"",""SK""]","2024-11-23 00:00:00","The decision was taken pursuant to own-initiative investigations.",SOURCE_VOLUNTARY,,Yes,AUTOMATED_DECISION_FULLY,TikTok,7440305605266447137,"2024-11-23 03:06:08"
9b3ecc1d-f75e-45cf-9c8d-321c596cc325,"[""DECISION_VISIBILITY_CONTENT_REMOVED""]",,,,,,,,,,,DECISION_GROUND_INCOMPATIBLE_CONTENT,,,,"Community Guidelines","Your content is against our Community Guidelines. The guidelines include rules and standards for using TikTok that apply to everyone and everything on our platform.We proactively enforce our Community Guidelines through a mix of technology and human moderation. We have detected this policy violation using automated measures. We have used automated measures in making this decision.",,STATEMENT_CATEGORY_SCOPE_OF_PLATFORM_SERVICE,,,,"[""CONTENT_TYPE_IMAGE""]",,,"2024-10-10 00:00:00","[""AT"",""BE"",""BG"",""CY"",""CZ"",""DE"",""DK"",""EE"",""ES"",""FI"",""FR"",""GR"",""HR"",""HU"",""IE"",""IT"",""LI"",""LT"",""LU"",""LV"",""MT"",""NL"",""NO"",""PL"",""PT"",""RO"",""SE"",""SI"",""SK""]","2024-11-23 00:00:00","The decision was taken pursuant to own-initiative investigations.",SOURCE_VOLUNTARY,,Yes,AUTOMATED_DECISION_FULLY,TikTok,7440305597146225440,"2024-11-23 03:06:08"
e25387bc-2cab-498a-a06a-374f678d129e,"[""DECISION_VISIBILITY_CONTENT_REMOVED""]",,,,,,,,,,,DECISION_GROUND_INCOMPATIBLE_CONTENT,,,,"Suicide and Self-Harm","We want TikTok to be a place where people can discuss emotionally complex topics in a supportive way without increasing the risk of harm. We do not allow showing, promoting, or sharing plans for suicide or self-harm. If you or someone you know has had thoughts of suicide or self-harm, support is available.We proactively enforce our Community Guidelines through a mix of technology and human moderation. We have detected this policy violation using automated measures.",,STATEMENT_CATEGORY_SELF_HARM,,,,"[""CONTENT_TYPE_VIDEO""]",,,"2024-11-16 00:00:00","[""AT"",""BE"",""BG"",""CY"",""CZ"",""DE"",""DK"",""EE"",""ES"",""FI"",""FR"",""GR"",""HR"",""HU"",""IE"",""IT"",""LI"",""LT"",""LU"",""LV"",""MT"",""NL"",""NO"",""PL"",""PT"",""RO"",""SE"",""SI"",""SK""]","2024-11-23 00:00:00","The decision was taken pursuant to own-initiative investigations.",SOURCE_VOLUNTARY,,Yes,AUTOMATED_DECISION_NOT_AUTOMATED,TikTok,7440305605266463521,"2024-11-23 03:06:08"
2456dda9-e5b7-4cd1-b614-1c0871557067,"[""DECISION_VISIBILITY_OTHER""]","Video not eligible for recommendation in the For You feed",,,,,,,,,,DECISION_GROUND_INCOMPATIBLE_CONTENT,,,,"Community Guidelines","We maintain content eligibility standards for the For You feed (FYF) that prioritize safety and are informed by the diversity of our community and cultural norms. We make ineligible for the FYF certain content that may not be appropriate for a broad audience related to: (1) Behavioral Health, (2) Sensitive and Mature Themes, (3) Integrity and Authenticity, and (4) Regulated Goods. Content that is ineligible for the FYF can still be discovered in other ways, such as through search tools or by following an account.We proactively enforce our Community Guidelines through a mix of technology and human moderation. We have detected this policy violation using automated measures. We have used automated measures in making this decision.",,STATEMENT_CATEGORY_SCOPE_OF_PLATFORM_SERVICE,,,,"[""CONTENT_TYPE_VIDEO""]",,,"2024-11-23 00:00:00","[""AT"",""BE"",""BG"",""CY"",""CZ"",""DE"",""DK"",""EE"",""ES"",""FI"",""FR"",""GR"",""HR"",""HU"",""IE"",""IT"",""LI"",""LT"",""LU"",""LV"",""MT"",""NL"",""NO"",""PL"",""PT"",""RO"",""SE"",""SI"",""SK""]","2024-11-23 00:00:00","The decision was taken pursuant to own-initiative investigations.",SOURCE_VOLUNTARY,,Yes,AUTOMATED_DECISION_FULLY,TikTok,7440305597146241824,"2024-11-23 03:06:08"
8b58b41c-a45f-4f60-ba48-9b93e2ca2957,"[""DECISION_VISIBILITY_OTHER""]","Video not eligible for recommendation in the For You feed",,,,,,,,,,DECISION_GROUND_INCOMPATIBLE_CONTENT,,,,"Community Guidelines","We maintain content eligibility standards for the For You feed (FYF) that prioritize safety and are informed by the diversity of our community and cultural norms. We make ineligible for the FYF certain content that may not be appropriate for a broad audience related to: (1) Behavioral Health, (2) Sensitive and Mature Themes, (3) Integrity and Authenticity, and (4) Regulated Goods. Content that is ineligible for the FYF can still be discovered in other ways, such as through search tools or by following an account.We proactively enforce our Community Guidelines through a mix of technology and human moderation. We have detected this policy violation using automated measures. We have used automated measures in making this decision.",,STATEMENT_CATEGORY_SCOPE_OF_PLATFORM_SERVICE,,,,"[""CONTENT_TYPE_VIDEO""]",,,"2024-11-23 00:00:00","[""AT"",""BE"",""BG"",""CY"",""CZ"",""DE"",""DK"",""EE"",""ES"",""FI"",""FR"",""GR"",""HR"",""HU"",""IE"",""IT"",""LI"",""LT"",""LU"",""LV"",""MT"",""NL"",""NO"",""PL"",""PT"",""RO"",""SE"",""SI"",""SK""]","2024-11-23 00:00:00","The decision was taken pursuant to own-initiative investigations.",SOURCE_VOLUNTARY,,Yes,AUTOMATED_DECISION_FULLY,TikTok,7440305605266479905,"2024-11-23 03:06:08"
6780e130-8126-41a2-99e7-b0b79f897d1e,"[""DECISION_VISIBILITY_OTHER""]","Photo not eligible for recommendation in the For You feed, and visibility restricted in search results",,,,,,,,,,DECISION_GROUND_INCOMPATIBLE_CONTENT,,,,"Dangerous Activities and Challenges","Most activities or challenges are appropriate for everyone, but some may carry a risk of significant injury. Content is ineligible for the For You feed if it involves activities likely to lead to moderate physical harm or includes professionals performing extreme sports and stunts that may endanger others.We proactively enforce our Community Guidelines through a mix of technology and human moderation. We have detected this policy violation using automated measures. We have used automated measures in making this decision.",,STATEMENT_CATEGORY_SCOPE_OF_PLATFORM_SERVICE,,,,"[""CONTENT_TYPE_IMAGE""]",,,"2024-11-23 00:00:00","[""AT"",""BE"",""BG"",""CY"",""CZ"",""DE"",""DK"",""EE"",""ES"",""FI"",""FR"",""GR"",""HR"",""HU"",""IE"",""IT"",""LI"",""LT"",""LU"",""LV"",""MT"",""NL"",""NO"",""PL"",""PT"",""RO"",""SE"",""SI"",""SK""]","2024-11-23 00:00:00","The decision was taken pursuant to own-initiative investigations.",SOURCE_VOLUNTARY,,Yes,AUTOMATED_DECISION_FULLY,TikTok,7440305605266496289,"2024-11-23 03:06:08"
2b5f028c-99fc-4b49-a9d6-f50e7a4225a4,"[""DECISION_VISIBILITY_CONTENT_REMOVED""]",,,,,,,,,,,DECISION_GROUND_INCOMPATIBLE_CONTENT,,,,"Sexually Suggestive Content","We welcome performances and dances where people can creatively express themselves, celebrate their culture, or seek to entertain. We are mindful that certain behaviors related to sexual arousal or suggestiveness may be offensive to some people and may put young people at risk of exploitation. We do not allow seductive performances or allusions to sexual activity by young people, or the use of sexually explicit narratives by anyone.We proactively enforce our Community Guidelines through a mix of technology and human moderation. We have detected this policy violation using automated measures.",,STATEMENT_CATEGORY_SCOPE_OF_PLATFORM_SERVICE,,,,"[""CONTENT_TYPE_OTHER""]","Profile information",,"2024-11-23 00:00:00","[""AT"",""BE"",""BG"",""CY"",""CZ"",""DE"",""DK"",""EE"",""ES"",""FI"",""FR"",""GR"",""HR"",""HU"",""IE"",""IT"",""LI"",""LT"",""LU"",""LV"",""MT"",""NL"",""NO"",""PL"",""PT"",""RO"",""SE"",""SI"",""SK""]","2024-11-23 00:00:00","The decision was taken pursuant to own-initiative investigations.",SOURCE_VOLUNTARY,,Yes,AUTOMATED_DECISION_NOT_AUTOMATED,TikTok,7440305597146258208,"2024-11-23 03:06:08"
a7ee5f7c-e48e-40a7-899e-c341c9e9d28f,"[""DECISION_VISIBILITY_OTHER""]","Video not eligible for recommendation in the For You feed",,,,,,,,,,DECISION_GROUND_INCOMPATIBLE_CONTENT,,,,"Community Guidelines","We maintain content eligibility standards for the For You feed (FYF) that prioritize safety and are informed by the diversity of our community and cultural norms. We make ineligible for the FYF certain content that may not be appropriate for a broad audience related to: (1) Behavioral Health, (2) Sensitive and Mature Themes, (3) Integrity and Authenticity, and (4) Regulated Goods. Content that is ineligible for the FYF can still be discovered in other ways, such as through search tools or by following an account.We proactively enforce our Community Guidelines through a mix of technology and human moderation. We have detected this policy violation using automated measures. We have used automated measures in making this decision.",,STATEMENT_CATEGORY_SCOPE_OF_PLATFORM_SERVICE,,,,"[""CONTENT_TYPE_VIDEO""]",,,"2024-11-23 00:00:00","[""AT"",""BE"",""BG"",""CY"",""CZ"",""DE"",""DK"",""EE"",""ES"",""FI"",""FR"",""GR"",""HR"",""HU"",""IE"",""IT"",""LI"",""LT"",""LU"",""LV"",""MT"",""NL"",""NO"",""PL"",""PT"",""RO"",""SE"",""SI"",""SK""]","2024-11-23 00:00:00","The decision was taken pursuant to own-initiative investigations.",SOURCE_VOLUNTARY,,Yes,AUTOMATED_DECISION_FULLY,TikTok,7440305597146274592,"2024-11-23 03:06:08"
07bf12cc-d920-4593-9890-5759fb1852b1,"[""DECISION_VISIBILITY_CONTENT_REMOVED""]",,,,,,,,,,,DECISION_GROUND_INCOMPATIBLE_CONTENT,,,,"Hate Speech and Hateful Behaviors","TikTok is enriched by the various backgrounds of our community members. Our differences should be respected, rather than a cause for division. We do not allow any hateful behavior, hate speech, or promotion of hateful ideologies. This includes content that attacks a person or group because of protected attributes.We proactively enforce our Community Guidelines through a mix of technology and human moderation. We have detected this policy violation using automated measures. We have used automated measures in making this decision.",,STATEMENT_CATEGORY_ILLEGAL_OR_HARMFUL_SPEECH,,,,"[""CONTENT_TYPE_TEXT""]",,,"2024-11-23 00:00:00","[""AT"",""BE"",""BG"",""CY"",""CZ"",""DE"",""DK"",""EE"",""ES"",""FI"",""FR"",""GR"",""HR"",""HU"",""IE"",""IT"",""LI"",""LT"",""LU"",""LV"",""MT"",""NL"",""NO"",""PL"",""PT"",""RO"",""SE"",""SI"",""SK""]","2024-11-23 00:00:00","The decision was taken pursuant to own-initiative investigations.",SOURCE_VOLUNTARY,,Yes,AUTOMATED_DECISION_FULLY,TikTok,7440305605266512673,"2024-11-23 03:06:08"
722f92a5-c790-4264-be12-8c46fa6b6508,"[""DECISION_VISIBILITY_CONTENT_REMOVED""]",,,,,,,,,,,DECISION_GROUND_INCOMPATIBLE_CONTENT,,,,"Hate Speech and Hateful Behaviors","TikTok is enriched by the various backgrounds of our community members. Our differences should be respected, rather than a cause for division. We do not allow any hateful behavior, hate speech, or promotion of hateful ideologies. This includes content that attacks a person or group because of protected attributes.We proactively enforce our Community Guidelines through a mix of technology and human moderation. We have detected this policy violation using automated measures. We have used automated measures in making this decision.",,STATEMENT_CATEGORY_ILLEGAL_OR_HARMFUL_SPEECH,,,,"[""CONTENT_TYPE_TEXT""]",,,"2024-11-23 00:00:00","[""AT"",""BE"",""BG"",""CY"",""CZ"",""DE"",""DK"",""EE"",""ES"",""FI"",""FR"",""GR"",""HR"",""HU"",""IE"",""IT"",""LI"",""LT"",""LU"",""LV"",""MT"",""NL"",""NO"",""PL"",""PT"",""RO"",""SE"",""SI"",""SK""]","2024-11-23 00:00:00","The decision was taken pursuant to own-initiative investigations.",SOURCE_VOLUNTARY,,Yes,AUTOMATED_DECISION_FULLY,TikTok,7440305597146290976,"2024-11-23 03:06:08"
44f7678c-251c-4810-9781-739172de0e1d,"[""DECISION_VISIBILITY_OTHER""]","Photo not eligible for recommendation in the For You feed, and visibility restricted in search results",,,,,,,,,,DECISION_GROUND_INCOMPATIBLE_CONTENT,,,,"Civic and Election Integrity","We want to enable the informed exchange of civic ideas in a way that fosters productive dialogue. Your video didn’t meet our eligibility standards for the For You Feed. Please review our Community Guidelines for more information.We proactively enforce our Community Guidelines through a mix of technology and human moderation. We have detected this policy violation using automated measures. We have used automated measures in making this decision.",,STATEMENT_CATEGORY_NEGATIVE_EFFECTS_ON_CIVIC_DISCOURSE_OR_ELECTIONS,,,,"[""CONTENT_TYPE_IMAGE""]",,,"2024-11-23 00:00:00","[""AT"",""BE"",""BG"",""CY"",""CZ"",""DE"",""DK"",""EE"",""ES"",""FI"",""FR"",""GR"",""HR"",""HU"",""IE"",""IT"",""LI"",""LT"",""LU"",""LV"",""MT"",""NL"",""NO"",""PL"",""PT"",""RO"",""SE"",""SI"",""SK""]","2024-11-23 00:00:00","The decision was taken pursuant to own-initiative investigations.",SOURCE_VOLUNTARY,,Yes,AUTOMATED_DECISION_FULLY,TikTok,7440305597146307360,"2024-11-23 03:06:08"
47402505-2185-4145-8291-a43d3c572fc9,"[""DECISION_VISIBILITY_CONTENT_REMOVED""]",,,,,,,,,,,DECISION_GROUND_INCOMPATIBLE_CONTENT,,,,"Harassment and Bullying","We welcome the respectful expression of different viewpoints, but not toxicity or trolling. We do not allow language or behavior that harasses, humiliates, threatens, or doxes anyone. This also includes responding to such acts with retaliatory harassment (but excludes non-harassing counterspeech).We proactively enforce our Community Guidelines through a mix of technology and human moderation. We have detected this policy violation using automated measures. We have used automated measures in making this decision.",,STATEMENT_CATEGORY_ILLEGAL_OR_HARMFUL_SPEECH,,,,"[""CONTENT_TYPE_TEXT""]",,,"2024-11-23 00:00:00","[""AT"",""BE"",""BG"",""CY"",""CZ"",""DE"",""DK"",""EE"",""ES"",""FI"",""FR"",""GR"",""HR"",""HU"",""IE"",""IT"",""LI"",""LT"",""LU"",""LV"",""MT"",""NL"",""NO"",""PL"",""PT"",""RO"",""SE"",""SI"",""SK""]","2024-11-23 00:00:00","The decision was taken pursuant to own-initiative investigations.",SOURCE_VOLUNTARY,,Yes,AUTOMATED_DECISION_FULLY,TikTok,7440305597146323744,"2024-11-23 03:06:08"
0c767cd8-1ed2-40a3-bd8b-c9951593f01f,"[""DECISION_VISIBILITY_OTHER""]","Video not eligible for recommendation in the For You feed",,,,,,,,,,DECISION_GROUND_INCOMPATIBLE_CONTENT,,,,"Community Guidelines","We maintain content eligibility standards for the For You feed (FYF) that prioritize safety and are informed by the diversity of our community and cultural norms. We make ineligible for the FYF certain content that may not be appropriate for a broad audience related to: (1) Behavioral Health, (2) Sensitive and Mature Themes, (3) Integrity and Authenticity, and (4) Regulated Goods. Content that is ineligible for the FYF can still be discovered in other ways, such as through search tools or by following an account.We proactively enforce our Community Guidelines through a mix of technology and human moderation. We have detected this policy violation using automated measures. We have used automated measures in making this decision.",,STATEMENT_CATEGORY_SCOPE_OF_PLATFORM_SERVICE,,,,"[""CONTENT_TYPE_VIDEO""]",,,"2024-11-23 00:00:00","[""AT"",""BE"",""BG"",""CY"",""CZ"",""DE"",""DK"",""EE"",""ES"",""FI"",""FR"",""GR"",""HR"",""HU"",""IE"",""IT"",""LI"",""LT"",""LU"",""LV"",""MT"",""NL"",""NO"",""PL"",""PT"",""RO"",""SE"",""SI"",""SK""]","2024-11-23 00:00:00","The decision was taken pursuant to own-initiative investigations.",SOURCE_VOLUNTARY,,Yes,AUTOMATED_DECISION_FULLY,TikTok,7440305605266529057,"2024-11-23 03:06:08"
55f13b59-9898-49d8-91a9-cf5c17671797,"[""DECISION_VISIBILITY_CONTENT_REMOVED""]",,,,,,,,,,,DECISION_GROUND_INCOMPATIBLE_CONTENT,,,,"Harassment and Bullying","We welcome the respectful expression of different viewpoints, but not toxicity or trolling. We do not allow language or behavior that harasses, humiliates, threatens, or doxes anyone. This also includes responding to such acts with retaliatory harassment (but excludes non-harassing counterspeech).We proactively enforce our Community Guidelines through a mix of technology and human moderation. We have detected this policy violation using automated measures. We have used automated measures in making this decision.",,STATEMENT_CATEGORY_ILLEGAL_OR_HARMFUL_SPEECH,,,,"[""CONTENT_TYPE_TEXT""]",,,"2024-11-23 00:00:00","[""AT"",""BE"",""BG"",""CY"",""CZ"",""DE"",""DK"",""EE"",""ES"",""FI"",""FR"",""GR"",""HR"",""HU"",""IE"",""IT"",""LI"",""LT"",""LU"",""LV"",""MT"",""NL"",""NO"",""PL"",""PT"",""RO"",""SE"",""SI"",""SK""]","2024-11-23 00:00:00","The decision was taken pursuant to own-initiative investigations.",SOURCE_VOLUNTARY,,Yes,AUTOMATED_DECISION_FULLY,TikTok,7440305616947518240,"2024-11-23 03:06:08"
16c4e182-35f6-4e46-9fea-2156ea7b467d,,,,,,,,,DECISION_ACCOUNT_TERMINATED,,,DECISION_GROUND_INCOMPATIBLE_CONTENT,,,,"Advertising policy violation","Reasons why your account may have been suspended: - We received a report or complaint about your account from people on TikTok or other channels. - There are problems with your ad creative, or qualifications or services provided in your ads. - We suspected malicious behavior or intent during ad creation. - You made changes to your ad's landing page after launching the campaign.",,STATEMENT_CATEGORY_SCOPE_OF_PLATFORM_SERVICE,,,,"[""CONTENT_TYPE_OTHER""]","Account Suspended",,"2024-11-22 00:00:00","[""AT"",""BE"",""BG"",""CY"",""CZ"",""DE"",""DK"",""EE"",""ES"",""FI"",""FR"",""GR"",""HR"",""HU"",""IE"",""IT"",""LI"",""LT"",""LU"",""LV"",""MT"",""NL"",""NO"",""PL"",""PT"",""RO"",""SE"",""SI"",""SK""]","2024-11-23 00:00:00","The decision was taken pursuant to own-initiative investigations.",SOURCE_VOLUNTARY,,Yes,AUTOMATED_DECISION_FULLY,TikTok,7440305616947534624,"2024-11-23 03:06:08"
d20a3d7e-61a6-4805-9ca6-eb93872d47bc,"[""DECISION_VISIBILITY_OTHER""]","Video not eligible for recommendation in the For You feed",,,,,,,,,,DECISION_GROUND_INCOMPATIBLE_CONTENT,,,,"Alcohol, Tobacco, and Drugs","While adults make personal choices about how they engage with alcohol, drugs, and tobacco, we recognize that there are risks connected to trading and using these substances. Content is ineligible for the For You feed and harder to find in search if it shows adults consuming excessive amounts of alcohol or tobacco products.We proactively enforce our Community Guidelines through a mix of technology and human moderation. We have detected this policy violation using automated measures. We have used automated measures in making this decision.",,STATEMENT_CATEGORY_SCOPE_OF_PLATFORM_SERVICE,,,,"[""CONTENT_TYPE_VIDEO""]",,,"2024-11-23 00:00:00","[""AT"",""BE"",""BG"",""CY"",""CZ"",""DE"",""DK"",""EE"",""ES"",""FI"",""FR"",""GR"",""HR"",""HU"",""IE"",""IT"",""LI"",""LT"",""LU"",""LV"",""MT"",""NL"",""NO"",""PL"",""PT"",""RO"",""SE"",""SI"",""SK""]","2024-11-23 00:00:00","The decision was taken pursuant to own-initiative investigations.",SOURCE_VOLUNTARY,,Yes,AUTOMATED_DECISION_FULLY,TikTok,7440305597146340128,"2024-11-23 03:06:08"
7ca33ca5-20d9-4219-80c7-757ae0ea3842,"[""DECISION_VISIBILITY_CONTENT_REMOVED""]",,,,,,,,,,,DECISION_GROUND_INCOMPATIBLE_CONTENT,,,,"Sexual Exploitation and Gender-Based Violence","We are committed to providing a space that embraces gender equity, supports healthy relationships, and respects intimate privacy. We do not allow sexual exploitation or gender-based violence, including non-consensual sexual acts, image-based sexual abuse, sextortion, physical abuse, and sexual harassment.We proactively enforce our Community Guidelines through a mix of technology and human moderation. We have detected this policy violation using automated measures. We have used automated measures in making this decision.",,STATEMENT_CATEGORY_VIOLENCE,,,,"[""CONTENT_TYPE_TEXT""]",,,"2024-11-23 00:00:00","[""AT"",""BE"",""BG"",""CY"",""CZ"",""DE"",""DK"",""EE"",""ES"",""FI"",""FR"",""GR"",""HR"",""HU"",""IE"",""IT"",""LI"",""LT"",""LU"",""LV"",""MT"",""NL"",""NO"",""PL"",""PT"",""RO"",""SE"",""SI"",""SK""]","2024-11-23 00:00:00","The decision was taken pursuant to own-initiative investigations.",SOURCE_VOLUNTARY,,Yes,AUTOMATED_DECISION_FULLY,TikTok,7440305597146356512,"2024-11-23 03:06:08"
ddb103bc-e05d-4a70-8055-6c7906fac58f,"[""DECISION_VISIBILITY_OTHER""]","Photo not eligible for recommendation in the For You feed, and visibility restricted in search results",,,,,,,,,,DECISION_GROUND_INCOMPATIBLE_CONTENT,,,,"Civic and Election Integrity","We want to enable the informed exchange of civic ideas in a way that fosters productive dialogue. Your video didn’t meet our eligibility standards for the For You Feed. Please review our Community Guidelines for more information.We proactively enforce our Community Guidelines through a mix of technology and human moderation. We have detected this policy violation using automated measures. We have used automated measures in making this decision.",,STATEMENT_CATEGORY_NEGATIVE_EFFECTS_ON_CIVIC_DISCOURSE_OR_ELECTIONS,,,,"[""CONTENT_TYPE_IMAGE""]",,,"2024-11-23 00:00:00","[""AT"",""BE"",""BG"",""CY"",""CZ"",""DE"",""DK"",""EE"",""ES"",""FI"",""FR"",""GR"",""HR"",""HU"",""IE"",""IT"",""LI"",""LT"",""LU"",""LV"",""MT"",""NL"",""NO"",""PL"",""PT"",""RO"",""SE"",""SI"",""SK""]","2024-11-23 00:00:00","The decision was taken pursuant to own-initiative investigations.",SOURCE_VOLUNTARY,,Yes,AUTOMATED_DECISION_FULLY,TikTok,7440305615613729569,"2024-11-23 03:06:08"
264b4527-e07e-4873-9e69-f9501bf44bac,"[""DECISION_VISIBILITY_OTHER""]","Video not eligible for recommendation in the For You feed",,,,,,,,,,DECISION_GROUND_INCOMPATIBLE_CONTENT,,,,"Community Guidelines","We maintain content eligibility standards for the For You feed (FYF) that prioritize safety and are informed by the diversity of our community and cultural norms. We make ineligible for the FYF certain content that may not be appropriate for a broad audience related to: (1) Behavioral Health, (2) Sensitive and Mature Themes, (3) Integrity and Authenticity, and (4) Regulated Goods. Content that is ineligible for the FYF can still be discovered in other ways, such as through search tools or by following an account.We proactively enforce our Community Guidelines through a mix of technology and human moderation. We have detected this policy violation using automated measures. We have used automated measures in making this decision.",,STATEMENT_CATEGORY_SCOPE_OF_PLATFORM_SERVICE,,,,"[""CONTENT_TYPE_VIDEO""]",,,"2024-11-23 00:00:00","[""AT"",""BE"",""BG"",""CY"",""CZ"",""DE"",""DK"",""EE"",""ES"",""FI"",""FR"",""GR"",""HR"",""HU"",""IE"",""IT"",""LI"",""LT"",""LU"",""LV"",""MT"",""NL"",""NO"",""PL"",""PT"",""RO"",""SE"",""SI"",""SK""]","2024-11-23 00:00:00","The decision was taken pursuant to own-initiative investigations.",SOURCE_VOLUNTARY,,Yes,AUTOMATED_DECISION_FULLY,TikTok,7440305615613745953,"2024-11-23 03:06:08"
25380cea-6972-4966-a4cb-bc9ef13fb7b4,"[""DECISION_VISIBILITY_CONTENT_REMOVED""]",,,,,,,,,,,DECISION_GROUND_INCOMPATIBLE_CONTENT,,,,"Harassment and Bullying","We welcome the respectful expression of different viewpoints, but not toxicity or trolling. We do not allow language or behavior that harasses, humiliates, threatens, or doxes anyone. This also includes responding to such acts with retaliatory harassment (but excludes non-harassing counterspeech).We proactively enforce our Community Guidelines through a mix of technology and human moderation. We have detected this policy violation using automated measures. We have used automated measures in making this decision.",,STATEMENT_CATEGORY_ILLEGAL_OR_HARMFUL_SPEECH,,,,"[""CONTENT_TYPE_TEXT""]",,,"2024-11-23 00:00:00","[""AT"",""BE"",""BG"",""CY"",""CZ"",""DE"",""DK"",""EE"",""ES"",""FI"",""FR"",""GR"",""HR"",""HU"",""IE"",""IT"",""LI"",""LT"",""LU"",""LV"",""MT"",""NL"",""NO"",""PL"",""PT"",""RO"",""SE"",""SI"",""SK""]","2024-11-23 00:00:00","The decision was taken pursuant to own-initiative investigations.",SOURCE_VOLUNTARY,,Yes,AUTOMATED_DECISION_FULLY,TikTok,7440305616947551008,"2024-11-23 03:06:08"
b039c4a2-d859-48ae-9a8a-8f53af2c5cc9,"[""DECISION_VISIBILITY_OTHER""]","Photo not eligible for recommendation in the For You feed, and visibility restricted in search results",,,,,,,,,,DECISION_GROUND_INCOMPATIBLE_CONTENT,,,,"Civic and Election Integrity","We want to enable the informed exchange of civic ideas in a way that fosters productive dialogue. Your video didn’t meet our eligibility standards for the For You Feed. Please review our Community Guidelines for more information.We proactively enforce our Community Guidelines through a mix of technology and human moderation. We have detected this policy violation using automated measures. We have used automated measures in making this decision.",,STATEMENT_CATEGORY_NEGATIVE_EFFECTS_ON_CIVIC_DISCOURSE_OR_ELECTIONS,,,,"[""CONTENT_TYPE_IMAGE""]",,,"2024-11-23 00:00:00","[""AT"",""BE"",""BG"",""CY"",""CZ"",""DE"",""DK"",""EE"",""ES"",""FI"",""FR"",""GR"",""HR"",""HU"",""IE"",""IT"",""LI"",""LT"",""LU"",""LV"",""MT"",""NL"",""NO"",""PL"",""PT"",""RO"",""SE"",""SI"",""SK""]","2024-11-23 00:00:00","The decision was taken pursuant to own-initiative investigations.",SOURCE_VOLUNTARY,,Yes,AUTOMATED_DECISION_FULLY,TikTok,7440305616947567392,"2024-11-23 03:06:08"
5d2d8063-7026-4e9e-9f57-ef8b8846ca08,"[""DECISION_VISIBILITY_CONTENT_REMOVED""]",,,,,,,,,,,DECISION_GROUND_INCOMPATIBLE_CONTENT,,,,"Harassment and Bullying","We welcome the respectful expression of different viewpoints, but not toxicity or trolling. We do not allow language or behavior that harasses, humiliates, threatens, or doxes anyone. This also includes responding to such acts with retaliatory harassment (but excludes non-harassing counterspeech).We proactively enforce our Community Guidelines through a mix of technology and human moderation. We have detected this policy violation using automated measures. We have used automated measures in making this decision.",,STATEMENT_CATEGORY_ILLEGAL_OR_HARMFUL_SPEECH,,,,"[""CONTENT_TYPE_TEXT""]",,,"2024-11-23 00:00:00","[""AT"",""BE"",""BG"",""CY"",""CZ"",""DE"",""DK"",""EE"",""ES"",""FI"",""FR"",""GR"",""HR"",""HU"",""IE"",""IT"",""LI"",""LT"",""LU"",""LV"",""MT"",""NL"",""NO"",""PL"",""PT"",""RO"",""SE"",""SI"",""SK""]","2024-11-23 00:00:00","The decision was taken pursuant to own-initiative investigations.",SOURCE_VOLUNTARY,,Yes,AUTOMATED_DECISION_FULLY,TikTok,7440305616947583776,"2024-11-23 03:06:08"
ee7510a4-725b-4cfb-bf8a-a4dd9e0d2495,"[""DECISION_VISIBILITY_OTHER""]","Video not eligible for recommendation in the For You feed",,,,,,,,,,DECISION_GROUND_INCOMPATIBLE_CONTENT,,,,"Alcohol, Tobacco, and Drugs","While adults make personal choices about how they engage with alcohol, drugs, and tobacco, we recognize that there are risks connected to trading and using these substances. Content is ineligible for the For You feed and harder to find in search if it shows adults consuming excessive amounts of alcohol or tobacco products.We proactively enforce our Community Guidelines through a mix of technology and human moderation. We have detected this policy violation using automated measures. We have used automated measures in making this decision.",,STATEMENT_CATEGORY_SCOPE_OF_PLATFORM_SERVICE,,,,"[""CONTENT_TYPE_VIDEO""]",,,"2024-11-23 00:00:00","[""AT"",""BE"",""BG"",""CY"",""CZ"",""DE"",""DK"",""EE"",""ES"",""FI"",""FR"",""GR"",""HR"",""HU"",""IE"",""IT"",""LI"",""LT"",""LU"",""LV"",""MT"",""NL"",""NO"",""PL"",""PT"",""RO"",""SE"",""SI"",""SK""]","2024-11-23 00:00:00","The decision was taken pursuant to own-initiative investigations.",SOURCE_VOLUNTARY,,Yes,AUTOMATED_DECISION_FULLY,TikTok,7440305615613762337,"2024-11-23 03:06:08"
f6f6f9dc-c57c-48f0-8ac6-00bbfed8b5f8,"[""DECISION_VISIBILITY_CONTENT_REMOVED""]",,,,,,,,,,,DECISION_GROUND_INCOMPATIBLE_CONTENT,,,,"Sexual Exploitation and Gender-Based Violence","We are committed to providing a space that embraces gender equity, supports healthy relationships, and respects intimate privacy. We do not allow sexual exploitation or gender-based violence, including non-consensual sexual acts, image-based sexual abuse, sextortion, physical abuse, and sexual harassment.We proactively enforce our Community Guidelines through a mix of technology and human moderation. We have detected this policy violation using automated measures. We have used automated measures in making this decision.",,STATEMENT_CATEGORY_VIOLENCE,,,,"[""CONTENT_TYPE_TEXT""]",,,"2024-11-23 00:00:00","[""AT"",""BE"",""BG"",""CY"",""CZ"",""DE"",""DK"",""EE"",""ES"",""FI"",""FR"",""GR"",""HR"",""HU"",""IE"",""IT"",""LI"",""LT"",""LU"",""LV"",""MT"",""NL"",""NO"",""PL"",""PT"",""RO"",""SE"",""SI"",""SK""]","2024-11-23 00:00:00","The decision was taken pursuant to own-initiative investigations.",SOURCE_VOLUNTARY,,Yes,AUTOMATED_DECISION_FULLY,TikTok,7440305615613778721,"2024-11-23 03:06:08"
56f7ef37-7ed5-4fec-bdcb-ce2218a873bc,"[""DECISION_VISIBILITY_OTHER""]","Video not eligible for recommendation in the For You feed",,,,,,,,,,DECISION_GROUND_INCOMPATIBLE_CONTENT,,,,"Community Guidelines","We maintain content eligibility standards for the For You feed (FYF) that prioritize safety and are informed by the diversity of our community and cultural norms. We make ineligible for the FYF certain content that may not be appropriate for a broad audience related to: (1) Behavioral Health, (2) Sensitive and Mature Themes, (3) Integrity and Authenticity, and (4) Regulated Goods. Content that is ineligible for the FYF can still be discovered in other ways, such as through search tools or by following an account.We proactively enforce our Community Guidelines through a mix of technology and human moderation. We have detected this policy violation using automated measures. We have used automated measures in making this decision.",,STATEMENT_CATEGORY_SCOPE_OF_PLATFORM_SERVICE,,,,"[""CONTENT_TYPE_VIDEO""]",,,"2024-11-23 00:00:00","[""AT"",""BE"",""BG"",""CY"",""CZ"",""DE"",""DK"",""EE"",""ES"",""FI"",""FR"",""GR"",""HR"",""HU"",""IE"",""IT"",""LI"",""LT"",""LU"",""LV"",""MT"",""NL"",""NO"",""PL"",""PT"",""RO"",""SE"",""SI"",""SK""]","2024-11-23 00:00:00","The decision was taken pursuant to own-initiative investigations.",SOURCE_VOLUNTARY,,Yes,AUTOMATED_DECISION_FULLY,TikTok,7440305616947600160,"2024-11-23 03:06:08"
2a9cd59d-3608-47b0-87a6-9935bf455efb,"[""DECISION_VISIBILITY_CONTENT_REMOVED""]",,,,,,,,,,,DECISION_GROUND_INCOMPATIBLE_CONTENT,,,,"Harassment and Bullying","We welcome the respectful expression of different viewpoints, but not toxicity or trolling. We do not allow language or behavior that harasses, humiliates, threatens, or doxes anyone. This also includes responding to such acts with retaliatory harassment (but excludes non-harassing counterspeech).We proactively enforce our Community Guidelines through a mix of technology and human moderation. We have detected this policy violation using automated measures. We have used automated measures in making this decision.",,STATEMENT_CATEGORY_ILLEGAL_OR_HARMFUL_SPEECH,,,,"[""CONTENT_TYPE_TEXT""]",,,"2024-11-23 00:00:00","[""AT"",""BE"",""BG"",""CY"",""CZ"",""DE"",""DK"",""EE"",""ES"",""FI"",""FR"",""GR"",""HR"",""HU"",""IE"",""IT"",""LI"",""LT"",""LU"",""LV"",""MT"",""NL"",""NO"",""PL"",""PT"",""RO"",""SE"",""SI"",""SK""]","2024-11-23 00:00:00","The decision was taken pursuant to own-initiative investigations.",SOURCE_VOLUNTARY,,Yes,AUTOMATED_DECISION_FULLY,TikTok,7440305616947616544,"2024-11-23 03:06:08"
eccd6649-97a9-4c2f-b0d2-87e900afb2db,"[""DECISION_VISIBILITY_CONTENT_REMOVED""]",,,,,,,,,,,DECISION_GROUND_INCOMPATIBLE_CONTENT,,,,"Harassment and Bullying","We welcome the respectful expression of different viewpoints, but not toxicity or trolling. We do not allow language or behavior that harasses, humiliates, threatens, or doxes anyone. This also includes responding to such acts with retaliatory harassment (but excludes non-harassing counterspeech).We proactively enforce our Community Guidelines through a mix of technology and human moderation. We have detected this policy violation using automated measures. We have used automated measures in making this decision.",,STATEMENT_CATEGORY_ILLEGAL_OR_HARMFUL_SPEECH,,,,"[""CONTENT_TYPE_TEXT""]",,,"2024-11-23 00:00:00","[""AT"",""BE"",""BG"",""CY"",""CZ"",""DE"",""DK"",""EE"",""ES"",""FI"",""FR"",""GR"",""HR"",""HU"",""IE"",""IT"",""LI"",""LT"",""LU"",""LV"",""MT"",""NL"",""NO"",""PL"",""PT"",""RO"",""SE"",""SI"",""SK""]","2024-11-23 00:00:00","The decision was taken pursuant to own-initiative investigations.",SOURCE_VOLUNTARY,,Yes,AUTOMATED_DECISION_FULLY,TikTok,7440305616947632928,"2024-11-23 03:06:08"
6e3e7d19-745b-40c8-b43f-402ee8290eef,"[""DECISION_VISIBILITY_CONTENT_REMOVED""]",,,,,,,,,,,DECISION_GROUND_INCOMPATIBLE_CONTENT,,,,"Harassment and Bullying","We welcome the respectful expression of different viewpoints, but not toxicity or trolling. We do not allow language or behavior that harasses, humiliates, threatens, or doxes anyone. This also includes responding to such acts with retaliatory harassment (but excludes non-harassing counterspeech).We proactively enforce our Community Guidelines through a mix of technology and human moderation. We have detected this policy violation using automated measures. We have used automated measures in making this decision.",,STATEMENT_CATEGORY_ILLEGAL_OR_HARMFUL_SPEECH,,,,"[""CONTENT_TYPE_TEXT""]",,,"2024-11-23 00:00:00","[""AT"",""BE"",""BG"",""CY"",""CZ"",""DE"",""DK"",""EE"",""ES"",""FI"",""FR"",""GR"",""HR"",""HU"",""IE"",""IT"",""LI"",""LT"",""LU"",""LV"",""MT"",""NL"",""NO"",""PL"",""PT"",""RO"",""SE"",""SI"",""SK""]","2024-11-23 00:00:00","The decision was taken pursuant to own-initiative investigations.",SOURCE_VOLUNTARY,,Yes,AUTOMATED_DECISION_FULLY,TikTok,7440305615613795105,"2024-11-23 03:06:08"
f67cbbc1-2d60-4361-875e-1cac20a3c0fe,"[""DECISION_VISIBILITY_CONTENT_REMOVED""]",,,,,,,,,,,DECISION_GROUND_INCOMPATIBLE_CONTENT,,,,"Harassment and Bullying","We welcome the respectful expression of different viewpoints, but not toxicity or trolling. We do not allow language or behavior that harasses, humiliates, threatens, or doxes anyone. This also includes responding to such acts with retaliatory harassment (but excludes non-harassing counterspeech).We proactively enforce our Community Guidelines through a mix of technology and human moderation. We have detected this policy violation using automated measures. We have used automated measures in making this decision.",,STATEMENT_CATEGORY_ILLEGAL_OR_HARMFUL_SPEECH,,,,"[""CONTENT_TYPE_TEXT""]",,,"2024-11-23 00:00:00","[""AT"",""BE"",""BG"",""CY"",""CZ"",""DE"",""DK"",""EE"",""ES"",""FI"",""FR"",""GR"",""HR"",""HU"",""IE"",""IT"",""LI"",""LT"",""LU"",""LV"",""MT"",""NL"",""NO"",""PL"",""PT"",""RO"",""SE"",""SI"",""SK""]","2024-11-23 00:00:00","The decision was taken pursuant to own-initiative investigations.",SOURCE_VOLUNTARY,,Yes,AUTOMATED_DECISION_FULLY,TikTok,7440305615613811489,"2024-11-23 03:06:08"
cefad856-dbdf-4f08-ab0f-1fabf53db2ae,"[""DECISION_VISIBILITY_CONTENT_REMOVED""]",,,,,,,,,,,DECISION_GROUND_INCOMPATIBLE_CONTENT,,,,"Harassment and Bullying","We welcome the respectful expression of different viewpoints, but not toxicity or trolling. We do not allow language or behavior that harasses, humiliates, threatens, or doxes anyone. This also includes responding to such acts with retaliatory harassment (but excludes non-harassing counterspeech).We proactively enforce our Community Guidelines through a mix of technology and human moderation. We have detected this policy violation using automated measures. We have used automated measures in making this decision.",,STATEMENT_CATEGORY_ILLEGAL_OR_HARMFUL_SPEECH,,,,"[""CONTENT_TYPE_TEXT""]",,,"2024-11-23 00:00:00","[""AT"",""BE"",""BG"",""CY"",""CZ"",""DE"",""DK"",""EE"",""ES"",""FI"",""FR"",""GR"",""HR"",""HU"",""IE"",""IT"",""LI"",""LT"",""LU"",""LV"",""MT"",""NL"",""NO"",""PL"",""PT"",""RO"",""SE"",""SI"",""SK""]","2024-11-23 00:00:00","The decision was taken pursuant to own-initiative investigations.",SOURCE_VOLUNTARY,,Yes,AUTOMATED_DECISION_FULLY,TikTok,7440305615613827873,"2024-11-23 03:06:08"
efa4ebf5-9869-48e7-9241-82d970c88076,"[""DECISION_VISIBILITY_OTHER""]","Video not eligible for recommendation in the For You feed",,,,,,,,,,DECISION_GROUND_INCOMPATIBLE_CONTENT,,,,"Community Guidelines","We maintain content eligibility standards for the For You feed (FYF) that prioritize safety and are informed by the diversity of our community and cultural norms. We make ineligible for the FYF certain content that may not be appropriate for a broad audience related to: (1) Behavioral Health, (2) Sensitive and Mature Themes, (3) Integrity and Authenticity, and (4) Regulated Goods. Content that is ineligible for the FYF can still be discovered in other ways, such as through search tools or by following an account.We proactively enforce our Community Guidelines through a mix of technology and human moderation. We have detected this policy violation using automated measures. We have used automated measures in making this decision.",,STATEMENT_CATEGORY_SCOPE_OF_PLATFORM_SERVICE,,,,"[""CONTENT_TYPE_VIDEO""]",,,"2024-11-23 00:00:00","[""AT"",""BE"",""BG"",""CY"",""CZ"",""DE"",""DK"",""EE"",""ES"",""FI"",""FR"",""GR"",""HR"",""HU"",""IE"",""IT"",""LI"",""LT"",""LU"",""LV"",""MT"",""NL"",""NO"",""PL"",""PT"",""RO"",""SE"",""SI"",""SK""]","2024-11-23 00:00:00","The decision was taken pursuant to own-initiative investigations.",SOURCE_VOLUNTARY,,Yes,AUTOMATED_DECISION_FULLY,TikTok,7440305615613844257,"2024-11-23 03:06:08"
ae6464d8-c770-4ee2-9aeb-8afc1726abed,"[""DECISION_VISIBILITY_CONTENT_REMOVED""]",,,,,,,,,,,DECISION_GROUND_INCOMPATIBLE_CONTENT,,,,"Harassment and Bullying","We welcome the respectful expression of different viewpoints, but not toxicity or trolling. We do not allow language or behavior that harasses, humiliates, threatens, or doxes anyone. This also includes responding to such acts with retaliatory harassment (but excludes non-harassing counterspeech).We proactively enforce our Community Guidelines through a mix of technology and human moderation. We have detected this policy violation using automated measures. We have used automated measures in making this decision.",,STATEMENT_CATEGORY_ILLEGAL_OR_HARMFUL_SPEECH,,,,"[""CONTENT_TYPE_TEXT""]",,,"2024-11-23 00:00:00","[""AT"",""BE"",""BG"",""CY"",""CZ"",""DE"",""DK"",""EE"",""ES"",""FI"",""FR"",""GR"",""HR"",""HU"",""IE"",""IT"",""LI"",""LT"",""LU"",""LV"",""MT"",""NL"",""NO"",""PL"",""PT"",""RO"",""SE"",""SI"",""SK""]","2024-11-23 00:00:00","The decision was taken pursuant to own-initiative investigations.",SOURCE_VOLUNTARY,,Yes,AUTOMATED_DECISION_FULLY,TikTok,7440305616947649312,"2024-11-23 03:06:08"
c1fd2b05-f634-4c32-afe6-4233d88d521f,"[""DECISION_VISIBILITY_OTHER""]","Video not eligible for recommendation in the For You feed",,,,,,,,,,DECISION_GROUND_INCOMPATIBLE_CONTENT,,,,"Community Guidelines","We maintain content eligibility standards for the For You feed (FYF) that prioritize safety and are informed by the diversity of our community and cultural norms. We make ineligible for the FYF certain content that may not be appropriate for a broad audience related to: (1) Behavioral Health, (2) Sensitive and Mature Themes, (3) Integrity and Authenticity, and (4) Regulated Goods. Content that is ineligible for the FYF can still be discovered in other ways, such as through search tools or by following an account.We proactively enforce our Community Guidelines through a mix of technology and human moderation. We have detected this policy violation using automated measures. We have used automated measures in making this decision.",,STATEMENT_CATEGORY_SCOPE_OF_PLATFORM_SERVICE,,,,"[""CONTENT_TYPE_VIDEO""]",,,"2024-11-23 00:00:00","[""AT"",""BE"",""BG"",""CY"",""CZ"",""DE"",""DK"",""EE"",""ES"",""FI"",""FR"",""GR"",""HR"",""HU"",""IE"",""IT"",""LI"",""LT"",""LU"",""LV"",""MT"",""NL"",""NO"",""PL"",""PT"",""RO"",""SE"",""SI"",""SK""]","2024-11-23 00:00:00","The decision was taken pursuant to own-initiative investigations.",SOURCE_VOLUNTARY,,Yes,AUTOMATED_DECISION_FULLY,TikTok,7440305616947665696,"2024-11-23 03:06:08"
70672960-c3d3-4a21-a8fb-638f1c10e435,"[""DECISION_VISIBILITY_CONTENT_REMOVED""]",,,,,,,,,,,DECISION_GROUND_INCOMPATIBLE_CONTENT,,,,"Harassment and Bullying","We welcome the respectful expression of different viewpoints, but not toxicity or trolling. We do not allow language or behavior that harasses, humiliates, threatens, or doxes anyone. This also includes responding to such acts with retaliatory harassment (but excludes non-harassing counterspeech).We proactively enforce our Community Guidelines through a mix of technology and human moderation. We have detected this policy violation using automated measures. We have used automated measures in making this decision.",,STATEMENT_CATEGORY_ILLEGAL_OR_HARMFUL_SPEECH,,,,"[""CONTENT_TYPE_TEXT""]",,,"2024-11-23 00:00:00","[""AT"",""BE"",""BG"",""CY"",""CZ"",""DE"",""DK"",""EE"",""ES"",""FI"",""FR"",""GR"",""HR"",""HU"",""IE"",""IT"",""LI"",""LT"",""LU"",""LV"",""MT"",""NL"",""NO"",""PL"",""PT"",""RO"",""SE"",""SI"",""SK""]","2024-11-23 00:00:00","The decision was taken pursuant to own-initiative investigations.",SOURCE_VOLUNTARY,,Yes,AUTOMATED_DECISION_FULLY,TikTok,7440305615613860641,"2024-11-23 03:06:08"
fe357ee0-2147-49af-9290-28fe58ea5afa,"[""DECISION_VISIBILITY_CONTENT_REMOVED""]",,,,,,,,,,,DECISION_GROUND_INCOMPATIBLE_CONTENT,,,,"Harassment and Bullying","We welcome the respectful expression of different viewpoints, but not toxicity or trolling. We do not allow language or behavior that harasses, humiliates, threatens, or doxes anyone. This also includes responding to such acts with retaliatory harassment (but excludes non-harassing counterspeech).We proactively enforce our Community Guidelines through a mix of technology and human moderation. We have detected this policy violation using automated measures. We have used automated measures in making this decision.",,STATEMENT_CATEGORY_ILLEGAL_OR_HARMFUL_SPEECH,,,,"[""CONTENT_TYPE_TEXT""]",,,"2024-11-23 00:00:00","[""AT"",""BE"",""BG"",""CY"",""CZ"",""DE"",""DK"",""EE"",""ES"",""FI"",""FR"",""GR"",""HR"",""HU"",""IE"",""IT"",""LI"",""LT"",""LU"",""LV"",""MT"",""NL"",""NO"",""PL"",""PT"",""RO"",""SE"",""SI"",""SK""]","2024-11-23 00:00:00","The decision was taken pursuant to own-initiative investigations.",SOURCE_VOLUNTARY,,Yes,AUTOMATED_DECISION_FULLY,TikTok,7440305615613877025,"2024-11-23 03:06:08"
d0cba70a-9c8e-418e-99c2-451be8cca41b,"[""DECISION_VISIBILITY_CONTENT_REMOVED""]",,,,,,,,,,,DECISION_GROUND_INCOMPATIBLE_CONTENT,,,,"Harassment and Bullying","We welcome the respectful expression of different viewpoints, but not toxicity or trolling. We do not allow language or behavior that harasses, humiliates, threatens, or doxes anyone. This also includes responding to such acts with retaliatory harassment (but excludes non-harassing counterspeech).We proactively enforce our Community Guidelines through a mix of technology and human moderation. We have detected this policy violation using automated measures. We have used automated measures in making this decision.",,STATEMENT_CATEGORY_ILLEGAL_OR_HARMFUL_SPEECH,,,,"[""CONTENT_TYPE_TEXT""]",,,"2024-11-23 00:00:00","[""AT"",""BE"",""BG"",""CY"",""CZ"",""DE"",""DK"",""EE"",""ES"",""FI"",""FR"",""GR"",""HR"",""HU"",""IE"",""IT"",""LI"",""LT"",""LU"",""LV"",""MT"",""NL"",""NO"",""PL"",""PT"",""RO"",""SE"",""SI"",""SK""]","2024-11-23 00:00:00","The decision was taken pursuant to own-initiative investigations.",SOURCE_VOLUNTARY,,Yes,AUTOMATED_DECISION_FULLY,TikTok,7440305627324226336,"2024-11-23 03:06:08"
b1d510eb-5a7c-4cb9-9ded-28766eb263c3,"[""DECISION_VISIBILITY_CONTENT_REMOVED""]",,,,,,,,,,,DECISION_GROUND_INCOMPATIBLE_CONTENT,,,,"Harassment and Bullying","We welcome the respectful expression of different viewpoints, but not toxicity or trolling. We do not allow language or behavior that harasses, humiliates, threatens, or doxes anyone. This also includes responding to such acts with retaliatory harassment (but excludes non-harassing counterspeech).We proactively enforce our Community Guidelines through a mix of technology and human moderation. We have detected this policy violation using automated measures. We have used automated measures in making this decision.",,STATEMENT_CATEGORY_ILLEGAL_OR_HARMFUL_SPEECH,,,,"[""CONTENT_TYPE_TEXT""]",,,"2024-11-23 00:00:00","[""AT"",""BE"",""BG"",""CY"",""CZ"",""DE"",""DK"",""EE"",""ES"",""FI"",""FR"",""GR"",""HR"",""HU"",""IE"",""IT"",""LI"",""LT"",""LU"",""LV"",""MT"",""NL"",""NO"",""PL"",""PT"",""RO"",""SE"",""SI"",""SK""]","2024-11-23 00:00:00","The decision was taken pursuant to own-initiative investigations.",SOURCE_VOLUNTARY,,Yes,AUTOMATED_DECISION_FULLY,TikTok,7440305627324242720,"2024-11-23 03:06:08"
4b32925c-7d37-45d1-b3c6-1afa98aec328,"[""DECISION_VISIBILITY_CONTENT_REMOVED""]",,,,,,,,,,,DECISION_GROUND_INCOMPATIBLE_CONTENT,,,,"Harassment and Bullying","We welcome the respectful expression of different viewpoints, but not toxicity or trolling. We do not allow language or behavior that harasses, humiliates, threatens, or doxes anyone. This also includes responding to such acts with retaliatory harassment (but excludes non-harassing counterspeech).We proactively enforce our Community Guidelines through a mix of technology and human moderation. We have detected this policy violation using automated measures. We have used automated measures in making this decision.",,STATEMENT_CATEGORY_ILLEGAL_OR_HARMFUL_SPEECH,,,,"[""CONTENT_TYPE_TEXT""]",,,"2024-11-23 00:00:00","[""AT"",""BE"",""BG"",""CY"",""CZ"",""DE"",""DK"",""EE"",""ES"",""FI"",""FR"",""GR"",""HR"",""HU"",""IE"",""IT"",""LI"",""LT"",""LU"",""LV"",""MT"",""NL"",""NO"",""PL"",""PT"",""RO"",""SE"",""SI"",""SK""]","2024-11-23 00:00:00","The decision was taken pursuant to own-initiative investigations.",SOURCE_VOLUNTARY,,Yes,AUTOMATED_DECISION_FULLY,TikTok,7440305627324259104,"2024-11-23 03:06:08"
7768eab1-c169-4efd-8772-8af79114c76b,"[""DECISION_VISIBILITY_CONTENT_REMOVED""]",,,,,,,,,,,DECISION_GROUND_INCOMPATIBLE_CONTENT,,,,"Community Guidelines","Your content is against our Community Guidelines. The guidelines include rules and standards for using TikTok that apply to everyone and everything on our platform.Users and 3rd-parties can report policy violations to us. We have detected this policy violation based on a report that the content violated our Community Guidelines.",,STATEMENT_CATEGORY_SCOPE_OF_PLATFORM_SERVICE,,,,"[""CONTENT_TYPE_TEXT""]",,,"2024-11-23 00:00:00","[""AT"",""BE"",""BG"",""CY"",""CZ"",""DE"",""DK"",""EE"",""ES"",""FI"",""FR"",""GR"",""HR"",""HU"",""IE"",""IT"",""LI"",""LT"",""LU"",""LV"",""MT"",""NL"",""NO"",""PL"",""PT"",""RO"",""SE"",""SI"",""SK""]","2024-11-23 00:00:00","The decision was taken in response to a report alleging a violation of our Community Guidelines.",SOURCE_VOLUNTARY,,No,AUTOMATED_DECISION_NOT_AUTOMATED,TikTok,7440305627324275488,"2024-11-23 03:06:08"
dfe79a50-192b-419d-a81d-185ab7ebd1a9,"[""DECISION_VISIBILITY_CONTENT_REMOVED""]",,,,,,,,,,,DECISION_GROUND_INCOMPATIBLE_CONTENT,,,,"Hate Speech and Hateful Behaviors","TikTok is enriched by the various backgrounds of our community members. Our differences should be respected, rather than a cause for division. We do not allow any hateful behavior, hate speech, or promotion of hateful ideologies. This includes content that attacks a person or group because of protected attributes.We proactively enforce our Community Guidelines through a mix of technology and human moderation. We have detected this policy violation using automated measures. We have used automated measures in making this decision.",,STATEMENT_CATEGORY_ILLEGAL_OR_HARMFUL_SPEECH,,,,"[""CONTENT_TYPE_TEXT""]",,,"2024-11-23 00:00:00","[""AT"",""BE"",""BG"",""CY"",""CZ"",""DE"",""DK"",""EE"",""ES"",""FI"",""FR"",""GR"",""HR"",""HU"",""IE"",""IT"",""LI"",""LT"",""LU"",""LV"",""MT"",""NL"",""NO"",""PL"",""PT"",""RO"",""SE"",""SI"",""SK""]","2024-11-23 00:00:00","The decision was taken pursuant to own-initiative investigations.",SOURCE_VOLUNTARY,,Yes,AUTOMATED_DECISION_FULLY,TikTok,7440305625269017377,"2024-11-23 03:06:08"
dc147c8c-6c25-49bf-9c32-65609b4a9018,"[""DECISION_VISIBILITY_CONTENT_REMOVED""]",,,,,,,,,,,DECISION_GROUND_INCOMPATIBLE_CONTENT,,,,"Sexual Exploitation and Gender-Based Violence","We are committed to providing a space that embraces gender equity, supports healthy relationships, and respects intimate privacy. We do not allow sexual exploitation or gender-based violence, including non-consensual sexual acts, image-based sexual abuse, sextortion, physical abuse, and sexual harassment.We proactively enforce our Community Guidelines through a mix of technology and human moderation. We have detected this policy violation using automated measures. We have used automated measures in making this decision.",,STATEMENT_CATEGORY_VIOLENCE,,,,"[""CONTENT_TYPE_TEXT""]",,,"2024-11-23 00:00:00","[""AT"",""BE"",""BG"",""CY"",""CZ"",""DE"",""DK"",""EE"",""ES"",""FI"",""FR"",""GR"",""HR"",""HU"",""IE"",""IT"",""LI"",""LT"",""LU"",""LV"",""MT"",""NL"",""NO"",""PL"",""PT"",""RO"",""SE"",""SI"",""SK""]","2024-11-23 00:00:00","The decision was taken pursuant to own-initiative investigations.",SOURCE_VOLUNTARY,,Yes,AUTOMATED_DECISION_FULLY,TikTok,7440305625269033761,"2024-11-23 03:06:08"
8b63f0ba-1ef0-4136-957a-5966462ac6ac,"[""DECISION_VISIBILITY_CONTENT_REMOVED""]",,,,,,,,,,,DECISION_GROUND_INCOMPATIBLE_CONTENT,,,,"Harassment and Bullying","We welcome the respectful expression of different viewpoints, but not toxicity or trolling. We do not allow language or behavior that harasses, humiliates, threatens, or doxes anyone. This also includes responding to such acts with retaliatory harassment (but excludes non-harassing counterspeech).We proactively enforce our Community Guidelines through a mix of technology and human moderation. We have detected this policy violation using automated measures. We have used automated measures in making this decision.",,STATEMENT_CATEGORY_ILLEGAL_OR_HARMFUL_SPEECH,,,,"[""CONTENT_TYPE_TEXT""]",,,"2024-11-23 00:00:00","[""AT"",""BE"",""BG"",""CY"",""CZ"",""DE"",""DK"",""EE"",""ES"",""FI"",""FR"",""GR"",""HR"",""HU"",""IE"",""IT"",""LI"",""LT"",""LU"",""LV"",""MT"",""NL"",""NO"",""PL"",""PT"",""RO"",""SE"",""SI"",""SK""]","2024-11-23 00:00:00","The decision was taken pursuant to own-initiative investigations.",SOURCE_VOLUNTARY,,Yes,AUTOMATED_DECISION_FULLY,TikTok,7440305627324291872,"2024-11-23 03:06:08"
0dcebd8f-a434-488e-bf26-ad9ec5c58de8,"[""DECISION_VISIBILITY_CONTENT_REMOVED""]",,,,,,,,,,,DECISION_GROUND_INCOMPATIBLE_CONTENT,,,,"Hate Speech and Hateful Behaviors","TikTok is enriched by the various backgrounds of our community members. Our differences should be respected, rather than a cause for division. We do not allow any hateful behavior, hate speech, or promotion of hateful ideologies. This includes content that attacks a person or group because of protected attributes.We proactively enforce our Community Guidelines through a mix of technology and human moderation. We have detected this policy violation using automated measures. We have used automated measures in making this decision.",,STATEMENT_CATEGORY_ILLEGAL_OR_HARMFUL_SPEECH,,,,"[""CONTENT_TYPE_TEXT""]",,,"2024-11-23 00:00:00","[""AT"",""BE"",""BG"",""CY"",""CZ"",""DE"",""DK"",""EE"",""ES"",""FI"",""FR"",""GR"",""HR"",""HU"",""IE"",""IT"",""LI"",""LT"",""LU"",""LV"",""MT"",""NL"",""NO"",""PL"",""PT"",""RO"",""SE"",""SI"",""SK""]","2024-11-23 00:00:00","The decision was taken pursuant to own-initiative investigations.",SOURCE_VOLUNTARY,,Yes,AUTOMATED_DECISION_FULLY,TikTok,7440305627324308256,"2024-11-23 03:06:08"
6214b49d-a4b5-4643-b5c9-1b510e68ffcb,"[""DECISION_VISIBILITY_CONTENT_REMOVED""]",,,,,,,,,,,DECISION_GROUND_INCOMPATIBLE_CONTENT,,,,"Frauds and Scams","We want people to be able to use our platform to learn about ways to be financially responsible and consider economic transactions or investment opportunities, without worrying about scams or financial exploitation. We do not allow attempts to defraud or scam members of our community.We proactively enforce our Community Guidelines through a mix of technology and human moderation. We have detected this policy violation using automated measures.",,STATEMENT_CATEGORY_SCAMS_AND_FRAUD,,,,"[""CONTENT_TYPE_IMAGE""]",,,"2024-11-22 00:00:00","[""AT"",""BE"",""BG"",""CY"",""CZ"",""DE"",""DK"",""EE"",""ES"",""FI"",""FR"",""GR"",""HR"",""HU"",""IE"",""IT"",""LI"",""LT"",""LU"",""LV"",""MT"",""NL"",""NO"",""PL"",""PT"",""RO"",""SE"",""SI"",""SK""]","2024-11-23 00:00:00","The decision was taken pursuant to own-initiative investigations.",SOURCE_VOLUNTARY,,Yes,AUTOMATED_DECISION_NOT_AUTOMATED,TikTok,7440305625269050145,"2024-11-23 03:06:08"
8d8a0185-9135-4145-97a9-d460e4c3f76a,"[""DECISION_VISIBILITY_CONTENT_REMOVED""]",,,,,,,,,,,DECISION_GROUND_INCOMPATIBLE_CONTENT,,,,"Community Guidelines","Your content is against our Community Guidelines. The guidelines include rules and standards for using TikTok that apply to everyone and everything on our platform.We proactively enforce our Community Guidelines through a mix of technology and human moderation. We have detected this policy violation using automated measures. We have used automated measures in making this decision.",,STATEMENT_CATEGORY_SCOPE_OF_PLATFORM_SERVICE,,,,"[""CONTENT_TYPE_IMAGE""]",,,"2024-11-23 00:00:00","[""AT"",""BE"",""BG"",""CY"",""CZ"",""DE"",""DK"",""EE"",""ES"",""FI"",""FR"",""GR"",""HR"",""HU"",""IE"",""IT"",""LI"",""LT"",""LU"",""LV"",""MT"",""NL"",""NO"",""PL"",""PT"",""RO"",""SE"",""SI"",""SK""]","2024-11-23 00:00:00","The decision was taken pursuant to own-initiative investigations.",SOURCE_VOLUNTARY,,Yes,AUTOMATED_DECISION_FULLY,TikTok,7440305625269066529,"2024-11-23 03:06:08"
e987afea-2f11-41e6-b7b0-4b052b884f67,"[""DECISION_VISIBILITY_CONTENT_REMOVED""]",,,,,,,,,,,DECISION_GROUND_INCOMPATIBLE_CONTENT,,,,"Hate Speech and Hateful Behaviors","TikTok is enriched by the various backgrounds of our community members. Our differences should be respected, rather than a cause for division. We do not allow any hateful behavior, hate speech, or promotion of hateful ideologies. This includes content that attacks a person or group because of protected attributes.We proactively enforce our Community Guidelines through a mix of technology and human moderation. We have detected this policy violation using automated measures. We have used automated measures in making this decision.",,STATEMENT_CATEGORY_ILLEGAL_OR_HARMFUL_SPEECH,,,,"[""CONTENT_TYPE_TEXT""]",,,"2024-11-23 00:00:00","[""AT"",""BE"",""BG"",""CY"",""CZ"",""DE"",""DK"",""EE"",""ES"",""FI"",""FR"",""GR"",""HR"",""HU"",""IE"",""IT"",""LI"",""LT"",""LU"",""LV"",""MT"",""NL"",""NO"",""PL"",""PT"",""RO"",""SE"",""SI"",""SK""]","2024-11-23 00:00:00","The decision was taken pursuant to own-initiative investigations.",SOURCE_VOLUNTARY,,Yes,AUTOMATED_DECISION_FULLY,TikTok,7440305627324324640,"2024-11-23 03:06:08"
608b18c0-0225-4863-8e55-80f4ab979712,"[""DECISION_VISIBILITY_CONTENT_REMOVED""]",,,,,,,,,,,DECISION_GROUND_INCOMPATIBLE_CONTENT,,,,"Community Guidelines","Your content is against our Community Guidelines. The guidelines include rules and standards for using TikTok that apply to everyone and everything on our platform.We proactively enforce our Community Guidelines through a mix of technology and human moderation. We have detected this policy violation using automated measures. We have used automated measures in making this decision.",,STATEMENT_CATEGORY_SCOPE_OF_PLATFORM_SERVICE,,,,"[""CONTENT_TYPE_IMAGE""]",,,"2024-11-23 00:00:00","[""AT"",""BE"",""BG"",""CY"",""CZ"",""DE"",""DK"",""EE"",""ES"",""FI"",""FR"",""GR"",""HR"",""HU"",""IE"",""IT"",""LI"",""LT"",""LU"",""LV"",""MT"",""NL"",""NO"",""PL"",""PT"",""RO"",""SE"",""SI"",""SK""]","2024-11-23 00:00:00","The decision was taken pursuant to own-initiative investigations.",SOURCE_VOLUNTARY,,Yes,AUTOMATED_DECISION_FULLY,TikTok,7440305627324341024,"2024-11-23 03:06:08"
5f04f2e3-2952-45d7-8908-e9f68733cd6d,"[""DECISION_VISIBILITY_CONTENT_REMOVED""]",,,,,,,,,,,DECISION_GROUND_INCOMPATIBLE_CONTENT,,,,"Community Guidelines","Your content is against our Community Guidelines. The guidelines include rules and standards for using TikTok that apply to everyone and everything on our platform.We proactively enforce our Community Guidelines through a mix of technology and human moderation. We have detected this policy violation using automated measures. We have used automated measures in making this decision.",,STATEMENT_CATEGORY_SCOPE_OF_PLATFORM_SERVICE,,,,"[""CONTENT_TYPE_IMAGE""]",,,"2024-11-23 00:00:00","[""AT"",""BE"",""BG"",""CY"",""CZ"",""DE"",""DK"",""EE"",""ES"",""FI"",""FR"",""GR"",""HR"",""HU"",""IE"",""IT"",""LI"",""LT"",""LU"",""LV"",""MT"",""NL"",""NO"",""PL"",""PT"",""RO"",""SE"",""SI"",""SK""]","2024-11-23 00:00:00","The decision was taken pursuant to own-initiative investigations.",SOURCE_VOLUNTARY,,Yes,AUTOMATED_DECISION_FULLY,TikTok,7440305627324357408,"2024-11-23 03:06:08"
72fab9f3-6689-466a-bc9e-214bc1955dac,"[""DECISION_VISIBILITY_CONTENT_REMOVED""]",,,,,,,,,,,DECISION_GROUND_INCOMPATIBLE_CONTENT,,,,"Harassment and Bullying","We welcome the respectful expression of different viewpoints, but not toxicity or trolling. We do not allow language or behavior that harasses, humiliates, threatens, or doxes anyone. This also includes responding to such acts with retaliatory harassment (but excludes non-harassing counterspeech).We proactively enforce our Community Guidelines through a mix of technology and human moderation. We have detected this policy violation using automated measures. We have used automated measures in making this decision.",,STATEMENT_CATEGORY_ILLEGAL_OR_HARMFUL_SPEECH,,,,"[""CONTENT_TYPE_TEXT""]",,,"2024-11-23 00:00:00","[""AT"",""BE"",""BG"",""CY"",""CZ"",""DE"",""DK"",""EE"",""ES"",""FI"",""FR"",""GR"",""HR"",""HU"",""IE"",""IT"",""LI"",""LT"",""LU"",""LV"",""MT"",""NL"",""NO"",""PL"",""PT"",""RO"",""SE"",""SI"",""SK""]","2024-11-23 00:00:00","The decision was taken pursuant to own-initiative investigations.",SOURCE_VOLUNTARY,,Yes,AUTOMATED_DECISION_FULLY,TikTok,7440305625269082913,"2024-11-23 03:06:08"
474c7ae7-ecce-4834-9fcf-d4cd5c937c27,"[""DECISION_VISIBILITY_CONTENT_REMOVED""]",,,,,,,,,,,DECISION_GROUND_INCOMPATIBLE_CONTENT,,,,"Community Guidelines","Your content is against our Community Guidelines. The guidelines include rules and standards for using TikTok that apply to everyone and everything on our platform.We proactively enforce our Community Guidelines through a mix of technology and human moderation. We have detected this policy violation using automated measures. We have used automated measures in making this decision.",,STATEMENT_CATEGORY_SCOPE_OF_PLATFORM_SERVICE,,,,"[""CONTENT_TYPE_IMAGE""]",,,"2024-11-23 00:00:00","[""AT"",""BE"",""BG"",""CY"",""CZ"",""DE"",""DK"",""EE"",""ES"",""FI"",""FR"",""GR"",""HR"",""HU"",""IE"",""IT"",""LI"",""LT"",""LU"",""LV"",""MT"",""NL"",""NO"",""PL"",""PT"",""RO"",""SE"",""SI"",""SK""]","2024-11-23 00:00:00","The decision was taken pursuant to own-initiative investigations.",SOURCE_VOLUNTARY,,Yes,AUTOMATED_DECISION_FULLY,TikTok,7440305625269099297,"2024-11-23 03:06:08"
93b46efe-b0eb-489b-b388-becf874dd7b4,"[""DECISION_VISIBILITY_CONTENT_REMOVED""]",,,,,,,,,,,DECISION_GROUND_INCOMPATIBLE_CONTENT,,,,"Community Guidelines","Your content is against our Community Guidelines. The guidelines include rules and standards for using TikTok that apply to everyone and everything on our platform.We proactively enforce our Community Guidelines through a mix of technology and human moderation. We have detected this policy violation using automated measures. We have used automated measures in making this decision.",,STATEMENT_CATEGORY_SCOPE_OF_PLATFORM_SERVICE,,,,"[""CONTENT_TYPE_IMAGE""]",,,"2024-11-23 00:00:00","[""AT"",""BE"",""BG"",""CY"",""CZ"",""DE"",""DK"",""EE"",""ES"",""FI"",""FR"",""GR"",""HR"",""HU"",""IE"",""IT"",""LI"",""LT"",""LU"",""LV"",""MT"",""NL"",""NO"",""PL"",""PT"",""RO"",""SE"",""SI"",""SK""]","2024-11-23 00:00:00","The decision was taken pursuant to own-initiative investigations.",SOURCE_VOLUNTARY,,Yes,AUTOMATED_DECISION_FULLY,TikTok,7440305627324373792,"2024-11-23 03:06:08"
00182475-e30d-4490-b87b-71d3a11d2859,"[""DECISION_VISIBILITY_OTHER""]","LIVE not eligible for recommendation and restricted in search results for 10 minutes","2024-11-23 00:00:00",,,,,,,,,DECISION_GROUND_INCOMPATIBLE_CONTENT,,,,"Content with low visual quality or static imagery","Your LIVE is not eligible for recommendation and restricted in search results for the next 10 minutes, because it may contain content with low visual quality or static imagery. This is in line with the For You feed eligibility standards under our Community Guidelines.",,STATEMENT_CATEGORY_SCOPE_OF_PLATFORM_SERVICE,,,,"[""CONTENT_TYPE_VIDEO""]",,,"2024-11-23 00:00:00","[""AT"",""BE"",""BG"",""CY"",""CZ"",""DE"",""DK"",""EE"",""ES"",""FI"",""FR"",""GR"",""HR"",""HU"",""IE"",""IS"",""IT"",""LI"",""LT"",""LU"",""LV"",""MT"",""NL"",""NO"",""PL"",""PT"",""RO"",""SE"",""SI"",""SK""]","2024-11-23 00:00:00","The decision was taken pursuant to own-initiative investigations",SOURCE_VOLUNTARY,,Yes,AUTOMATED_DECISION_FULLY,TikTok,7440305625269115681,"2024-11-23 03:06:08"
0a72ab1e-3b91-4b48-88df-c3e7352a5061,,,,,,,,,DECISION_ACCOUNT_TERMINATED,,,DECISION_GROUND_INCOMPATIBLE_CONTENT,,,,"Advertising policy violation","Reasons why your account may have been suspended: - We received a report or complaint about your account from people on TikTok or other channels. - There are problems with your ad creative, or qualifications or services provided in your ads. - We suspected malicious behavior or intent during ad creation. - You made changes to your ad's landing page after launching the campaign.",,STATEMENT_CATEGORY_SCOPE_OF_PLATFORM_SERVICE,,,,"[""CONTENT_TYPE_OTHER""]","Account Suspended",,"2024-11-21 00:00:00","[""AT"",""BE"",""BG"",""CY"",""CZ"",""DE"",""DK"",""EE"",""ES"",""FI"",""FR"",""GR"",""HR"",""HU"",""IE"",""IT"",""LI"",""LT"",""LU"",""LV"",""MT"",""NL"",""NO"",""PL"",""PT"",""RO"",""SE"",""SI"",""SK""]","2024-11-23 00:00:00","The decision was taken pursuant to own-initiative investigations.",SOURCE_VOLUNTARY,,Yes,AUTOMATED_DECISION_FULLY,TikTok,7440305625269132065,"2024-11-23 03:06:08"
16efc15c-35c7-46b6-baf7-e190bd2ce498,"[""DECISION_VISIBILITY_CONTENT_REMOVED""]",,,,,,,,,,,DECISION_GROUND_INCOMPATIBLE_CONTENT,,,,"Hate Speech and Hateful Behaviors","TikTok is enriched by the various backgrounds of our community members. Our differences should be respected, rather than a cause for division. We do not allow any hateful behavior, hate speech, or promotion of hateful ideologies. This includes content that attacks a person or group because of protected attributes.We proactively enforce our Community Guidelines through a mix of technology and human moderation. We have detected this policy violation using automated measures. We have used automated measures in making this decision.",,STATEMENT_CATEGORY_ILLEGAL_OR_HARMFUL_SPEECH,,,,"[""CONTENT_TYPE_TEXT""]",,,"2024-11-23 00:00:00","[""AT"",""BE"",""BG"",""CY"",""CZ"",""DE"",""DK"",""EE"",""ES"",""FI"",""FR"",""GR"",""HR"",""HU"",""IE"",""IT"",""LI"",""LT"",""LU"",""LV"",""MT"",""NL"",""NO"",""PL"",""PT"",""RO"",""SE"",""SI"",""SK""]","2024-11-23 00:00:00","The decision was taken pursuant to own-initiative investigations.",SOURCE_VOLUNTARY,,Yes,AUTOMATED_DECISION_FULLY,TikTok,7440305648522369825,"2024-11-23 03:06:08"
17e62283-1f9d-42c2-bf6a-16cd8f1ba334,"[""DECISION_VISIBILITY_OTHER""]","Photo not eligible for recommendation in the For You feed, and visibility restricted in search results",,,,,,,,,,DECISION_GROUND_INCOMPATIBLE_CONTENT,,,,"Civic and Election Integrity","We want to enable the informed exchange of civic ideas in a way that fosters productive dialogue. Your video didn’t meet our eligibility standards for the For You Feed. Please review our Community Guidelines for more information.We proactively enforce our Community Guidelines through a mix of technology and human moderation. We have detected this policy violation using automated measures. We have used automated measures in making this decision.",,STATEMENT_CATEGORY_NEGATIVE_EFFECTS_ON_CIVIC_DISCOURSE_OR_ELECTIONS,,,,"[""CONTENT_TYPE_IMAGE""]",,,"2024-11-23 00:00:00","[""AT"",""BE"",""BG"",""CY"",""CZ"",""DE"",""DK"",""EE"",""ES"",""FI"",""FR"",""GR"",""HR"",""HU"",""IE"",""IT"",""LI"",""LT"",""LU"",""LV"",""MT"",""NL"",""NO"",""PL"",""PT"",""RO"",""SE"",""SI"",""SK""]","2024-11-23 00:00:00","The decision was taken pursuant to own-initiative investigations.",SOURCE_VOLUNTARY,,Yes,AUTOMATED_DECISION_FULLY,TikTok,7440305648522386209,"2024-11-23 03:06:08"
9a7803ee-7ff4-43c5-884a-9c560a6da80f,"[""DECISION_VISIBILITY_CONTENT_REMOVED""]",,,,,,,,,,,DECISION_GROUND_INCOMPATIBLE_CONTENT,,,,"Harassment and Bullying","We welcome the respectful expression of different viewpoints, but not toxicity or trolling. We do not allow language or behavior that harasses, humiliates, threatens, or doxes anyone. This also includes responding to such acts with retaliatory harassment (but excludes non-harassing counterspeech).We proactively enforce our Community Guidelines through a mix of technology and human moderation. We have detected this policy violation using automated measures. We have used automated measures in making this decision.",,STATEMENT_CATEGORY_ILLEGAL_OR_HARMFUL_SPEECH,,,,"[""CONTENT_TYPE_TEXT""]",,,"2024-11-23 00:00:00","[""AT"",""BE"",""BG"",""CY"",""CZ"",""DE"",""DK"",""EE"",""ES"",""FI"",""FR"",""GR"",""HR"",""HU"",""IE"",""IT"",""LI"",""LT"",""LU"",""LV"",""MT"",""NL"",""NO"",""PL"",""PT"",""RO"",""SE"",""SI"",""SK""]","2024-11-23 00:00:00","The decision was taken pursuant to own-initiative investigations.",SOURCE_VOLUNTARY,,Yes,AUTOMATED_DECISION_FULLY,TikTok,7440305649994521376,"2024-11-23 03:06:08"
7fae4d37-262d-4bab-abd2-2d29913f9887,"[""DECISION_VISIBILITY_CONTENT_REMOVED""]",,,,,,,,,,,DECISION_GROUND_INCOMPATIBLE_CONTENT,,,,"Community Guidelines","Your content is against our Community Guidelines. The guidelines include rules and standards for using TikTok that apply to everyone and everything on our platform.Users and 3rd-parties can report policy violations to us. We have detected this policy violation based on a report that the content violated our Community Guidelines.",,STATEMENT_CATEGORY_SCOPE_OF_PLATFORM_SERVICE,,,,"[""CONTENT_TYPE_TEXT""]",,,"2024-11-22 00:00:00","[""AT"",""BE"",""BG"",""CY"",""CZ"",""DE"",""DK"",""EE"",""ES"",""FI"",""FR"",""GR"",""HR"",""HU"",""IE"",""IT"",""LI"",""LT"",""LU"",""LV"",""MT"",""NL"",""NO"",""PL"",""PT"",""RO"",""SE"",""SI"",""SK""]","2024-11-23 00:00:00","The decision was taken in response to a report alleging a violation of our Community Guidelines.",SOURCE_VOLUNTARY,,No,AUTOMATED_DECISION_NOT_AUTOMATED,TikTok,7440305661826571041,"2024-11-23 03:06:08"
15270407-8a98-485d-b8a4-da55d5c97229,"[""DECISION_VISIBILITY_CONTENT_REMOVED""]",,,,,,,,,,,DECISION_GROUND_INCOMPATIBLE_CONTENT,,,,"Hate Speech and Hateful Behaviors","TikTok is enriched by the various backgrounds of our community members. Our differences should be respected, rather than a cause for division. We do not allow any hateful behavior, hate speech, or promotion of hateful ideologies. This includes content that attacks a person or group because of protected attributes.We proactively enforce our Community Guidelines through a mix of technology and human moderation. We have detected this policy violation using automated measures. We have used automated measures in making this decision.",,STATEMENT_CATEGORY_ILLEGAL_OR_HARMFUL_SPEECH,,,,"[""CONTENT_TYPE_TEXT""]",,,"2024-11-23 00:00:00","[""AT"",""BE"",""BG"",""CY"",""CZ"",""DE"",""DK"",""EE"",""ES"",""FI"",""FR"",""GR"",""HR"",""HU"",""IE"",""IT"",""LI"",""LT"",""LU"",""LV"",""MT"",""NL"",""NO"",""PL"",""PT"",""RO"",""SE"",""SI"",""SK""]","2024-11-23 00:00:00","The decision was taken pursuant to own-initiative investigations.",SOURCE_VOLUNTARY,,Yes,AUTOMATED_DECISION_FULLY,TikTok,7440305661826587425,"2024-11-23 03:06:08"
5afdad77-7607-4ce9-b21f-207af570a7fa,"[""DECISION_VISIBILITY_CONTENT_REMOVED""]",,,,,,,,,,,DECISION_GROUND_INCOMPATIBLE_CONTENT,,,,"Harassment and Bullying","We welcome the respectful expression of different viewpoints, but not toxicity or trolling. We do not allow language or behavior that harasses, humiliates, threatens, or doxes anyone. This also includes responding to such acts with retaliatory harassment (but excludes non-harassing counterspeech).We proactively enforce our Community Guidelines through a mix of technology and human moderation. We have detected this policy violation using automated measures. We have used automated measures in making this decision.",,STATEMENT_CATEGORY_ILLEGAL_OR_HARMFUL_SPEECH,,,,"[""CONTENT_TYPE_TEXT""]",,,"2024-11-23 00:00:00","[""AT"",""BE"",""BG"",""CY"",""CZ"",""DE"",""DK"",""EE"",""ES"",""FI"",""FR"",""GR"",""HR"",""HU"",""IE"",""IT"",""LI"",""LT"",""LU"",""LV"",""MT"",""NL"",""NO"",""PL"",""PT"",""RO"",""SE"",""SI"",""SK""]","2024-11-23 00:00:00","The decision was taken pursuant to own-initiative investigations.",SOURCE_VOLUNTARY,,Yes,AUTOMATED_DECISION_FULLY,TikTok,7440305649994537760,"2024-11-23 03:06:08"
3f7d7fad-c874-40f9-b6ff-da84ce618e79,"[""DECISION_VISIBILITY_CONTENT_REMOVED""]",,,,,,,,,,,DECISION_GROUND_INCOMPATIBLE_CONTENT,,,,"Hate Speech and Hateful Behaviors","TikTok is enriched by the various backgrounds of our community members. Our differences should be respected, rather than a cause for division. We do not allow any hateful behavior, hate speech, or promotion of hateful ideologies. This includes content that attacks a person or group because of protected attributes.We proactively enforce our Community Guidelines through a mix of technology and human moderation. We have detected this policy violation using automated measures. We have used automated measures in making this decision.",,STATEMENT_CATEGORY_ILLEGAL_OR_HARMFUL_SPEECH,,,,"[""CONTENT_TYPE_TEXT""]",,,"2024-11-23 00:00:00","[""AT"",""BE"",""BG"",""CY"",""CZ"",""DE"",""DK"",""EE"",""ES"",""FI"",""FR"",""GR"",""HR"",""HU"",""IE"",""IT"",""LI"",""LT"",""LU"",""LV"",""MT"",""NL"",""NO"",""PL"",""PT"",""RO"",""SE"",""SI"",""SK""]","2024-11-23 00:00:00","The decision was taken pursuant to own-initiative investigations.",SOURCE_VOLUNTARY,,Yes,AUTOMATED_DECISION_FULLY,TikTok,7440305649994554144,"2024-11-23 03:06:08"
fcdce734-6020-4fec-9203-9a9bd74595a4,"[""DECISION_VISIBILITY_CONTENT_REMOVED""]",,,,,,,,,,,DECISION_GROUND_INCOMPATIBLE_CONTENT,,,,"Harassment and Bullying","We welcome the respectful expression of different viewpoints, but not toxicity or trolling. We do not allow language or behavior that harasses, humiliates, threatens, or doxes anyone. This also includes responding to such acts with retaliatory harassment (but excludes non-harassing counterspeech).We proactively enforce our Community Guidelines through a mix of technology and human moderation. We have detected this policy violation using automated measures. We have used automated measures in making this decision.",,STATEMENT_CATEGORY_ILLEGAL_OR_HARMFUL_SPEECH,,,,"[""CONTENT_TYPE_TEXT""]",,,"2024-11-23 00:00:00","[""AT"",""BE"",""BG"",""CY"",""CZ"",""DE"",""DK"",""EE"",""ES"",""FI"",""FR"",""GR"",""HR"",""HU"",""IE"",""IT"",""LI"",""LT"",""LU"",""LV"",""MT"",""NL"",""NO"",""PL"",""PT"",""RO"",""SE"",""SI"",""SK""]","2024-11-23 00:00:00","The decision was taken pursuant to own-initiative investigations.",SOURCE_VOLUNTARY,,Yes,AUTOMATED_DECISION_FULLY,TikTok,7440305649994570528,"2024-11-23 03:06:08"
f1ea33f1-35ec-45d9-867b-59dde3aee716,"[""DECISION_VISIBILITY_CONTENT_REMOVED""]",,,,,,,,,,,DECISION_GROUND_INCOMPATIBLE_CONTENT,,,,"Hate Speech and Hateful Behaviors","TikTok is enriched by the various backgrounds of our community members. Our differences should be respected, rather than a cause for division. We do not allow any hateful behavior, hate speech, or promotion of hateful ideologies. This includes content that attacks a person or group because of protected attributes.We proactively enforce our Community Guidelines through a mix of technology and human moderation. We have detected this policy violation using automated measures. We have used automated measures in making this decision.",,STATEMENT_CATEGORY_ILLEGAL_OR_HARMFUL_SPEECH,,,,"[""CONTENT_TYPE_TEXT""]",,,"2024-11-23 00:00:00","[""AT"",""BE"",""BG"",""CY"",""CZ"",""DE"",""DK"",""EE"",""ES"",""FI"",""FR"",""GR"",""HR"",""HU"",""IE"",""IT"",""LI"",""LT"",""LU"",""LV"",""MT"",""NL"",""NO"",""PL"",""PT"",""RO"",""SE"",""SI"",""SK""]","2024-11-23 00:00:00","The decision was taken pursuant to own-initiative investigations.",SOURCE_VOLUNTARY,,Yes,AUTOMATED_DECISION_FULLY,TikTok,7440305661826603809,"2024-11-23 03:06:10"
fb06ab49-6dde-4b84-988f-de3f2ce9cdc0,"[""DECISION_VISIBILITY_CONTENT_REMOVED""]",,,,,,,,,,,DECISION_GROUND_INCOMPATIBLE_CONTENT,,,,"Community Guidelines","Your content is against our Community Guidelines. The guidelines include rules and standards for using TikTok that apply to everyone and everything on our platform.We proactively enforce our Community Guidelines through a mix of technology and human moderation. We have detected this policy violation using automated measures. We have used automated measures in making this decision.",,STATEMENT_CATEGORY_SCOPE_OF_PLATFORM_SERVICE,,,,"[""CONTENT_TYPE_VIDEO""]",,,"2024-11-22 00:00:00","[""AT"",""BE"",""BG"",""CY"",""CZ"",""DE"",""DK"",""EE"",""ES"",""FI"",""FR"",""GR"",""HR"",""HU"",""IE"",""IT"",""LI"",""LT"",""LU"",""LV"",""MT"",""NL"",""NO"",""PL"",""PT"",""RO"",""SE"",""SI"",""SK""]","2024-11-23 00:00:00","The decision was taken pursuant to own-initiative investigations.",SOURCE_VOLUNTARY,,Yes,AUTOMATED_DECISION_FULLY,TikTok,7440305649994586912,"2024-11-23 03:06:10"
a240bccc-f1b3-44b7-95f7-92d463d8b265,"[""DECISION_VISIBILITY_CONTENT_REMOVED""]",,,,,,,,,,,DECISION_GROUND_INCOMPATIBLE_CONTENT,,,,"Harassment and Bullying","We welcome the respectful expression of different viewpoints, but not toxicity or trolling. We do not allow language or behavior that harasses, humiliates, threatens, or doxes anyone. This also includes responding to such acts with retaliatory harassment (but excludes non-harassing counterspeech).We proactively enforce our Community Guidelines through a mix of technology and human moderation. We have detected this policy violation using automated measures. We have used automated measures in making this decision.",,STATEMENT_CATEGORY_ILLEGAL_OR_HARMFUL_SPEECH,,,,"[""CONTENT_TYPE_TEXT""]",,,"2024-11-23 00:00:00","[""AT"",""BE"",""BG"",""CY"",""CZ"",""DE"",""DK"",""EE"",""ES"",""FI"",""FR"",""GR"",""HR"",""HU"",""IE"",""IT"",""LI"",""LT"",""LU"",""LV"",""MT"",""NL"",""NO"",""PL"",""PT"",""RO"",""SE"",""SI"",""SK""]","2024-11-23 00:00:00","The decision was taken pursuant to own-initiative investigations.",SOURCE_VOLUNTARY,,Yes,AUTOMATED_DECISION_FULLY,TikTok,7440305662921284385,"2024-11-23 03:06:10"
2f88af5c-2584-42ac-88f6-a014d036c3d2,"[""DECISION_VISIBILITY_CONTENT_REMOVED""]",,,,,,,,,,,DECISION_GROUND_INCOMPATIBLE_CONTENT,,,,"Harassment and Bullying","We welcome the respectful expression of different viewpoints, but not toxicity or trolling. We do not allow language or behavior that harasses, humiliates, threatens, or doxes anyone. This also includes responding to such acts with retaliatory harassment (but excludes non-harassing counterspeech).We proactively enforce our Community Guidelines through a mix of technology and human moderation. We have detected this policy violation using automated measures. We have used automated measures in making this decision.",,STATEMENT_CATEGORY_ILLEGAL_OR_HARMFUL_SPEECH,,,,"[""CONTENT_TYPE_TEXT""]",,,"2024-11-23 00:00:00","[""AT"",""BE"",""BG"",""CY"",""CZ"",""DE"",""DK"",""EE"",""ES"",""FI"",""FR"",""GR"",""HR"",""HU"",""IE"",""IT"",""LI"",""LT"",""LU"",""LV"",""MT"",""NL"",""NO"",""PL"",""PT"",""RO"",""SE"",""SI"",""SK""]","2024-11-23 00:00:00","The decision was taken pursuant to own-initiative investigations.",SOURCE_VOLUNTARY,,Yes,AUTOMATED_DECISION_FULLY,TikTok,7440305662921300769,"2024-11-23 03:06:10"
3a60294c-2509-4ab0-a182-d52f54be0ce6,"[""DECISION_VISIBILITY_OTHER""]","Photo not eligible for recommendation in the For You feed",,,,,,,,,,DECISION_GROUND_INCOMPATIBLE_CONTENT,,,,"Dangerous Activities and Challenges","Most activities or challenges are appropriate for everyone, but some carry a risk of significant injury. Content is ineligible for the For You feed if it involves activities that are likely to lead to moderate physical harm, or includes professionals who are performing extreme sports and stunts that may endanger others.We proactively enforce our Community Guidelines through a mix of technology and human moderation. We have detected this policy violation using automated measures. We have used automated measures in making this decision.",,STATEMENT_CATEGORY_SCOPE_OF_PLATFORM_SERVICE,,,,"[""CONTENT_TYPE_IMAGE""]",,,"2024-11-23 00:00:00","[""AT"",""BE"",""BG"",""CY"",""CZ"",""DE"",""DK"",""EE"",""ES"",""FI"",""FR"",""GR"",""HR"",""HU"",""IE"",""IT"",""LI"",""LT"",""LU"",""LV"",""MT"",""NL"",""NO"",""PL"",""PT"",""RO"",""SE"",""SI"",""SK""]","2024-11-23 00:00:00","The decision was taken pursuant to own-initiative investigations.",SOURCE_VOLUNTARY,,Yes,AUTOMATED_DECISION_FULLY,TikTok,7440305661826620193,"2024-11-23 03:06:10"
aebd13ec-6356-4655-9946-9df72004a0e4,"[""DECISION_VISIBILITY_CONTENT_REMOVED""]",,,,,,,,,,,DECISION_GROUND_INCOMPATIBLE_CONTENT,,,,"Harassment and Bullying","We welcome the respectful expression of different viewpoints, but not toxicity or trolling. We do not allow language or behavior that harasses, humiliates, threatens, or doxes anyone. This also includes responding to such acts with retaliatory harassment (but excludes non-harassing counterspeech).We proactively enforce our Community Guidelines through a mix of technology and human moderation. We have detected this policy violation using automated measures. We have used automated measures in making this decision.",,STATEMENT_CATEGORY_ILLEGAL_OR_HARMFUL_SPEECH,,,,"[""CONTENT_TYPE_TEXT""]",,,"2024-11-23 00:00:00","[""AT"",""BE"",""BG"",""CY"",""CZ"",""DE"",""DK"",""EE"",""ES"",""FI"",""FR"",""GR"",""HR"",""HU"",""IE"",""IT"",""LI"",""LT"",""LU"",""LV"",""MT"",""NL"",""NO"",""PL"",""PT"",""RO"",""SE"",""SI"",""SK""]","2024-11-23 00:00:00","The decision was taken pursuant to own-initiative investigations.",SOURCE_VOLUNTARY,,Yes,AUTOMATED_DECISION_FULLY,TikTok,7440305662921317153,"2024-11-23 03:06:10"
08a2f2d8-d87d-4064-8327-e22e74ba4f63,"[""DECISION_VISIBILITY_OTHER""]","Video not eligible for recommendation in the For You feed",,,,,,,,,,DECISION_GROUND_INCOMPATIBLE_CONTENT,,,,"Dangerous Activities and Challenges","Most activities or challenges are appropriate for everyone, but some carry a risk of significant injury. Content is ineligible for the For You feed if it involves activities that are likely to lead to moderate physical harm, or includes professionals who are performing extreme sports and stunts that may endanger others.We proactively enforce our Community Guidelines through a mix of technology and human moderation. We have detected this policy violation using automated measures. We have used automated measures in making this decision.",,STATEMENT_CATEGORY_SCOPE_OF_PLATFORM_SERVICE,,,,"[""CONTENT_TYPE_VIDEO""]",,,"2024-11-23 00:00:00","[""AT"",""BE"",""BG"",""CY"",""CZ"",""DE"",""DK"",""EE"",""ES"",""FI"",""FR"",""GR"",""HR"",""HU"",""IE"",""IT"",""LI"",""LT"",""LU"",""LV"",""MT"",""NL"",""NO"",""PL"",""PT"",""RO"",""SE"",""SI"",""SK""]","2024-11-23 00:00:00","The decision was taken pursuant to own-initiative investigations.",SOURCE_VOLUNTARY,,Yes,AUTOMATED_DECISION_FULLY,TikTok,7440305661826636577,"2024-11-23 03:06:10"
d9847a17-cd14-4be5-a167-103b5753601c,"[""DECISION_VISIBILITY_CONTENT_REMOVED""]",,,,,,,,,,,DECISION_GROUND_INCOMPATIBLE_CONTENT,,,,"Harassment and Bullying","We welcome the respectful expression of different viewpoints, but not toxicity or trolling. We do not allow language or behavior that harasses, humiliates, threatens, or doxes anyone. This also includes responding to such acts with retaliatory harassment (but excludes non-harassing counterspeech).We proactively enforce our Community Guidelines through a mix of technology and human moderation. We have detected this policy violation using automated measures. We have used automated measures in making this decision.",,STATEMENT_CATEGORY_ILLEGAL_OR_HARMFUL_SPEECH,,,,"[""CONTENT_TYPE_TEXT""]",,,"2024-11-23 00:00:00","[""AT"",""BE"",""BG"",""CY"",""CZ"",""DE"",""DK"",""EE"",""ES"",""FI"",""FR"",""GR"",""HR"",""HU"",""IE"",""IT"",""LI"",""LT"",""LU"",""LV"",""MT"",""NL"",""NO"",""PL"",""PT"",""RO"",""SE"",""SI"",""SK""]","2024-11-23 00:00:00","The decision was taken pursuant to own-initiative investigations.",SOURCE_VOLUNTARY,,Yes,AUTOMATED_DECISION_FULLY,TikTok,7440305661826652961,"2024-11-23 03:06:10"
bea0f91b-66ec-47e0-8c13-d039aa8dd901,"[""DECISION_VISIBILITY_CONTENT_REMOVED""]",,,,,,,,,,,DECISION_GROUND_INCOMPATIBLE_CONTENT,,,,"Harassment and Bullying","We welcome the respectful expression of different viewpoints, but not toxicity or trolling. We do not allow language or behavior that harasses, humiliates, threatens, or doxes anyone. This also includes responding to such acts with retaliatory harassment (but excludes non-harassing counterspeech).We proactively enforce our Community Guidelines through a mix of technology and human moderation. We have detected this policy violation using automated measures. We have used automated measures in making this decision.",,STATEMENT_CATEGORY_ILLEGAL_OR_HARMFUL_SPEECH,,,,"[""CONTENT_TYPE_TEXT""]",,,"2024-11-23 00:00:00","[""AT"",""BE"",""BG"",""CY"",""CZ"",""DE"",""DK"",""EE"",""ES"",""FI"",""FR"",""GR"",""HR"",""HU"",""IE"",""IT"",""LI"",""LT"",""LU"",""LV"",""MT"",""NL"",""NO"",""PL"",""PT"",""RO"",""SE"",""SI"",""SK""]","2024-11-23 00:00:00","The decision was taken pursuant to own-initiative investigations.",SOURCE_VOLUNTARY,,Yes,AUTOMATED_DECISION_FULLY,TikTok,7440305661826669345,"2024-11-23 03:06:10"
d22d361b-5b65-44c2-bbc3-7bfee33fb585,"[""DECISION_VISIBILITY_CONTENT_REMOVED""]",,,,,,,,,,,DECISION_GROUND_INCOMPATIBLE_CONTENT,,,,"Hate Speech and Hateful Behaviors","TikTok is enriched by the various backgrounds of our community members. Our differences should be respected, rather than a cause for division. We do not allow any hateful behavior, hate speech, or promotion of hateful ideologies. This includes content that attacks a person or group because of protected attributes.We proactively enforce our Community Guidelines through a mix of technology and human moderation. We have detected this policy violation using automated measures. We have used automated measures in making this decision.",,STATEMENT_CATEGORY_ILLEGAL_OR_HARMFUL_SPEECH,,,,"[""CONTENT_TYPE_TEXT""]",,,"2024-11-23 00:00:00","[""AT"",""BE"",""BG"",""CY"",""CZ"",""DE"",""DK"",""EE"",""ES"",""FI"",""FR"",""GR"",""HR"",""HU"",""IE"",""IT"",""LI"",""LT"",""LU"",""LV"",""MT"",""NL"",""NO"",""PL"",""PT"",""RO"",""SE"",""SI"",""SK""]","2024-11-23 00:00:00","The decision was taken pursuant to own-initiative investigations.",SOURCE_VOLUNTARY,,Yes,AUTOMATED_DECISION_FULLY,TikTok,7440305662921333537,"2024-11-23 03:06:10"
9cf19bf6-d8d4-4fb5-a366-c4d24bfcf2eb,"[""DECISION_VISIBILITY_CONTENT_REMOVED""]",,,,,,,,,,,DECISION_GROUND_INCOMPATIBLE_CONTENT,,,,"Violent Behaviors and Criminal Activities","We recognize that online content related to violence can cause real-world harm. We do not allow any violent threats, incitement to violence, or promotion of criminal activities that may harm people, animals, or property. If there is a specific, credible, and imminent threat to human life or serious physical injury, we will report it to relevant law enforcement authorities.We proactively enforce our Community Guidelines through a mix of technology and human moderation. We have detected this policy violation using automated measures. We have used automated measures in making this decision.",,STATEMENT_CATEGORY_VIOLENCE,,,,"[""CONTENT_TYPE_TEXT""]",,,"2024-11-23 00:00:00","[""AT"",""BE"",""BG"",""CY"",""CZ"",""DE"",""DK"",""EE"",""ES"",""FI"",""FR"",""GR"",""HR"",""HU"",""IE"",""IT"",""LI"",""LT"",""LU"",""LV"",""MT"",""NL"",""NO"",""PL"",""PT"",""RO"",""SE"",""SI"",""SK""]","2024-11-23 00:00:00","The decision was taken pursuant to own-initiative investigations.",SOURCE_VOLUNTARY,,Yes,AUTOMATED_DECISION_FULLY,TikTok,7440305662921349921,"2024-11-23 03:06:10"
aa4aa8cb-0757-46dd-a976-929c90bd9083,"[""DECISION_VISIBILITY_CONTENT_REMOVED""]",,,,,,,,,,,DECISION_GROUND_INCOMPATIBLE_CONTENT,,,,"Harassment and Bullying","We welcome the respectful expression of different viewpoints, but not toxicity or trolling. We do not allow language or behavior that harasses, humiliates, threatens, or doxes anyone. This also includes responding to such acts with retaliatory harassment (but excludes non-harassing counterspeech).We proactively enforce our Community Guidelines through a mix of technology and human moderation. We have detected this policy violation using automated measures. We have used automated measures in making this decision.",,STATEMENT_CATEGORY_ILLEGAL_OR_HARMFUL_SPEECH,,,,"[""CONTENT_TYPE_TEXT""]",,,"2024-11-23 00:00:00","[""AT"",""BE"",""BG"",""CY"",""CZ"",""DE"",""DK"",""EE"",""ES"",""FI"",""FR"",""GR"",""HR"",""HU"",""IE"",""IT"",""LI"",""LT"",""LU"",""LV"",""MT"",""NL"",""NO"",""PL"",""PT"",""RO"",""SE"",""SI"",""SK""]","2024-11-23 00:00:00","The decision was taken pursuant to own-initiative investigations.",SOURCE_VOLUNTARY,,Yes,AUTOMATED_DECISION_FULLY,TikTok,7440305662921366305,"2024-11-23 03:06:10"
b010e0fb-b0dc-484e-936f-36d694d79fc7,"[""DECISION_VISIBILITY_CONTENT_REMOVED""]",,,,,,,,,,,DECISION_GROUND_INCOMPATIBLE_CONTENT,,,,"Harassment and Bullying","We welcome the respectful expression of different viewpoints, but not toxicity or trolling. We do not allow language or behavior that harasses, humiliates, threatens, or doxes anyone. This also includes responding to such acts with retaliatory harassment (but excludes non-harassing counterspeech).We proactively enforce our Community Guidelines through a mix of technology and human moderation. We have detected this policy violation using automated measures. We have used automated measures in making this decision.",,STATEMENT_CATEGORY_ILLEGAL_OR_HARMFUL_SPEECH,,,,"[""CONTENT_TYPE_TEXT""]",,,"2024-11-23 00:00:00","[""AT"",""BE"",""BG"",""CY"",""CZ"",""DE"",""DK"",""EE"",""ES"",""FI"",""FR"",""GR"",""HR"",""HU"",""IE"",""IT"",""LI"",""LT"",""LU"",""LV"",""MT"",""NL"",""NO"",""PL"",""PT"",""RO"",""SE"",""SI"",""SK""]","2024-11-23 00:00:00","The decision was taken pursuant to own-initiative investigations.",SOURCE_VOLUNTARY,,Yes,AUTOMATED_DECISION_FULLY,TikTok,7440305661826685729,"2024-11-23 03:06:10"
e793b55c-37de-4a0b-bb34-4c15aa657693,"[""DECISION_VISIBILITY_CONTENT_REMOVED""]",,,,,,,,,,,DECISION_GROUND_INCOMPATIBLE_CONTENT,,,,"Hate Speech and Hateful Behaviors","TikTok is enriched by the various backgrounds of our community members. Our differences should be respected, rather than a cause for division. We do not allow any hateful behavior, hate speech, or promotion of hateful ideologies. This includes content that attacks a person or group because of protected attributes.We proactively enforce our Community Guidelines through a mix of technology and human moderation. We have detected this policy violation using automated measures. We have used automated measures in making this decision.",,STATEMENT_CATEGORY_ILLEGAL_OR_HARMFUL_SPEECH,,,,"[""CONTENT_TYPE_TEXT""]",,,"2024-11-23 00:00:00","[""AT"",""BE"",""BG"",""CY"",""CZ"",""DE"",""DK"",""EE"",""ES"",""FI"",""FR"",""GR"",""HR"",""HU"",""IE"",""IT"",""LI"",""LT"",""LU"",""LV"",""MT"",""NL"",""NO"",""PL"",""PT"",""RO"",""SE"",""SI"",""SK""]","2024-11-23 00:00:00","The decision was taken pursuant to own-initiative investigations.",SOURCE_VOLUNTARY,,Yes,AUTOMATED_DECISION_FULLY,TikTok,7440305661826702113,"2024-11-23 03:06:10"
c2e8f1f8-8539-4fd1-8e82-2ed53952a0b4,"[""DECISION_VISIBILITY_CONTENT_REMOVED""]",,,,,,,,,,,DECISION_GROUND_INCOMPATIBLE_CONTENT,,,,"Harassment and Bullying","We welcome the respectful expression of different viewpoints, but not toxicity or trolling. We do not allow language or behavior that harasses, humiliates, threatens, or doxes anyone. This also includes responding to such acts with retaliatory harassment (but excludes non-harassing counterspeech).We proactively enforce our Community Guidelines through a mix of technology and human moderation. We have detected this policy violation using automated measures. We have used automated measures in making this decision.",,STATEMENT_CATEGORY_ILLEGAL_OR_HARMFUL_SPEECH,,,,"[""CONTENT_TYPE_TEXT""]",,,"2024-11-23 00:00:00","[""AT"",""BE"",""BG"",""CY"",""CZ"",""DE"",""DK"",""EE"",""ES"",""FI"",""FR"",""GR"",""HR"",""HU"",""IE"",""IT"",""LI"",""LT"",""LU"",""LV"",""MT"",""NL"",""NO"",""PL"",""PT"",""RO"",""SE"",""SI"",""SK""]","2024-11-23 00:00:00","The decision was taken pursuant to own-initiative investigations.",SOURCE_VOLUNTARY,,Yes,AUTOMATED_DECISION_FULLY,TikTok,7440305662921382689,"2024-11-23 03:06:12"
e68592e2-1f3e-4cb8-9600-f714e942d32b,"[""DECISION_VISIBILITY_OTHER""]","Photo not eligible for recommendation in the For You feed, and visibility restricted in search results",,,,,,,,,,DECISION_GROUND_INCOMPATIBLE_CONTENT,,,,"Dangerous Activities and Challenges","Most activities or challenges are appropriate for everyone, but some may carry a risk of significant injury. Content is ineligible for the For You feed if it involves activities likely to lead to moderate physical harm or includes professionals performing extreme sports and stunts that may endanger others.We proactively enforce our Community Guidelines through a mix of technology and human moderation. We have detected this policy violation using automated measures. We have used automated measures in making this decision.",,STATEMENT_CATEGORY_SCOPE_OF_PLATFORM_SERVICE,,,,"[""CONTENT_TYPE_IMAGE""]",,,"2024-11-23 00:00:00","[""AT"",""BE"",""BG"",""CY"",""CZ"",""DE"",""DK"",""EE"",""ES"",""FI"",""FR"",""GR"",""HR"",""HU"",""IE"",""IT"",""LI"",""LT"",""LU"",""LV"",""MT"",""NL"",""NO"",""PL"",""PT"",""RO"",""SE"",""SI"",""SK""]","2024-11-23 00:00:00","The decision was taken pursuant to own-initiative investigations.",SOURCE_VOLUNTARY,,Yes,AUTOMATED_DECISION_FULLY,TikTok,7440305661826718497,"2024-11-23 03:06:12"
0f0b71ba-e3ef-4211-9120-9386aa692a3d,"[""DECISION_VISIBILITY_OTHER""]","Video not eligible for recommendation in the For You feed",,,,,,,,,,DECISION_GROUND_INCOMPATIBLE_CONTENT,,,,"Alcohol, Tobacco, and Drugs","While adults make personal choices about how they engage with alcohol, drugs, and tobacco, we recognize that there are risks connected to trading and using these substances. Content is ineligible for the For You feed and harder to find in search if it shows adults consuming excessive amounts of alcohol or tobacco products.We proactively enforce our Community Guidelines through a mix of technology and human moderation. We have detected this policy violation using automated measures. We have used automated measures in making this decision.",,STATEMENT_CATEGORY_SCOPE_OF_PLATFORM_SERVICE,,,,"[""CONTENT_TYPE_VIDEO""]",,,"2024-11-23 00:00:00","[""AT"",""BE"",""BG"",""CY"",""CZ"",""DE"",""DK"",""EE"",""ES"",""FI"",""FR"",""GR"",""HR"",""HU"",""IE"",""IT"",""LI"",""LT"",""LU"",""LV"",""MT"",""NL"",""NO"",""PL"",""PT"",""RO"",""SE"",""SI"",""SK""]","2024-11-23 00:00:00","The decision was taken pursuant to own-initiative investigations.",SOURCE_VOLUNTARY,,Yes,AUTOMATED_DECISION_FULLY,TikTok,7440305668952693536,"2024-11-23 03:06:12"
1eb57f27-9e7d-4b3e-bd9d-be6235de8254,"[""DECISION_VISIBILITY_CONTENT_REMOVED""]",,,,,,,,,,,DECISION_GROUND_INCOMPATIBLE_CONTENT,,,,"Harassment and Bullying","We welcome the respectful expression of different viewpoints, but not toxicity or trolling. We do not allow language or behavior that harasses, humiliates, threatens, or doxes anyone. This also includes responding to such acts with retaliatory harassment (but excludes non-harassing counterspeech).We proactively enforce our Community Guidelines through a mix of technology and human moderation. We have detected this policy violation using automated measures. We have used automated measures in making this decision.",,STATEMENT_CATEGORY_ILLEGAL_OR_HARMFUL_SPEECH,,,,"[""CONTENT_TYPE_TEXT""]",,,"2024-11-23 00:00:00","[""AT"",""BE"",""BG"",""CY"",""CZ"",""DE"",""DK"",""EE"",""ES"",""FI"",""FR"",""GR"",""HR"",""HU"",""IE"",""IT"",""LI"",""LT"",""LU"",""LV"",""MT"",""NL"",""NO"",""PL"",""PT"",""RO"",""SE"",""SI"",""SK""]","2024-11-23 00:00:00","The decision was taken pursuant to own-initiative investigations.",SOURCE_VOLUNTARY,,Yes,AUTOMATED_DECISION_FULLY,TikTok,7440305662921399073,"2024-11-23 03:06:12"
4e79a2d3-9679-4560-831e-4d0ec9813378,"[""DECISION_VISIBILITY_CONTENT_REMOVED""]",,,,,,,,,,,DECISION_GROUND_INCOMPATIBLE_CONTENT,,,,"Hate Speech and Hateful Behaviors","TikTok is enriched by the various backgrounds of our community members. Our differences should be respected, rather than a cause for division. We do not allow any hateful behavior, hate speech, or promotion of hateful ideologies. This includes content that attacks a person or group because of protected attributes.We proactively enforce our Community Guidelines through a mix of technology and human moderation. We have detected this policy violation using automated measures. We have used automated measures in making this decision.",,STATEMENT_CATEGORY_ILLEGAL_OR_HARMFUL_SPEECH,,,,"[""CONTENT_TYPE_TEXT""]",,,"2024-11-23 00:00:00","[""AT"",""BE"",""BG"",""CY"",""CZ"",""DE"",""DK"",""EE"",""ES"",""FI"",""FR"",""GR"",""HR"",""HU"",""IE"",""IT"",""LI"",""LT"",""LU"",""LV"",""MT"",""NL"",""NO"",""PL"",""PT"",""RO"",""SE"",""SI"",""SK""]","2024-11-23 00:00:00","The decision was taken pursuant to own-initiative investigations.",SOURCE_VOLUNTARY,,Yes,AUTOMATED_DECISION_FULLY,TikTok,7440305662921415457,"2024-11-23 03:06:12"
2f98280f-329a-4719-9f1c-f11a373fb431,"[""DECISION_VISIBILITY_CONTENT_REMOVED""]",,,,,,,,,,,DECISION_GROUND_INCOMPATIBLE_CONTENT,,,,"Hate Speech and Hateful Behaviors","TikTok is enriched by the various backgrounds of our community members. Our differences should be respected, rather than a cause for division. We do not allow any hateful behavior, hate speech, or promotion of hateful ideologies. This includes content that attacks a person or group because of protected attributes.We proactively enforce our Community Guidelines through a mix of technology and human moderation. We have detected this policy violation using automated measures. We have used automated measures in making this decision.",,STATEMENT_CATEGORY_ILLEGAL_OR_HARMFUL_SPEECH,,,,"[""CONTENT_TYPE_TEXT""]",,,"2024-11-23 00:00:00","[""AT"",""BE"",""BG"",""CY"",""CZ"",""DE"",""DK"",""EE"",""ES"",""FI"",""FR"",""GR"",""HR"",""HU"",""IE"",""IT"",""LI"",""LT"",""LU"",""LV"",""MT"",""NL"",""NO"",""PL"",""PT"",""RO"",""SE"",""SI"",""SK""]","2024-11-23 00:00:00","The decision was taken pursuant to own-initiative investigations.",SOURCE_VOLUNTARY,,Yes,AUTOMATED_DECISION_FULLY,TikTok,7440305662921431841,"2024-11-23 03:06:12"
7c43083f-9068-494c-b6a1-cf1653928ba9,"[""DECISION_VISIBILITY_OTHER""]","Photo not eligible for recommendation in the For You feed, and visibility restricted in search results",,,,,,,,,,DECISION_GROUND_INCOMPATIBLE_CONTENT,,,,"Civic and Election Integrity","We want to enable the informed exchange of civic ideas in a way that fosters productive dialogue. Your video didn’t meet our eligibility standards for the For You Feed. Please review our Community Guidelines for more information.We proactively enforce our Community Guidelines through a mix of technology and human moderation. We have detected this policy violation using automated measures. We have used automated measures in making this decision.",,STATEMENT_CATEGORY_NEGATIVE_EFFECTS_ON_CIVIC_DISCOURSE_OR_ELECTIONS,,,,"[""CONTENT_TYPE_IMAGE""]",,,"2024-11-23 00:00:00","[""AT"",""BE"",""BG"",""CY"",""CZ"",""DE"",""DK"",""EE"",""ES"",""FI"",""FR"",""GR"",""HR"",""HU"",""IE"",""IT"",""LI"",""LT"",""LU"",""LV"",""MT"",""NL"",""NO"",""PL"",""PT"",""RO"",""SE"",""SI"",""SK""]","2024-11-23 00:00:00","The decision was taken pursuant to own-initiative investigations.",SOURCE_VOLUNTARY,,Yes,AUTOMATED_DECISION_FULLY,TikTok,7440305668952709920,"2024-11-23 03:06:12"
7a6833bf-0e60-4459-bc46-66ea5e030c63,"[""DECISION_VISIBILITY_CONTENT_REMOVED""]",,,,,,,,,,,DECISION_GROUND_INCOMPATIBLE_CONTENT,,,,"Harassment and Bullying","We welcome the respectful expression of different viewpoints, but not toxicity or trolling. We do not allow language or behavior that harasses, humiliates, threatens, or doxes anyone. This also includes responding to such acts with retaliatory harassment (but excludes non-harassing counterspeech).We proactively enforce our Community Guidelines through a mix of technology and human moderation. We have detected this policy violation using automated measures. We have used automated measures in making this decision.",,STATEMENT_CATEGORY_ILLEGAL_OR_HARMFUL_SPEECH,,,,"[""CONTENT_TYPE_TEXT""]",,,"2024-11-23 00:00:00","[""AT"",""BE"",""BG"",""CY"",""CZ"",""DE"",""DK"",""EE"",""ES"",""FI"",""FR"",""GR"",""HR"",""HU"",""IE"",""IT"",""LI"",""LT"",""LU"",""LV"",""MT"",""NL"",""NO"",""PL"",""PT"",""RO"",""SE"",""SI"",""SK""]","2024-11-23 00:00:00","The decision was taken pursuant to own-initiative investigations.",SOURCE_VOLUNTARY,,Yes,AUTOMATED_DECISION_FULLY,TikTok,7440305668952726304,"2024-11-23 03:06:12"
b699be33-98c3-4c74-98b2-a1fa6942dca9,"[""DECISION_VISIBILITY_CONTENT_REMOVED""]",,,,,,,,,,,DECISION_GROUND_INCOMPATIBLE_CONTENT,,,,"Harassment and Bullying","We welcome the respectful expression of different viewpoints, but not toxicity or trolling. We do not allow language or behavior that harasses, humiliates, threatens, or doxes anyone. This also includes responding to such acts with retaliatory harassment (but excludes non-harassing counterspeech).We proactively enforce our Community Guidelines through a mix of technology and human moderation. We have detected this policy violation using automated measures. We have used automated measures in making this decision.",,STATEMENT_CATEGORY_ILLEGAL_OR_HARMFUL_SPEECH,,,,"[""CONTENT_TYPE_TEXT""]",,,"2024-11-23 00:00:00","[""AT"",""BE"",""BG"",""CY"",""CZ"",""DE"",""DK"",""EE"",""ES"",""FI"",""FR"",""GR"",""HR"",""HU"",""IE"",""IT"",""LI"",""LT"",""LU"",""LV"",""MT"",""NL"",""NO"",""PL"",""PT"",""RO"",""SE"",""SI"",""SK""]","2024-11-23 00:00:00","The decision was taken pursuant to own-initiative investigations.",SOURCE_VOLUNTARY,,Yes,AUTOMATED_DECISION_FULLY,TikTok,7440305668952742688,"2024-11-23 03:06:12"
a85cd335-7565-4300-97d5-ec7d3409b04a,"[""DECISION_VISIBILITY_OTHER""]","Photo not eligible for recommendation in the For You feed, and visibility restricted in search results",,,,,,,,,,DECISION_GROUND_INCOMPATIBLE_CONTENT,,,,"Civic and Election Integrity","We want to enable the informed exchange of civic ideas in a way that fosters productive dialogue. Your video didn’t meet our eligibility standards for the For You Feed. Please review our Community Guidelines for more information.We proactively enforce our Community Guidelines through a mix of technology and human moderation. We have detected this policy violation using automated measures. We have used automated measures in making this decision.",,STATEMENT_CATEGORY_NEGATIVE_EFFECTS_ON_CIVIC_DISCOURSE_OR_ELECTIONS,,,,"[""CONTENT_TYPE_IMAGE""]",,,"2024-11-23 00:00:00","[""AT"",""BE"",""BG"",""CY"",""CZ"",""DE"",""DK"",""EE"",""ES"",""FI"",""FR"",""GR"",""HR"",""HU"",""IE"",""IT"",""LI"",""LT"",""LU"",""LV"",""MT"",""NL"",""NO"",""PL"",""PT"",""RO"",""SE"",""SI"",""SK""]","2024-11-23 00:00:00","The decision was taken pursuant to own-initiative investigations.",SOURCE_VOLUNTARY,,Yes,AUTOMATED_DECISION_FULLY,TikTok,7440305668952759072,"2024-11-23 03:06:12"
3923c1e4-15de-4c33-91db-5da1c2d41339,"[""DECISION_VISIBILITY_CONTENT_AGE_RESTRICTED""]",,,,,,,,,,,DECISION_GROUND_INCOMPATIBLE_CONTENT,,,,"Minimum Age Requirement","Users must be 13 years and older to have a TikTok account. We are deeply committed to ensuring that TikTok is a safe and positive experience for people under the age of 18. This starts by being old enough to use TikTok. If we learn someone is below the minimum age on TikTok, we will ban that account. Content created by anyone under 16 is ineligible for the For You feed and harder to find in search.We proactively enforce our Community Guidelines through a mix of technology and human moderation. We have detected this policy violation using automated measures.",,STATEMENT_CATEGORY_PROTECTION_OF_MINORS,,,,"[""CONTENT_TYPE_VIDEO""]",,,"2024-11-23 00:00:00","[""AT"",""BE"",""BG"",""CY"",""CZ"",""DE"",""DK"",""EE"",""ES"",""FI"",""FR"",""GR"",""HR"",""HU"",""IE"",""IT"",""LI"",""LT"",""LU"",""LV"",""MT"",""NL"",""NO"",""PL"",""PT"",""RO"",""SE"",""SI"",""SK""]","2024-11-23 00:00:00","The decision was taken pursuant to own-initiative investigations.",SOURCE_VOLUNTARY,,Yes,AUTOMATED_DECISION_NOT_AUTOMATED,TikTok,7440305625269148449,"2024-11-23 03:06:12"
7d9b4cf0-3b0c-44b2-b2d2-d1b22d7a815d,"[""DECISION_VISIBILITY_CONTENT_REMOVED""]",,,,,,,,,,,DECISION_GROUND_INCOMPATIBLE_CONTENT,,,,"Harassment and Bullying","We welcome the respectful expression of different viewpoints, but not toxicity or trolling. We do not allow language or behavior that harasses, humiliates, threatens, or doxes anyone. This also includes responding to such acts with retaliatory harassment (but excludes non-harassing counterspeech).We proactively enforce our Community Guidelines through a mix of technology and human moderation. We have detected this policy violation using automated measures. We have used automated measures in making this decision.",,STATEMENT_CATEGORY_ILLEGAL_OR_HARMFUL_SPEECH,,,,"[""CONTENT_TYPE_TEXT""]",,,"2024-11-23 00:00:00","[""AT"",""BE"",""BG"",""CY"",""CZ"",""DE"",""DK"",""EE"",""ES"",""FI"",""FR"",""GR"",""HR"",""HU"",""IE"",""IT"",""LI"",""LT"",""LU"",""LV"",""MT"",""NL"",""NO"",""PL"",""PT"",""RO"",""SE"",""SI"",""SK""]","2024-11-23 00:00:00","The decision was taken pursuant to own-initiative investigations.",SOURCE_VOLUNTARY,,Yes,AUTOMATED_DECISION_FULLY,TikTok,7440305637172452128,"2024-11-23 03:06:12"
0ef5f5d2-a540-4396-87a6-1e4b4cd5246c,"[""DECISION_VISIBILITY_CONTENT_REMOVED""]",,,,,,,,,,,DECISION_GROUND_INCOMPATIBLE_CONTENT,,,,"Fake Engagement","Authentic engagement is central to the integrity of our platform and informs how we recommend content that others may find interesting. We do not allow the trade of services that attempt to artificially increase engagement or deceive TikTok’s recommendation system.We proactively enforce our Community Guidelines through a mix of technology and human moderation. We have detected this policy violation using automated measures. We have used automated measures in making this decision.",,STATEMENT_CATEGORY_SCAMS_AND_FRAUD,,,,"[""CONTENT_TYPE_TEXT""]",,,"2024-11-23 00:00:00","[""AT"",""BE"",""BG"",""CY"",""CZ"",""DE"",""DK"",""EE"",""ES"",""FI"",""FR"",""GR"",""HR"",""HU"",""IE"",""IT"",""LI"",""LT"",""LU"",""LV"",""MT"",""NL"",""NO"",""PL"",""PT"",""RO"",""SE"",""SI"",""SK""]","2024-11-23 00:00:00","The decision was taken pursuant to own-initiative investigations.",SOURCE_VOLUNTARY,,Yes,AUTOMATED_DECISION_FULLY,TikTok,7440305637172468512,"2024-11-23 03:06:12"
99286ed0-28e3-404c-83d9-7f2e23d51219,"[""DECISION_VISIBILITY_OTHER""]","Photo not eligible for recommendation in the For You feed",,,,,,,,,,DECISION_GROUND_INCOMPATIBLE_CONTENT,,,,"Community Guidelines","Your content is against our Community Guidelines. The guidelines include rules and standards for using TikTok that apply to everyone and everything on our platform.",,STATEMENT_CATEGORY_DATA_PROTECTION_AND_PRIVACY_VIOLATIONS,,,,"[""CONTENT_TYPE_IMAGE""]",,,"2024-11-23 00:00:00","[""AT"",""BE"",""BG"",""CY"",""CZ"",""DE"",""DK"",""EE"",""ES"",""FI"",""FR"",""GR"",""HR"",""HU"",""IE"",""IT"",""LI"",""LT"",""LU"",""LV"",""MT"",""NL"",""NO"",""PL"",""PT"",""RO"",""SE"",""SI"",""SK""]","2024-11-23 00:00:00","The decision was taken pursuant to own-initiative investigations.",SOURCE_VOLUNTARY,,Yes,AUTOMATED_DECISION_FULLY,TikTok,7440305637172484896,"2024-11-23 03:06:12"
b92b5129-0228-4d4f-b303-5df86c0f5a78,"[""DECISION_VISIBILITY_CONTENT_REMOVED""]",,,,,,,,,,,DECISION_GROUND_INCOMPATIBLE_CONTENT,,,,"Harassment and Bullying","We welcome the respectful expression of different viewpoints, but not toxicity or trolling. We do not allow language or behavior that harasses, humiliates, threatens, or doxes anyone. This also includes responding to such acts with retaliatory harassment (but excludes non-harassing counterspeech).We proactively enforce our Community Guidelines through a mix of technology and human moderation. We have detected this policy violation using automated measures. We have used automated measures in making this decision.",,STATEMENT_CATEGORY_ILLEGAL_OR_HARMFUL_SPEECH,,,,"[""CONTENT_TYPE_TEXT""]",,,"2024-11-23 00:00:00","[""AT"",""BE"",""BG"",""CY"",""CZ"",""DE"",""DK"",""EE"",""ES"",""FI"",""FR"",""GR"",""HR"",""HU"",""IE"",""IT"",""LI"",""LT"",""LU"",""LV"",""MT"",""NL"",""NO"",""PL"",""PT"",""RO"",""SE"",""SI"",""SK""]","2024-11-23 00:00:00","The decision was taken pursuant to own-initiative investigations.",SOURCE_VOLUNTARY,,Yes,AUTOMATED_DECISION_FULLY,TikTok,7440305625269164833,"2024-11-23 03:06:12"
97c9e274-9715-430b-b57b-0747487127b3,"[""DECISION_VISIBILITY_CONTENT_AGE_RESTRICTED""]",,,,,,,,,,,DECISION_GROUND_INCOMPATIBLE_CONTENT,,,,"Nudity and Body Exposure","We celebrate all shapes and sizes and want people to feel comfortable in how they present themselves and their bodies. Content is ineligible for the For You feed and harder to find in search if it shows moderate body exposure of a young person, or significant body exposure of an adult. We allow regional exceptions for body exposure in limited situations, such as common cultural practices.We proactively enforce our Community Guidelines through a mix of technology and human moderation. We have detected this policy violation using automated measures.",,STATEMENT_CATEGORY_SCOPE_OF_PLATFORM_SERVICE,,,,"[""CONTENT_TYPE_VIDEO""]",,,"2024-11-23 00:00:00","[""AT"",""BE"",""BG"",""CY"",""CZ"",""DE"",""DK"",""EE"",""ES"",""FI"",""FR"",""GR"",""HR"",""HU"",""IE"",""IT"",""LI"",""LT"",""LU"",""LV"",""MT"",""NL"",""NO"",""PL"",""PT"",""RO"",""SE"",""SI"",""SK""]","2024-11-23 00:00:00","The decision was taken pursuant to own-initiative investigations.",SOURCE_VOLUNTARY,,Yes,AUTOMATED_DECISION_NOT_AUTOMATED,TikTok,7440305641534528288,"2024-11-23 03:06:12"
929a0d05-702d-4e2c-b130-7acd6cd7f416,"[""DECISION_VISIBILITY_OTHER""]","Video not eligible for recommendation in the For You feed",,,,,,,,,,DECISION_GROUND_INCOMPATIBLE_CONTENT,,,,"Alcohol, Tobacco, and Drugs","While adults make personal choices about how they engage with alcohol, drugs, and tobacco, we recognize that there are risks connected to trading and using these substances. Content is ineligible for the For You feed and harder to find in search if it shows adults consuming excessive amounts of alcohol or tobacco products.We proactively enforce our Community Guidelines through a mix of technology and human moderation. We have detected this policy violation using automated measures. We have used automated measures in making this decision.",,STATEMENT_CATEGORY_SCOPE_OF_PLATFORM_SERVICE,,,,"[""CONTENT_TYPE_VIDEO""]",,,"2024-11-23 00:00:00","[""AT"",""BE"",""BG"",""CY"",""CZ"",""DE"",""DK"",""EE"",""ES"",""FI"",""FR"",""GR"",""HR"",""HU"",""IE"",""IT"",""LI"",""LT"",""LU"",""LV"",""MT"",""NL"",""NO"",""PL"",""PT"",""RO"",""SE"",""SI"",""SK""]","2024-11-23 00:00:00","The decision was taken pursuant to own-initiative investigations.",SOURCE_VOLUNTARY,,Yes,AUTOMATED_DECISION_FULLY,TikTok,7440305641534544672,"2024-11-23 03:06:12"
6f94e880-8f69-4815-837a-d7b33f440b7e,"[""DECISION_VISIBILITY_CONTENT_REMOVED""]",,,,,,,,,,,DECISION_GROUND_INCOMPATIBLE_CONTENT,,,,"Harassment and Bullying","We welcome the respectful expression of different viewpoints, but not toxicity or trolling. We do not allow language or behavior that harasses, humiliates, threatens, or doxes anyone. This also includes responding to such acts with retaliatory harassment (but excludes non-harassing counterspeech).We proactively enforce our Community Guidelines through a mix of technology and human moderation. We have detected this policy violation using automated measures. We have used automated measures in making this decision.",,STATEMENT_CATEGORY_ILLEGAL_OR_HARMFUL_SPEECH,,,,"[""CONTENT_TYPE_TEXT""]",,,"2024-11-23 00:00:00","[""AT"",""BE"",""BG"",""CY"",""CZ"",""DE"",""DK"",""EE"",""ES"",""FI"",""FR"",""GR"",""HR"",""HU"",""IE"",""IT"",""LI"",""LT"",""LU"",""LV"",""MT"",""NL"",""NO"",""PL"",""PT"",""RO"",""SE"",""SI"",""SK""]","2024-11-23 00:00:00","The decision was taken pursuant to own-initiative investigations.",SOURCE_VOLUNTARY,,Yes,AUTOMATED_DECISION_FULLY,TikTok,7440305641534561056,"2024-11-23 03:06:12"
fc3ed8ec-1ed5-42fc-b83d-b595f8341fd3,"[""DECISION_VISIBILITY_CONTENT_REMOVED""]",,,,,,,,,,,DECISION_GROUND_INCOMPATIBLE_CONTENT,,,,"Harassment and Bullying","We welcome the respectful expression of different viewpoints, but not toxicity or trolling. We do not allow language or behavior that harasses, humiliates, threatens, or doxes anyone. This also includes responding to such acts with retaliatory harassment (but excludes non-harassing counterspeech).We proactively enforce our Community Guidelines through a mix of technology and human moderation. We have detected this policy violation using automated measures. We have used automated measures in making this decision.",,STATEMENT_CATEGORY_ILLEGAL_OR_HARMFUL_SPEECH,,,,"[""CONTENT_TYPE_TEXT""]",,,"2024-11-23 00:00:00","[""AT"",""BE"",""BG"",""CY"",""CZ"",""DE"",""DK"",""EE"",""ES"",""FI"",""FR"",""GR"",""HR"",""HU"",""IE"",""IT"",""LI"",""LT"",""LU"",""LV"",""MT"",""NL"",""NO"",""PL"",""PT"",""RO"",""SE"",""SI"",""SK""]","2024-11-23 00:00:00","The decision was taken pursuant to own-initiative investigations.",SOURCE_VOLUNTARY,,Yes,AUTOMATED_DECISION_FULLY,TikTok,7440305637172501280,"2024-11-23 03:06:12"
c7645dcd-1357-4167-9c9e-b653de1697c4,"[""DECISION_VISIBILITY_CONTENT_REMOVED""]",,,,,,,,,,,DECISION_GROUND_INCOMPATIBLE_CONTENT,,,,"Harassment and Bullying","We welcome the respectful expression of different viewpoints, but not toxicity or trolling. We do not allow language or behavior that harasses, humiliates, threatens, or doxes anyone. This also includes responding to such acts with retaliatory harassment (but excludes non-harassing counterspeech).We proactively enforce our Community Guidelines through a mix of technology and human moderation. We have detected this policy violation using automated measures. We have used automated measures in making this decision.",,STATEMENT_CATEGORY_ILLEGAL_OR_HARMFUL_SPEECH,,,,"[""CONTENT_TYPE_TEXT""]",,,"2024-11-23 00:00:00","[""AT"",""BE"",""BG"",""CY"",""CZ"",""DE"",""DK"",""EE"",""ES"",""FI"",""FR"",""GR"",""HR"",""HU"",""IE"",""IT"",""LI"",""LT"",""LU"",""LV"",""MT"",""NL"",""NO"",""PL"",""PT"",""RO"",""SE"",""SI"",""SK""]","2024-11-23 00:00:00","The decision was taken pursuant to own-initiative investigations.",SOURCE_VOLUNTARY,,Yes,AUTOMATED_DECISION_FULLY,TikTok,7440305637172517664,"2024-11-23 03:06:12"
c4616ba0-eead-4212-aca6-8a77e00d3bcb,"[""DECISION_VISIBILITY_OTHER""]","Photo not eligible for recommendation in the For You feed, and visibility restricted in search results",,,,,,,,,,DECISION_GROUND_INCOMPATIBLE_CONTENT,,,,"Dangerous Activities and Challenges","Most activities or challenges are appropriate for everyone, but some may carry a risk of significant injury. Content is ineligible for the For You feed if it involves activities likely to lead to moderate physical harm or includes professionals performing extreme sports and stunts that may endanger others.We proactively enforce our Community Guidelines through a mix of technology and human moderation. We have detected this policy violation using automated measures. We have used automated measures in making this decision.",,STATEMENT_CATEGORY_SCOPE_OF_PLATFORM_SERVICE,,,,"[""CONTENT_TYPE_IMAGE""]",,,"2024-11-23 00:00:00","[""AT"",""BE"",""BG"",""CY"",""CZ"",""DE"",""DK"",""EE"",""ES"",""FI"",""FR"",""GR"",""HR"",""HU"",""IE"",""IT"",""LI"",""LT"",""LU"",""LV"",""MT"",""NL"",""NO"",""PL"",""PT"",""RO"",""SE"",""SI"",""SK""]","2024-11-23 00:00:00","The decision was taken pursuant to own-initiative investigations.",SOURCE_VOLUNTARY,,Yes,AUTOMATED_DECISION_FULLY,TikTok,7440305637172534048,"2024-11-23 03:06:12"
c1d5dbfa-6d66-4fd5-966f-48b695a83bac,"[""DECISION_VISIBILITY_CONTENT_REMOVED""]",,,,,,,,,,,DECISION_GROUND_INCOMPATIBLE_CONTENT,,,,"Community Guidelines","Your content is against our Community Guidelines. The guidelines include rules and standards for using TikTok that apply to everyone and everything on our platform.Users and 3rd-parties can report policy violations to us. We have detected this policy violation based on a report that the content violated our Community Guidelines.",,STATEMENT_CATEGORY_SCOPE_OF_PLATFORM_SERVICE,,,,"[""CONTENT_TYPE_TEXT""]",,,"2024-11-23 00:00:00","[""AT"",""BE"",""BG"",""CY"",""CZ"",""DE"",""DK"",""EE"",""ES"",""FI"",""FR"",""GR"",""HR"",""HU"",""IE"",""IT"",""LI"",""LT"",""LU"",""LV"",""MT"",""NL"",""NO"",""PL"",""PT"",""RO"",""SE"",""SI"",""SK""]","2024-11-23 00:00:00","The decision was taken in response to a report alleging a violation of our Community Guidelines.",SOURCE_VOLUNTARY,,No,AUTOMATED_DECISION_NOT_AUTOMATED,TikTok,7440305637172550432,"2024-11-23 03:06:12"
1daaaae1-8447-4d3b-96fa-b1b9c9566656,"[""DECISION_VISIBILITY_CONTENT_REMOVED""]",,,,,,,,,,,DECISION_GROUND_INCOMPATIBLE_CONTENT,,,,"Harassment and Bullying","We welcome the respectful expression of different viewpoints, but not toxicity or trolling. We do not allow language or behavior that harasses, humiliates, threatens, or doxes anyone. This also includes responding to such acts with retaliatory harassment (but excludes non-harassing counterspeech).We proactively enforce our Community Guidelines through a mix of technology and human moderation. We have detected this policy violation using automated measures. We have used automated measures in making this decision.",,STATEMENT_CATEGORY_ILLEGAL_OR_HARMFUL_SPEECH,,,,"[""CONTENT_TYPE_TEXT""]",,,"2024-11-23 00:00:00","[""AT"",""BE"",""BG"",""CY"",""CZ"",""DE"",""DK"",""EE"",""ES"",""FI"",""FR"",""GR"",""HR"",""HU"",""IE"",""IT"",""LI"",""LT"",""LU"",""LV"",""MT"",""NL"",""NO"",""PL"",""PT"",""RO"",""SE"",""SI"",""SK""]","2024-11-23 00:00:00","The decision was taken pursuant to own-initiative investigations.",SOURCE_VOLUNTARY,,Yes,AUTOMATED_DECISION_FULLY,TikTok,7440305637172566816,"2024-11-23 03:06:12"
cc655774-08bd-44fb-bd96-87c2791b5be6,"[""DECISION_VISIBILITY_CONTENT_REMOVED""]",,,,,,,,,,,DECISION_GROUND_INCOMPATIBLE_CONTENT,,,,"Harassment and Bullying","We welcome the respectful expression of different viewpoints, but not toxicity or trolling. We do not allow language or behavior that harasses, humiliates, threatens, or doxes anyone. This also includes responding to such acts with retaliatory harassment (but excludes non-harassing counterspeech).We proactively enforce our Community Guidelines through a mix of technology and human moderation. We have detected this policy violation using automated measures. We have used automated measures in making this decision.",,STATEMENT_CATEGORY_ILLEGAL_OR_HARMFUL_SPEECH,,,,"[""CONTENT_TYPE_TEXT""]",,,"2024-11-23 00:00:00","[""AT"",""BE"",""BG"",""CY"",""CZ"",""DE"",""DK"",""EE"",""ES"",""FI"",""FR"",""GR"",""HR"",""HU"",""IE"",""IT"",""LI"",""LT"",""LU"",""LV"",""MT"",""NL"",""NO"",""PL"",""PT"",""RO"",""SE"",""SI"",""SK""]","2024-11-23 00:00:00","The decision was taken pursuant to own-initiative investigations.",SOURCE_VOLUNTARY,,Yes,AUTOMATED_DECISION_FULLY,TikTok,7440305641534577440,"2024-11-23 03:06:12"
3650c07b-b65d-4208-aaa6-f837d84183da,"[""DECISION_VISIBILITY_OTHER""]","Photo not eligible for recommendation in the For You feed, and visibility restricted in search results",,,,,,,,,,DECISION_GROUND_INCOMPATIBLE_CONTENT,,,,"Civic and Election Integrity","We want to enable the informed exchange of civic ideas in a way that fosters productive dialogue. Your video didn’t meet our eligibility standards for the For You Feed. Please review our Community Guidelines for more information.We proactively enforce our Community Guidelines through a mix of technology and human moderation. We have detected this policy violation using automated measures. We have used automated measures in making this decision.",,STATEMENT_CATEGORY_NEGATIVE_EFFECTS_ON_CIVIC_DISCOURSE_OR_ELECTIONS,,,,"[""CONTENT_TYPE_IMAGE""]",,,"2024-11-23 00:00:00","[""AT"",""BE"",""BG"",""CY"",""CZ"",""DE"",""DK"",""EE"",""ES"",""FI"",""FR"",""GR"",""HR"",""HU"",""IE"",""IT"",""LI"",""LT"",""LU"",""LV"",""MT"",""NL"",""NO"",""PL"",""PT"",""RO"",""SE"",""SI"",""SK""]","2024-11-23 00:00:00","The decision was taken pursuant to own-initiative investigations.",SOURCE_VOLUNTARY,,Yes,AUTOMATED_DECISION_FULLY,TikTok,7440305641534593824,"2024-11-23 03:06:12"
82cd681e-70fa-4116-85ab-e2716c2cf73d,"[""DECISION_VISIBILITY_CONTENT_REMOVED""]",,,,,,,,,,,DECISION_GROUND_INCOMPATIBLE_CONTENT,,,,"Harassment and Bullying","We welcome the respectful expression of different viewpoints, but not toxicity or trolling. We do not allow language or behavior that harasses, humiliates, threatens, or doxes anyone. This also includes responding to such acts with retaliatory harassment (but excludes non-harassing counterspeech).We proactively enforce our Community Guidelines through a mix of technology and human moderation. We have detected this policy violation using automated measures. We have used automated measures in making this decision.",,STATEMENT_CATEGORY_ILLEGAL_OR_HARMFUL_SPEECH,,,,"[""CONTENT_TYPE_TEXT""]",,,"2024-11-23 00:00:00","[""AT"",""BE"",""BG"",""CY"",""CZ"",""DE"",""DK"",""EE"",""ES"",""FI"",""FR"",""GR"",""HR"",""HU"",""IE"",""IT"",""LI"",""LT"",""LU"",""LV"",""MT"",""NL"",""NO"",""PL"",""PT"",""RO"",""SE"",""SI"",""SK""]","2024-11-23 00:00:00","The decision was taken pursuant to own-initiative investigations.",SOURCE_VOLUNTARY,,Yes,AUTOMATED_DECISION_FULLY,TikTok,7440305641534610208,"2024-11-23 03:06:12"
fff166e6-a7ec-43f4-9ec3-069d4fc86a51,"[""DECISION_VISIBILITY_CONTENT_REMOVED""]",,,,,,,,,,,DECISION_GROUND_INCOMPATIBLE_CONTENT,,,,"Harassment and Bullying","We welcome the respectful expression of different viewpoints, but not toxicity or trolling. We do not allow language or behavior that harasses, humiliates, threatens, or doxes anyone. This also includes responding to such acts with retaliatory harassment (but excludes non-harassing counterspeech).We proactively enforce our Community Guidelines through a mix of technology and human moderation. We have detected this policy violation using automated measures. We have used automated measures in making this decision.",,STATEMENT_CATEGORY_ILLEGAL_OR_HARMFUL_SPEECH,,,,"[""CONTENT_TYPE_TEXT""]",,,"2024-11-23 00:00:00","[""AT"",""BE"",""BG"",""CY"",""CZ"",""DE"",""DK"",""EE"",""ES"",""FI"",""FR"",""GR"",""HR"",""HU"",""IE"",""IT"",""LI"",""LT"",""LU"",""LV"",""MT"",""NL"",""NO"",""PL"",""PT"",""RO"",""SE"",""SI"",""SK""]","2024-11-23 00:00:00","The decision was taken pursuant to own-initiative investigations.",SOURCE_VOLUNTARY,,Yes,AUTOMATED_DECISION_FULLY,TikTok,7440305641534626592,"2024-11-23 03:06:12"
baa509ab-edd3-40f0-8864-87608a6e766d,"[""DECISION_VISIBILITY_CONTENT_REMOVED""]",,,,,,,,,,,DECISION_GROUND_INCOMPATIBLE_CONTENT,,,,"Harassment and Bullying","We welcome the respectful expression of different viewpoints, but not toxicity or trolling. We do not allow language or behavior that harasses, humiliates, threatens, or doxes anyone. This also includes responding to such acts with retaliatory harassment (but excludes non-harassing counterspeech).We proactively enforce our Community Guidelines through a mix of technology and human moderation. We have detected this policy violation using automated measures. We have used automated measures in making this decision.",,STATEMENT_CATEGORY_ILLEGAL_OR_HARMFUL_SPEECH,,,,"[""CONTENT_TYPE_TEXT""]",,,"2024-11-23 00:00:00","[""AT"",""BE"",""BG"",""CY"",""CZ"",""DE"",""DK"",""EE"",""ES"",""FI"",""FR"",""GR"",""HR"",""HU"",""IE"",""IT"",""LI"",""LT"",""LU"",""LV"",""MT"",""NL"",""NO"",""PL"",""PT"",""RO"",""SE"",""SI"",""SK""]","2024-11-23 00:00:00","The decision was taken pursuant to own-initiative investigations.",SOURCE_VOLUNTARY,,Yes,AUTOMATED_DECISION_FULLY,TikTok,7440305637172583200,"2024-11-23 03:06:12"
a37bd262-6b60-4d38-9159-e8f8f7d4fc1e,"[""DECISION_VISIBILITY_CONTENT_REMOVED""]",,,,,,,,,,,DECISION_GROUND_INCOMPATIBLE_CONTENT,,,,"Harassment and Bullying","We welcome the respectful expression of different viewpoints, but not toxicity or trolling. We do not allow language or behavior that harasses, humiliates, threatens, or doxes anyone. This also includes responding to such acts with retaliatory harassment (but excludes non-harassing counterspeech).We proactively enforce our Community Guidelines through a mix of technology and human moderation. We have detected this policy violation using automated measures. We have used automated measures in making this decision.",,STATEMENT_CATEGORY_ILLEGAL_OR_HARMFUL_SPEECH,,,,"[""CONTENT_TYPE_TEXT""]",,,"2024-11-23 00:00:00","[""AT"",""BE"",""BG"",""CY"",""CZ"",""DE"",""DK"",""EE"",""ES"",""FI"",""FR"",""GR"",""HR"",""HU"",""IE"",""IT"",""LI"",""LT"",""LU"",""LV"",""MT"",""NL"",""NO"",""PL"",""PT"",""RO"",""SE"",""SI"",""SK""]","2024-11-23 00:00:00","The decision was taken pursuant to own-initiative investigations.",SOURCE_VOLUNTARY,,Yes,AUTOMATED_DECISION_FULLY,TikTok,7440305637172599584,"2024-11-23 03:06:12"
fc3c2856-ffa2-4e10-bd46-a58d6168a48c,"[""DECISION_VISIBILITY_CONTENT_REMOVED""]",,,,,,,,,,,DECISION_GROUND_INCOMPATIBLE_CONTENT,,,,"Harassment and Bullying","We welcome the respectful expression of different viewpoints, but not toxicity or trolling. We do not allow language or behavior that harasses, humiliates, threatens, or doxes anyone. This also includes responding to such acts with retaliatory harassment (but excludes non-harassing counterspeech).We proactively enforce our Community Guidelines through a mix of technology and human moderation. We have detected this policy violation using automated measures. We have used automated measures in making this decision.",,STATEMENT_CATEGORY_ILLEGAL_OR_HARMFUL_SPEECH,,,,"[""CONTENT_TYPE_TEXT""]",,,"2024-11-23 00:00:00","[""AT"",""BE"",""BG"",""CY"",""CZ"",""DE"",""DK"",""EE"",""ES"",""FI"",""FR"",""GR"",""HR"",""HU"",""IE"",""IT"",""LI"",""LT"",""LU"",""LV"",""MT"",""NL"",""NO"",""PL"",""PT"",""RO"",""SE"",""SI"",""SK""]","2024-11-23 00:00:00","The decision was taken pursuant to own-initiative investigations.",SOURCE_VOLUNTARY,,Yes,AUTOMATED_DECISION_FULLY,TikTok,7440305641534642976,"2024-11-23 03:06:12"
3491ab1f-e449-4a74-a9ff-ab9972408cfe,"[""DECISION_VISIBILITY_CONTENT_REMOVED""]",,,,,,,,,,,DECISION_GROUND_INCOMPATIBLE_CONTENT,,,,"Harassment and Bullying","We welcome the respectful expression of different viewpoints, but not toxicity or trolling. We do not allow language or behavior that harasses, humiliates, threatens, or doxes anyone. This also includes responding to such acts with retaliatory harassment (but excludes non-harassing counterspeech).We proactively enforce our Community Guidelines through a mix of technology and human moderation. We have detected this policy violation using automated measures. We have used automated measures in making this decision.",,STATEMENT_CATEGORY_ILLEGAL_OR_HARMFUL_SPEECH,,,,"[""CONTENT_TYPE_TEXT""]",,,"2024-11-23 00:00:00","[""AT"",""BE"",""BG"",""CY"",""CZ"",""DE"",""DK"",""EE"",""ES"",""FI"",""FR"",""GR"",""HR"",""HU"",""IE"",""IT"",""LI"",""LT"",""LU"",""LV"",""MT"",""NL"",""NO"",""PL"",""PT"",""RO"",""SE"",""SI"",""SK""]","2024-11-23 00:00:00","The decision was taken pursuant to own-initiative investigations.",SOURCE_VOLUNTARY,,Yes,AUTOMATED_DECISION_FULLY,TikTok,7440305648522238753,"2024-11-23 03:06:12"
19290dc2-b9b6-4a92-83be-4b42acc03749,"[""DECISION_VISIBILITY_OTHER""]","Photo not eligible for recommendation in the For You feed, and visibility restricted in search results",,,,,,,,,,DECISION_GROUND_INCOMPATIBLE_CONTENT,,,,"Civic and Election Integrity","We want to enable the informed exchange of civic ideas in a way that fosters productive dialogue. Your video didn’t meet our eligibility standards for the For You Feed. Please review our Community Guidelines for more information.We proactively enforce our Community Guidelines through a mix of technology and human moderation. We have detected this policy violation using automated measures. We have used automated measures in making this decision.",,STATEMENT_CATEGORY_NEGATIVE_EFFECTS_ON_CIVIC_DISCOURSE_OR_ELECTIONS,,,,"[""CONTENT_TYPE_IMAGE""]",,,"2024-11-23 00:00:00","[""AT"",""BE"",""BG"",""CY"",""CZ"",""DE"",""DK"",""EE"",""ES"",""FI"",""FR"",""GR"",""HR"",""HU"",""IE"",""IT"",""LI"",""LT"",""LU"",""LV"",""MT"",""NL"",""NO"",""PL"",""PT"",""RO"",""SE"",""SI"",""SK""]","2024-11-23 00:00:00","The decision was taken pursuant to own-initiative investigations.",SOURCE_VOLUNTARY,,Yes,AUTOMATED_DECISION_FULLY,TikTok,7440305648522255137,"2024-11-23 03:06:12"
2b399de3-2845-47b3-831c-ebcb085e8fda,"[""DECISION_VISIBILITY_CONTENT_REMOVED""]",,,,,,,,,,,DECISION_GROUND_INCOMPATIBLE_CONTENT,,,,"Dangerous Activities and Challenges","Most activities or challenges are appropriate for everyone, but some carry a risk of significant injury. We do not allow showing or promoting dangerous activities and challenges. This includes dares, games, tricks, inappropriate use of dangerous tools, eating substances that are harmful to one’s health, or similar activities that may lead to significant physical harm.We proactively enforce our Community Guidelines through a mix of technology and human moderation. We have detected this policy violation using automated measures. We have used automated measures in making this decision.",,STATEMENT_CATEGORY_SCOPE_OF_PLATFORM_SERVICE,,,,"[""CONTENT_TYPE_VIDEO""]",,,"2024-11-23 00:00:00","[""AT"",""BE"",""BG"",""CY"",""CZ"",""DE"",""DK"",""EE"",""ES"",""FI"",""FR"",""GR"",""HR"",""HU"",""IE"",""IT"",""LI"",""LT"",""LU"",""LV"",""MT"",""NL"",""NO"",""PL"",""PT"",""RO"",""SE"",""SI"",""SK""]","2024-11-23 00:00:00","The decision was taken pursuant to own-initiative investigations.",SOURCE_VOLUNTARY,,Yes,AUTOMATED_DECISION_FULLY,TikTok,7440305648522271521,"2024-11-23 03:06:12"
d2eb66cf-4e16-4a9b-8141-e2725dbf42b3,"[""DECISION_VISIBILITY_CONTENT_REMOVED""]",,,,,,,,,,,DECISION_GROUND_INCOMPATIBLE_CONTENT,,,,"Harassment and Bullying","We welcome the respectful expression of different viewpoints, but not toxicity or trolling. We do not allow language or behavior that harasses, humiliates, threatens, or doxes anyone. This also includes responding to such acts with retaliatory harassment (but excludes non-harassing counterspeech).We proactively enforce our Community Guidelines through a mix of technology and human moderation. We have detected this policy violation using automated measures. We have used automated measures in making this decision.",,STATEMENT_CATEGORY_ILLEGAL_OR_HARMFUL_SPEECH,,,,"[""CONTENT_TYPE_TEXT""]",,,"2024-11-23 00:00:00","[""AT"",""BE"",""BG"",""CY"",""CZ"",""DE"",""DK"",""EE"",""ES"",""FI"",""FR"",""GR"",""HR"",""HU"",""IE"",""IT"",""LI"",""LT"",""LU"",""LV"",""MT"",""NL"",""NO"",""PL"",""PT"",""RO"",""SE"",""SI"",""SK""]","2024-11-23 00:00:00","The decision was taken pursuant to own-initiative investigations.",SOURCE_VOLUNTARY,,Yes,AUTOMATED_DECISION_FULLY,TikTok,7440305641534659360,"2024-11-23 03:06:12"
e4ee0940-f33b-4446-8027-2bf141b4e7b8,,,,,,,DECISION_PROVISION_PARTIAL_SUSPENSION,"2024-11-30 00:00:00",,,,DECISION_GROUND_INCOMPATIBLE_CONTENT,,,,"Discours et comportements haineux","TikTok est riche des origines diverses des membres de sa communauté. Nos différences doivent être respectées, et non être une source de division. Nous n'autorisons aucun comportement ou discours haineux, ni la promotion d'idéologies haineuses. Cela inclut les contenus qui attaquent une personne ou un groupe en raison d'attributs protégés. Consulte notre {CG_link} pour en savoir plus.",,STATEMENT_CATEGORY_ILLEGAL_OR_HARMFUL_SPEECH,,,,"[""CONTENT_TYPE_VIDEO""]",,,"2024-11-23 00:00:00","[""AT"",""BE"",""BG"",""CY"",""CZ"",""DE"",""DK"",""EE"",""ES"",""FI"",""FR"",""GR"",""HR"",""HU"",""IE"",""IS"",""IT"",""LI"",""LT"",""LU"",""LV"",""MT"",""NL"",""NO"",""PL"",""PT"",""RO"",""SE"",""SI"",""SK""]","2024-11-23 00:00:00","The decision was taken pursuant to own-initiative investigations",SOURCE_VOLUNTARY,,Yes,AUTOMATED_DECISION_NOT_AUTOMATED,TikTok,7440305641534675744,"2024-11-23 03:06:12"
98297b71-3797-402a-8e7a-bb4fc0c3cb8e,"[""DECISION_VISIBILITY_CONTENT_REMOVED""]",,,,,,,,,,,DECISION_GROUND_INCOMPATIBLE_CONTENT,,,,"Hate Speech and Hateful Behaviors","TikTok is enriched by the various backgrounds of our community members. Our differences should be respected, rather than a cause for division. We do not allow any hateful behavior, hate speech, or promotion of hateful ideologies. This includes content that attacks a person or group because of protected attributes.We proactively enforce our Community Guidelines through a mix of technology and human moderation. We have detected this policy violation using automated measures. We have used automated measures in making this decision.",,STATEMENT_CATEGORY_ILLEGAL_OR_HARMFUL_SPEECH,,,,"[""CONTENT_TYPE_TEXT""]",,,"2024-11-23 00:00:00","[""AT"",""BE"",""BG"",""CY"",""CZ"",""DE"",""DK"",""EE"",""ES"",""FI"",""FR"",""GR"",""HR"",""HU"",""IE"",""IT"",""LI"",""LT"",""LU"",""LV"",""MT"",""NL"",""NO"",""PL"",""PT"",""RO"",""SE"",""SI"",""SK""]","2024-11-23 00:00:00","The decision was taken pursuant to own-initiative investigations.",SOURCE_VOLUNTARY,,Yes,AUTOMATED_DECISION_FULLY,TikTok,7440305649994439456,"2024-11-23 03:06:12"
87e6bbc7-a196-4c55-bbf2-77f783fbc23f,"[""DECISION_VISIBILITY_CONTENT_REMOVED""]",,,,,,,,,,,DECISION_GROUND_INCOMPATIBLE_CONTENT,,,,"Discours et comportements haineux","TikTok est riche des origines diverses des membres de sa communauté. Nos différences doivent être respectées, et non être une source de division. Nous n'autorisons aucun comportement ou discours haineux, ni la promotion d'idéologies haineuses. Cela inclut les contenus qui attaquent une personne ou un groupe en raison d'attributs protégés. Consulte notre {CG_link} pour en savoir plus.",,STATEMENT_CATEGORY_ILLEGAL_OR_HARMFUL_SPEECH,,,,"[""CONTENT_TYPE_VIDEO""]",,,"2024-11-23 00:00:00","[""AT"",""BE"",""BG"",""CY"",""CZ"",""DE"",""DK"",""EE"",""ES"",""FI"",""FR"",""GR"",""HR"",""HU"",""IE"",""IS"",""IT"",""LI"",""LT"",""LU"",""LV"",""MT"",""NL"",""NO"",""PL"",""PT"",""RO"",""SE"",""SI"",""SK""]","2024-11-23 00:00:00","The decision was taken pursuant to own-initiative investigations",SOURCE_VOLUNTARY,,Yes,AUTOMATED_DECISION_NOT_AUTOMATED,TikTok,7440305648522287905,"2024-11-23 03:06:12"
259091a4-1e0c-4ea2-84b3-e157f9711f41,"[""DECISION_VISIBILITY_OTHER""]","Photo not eligible for recommendation in the For You feed, and visibility restricted in search results",,,,,,,,,,DECISION_GROUND_INCOMPATIBLE_CONTENT,,,,"Dangerous Activities and Challenges","Most activities or challenges are appropriate for everyone, but some may carry a risk of significant injury. Content is ineligible for the For You feed if it involves activities likely to lead to moderate physical harm or includes professionals performing extreme sports and stunts that may endanger others.We proactively enforce our Community Guidelines through a mix of technology and human moderation. We have detected this policy violation using automated measures. We have used automated measures in making this decision.",,STATEMENT_CATEGORY_SCOPE_OF_PLATFORM_SERVICE,,,,"[""CONTENT_TYPE_IMAGE""]",,,"2024-11-23 00:00:00","[""AT"",""BE"",""BG"",""CY"",""CZ"",""DE"",""DK"",""EE"",""ES"",""FI"",""FR"",""GR"",""HR"",""HU"",""IE"",""IT"",""LI"",""LT"",""LU"",""LV"",""MT"",""NL"",""NO"",""PL"",""PT"",""RO"",""SE"",""SI"",""SK""]","2024-11-23 00:00:00","The decision was taken pursuant to own-initiative investigations.",SOURCE_VOLUNTARY,,Yes,AUTOMATED_DECISION_FULLY,TikTok,7440305648522304289,"2024-11-23 03:06:12"
b2fa5eac-748f-4664-87ce-59bdb581b0cf,"[""DECISION_VISIBILITY_CONTENT_REMOVED""]",,,,,,,,,,,DECISION_GROUND_INCOMPATIBLE_CONTENT,,,,"Civic and Election Integrity","Elections are important moments of community conversation and promote the values of an open society. We do not allow misinformation about civic and electoral processes, regardless of intent. This includes misinformation about how to vote, registering to vote, eligibility requirements of  candidates, the processes to count ballots and certify elections, and the final outcome of an election.We proactively enforce our Community Guidelines through a mix of technology and human moderation. We have detected this policy violation using automated measures. We have used automated measures in making this decision.",,STATEMENT_CATEGORY_NEGATIVE_EFFECTS_ON_CIVIC_DISCOURSE_OR_ELECTIONS,,,,"[""CONTENT_TYPE_IMAGE""]",,,"2024-11-23 00:00:00","[""AT"",""BE"",""BG"",""CY"",""CZ"",""DE"",""DK"",""EE"",""ES"",""FI"",""FR"",""GR"",""HR"",""HU"",""IE"",""IT"",""LI"",""LT"",""LU"",""LV"",""MT"",""NL"",""NO"",""PL"",""PT"",""RO"",""SE"",""SI"",""SK""]","2024-11-23 00:00:00","The decision was taken pursuant to own-initiative investigations.",SOURCE_VOLUNTARY,,Yes,AUTOMATED_DECISION_FULLY,TikTok,7440305649994455840,"2024-11-23 03:06:12"
41f878eb-d60f-41a7-b864-b1d3e9f47c56,"[""DECISION_VISIBILITY_CONTENT_REMOVED""]",,,,,,,,,,,DECISION_GROUND_INCOMPATIBLE_CONTENT,,,,"Minimum Age Requirement","Users must be 13 years and older to have a TikTok account. We are deeply committed to ensuring that TikTok is a safe and positive experience for people under the age of 18. This starts by being old enough to use TikTok. If we learn someone is below the minimum age on TikTok, we will ban that account.We proactively enforce our Community Guidelines through a mix of technology and human moderation. We have detected this policy violation using automated measures. We have used automated measures in making this decision.",,STATEMENT_CATEGORY_PROTECTION_OF_MINORS,,,,"[""CONTENT_TYPE_TEXT""]",,,"2024-11-23 00:00:00","[""AT"",""BE"",""BG"",""CY"",""CZ"",""DE"",""DK"",""EE"",""ES"",""FI"",""FR"",""GR"",""HR"",""HU"",""IE"",""IT"",""LI"",""LT"",""LU"",""LV"",""MT"",""NL"",""NO"",""PL"",""PT"",""RO"",""SE"",""SI"",""SK""]","2024-11-23 00:00:00","The decision was taken pursuant to own-initiative investigations.",SOURCE_VOLUNTARY,,Yes,AUTOMATED_DECISION_FULLY,TikTok,7440305649994472224,"2024-11-23 03:06:12"
fc61d333-8379-4eee-b780-934305629bae,"[""DECISION_VISIBILITY_OTHER""]","LIVE not eligible for recommendation and restricted in search results for 10 minutes","2024-11-23 00:00:00",,,,,,,,,DECISION_GROUND_INCOMPATIBLE_CONTENT,,,,"Content with low visual quality or static imagery","Your LIVE is not eligible for recommendation and restricted in search results for the next 10 minutes, because it may contain content with low visual quality or static imagery. This is in line with the For You feed eligibility standards under our Community Guidelines.",,STATEMENT_CATEGORY_SCOPE_OF_PLATFORM_SERVICE,,,,"[""CONTENT_TYPE_VIDEO""]",,,"2024-11-23 00:00:00","[""AT"",""BE"",""BG"",""CY"",""CZ"",""DE"",""DK"",""EE"",""ES"",""FI"",""FR"",""GR"",""HR"",""HU"",""IE"",""IS"",""IT"",""LI"",""LT"",""LU"",""LV"",""MT"",""NL"",""NO"",""PL"",""PT"",""RO"",""SE"",""SI"",""SK""]","2024-11-23 00:00:00","The decision was taken pursuant to own-initiative investigations",SOURCE_VOLUNTARY,,Yes,AUTOMATED_DECISION_FULLY,TikTok,7440305648522320673,"2024-11-23 03:06:12"
d1598a33-cee8-4021-8fe2-5dbc6f189031,"[""DECISION_VISIBILITY_CONTENT_REMOVED""]",,,,,,,,,,,DECISION_GROUND_INCOMPATIBLE_CONTENT,,,,"Sexually Suggestive Content","We welcome performances and dances where people can creatively express themselves, celebrate their culture, or seek to entertain. We are mindful that certain behaviors related to sexual arousal or suggestiveness may be offensive to some people and may put young people at risk of exploitation. We do not allow seductive performances or allusions to sexual activity by young people, or the use of sexually explicit narratives by anyone.We proactively enforce our Community Guidelines through a mix of technology and human moderation. We have detected this policy violation using automated measures. We have used automated measures in making this decision.",,STATEMENT_CATEGORY_SCOPE_OF_PLATFORM_SERVICE,,,,"[""CONTENT_TYPE_TEXT""]",,,"2024-11-23 00:00:00","[""AT"",""BE"",""BG"",""CY"",""CZ"",""DE"",""DK"",""EE"",""ES"",""FI"",""FR"",""GR"",""HR"",""HU"",""IE"",""IT"",""LI"",""LT"",""LU"",""LV"",""MT"",""NL"",""NO"",""PL"",""PT"",""RO"",""SE"",""SI"",""SK""]","2024-11-23 00:00:00","The decision was taken pursuant to own-initiative investigations.",SOURCE_VOLUNTARY,,Yes,AUTOMATED_DECISION_FULLY,TikTok,7440305649994488608,"2024-11-23 03:06:12"
e9947655-fca0-4fe2-83b3-e36b2655c43f,"[""DECISION_VISIBILITY_CONTENT_REMOVED""]",,,,,,,,,,,DECISION_GROUND_INCOMPATIBLE_CONTENT,,,,"Harassment and Bullying","We welcome the respectful expression of different viewpoints, but not toxicity or trolling. We do not allow language or behavior that harasses, humiliates, threatens, or doxes anyone. This also includes responding to such acts with retaliatory harassment (but excludes non-harassing counterspeech).We proactively enforce our Community Guidelines through a mix of technology and human moderation. We have detected this policy violation using automated measures. We have used automated measures in making this decision.",,STATEMENT_CATEGORY_ILLEGAL_OR_HARMFUL_SPEECH,,,,"[""CONTENT_TYPE_TEXT""]",,,"2024-11-23 00:00:00","[""AT"",""BE"",""BG"",""CY"",""CZ"",""DE"",""DK"",""EE"",""ES"",""FI"",""FR"",""GR"",""HR"",""HU"",""IE"",""IT"",""LI"",""LT"",""LU"",""LV"",""MT"",""NL"",""NO"",""PL"",""PT"",""RO"",""SE"",""SI"",""SK""]","2024-11-23 00:00:00","The decision was taken pursuant to own-initiative investigations.",SOURCE_VOLUNTARY,,Yes,AUTOMATED_DECISION_FULLY,TikTok,7440305648522337057,"2024-11-23 03:06:12"
feeb6d6e-517f-47f5-acd7-f3953240fb58,,,,,,,,,DECISION_ACCOUNT_TERMINATED,,,DECISION_GROUND_INCOMPATIBLE_CONTENT,,,,"Advertising policy violation","Reasons why your account may have been suspended: - We received a report or complaint about your account from people on TikTok or other channels. - There are problems with your ad creative, or qualifications or services provided in your ads. - We suspected malicious behavior or intent during ad creation. - You made changes to your ad's landing page after launching the campaign.",,STATEMENT_CATEGORY_SCOPE_OF_PLATFORM_SERVICE,,,,"[""CONTENT_TYPE_OTHER""]","Account Suspended",,"2024-10-23 00:00:00","[""AT"",""BE"",""BG"",""CY"",""CZ"",""DE"",""DK"",""EE"",""ES"",""FI"",""FR"",""GR"",""HR"",""HU"",""IE"",""IT"",""LI"",""LT"",""LU"",""LV"",""MT"",""NL"",""NO"",""PL"",""PT"",""RO"",""SE"",""SI"",""SK""]","2024-11-23 00:00:00","The decision was taken pursuant to own-initiative investigations.",SOURCE_VOLUNTARY,,Yes,AUTOMATED_DECISION_FULLY,TikTok,7440305649994504992,"2024-11-23 03:06:12"
8531824a-bdf7-4a61-a4fd-8b39ea190d10,"[""DECISION_VISIBILITY_CONTENT_REMOVED""]",,,,,,,,,,,DECISION_GROUND_INCOMPATIBLE_CONTENT,,,,"Harassment and Bullying","We welcome the respectful expression of different viewpoints, but not toxicity or trolling. We do not allow language or behavior that harasses, humiliates, threatens, or doxes anyone. This also includes responding to such acts with retaliatory harassment (but excludes non-harassing counterspeech).We proactively enforce our Community Guidelines through a mix of technology and human moderation. We have detected this policy violation using automated measures. We have used automated measures in making this decision.",,STATEMENT_CATEGORY_ILLEGAL_OR_HARMFUL_SPEECH,,,,"[""CONTENT_TYPE_TEXT""]",,,"2024-11-23 00:00:00","[""AT"",""BE"",""BG"",""CY"",""CZ"",""DE"",""DK"",""EE"",""ES"",""FI"",""FR"",""GR"",""HR"",""HU"",""IE"",""IT"",""LI"",""LT"",""LU"",""LV"",""MT"",""NL"",""NO"",""PL"",""PT"",""RO"",""SE"",""SI"",""SK""]","2024-11-23 00:00:00","The decision was taken pursuant to own-initiative investigations.",SOURCE_VOLUNTARY,,Yes,AUTOMATED_DECISION_FULLY,TikTok,7440305677475535649,"2024-11-23 03:06:14"
1095080d-f914-4245-892f-f7f7f2e50ab8,"[""DECISION_VISIBILITY_OTHER""]","Photo not eligible for recommendation in the For You feed, and visibility restricted in search results",,,,,,,,,,DECISION_GROUND_INCOMPATIBLE_CONTENT,,,,"Dangerous Activities and Challenges","Most activities or challenges are appropriate for everyone, but some may carry a risk of significant injury. Content is ineligible for the For You feed if it involves activities likely to lead to moderate physical harm or includes professionals performing extreme sports and stunts that may endanger others.We proactively enforce our Community Guidelines through a mix of technology and human moderation. We have detected this policy violation using automated measures. We have used automated measures in making this decision.",,STATEMENT_CATEGORY_SCOPE_OF_PLATFORM_SERVICE,,,,"[""CONTENT_TYPE_IMAGE""]",,,"2024-11-23 00:00:00","[""AT"",""BE"",""BG"",""CY"",""CZ"",""DE"",""DK"",""EE"",""ES"",""FI"",""FR"",""GR"",""HR"",""HU"",""IE"",""IT"",""LI"",""LT"",""LU"",""LV"",""MT"",""NL"",""NO"",""PL"",""PT"",""RO"",""SE"",""SI"",""SK""]","2024-11-23 00:00:00","The decision was taken pursuant to own-initiative investigations.",SOURCE_VOLUNTARY,,Yes,AUTOMATED_DECISION_FULLY,TikTok,7440305677475552033,"2024-11-23 03:06:14"
aed8f51a-154a-4710-9ad0-43c7e2bac68e,"[""DECISION_VISIBILITY_OTHER""]","Photo not eligible for recommendation in the For You feed, and visibility restricted in search results",,,,,,,,,,DECISION_GROUND_INCOMPATIBLE_CONTENT,,,,"Dangerous Activities and Challenges","Most activities or challenges are appropriate for everyone, but some may carry a risk of significant injury. Content is ineligible for the For You feed if it involves activities likely to lead to moderate physical harm or includes professionals performing extreme sports and stunts that may endanger others.We proactively enforce our Community Guidelines through a mix of technology and human moderation. We have detected this policy violation using automated measures. We have used automated measures in making this decision.",,STATEMENT_CATEGORY_SCOPE_OF_PLATFORM_SERVICE,,,,"[""CONTENT_TYPE_IMAGE""]",,,"2024-11-23 00:00:00","[""AT"",""BE"",""BG"",""CY"",""CZ"",""DE"",""DK"",""EE"",""ES"",""FI"",""FR"",""GR"",""HR"",""HU"",""IE"",""IT"",""LI"",""LT"",""LU"",""LV"",""MT"",""NL"",""NO"",""PL"",""PT"",""RO"",""SE"",""SI"",""SK""]","2024-11-23 00:00:00","The decision was taken pursuant to own-initiative investigations.",SOURCE_VOLUNTARY,,Yes,AUTOMATED_DECISION_FULLY,TikTok,7440305668952775456,"2024-11-23 03:06:14"
810dc596-effe-4fb9-a054-15c8a01f452e,"[""DECISION_VISIBILITY_OTHER""]","Video not eligible for recommendation in the For You feed",,,,,,,,,,DECISION_GROUND_INCOMPATIBLE_CONTENT,,,,"Nudity and Body Exposure","We celebrate all shapes and sizes and want people to feel comfortable in how they present themselves and their bodies. Content is ineligible for the For You feed and harder to find in search if it shows moderate body exposure of a young person, or significant body exposure of an adult. We allow regional exceptions for body exposure in limited situations, such as common cultural practices.We proactively enforce our Community Guidelines through a mix of technology and human moderation. We have detected this policy violation using automated measures. We have used automated measures in making this decision.",,STATEMENT_CATEGORY_SCOPE_OF_PLATFORM_SERVICE,,,,"[""CONTENT_TYPE_VIDEO""]",,,"2024-11-23 00:00:00","[""AT"",""BE"",""BG"",""CY"",""CZ"",""DE"",""DK"",""EE"",""ES"",""FI"",""FR"",""GR"",""HR"",""HU"",""IE"",""IT"",""LI"",""LT"",""LU"",""LV"",""MT"",""NL"",""NO"",""PL"",""PT"",""RO"",""SE"",""SI"",""SK""]","2024-11-23 00:00:00","The decision was taken pursuant to own-initiative investigations.",SOURCE_VOLUNTARY,,Yes,AUTOMATED_DECISION_FULLY,TikTok,7440305668952791840,"2024-11-23 03:06:14"
88d8f23f-d9ca-4fb1-b274-eee21160fba1,"[""DECISION_VISIBILITY_OTHER""]","Photo not eligible for recommendation in the For You feed, and visibility restricted in search results",,,,,,,,,,DECISION_GROUND_INCOMPATIBLE_CONTENT,,,,"Civic and Election Integrity","We want to enable the informed exchange of civic ideas in a way that fosters productive dialogue. Your video didn’t meet our eligibility standards for the For You Feed. Please review our Community Guidelines for more information.We proactively enforce our Community Guidelines through a mix of technology and human moderation. We have detected this policy violation using automated measures. We have used automated measures in making this decision.",,STATEMENT_CATEGORY_NEGATIVE_EFFECTS_ON_CIVIC_DISCOURSE_OR_ELECTIONS,,,,"[""CONTENT_TYPE_IMAGE""]",,,"2024-11-23 00:00:00","[""AT"",""BE"",""BG"",""CY"",""CZ"",""DE"",""DK"",""EE"",""ES"",""FI"",""FR"",""GR"",""HR"",""HU"",""IE"",""IT"",""LI"",""LT"",""LU"",""LV"",""MT"",""NL"",""NO"",""PL"",""PT"",""RO"",""SE"",""SI"",""SK""]","2024-11-23 00:00:00","The decision was taken pursuant to own-initiative investigations.",SOURCE_VOLUNTARY,,Yes,AUTOMATED_DECISION_FULLY,TikTok,7440305677475568417,"2024-11-23 03:06:14"
5581eab6-99d8-409f-8224-f3e8ba900ca4,"[""DECISION_VISIBILITY_CONTENT_REMOVED""]",,,,,,,,,,,DECISION_GROUND_INCOMPATIBLE_CONTENT,,,,"Sexually Suggestive Content","We welcome performances and dances where people can creatively express themselves, celebrate their culture, or seek to entertain. We are mindful that certain behaviors related to sexual arousal or suggestiveness may be offensive to some people and may put young people at risk of exploitation. We do not allow seductive performances or allusions to sexual activity by young people, or the use of sexually explicit narratives by anyone.We proactively enforce our Community Guidelines through a mix of technology and human moderation. We have detected this policy violation using automated measures. We have used automated measures in making this decision.",,STATEMENT_CATEGORY_SCOPE_OF_PLATFORM_SERVICE,,,,"[""CONTENT_TYPE_TEXT""]",,,"2024-11-23 00:00:00","[""AT"",""BE"",""BG"",""CY"",""CZ"",""DE"",""DK"",""EE"",""ES"",""FI"",""FR"",""GR"",""HR"",""HU"",""IE"",""IT"",""LI"",""LT"",""LU"",""LV"",""MT"",""NL"",""NO"",""PL"",""PT"",""RO"",""SE"",""SI"",""SK""]","2024-11-23 00:00:00","The decision was taken pursuant to own-initiative investigations.",SOURCE_VOLUNTARY,,Yes,AUTOMATED_DECISION_FULLY,TikTok,7440305668952808224,"2024-11-23 03:06:14"
a423dc37-f426-4997-978b-4dc4a7d6f207,"[""DECISION_VISIBILITY_OTHER""]","Photo not eligible for recommendation in the For You feed, and visibility restricted in search results",,,,,,,,,,DECISION_GROUND_INCOMPATIBLE_CONTENT,,,,"Dangerous Activities and Challenges","Most activities or challenges are appropriate for everyone, but some may carry a risk of significant injury. Content is ineligible for the For You feed if it involves activities likely to lead to moderate physical harm or includes professionals performing extreme sports and stunts that may endanger others.We proactively enforce our Community Guidelines through a mix of technology and human moderation. We have detected this policy violation using automated measures. We have used automated measures in making this decision.",,STATEMENT_CATEGORY_SCOPE_OF_PLATFORM_SERVICE,,,,"[""CONTENT_TYPE_IMAGE""]",,,"2024-11-23 00:00:00","[""AT"",""BE"",""BG"",""CY"",""CZ"",""DE"",""DK"",""EE"",""ES"",""FI"",""FR"",""GR"",""HR"",""HU"",""IE"",""IT"",""LI"",""LT"",""LU"",""LV"",""MT"",""NL"",""NO"",""PL"",""PT"",""RO"",""SE"",""SI"",""SK""]","2024-11-23 00:00:00","The decision was taken pursuant to own-initiative investigations.",SOURCE_VOLUNTARY,,Yes,AUTOMATED_DECISION_FULLY,TikTok,7440305668952824608,"2024-11-23 03:06:14"
3abedbb7-d7ee-4976-bf66-729fd76beb40,"[""DECISION_VISIBILITY_OTHER""]","Video not eligible for recommendation in the For You feed",,,,,,,,,,DECISION_GROUND_INCOMPATIBLE_CONTENT,,,,"Shocking and Graphic Content","Part of the joy of TikTok is coming across new and unexpected content. But the platform is not a space to intentionally shock, upset, or disgust others. Content is ineligible for the For You feed and harder to find in search if it shows fictional violence, blood, potentially distressing or mildly graphic material, animal genitalia or sexual activity between animals, or if it contains graphic footage of events that are in the public interest to view.We proactively enforce our Community Guidelines through a mix of technology and human moderation. We have detected this policy violation using automated measures. We have used automated measures in making this decision.",,STATEMENT_CATEGORY_VIOLENCE,,,,"[""CONTENT_TYPE_VIDEO""]",,,"2024-11-23 00:00:00","[""AT"",""BE"",""BG"",""CY"",""CZ"",""DE"",""DK"",""EE"",""ES"",""FI"",""FR"",""GR"",""HR"",""HU"",""IE"",""IT"",""LI"",""LT"",""LU"",""LV"",""MT"",""NL"",""NO"",""PL"",""PT"",""RO"",""SE"",""SI"",""SK""]","2024-11-23 00:00:00","The decision was taken pursuant to own-initiative investigations.",SOURCE_VOLUNTARY,,Yes,AUTOMATED_DECISION_FULLY,TikTok,7440305677475584801,"2024-11-23 03:06:14"
0b8a8aa2-58dd-40f5-b5ae-2d9aa91a1851,,,,,,,DECISION_PROVISION_PARTIAL_SUSPENSION,"2024-11-30 00:00:00",,,,DECISION_GROUND_INCOMPATIBLE_CONTENT,,,,"Sexual exploitation and gender-based violence","We are committed to providing a space that embraces gender equity, supports healthy relationships, and respects intimate privacy. We do not allow sexual exploitation or gender-based violence, including non-consensual sexual acts, image-based sexual abuse, sextortion, physical abuse, and sexual harassment. Visit our {CG_link} for more information.",,STATEMENT_CATEGORY_VIOLENCE,,,,"[""CONTENT_TYPE_VIDEO""]",,,"2024-11-23 00:00:00","[""AT"",""BE"",""BG"",""CY"",""CZ"",""DE"",""DK"",""EE"",""ES"",""FI"",""FR"",""GR"",""HR"",""HU"",""IE"",""IS"",""IT"",""LI"",""LT"",""LU"",""LV"",""MT"",""NL"",""NO"",""PL"",""PT"",""RO"",""SE"",""SI"",""SK""]","2024-11-23 00:00:00","The decision was taken pursuant to own-initiative investigations",SOURCE_VOLUNTARY,,Yes,AUTOMATED_DECISION_NOT_AUTOMATED,TikTok,7440305677475601185,"2024-11-23 03:06:16"
efba2b82-a3e5-4830-bb13-aa332cd875f6,"[""DECISION_VISIBILITY_CONTENT_REMOVED"",""DECISION_VISIBILITY_CONTENT_AGE_RESTRICTED""]",,,,,,,,,,,DECISION_GROUND_INCOMPATIBLE_CONTENT,,,,"Our review indicates that your advertising content may violate TikTok's advertising policies by featuring sexually suggestive or openly sexual content, sexualized language, or movements such as sexual activity. You can read more about our TikTok Advertising Policies on adult and sexual content at: https://ads.tiktok.com/help/article/tiktok-advertising-policies-ad-creatives-landing-page-prohibited-content#anchor-9Based on the location(s) you have selected, the product or service promoted on your","Please modify or remove the related content.You can read more about our TikTok Advertising Policies on adult and sexual content at: https://ads.tiktok.com/help/article/tiktok-advertising-policies-ad-creatives-landing-page-prohibited-content#anchor-9You may also refer to ""Market Specific Prohibitions and Restrictions"" on TikTok Business Help Center for more information: https://ads.tiktok.com/help/article?aid=9550Please modify or remove the related content. You can read more about our TikTok Advertising Policies on adult and sexual content at: https://ads.tiktok.com/help/article/tiktok-advertising-policies-ad-creatives-landing-page-prohibited-content#anchor-9Please modify or remove the related content. For more policy details, please refer to ""Adult & Sexual Content"" in ""TikTok Advertising Policies - Ad Creatives & Landing Page"" (https://ads.tiktok.com/help/article?aid=9552).Please modify or remove the related content. You can read more about our TikTok Advertising Policies on adult and sexual content at: https://ads.tiktok.com/help/article/tiktok-advertising-policies-ad-creatives-landing-page-prohibited-content#anchor-9Please modify or remove the related content. You can read more about our TikTok Advertising Policies on adult and sexual content at: https://ads.tiktok.com/help/article/tiktok-advertising-policies-ad-creatives-landing-page-prohibited-content#anchor-9",,STATEMENT_CATEGORY_PORNOGRAPHY_OR_SEXUALIZED_CONTENT,,,,"[""CONTENT_TYPE_VIDEO""]",,,"2024-11-21 00:00:00","[""BE"",""CZ"",""ES"",""FR"",""GR"",""IE"",""IT"",""PL"",""RO""]","2024-11-23 00:00:00","The decision was taken in response to a report alleging a violation of our Advertising Policies.",SOURCE_VOLUNTARY,,No,AUTOMATED_DECISION_FULLY,TikTok,7440305668952840992,"2024-11-23 03:06:16"
90373e7f-f8df-4f14-b9d9-1996c7acc67a,"[""DECISION_VISIBILITY_OTHER""]","Photo not eligible for recommendation in the For You feed",,,,,,,,,,DECISION_GROUND_INCOMPATIBLE_CONTENT,,,,"Community Guidelines","Your content is against our Community Guidelines. The guidelines include rules and standards for using TikTok that apply to everyone and everything on our platform.",,STATEMENT_CATEGORY_NEGATIVE_EFFECTS_ON_CIVIC_DISCOURSE_OR_ELECTIONS,,,,"[""CONTENT_TYPE_IMAGE""]",,,"2024-11-23 00:00:00","[""AT"",""BE"",""BG"",""CY"",""CZ"",""DE"",""DK"",""EE"",""ES"",""FI"",""FR"",""GR"",""HR"",""HU"",""IE"",""IT"",""LI"",""LT"",""LU"",""LV"",""MT"",""NL"",""NO"",""PL"",""PT"",""RO"",""SE"",""SI"",""SK""]","2024-11-23 00:00:00","The decision was taken pursuant to own-initiative investigations.",SOURCE_VOLUNTARY,,Yes,AUTOMATED_DECISION_FULLY,TikTok,7440305677475617569,"2024-11-23 03:06:16"
86e8ed18-70a4-441b-a7e4-671678d43d89,"[""DECISION_VISIBILITY_CONTENT_REMOVED""]",,,,,,,,,,,DECISION_GROUND_INCOMPATIBLE_CONTENT,,,,"Harassment and Bullying","We welcome the respectful expression of different viewpoints, but not toxicity or trolling. We do not allow language or behavior that harasses, humiliates, threatens, or doxes anyone. This also includes responding to such acts with retaliatory harassment (but excludes non-harassing counterspeech).We proactively enforce our Community Guidelines through a mix of technology and human moderation. We have detected this policy violation using automated measures. We have used automated measures in making this decision.",,STATEMENT_CATEGORY_ILLEGAL_OR_HARMFUL_SPEECH,,,,"[""CONTENT_TYPE_TEXT""]",,,"2024-11-23 00:00:00","[""AT"",""BE"",""BG"",""CY"",""CZ"",""DE"",""DK"",""EE"",""ES"",""FI"",""FR"",""GR"",""HR"",""HU"",""IE"",""IT"",""LI"",""LT"",""LU"",""LV"",""MT"",""NL"",""NO"",""PL"",""PT"",""RO"",""SE"",""SI"",""SK""]","2024-11-23 00:00:00","The decision was taken pursuant to own-initiative investigations.",SOURCE_VOLUNTARY,,Yes,AUTOMATED_DECISION_FULLY,TikTok,7440305688733031200,"2024-11-23 03:06:16"
8c265269-4609-462e-b6b6-afa9cd5ed640,"[""DECISION_VISIBILITY_OTHER""]","Photo not eligible for recommendation in the For You feed",,,,,,,,,,DECISION_GROUND_INCOMPATIBLE_CONTENT,,,,"Sexually Suggestive Content","We are mindful that certain behaviors related to sexual arousal or suggestiveness may be offensive to some people and may put young people at risk of exploitation. Content is ineligible for the For You feed and harder to find in search if it shows sex products or intends to sexually arouse (such as intimate kissing, sexualized posing, and seductive performances or allusions to sexual activity by adults). We proactively enforce our Community Guidelines through a mix of technology and human moderation. We have detected this policy violation using automated measures.",,STATEMENT_CATEGORY_SCOPE_OF_PLATFORM_SERVICE,,,,"[""CONTENT_TYPE_IMAGE""]",,,"2024-11-22 00:00:00","[""AT"",""BE"",""BG"",""CY"",""CZ"",""DE"",""DK"",""EE"",""ES"",""FI"",""FR"",""GR"",""HR"",""HU"",""IE"",""IT"",""LI"",""LT"",""LU"",""LV"",""MT"",""NL"",""NO"",""PL"",""PT"",""RO"",""SE"",""SI"",""SK""]","2024-11-23 00:00:00","The decision was taken pursuant to own-initiative investigations.",SOURCE_VOLUNTARY,,Yes,AUTOMATED_DECISION_NOT_AUTOMATED,TikTok,7440305677475633953,"2024-11-23 03:06:16"
38cab5c0-88f7-40f2-96a7-9968ebbd5ad9,,,,,,,,,DECISION_ACCOUNT_TERMINATED,,,DECISION_GROUND_INCOMPATIBLE_CONTENT,,,,"Advertising policy violation","Reasons why your account may have been suspended: - We received a report or complaint about your account from people on TikTok or other channels. - There are problems with your ad creative, or qualifications or services provided in your ads. - We suspected malicious behavior or intent during ad creation. - You made changes to your ad's landing page after launching the campaign.",,STATEMENT_CATEGORY_SCOPE_OF_PLATFORM_SERVICE,,,,"[""CONTENT_TYPE_OTHER""]","Account Suspended",,"2024-11-21 00:00:00","[""AT"",""BE"",""BG"",""CY"",""CZ"",""DE"",""DK"",""EE"",""ES"",""FI"",""FR"",""GR"",""HR"",""HU"",""IE"",""IT"",""LI"",""LT"",""LU"",""LV"",""MT"",""NL"",""NO"",""PL"",""PT"",""RO"",""SE"",""SI"",""SK""]","2024-11-23 00:00:00","The decision was taken pursuant to own-initiative investigations.",SOURCE_VOLUNTARY,,Yes,AUTOMATED_DECISION_FULLY,TikTok,7440305688733063968,"2024-11-23 03:06:18"
33c0e098-8f11-482a-bf07-f9262df41b27,"[""DECISION_VISIBILITY_CONTENT_REMOVED""]",,,,,,,,,,,DECISION_GROUND_INCOMPATIBLE_CONTENT,,,,"Harassment and Bullying","We welcome the respectful expression of different viewpoints, but not toxicity or trolling. We do not allow language or behavior that harasses, humiliates, threatens, or doxes anyone. This also includes responding to such acts with retaliatory harassment (but excludes non-harassing counterspeech).We proactively enforce our Community Guidelines through a mix of technology and human moderation. We have detected this policy violation using automated measures. We have used automated measures in making this decision.",,STATEMENT_CATEGORY_ILLEGAL_OR_HARMFUL_SPEECH,,,,"[""CONTENT_TYPE_TEXT""]",,,"2024-11-23 00:00:00","[""AT"",""BE"",""BG"",""CY"",""CZ"",""DE"",""DK"",""EE"",""ES"",""FI"",""FR"",""GR"",""HR"",""HU"",""IE"",""IT"",""LI"",""LT"",""LU"",""LV"",""MT"",""NL"",""NO"",""PL"",""PT"",""RO"",""SE"",""SI"",""SK""]","2024-11-23 00:00:00","The decision was taken pursuant to own-initiative investigations.",SOURCE_VOLUNTARY,,Yes,AUTOMATED_DECISION_FULLY,TikTok,7440305688733080352,"2024-11-23 03:06:18"
ef3b909e-61e3-41e5-8b6e-65e7d2e39502,"[""DECISION_VISIBILITY_CONTENT_REMOVED""]",,,,,,,,,,,DECISION_GROUND_INCOMPATIBLE_CONTENT,,,,"Sexual Exploitation and Gender-Based Violence","We are committed to providing a space that embraces gender equity, supports healthy relationships, and respects intimate privacy. We do not allow sexual exploitation or gender-based violence, including non-consensual sexual acts, image-based sexual abuse, sextortion, physical abuse, and sexual harassment.We proactively enforce our Community Guidelines through a mix of technology and human moderation. We have detected this policy violation using automated measures. We have used automated measures in making this decision.",,STATEMENT_CATEGORY_VIOLENCE,,,,"[""CONTENT_TYPE_TEXT""]",,,"2024-11-23 00:00:00","[""AT"",""BE"",""BG"",""CY"",""CZ"",""DE"",""DK"",""EE"",""ES"",""FI"",""FR"",""GR"",""HR"",""HU"",""IE"",""IT"",""LI"",""LT"",""LU"",""LV"",""MT"",""NL"",""NO"",""PL"",""PT"",""RO"",""SE"",""SI"",""SK""]","2024-11-23 00:00:00","The decision was taken pursuant to own-initiative investigations.",SOURCE_VOLUNTARY,,Yes,AUTOMATED_DECISION_FULLY,TikTok,7440305677475666721,"2024-11-23 03:06:18"
51bda5c1-53cc-431e-a6a4-3c301a50820a,"[""DECISION_VISIBILITY_CONTENT_REMOVED""]",,,,,,,,,,,DECISION_GROUND_INCOMPATIBLE_CONTENT,,,,"Harassment and Bullying","We welcome the respectful expression of different viewpoints, but not toxicity or trolling. We do not allow language or behavior that harasses, humiliates, threatens, or doxes anyone. This also includes responding to such acts with retaliatory harassment (but excludes non-harassing counterspeech).We proactively enforce our Community Guidelines through a mix of technology and human moderation. We have detected this policy violation using automated measures. We have used automated measures in making this decision.",,STATEMENT_CATEGORY_ILLEGAL_OR_HARMFUL_SPEECH,,,,"[""CONTENT_TYPE_TEXT""]",,,"2024-11-23 00:00:00","[""AT"",""BE"",""BG"",""CY"",""CZ"",""DE"",""DK"",""EE"",""ES"",""FI"",""FR"",""GR"",""HR"",""HU"",""IE"",""IT"",""LI"",""LT"",""LU"",""LV"",""MT"",""NL"",""NO"",""PL"",""PT"",""RO"",""SE"",""SI"",""SK""]","2024-11-23 00:00:00","The decision was taken pursuant to own-initiative investigations.",SOURCE_VOLUNTARY,,Yes,AUTOMATED_DECISION_FULLY,TikTok,7440305693799750432,"2024-11-23 03:06:18"
76be2113-5a81-4a84-8156-6aaa8002aed7,"[""DECISION_VISIBILITY_CONTENT_REMOVED""]",,,,,,,,,,,DECISION_GROUND_INCOMPATIBLE_CONTENT,,,,"Fake Engagement","Authentic engagement is central to the integrity of our platform and informs how we recommend content that others may find interesting. We do not allow the trade of services that attempt to artificially increase engagement or deceive TikTok’s recommendation system.We proactively enforce our Community Guidelines through a mix of technology and human moderation. We have detected this policy violation using automated measures. We have used automated measures in making this decision.",,STATEMENT_CATEGORY_SCAMS_AND_FRAUD,,,,"[""CONTENT_TYPE_TEXT""]",,,"2024-11-23 00:00:00","[""AT"",""BE"",""BG"",""CY"",""CZ"",""DE"",""DK"",""EE"",""ES"",""FI"",""FR"",""GR"",""HR"",""HU"",""IE"",""IT"",""LI"",""LT"",""LU"",""LV"",""MT"",""NL"",""NO"",""PL"",""PT"",""RO"",""SE"",""SI"",""SK""]","2024-11-23 00:00:00","The decision was taken pursuant to own-initiative investigations.",SOURCE_VOLUNTARY,,Yes,AUTOMATED_DECISION_FULLY,TikTok,7440305693799766816,"2024-11-23 03:06:18"
38ae35d8-c0d0-49d4-a587-466abf51cea2,"[""DECISION_VISIBILITY_CONTENT_REMOVED""]",,,,,,,,,,,DECISION_GROUND_INCOMPATIBLE_CONTENT,,,,"Harassment and Bullying","We welcome the respectful expression of different viewpoints, but not toxicity or trolling. We do not allow language or behavior that harasses, humiliates, threatens, or doxes anyone. This also includes responding to such acts with retaliatory harassment (but excludes non-harassing counterspeech).We proactively enforce our Community Guidelines through a mix of technology and human moderation. We have detected this policy violation using automated measures. We have used automated measures in making this decision.",,STATEMENT_CATEGORY_ILLEGAL_OR_HARMFUL_SPEECH,,,,"[""CONTENT_TYPE_TEXT""]",,,"2024-11-23 00:00:00","[""AT"",""BE"",""BG"",""CY"",""CZ"",""DE"",""DK"",""EE"",""ES"",""FI"",""FR"",""GR"",""HR"",""HU"",""IE"",""IT"",""LI"",""LT"",""LU"",""LV"",""MT"",""NL"",""NO"",""PL"",""PT"",""RO"",""SE"",""SI"",""SK""]","2024-11-23 00:00:00","The decision was taken pursuant to own-initiative investigations.",SOURCE_VOLUNTARY,,Yes,AUTOMATED_DECISION_FULLY,TikTok,7440305693799783200,"2024-11-23 03:06:18"
ce452adb-a82c-407e-8aea-324ced600951,"[""DECISION_VISIBILITY_CONTENT_REMOVED""]",,,,,,,,,,,DECISION_GROUND_INCOMPATIBLE_CONTENT,,,,"Harassment and Bullying","We welcome the respectful expression of different viewpoints, but not toxicity or trolling. We do not allow language or behavior that harasses, humiliates, threatens, or doxes anyone. This also includes responding to such acts with retaliatory harassment (but excludes non-harassing counterspeech).We proactively enforce our Community Guidelines through a mix of technology and human moderation. We have detected this policy violation using automated measures. We have used automated measures in making this decision.",,STATEMENT_CATEGORY_ILLEGAL_OR_HARMFUL_SPEECH,,,,"[""CONTENT_TYPE_TEXT""]",,,"2024-11-23 00:00:00","[""AT"",""BE"",""BG"",""CY"",""CZ"",""DE"",""DK"",""EE"",""ES"",""FI"",""FR"",""GR"",""HR"",""HU"",""IE"",""IT"",""LI"",""LT"",""LU"",""LV"",""MT"",""NL"",""NO"",""PL"",""PT"",""RO"",""SE"",""SI"",""SK""]","2024-11-23 00:00:00","The decision was taken pursuant to own-initiative investigations.",SOURCE_VOLUNTARY,,Yes,AUTOMATED_DECISION_FULLY,TikTok,7440305688733096736,"2024-11-23 03:06:18"
0bb12de9-9e70-4668-aa5c-4bdb51a9890e,"[""DECISION_VISIBILITY_OTHER""]","Video not eligible for recommendation in the For You feed",,,,,,,,,,DECISION_GROUND_INCOMPATIBLE_CONTENT,,,,"Community Guidelines","Your content is against our Community Guidelines. The guidelines include rules and standards for using TikTok that apply to everyone and everything on our platform.We proactively enforce our Community Guidelines through a mix of technology and human moderation. We have detected this policy violation using automated measures. We have used automated measures in making this decision.",,STATEMENT_CATEGORY_SCOPE_OF_PLATFORM_SERVICE,,,,"[""CONTENT_TYPE_OTHER""]","Video Sticker",,"2024-11-23 00:00:00","[""AT"",""BE"",""BG"",""CY"",""CZ"",""DE"",""DK"",""EE"",""ES"",""FI"",""FR"",""GR"",""HR"",""HU"",""IE"",""IT"",""LI"",""LT"",""LU"",""LV"",""MT"",""NL"",""NO"",""PL"",""PT"",""RO"",""SE"",""SI"",""SK""]","2024-11-23 00:00:00","The decision was taken pursuant to own-initiative investigations.",SOURCE_VOLUNTARY,,Yes,AUTOMATED_DECISION_FULLY,TikTok,7440305688733113120,"2024-11-23 03:06:18"
b4958c19-13b1-42e8-b1ce-81dc357987e8,"[""DECISION_VISIBILITY_CONTENT_REMOVED""]",,,,,,,,,,,DECISION_GROUND_INCOMPATIBLE_CONTENT,,,,"Community Guidelines","Your content is against our Community Guidelines. The guidelines include rules and standards for using TikTok that apply to everyone and everything on our platform.We proactively enforce our Community Guidelines through a mix of technology and human moderation. We have detected this policy violation using automated measures. We have used automated measures in making this decision.",,STATEMENT_CATEGORY_SCOPE_OF_PLATFORM_SERVICE,,,,"[""CONTENT_TYPE_VIDEO""]",,,"2024-11-23 00:00:00","[""AT"",""BE"",""BG"",""CY"",""CZ"",""DE"",""DK"",""EE"",""ES"",""FI"",""FR"",""GR"",""HR"",""HU"",""IE"",""IT"",""LI"",""LT"",""LU"",""LV"",""MT"",""NL"",""NO"",""PL"",""PT"",""RO"",""SE"",""SI"",""SK""]","2024-11-23 00:00:00","The decision was taken pursuant to own-initiative investigations.",SOURCE_VOLUNTARY,,Yes,AUTOMATED_DECISION_FULLY,TikTok,7440305688733129504,"2024-11-23 03:06:18"
04414c46-0258-490d-af4a-d4edf94adba2,"[""DECISION_VISIBILITY_OTHER""]","LIVE not eligible for recommendation and restricted in search results for 10 minutes","2024-11-23 00:00:00",,,,,,,,,DECISION_GROUND_INCOMPATIBLE_CONTENT,,,,"Mauvaise qualité visuelle ou images statiques","Ton LIVE n'est pas éligible pour les recommandations et a été restreint dans les résultats de recherche pour les 10 prochaines minutes, car il est possible que son contenu soit d'une mauvaise qualité visuelle ou représente des images statiques. Cette décision est conforme aux normes d'éligibilité du fil d'actualité Pour toi dans le cadre de nos Consignes communautaires.",,STATEMENT_CATEGORY_SCOPE_OF_PLATFORM_SERVICE,,,,"[""CONTENT_TYPE_VIDEO""]",,,"2024-11-23 00:00:00","[""AT"",""BE"",""BG"",""CY"",""CZ"",""DE"",""DK"",""EE"",""ES"",""FI"",""FR"",""GR"",""HR"",""HU"",""IE"",""IS"",""IT"",""LI"",""LT"",""LU"",""LV"",""MT"",""NL"",""NO"",""PL"",""PT"",""RO"",""SE"",""SI"",""SK""]","2024-11-23 00:00:00","The decision was taken pursuant to own-initiative investigations",SOURCE_VOLUNTARY,,Yes,AUTOMATED_DECISION_FULLY,TikTok,7440305688733145888,"2024-11-23 03:06:18"
38de41cf-80ad-4fbd-9714-8067186c86b2,"[""DECISION_VISIBILITY_CONTENT_REMOVED""]",,,,,,,,,,,DECISION_GROUND_INCOMPATIBLE_CONTENT,,,,"Hate Speech and Hateful Behaviors","TikTok is enriched by the various backgrounds of our community members. Our differences should be respected, rather than a cause for division. We do not allow any hateful behavior, hate speech, or promotion of hateful ideologies. This includes content that attacks a person or group because of protected attributes.We proactively enforce our Community Guidelines through a mix of technology and human moderation. We have detected this policy violation using automated measures. We have used automated measures in making this decision.",,STATEMENT_CATEGORY_ILLEGAL_OR_HARMFUL_SPEECH,,,,"[""CONTENT_TYPE_TEXT""]",,,"2024-11-23 00:00:00","[""AT"",""BE"",""BG"",""CY"",""CZ"",""DE"",""DK"",""EE"",""ES"",""FI"",""FR"",""GR"",""HR"",""HU"",""IE"",""IT"",""LI"",""LT"",""LU"",""LV"",""MT"",""NL"",""NO"",""PL"",""PT"",""RO"",""SE"",""SI"",""SK""]","2024-11-23 00:00:00","The decision was taken pursuant to own-initiative investigations.",SOURCE_VOLUNTARY,,Yes,AUTOMATED_DECISION_FULLY,TikTok,7440305693799799584,"2024-11-23 03:06:18"
dc852be8-5e05-4232-a599-bdc4cad9b7ba,"[""DECISION_VISIBILITY_CONTENT_REMOVED""]",,,,,,,,,,,DECISION_GROUND_INCOMPATIBLE_CONTENT,,,,"Sexual Exploitation and Gender-Based Violence","We are committed to providing a space that embraces gender equity, supports healthy relationships, and respects intimate privacy. We do not allow sexual exploitation or gender-based violence, including non-consensual sexual acts, image-based sexual abuse, sextortion, physical abuse, and sexual harassment.We proactively enforce our Community Guidelines through a mix of technology and human moderation. We have detected this policy violation using automated measures. We have used automated measures in making this decision.",,STATEMENT_CATEGORY_VIOLENCE,,,,"[""CONTENT_TYPE_TEXT""]",,,"2024-11-23 00:00:00","[""AT"",""BE"",""BG"",""CY"",""CZ"",""DE"",""DK"",""EE"",""ES"",""FI"",""FR"",""GR"",""HR"",""HU"",""IE"",""IT"",""LI"",""LT"",""LU"",""LV"",""MT"",""NL"",""NO"",""PL"",""PT"",""RO"",""SE"",""SI"",""SK""]","2024-11-23 00:00:00","The decision was taken pursuant to own-initiative investigations.",SOURCE_VOLUNTARY,,Yes,AUTOMATED_DECISION_FULLY,TikTok,7440305688733162272,"2024-11-23 03:06:18"
edb3a8a3-74ac-4ee5-8816-8c5895c7bb87,"[""DECISION_VISIBILITY_CONTENT_REMOVED""]",,,,,,,,,,,DECISION_GROUND_INCOMPATIBLE_CONTENT,,,,"Harassment and Bullying","We welcome the respectful expression of different viewpoints, but not toxicity or trolling. We do not allow language or behavior that harasses, humiliates, threatens, or doxes anyone. This also includes responding to such acts with retaliatory harassment (but excludes non-harassing counterspeech).We proactively enforce our Community Guidelines through a mix of technology and human moderation. We have detected this policy violation using automated measures. We have used automated measures in making this decision.",,STATEMENT_CATEGORY_ILLEGAL_OR_HARMFUL_SPEECH,,,,"[""CONTENT_TYPE_TEXT""]",,,"2024-11-23 00:00:00","[""AT"",""BE"",""BG"",""CY"",""CZ"",""DE"",""DK"",""EE"",""ES"",""FI"",""FR"",""GR"",""HR"",""HU"",""IE"",""IT"",""LI"",""LT"",""LU"",""LV"",""MT"",""NL"",""NO"",""PL"",""PT"",""RO"",""SE"",""SI"",""SK""]","2024-11-23 00:00:00","The decision was taken pursuant to own-initiative investigations.",SOURCE_VOLUNTARY,,Yes,AUTOMATED_DECISION_FULLY,TikTok,7440305688733178656,"2024-11-23 03:06:20"
4a4d4312-2877-40d7-84ca-b7a2c0f97da0,"[""DECISION_VISIBILITY_OTHER""]","Video not eligible for recommendation in the For You feed",,,,,,,,,,DECISION_GROUND_INCOMPATIBLE_CONTENT,,,,"Community Guidelines","We maintain content eligibility standards for the For You feed (FYF) that prioritize safety and are informed by the diversity of our community and cultural norms. We make ineligible for the FYF certain content that may not be appropriate for a broad audience related to: (1) Behavioral Health, (2) Sensitive and Mature Themes, (3) Integrity and Authenticity, and (4) Regulated Goods. Content that is ineligible for the FYF can still be discovered in other ways, such as through search tools or by following an account.We proactively enforce our Community Guidelines through a mix of technology and human moderation. We have detected this policy violation using automated measures. We have used automated measures in making this decision.",,STATEMENT_CATEGORY_SCOPE_OF_PLATFORM_SERVICE,,,,"[""CONTENT_TYPE_VIDEO""]",,,"2024-11-23 00:00:00","[""AT"",""BE"",""BG"",""CY"",""CZ"",""DE"",""DK"",""EE"",""ES"",""FI"",""FR"",""GR"",""HR"",""HU"",""IE"",""IT"",""LI"",""LT"",""LU"",""LV"",""MT"",""NL"",""NO"",""PL"",""PT"",""RO"",""SE"",""SI"",""SK""]","2024-11-23 00:00:00","The decision was taken pursuant to own-initiative investigations.",SOURCE_VOLUNTARY,,Yes,AUTOMATED_DECISION_FULLY,TikTok,7440305693799815968,"2024-11-23 03:06:20"
5c2a9a26-7c42-456c-896a-2e0dbbf1a625,,,,,,,,,DECISION_ACCOUNT_TERMINATED,,,DECISION_GROUND_INCOMPATIBLE_CONTENT,,,,"Advertising policy violation","Reasons why your account may have been suspended: - We received a report or complaint about your account from people on TikTok or other channels. - There are problems with your ad creative, or qualifications or services provided in your ads. - We suspected malicious behavior or intent during ad creation. - You made changes to your ad's landing page after launching the campaign.",,STATEMENT_CATEGORY_SCOPE_OF_PLATFORM_SERVICE,,,,"[""CONTENT_TYPE_OTHER""]","Account Suspended",,"2024-11-20 00:00:00","[""AT"",""BE"",""BG"",""CY"",""CZ"",""DE"",""DK"",""EE"",""ES"",""FI"",""FR"",""GR"",""HR"",""HU"",""IE"",""IT"",""LI"",""LT"",""LU"",""LV"",""MT"",""NL"",""NO"",""PL"",""PT"",""RO"",""SE"",""SI"",""SK""]","2024-11-23 00:00:00","The decision was taken pursuant to own-initiative investigations.",SOURCE_VOLUNTARY,,Yes,AUTOMATED_DECISION_FULLY,TikTok,7440305706441382688,"2024-11-23 03:06:20"
88283dd5-e919-4655-b634-b243a421a449,"[""DECISION_VISIBILITY_CONTENT_REMOVED""]",,,,,,,,,,,DECISION_GROUND_INCOMPATIBLE_CONTENT,,,,"Harassment and Bullying","We welcome the respectful expression of different viewpoints, but not toxicity or trolling. We do not allow language or behavior that harasses, humiliates, threatens, or doxes anyone. This also includes responding to such acts with retaliatory harassment (but excludes non-harassing counterspeech).We proactively enforce our Community Guidelines through a mix of technology and human moderation. We have detected this policy violation using automated measures. We have used automated measures in making this decision.",,STATEMENT_CATEGORY_ILLEGAL_OR_HARMFUL_SPEECH,,,,"[""CONTENT_TYPE_TEXT""]",,,"2024-11-23 00:00:00","[""AT"",""BE"",""BG"",""CY"",""CZ"",""DE"",""DK"",""EE"",""ES"",""FI"",""FR"",""GR"",""HR"",""HU"",""IE"",""IT"",""LI"",""LT"",""LU"",""LV"",""MT"",""NL"",""NO"",""PL"",""PT"",""RO"",""SE"",""SI"",""SK""]","2024-11-23 00:00:00","The decision was taken pursuant to own-initiative investigations.",SOURCE_VOLUNTARY,,Yes,AUTOMATED_DECISION_FULLY,TikTok,7440305693799832352,"2024-11-23 03:06:20"
61246dba-5396-4cb1-a45d-8d50c6f637ae,,,,,,,,,DECISION_ACCOUNT_TERMINATED,,,DECISION_GROUND_INCOMPATIBLE_CONTENT,,,,"Advertising policy violation","Reasons why your account may have been suspended: - We received a report or complaint about your account from people on TikTok or other channels. - There are problems with your ad creative, or qualifications or services provided in your ads. - We suspected malicious behavior or intent during ad creation. - You made changes to your ad's landing page after launching the campaign.",,STATEMENT_CATEGORY_SCOPE_OF_PLATFORM_SERVICE,,,,"[""CONTENT_TYPE_OTHER""]","Account Suspended",,"2024-11-22 00:00:00","[""AT"",""BE"",""BG"",""CY"",""CZ"",""DE"",""DK"",""EE"",""ES"",""FI"",""FR"",""GR"",""HR"",""HU"",""IE"",""IT"",""LI"",""LT"",""LU"",""LV"",""MT"",""NL"",""NO"",""PL"",""PT"",""RO"",""SE"",""SI"",""SK""]","2024-11-23 00:00:00","The decision was taken pursuant to own-initiative investigations.",SOURCE_VOLUNTARY,,Yes,AUTOMATED_DECISION_FULLY,TikTok,7440305706441399072,"2024-11-23 03:06:20"
c877d69e-ea34-4896-92a9-e15970a737d2,"[""DECISION_VISIBILITY_CONTENT_REMOVED""]",,,,,,,,,,,DECISION_GROUND_INCOMPATIBLE_CONTENT,,,,"Harassment and Bullying","We welcome the respectful expression of different viewpoints, but not toxicity or trolling. We do not allow language or behavior that harasses, humiliates, threatens, or doxes anyone. This also includes responding to such acts with retaliatory harassment (but excludes non-harassing counterspeech).We proactively enforce our Community Guidelines through a mix of technology and human moderation. We have detected this policy violation using automated measures. We have used automated measures in making this decision.",,STATEMENT_CATEGORY_ILLEGAL_OR_HARMFUL_SPEECH,,,,"[""CONTENT_TYPE_TEXT""]",,,"2024-11-23 00:00:00","[""AT"",""BE"",""BG"",""CY"",""CZ"",""DE"",""DK"",""EE"",""ES"",""FI"",""FR"",""GR"",""HR"",""HU"",""IE"",""IT"",""LI"",""LT"",""LU"",""LV"",""MT"",""NL"",""NO"",""PL"",""PT"",""RO"",""SE"",""SI"",""SK""]","2024-11-23 00:00:00","The decision was taken pursuant to own-initiative investigations.",SOURCE_VOLUNTARY,,Yes,AUTOMATED_DECISION_FULLY,TikTok,7440305693799848736,"2024-11-23 03:06:20"
579dc2a9-856b-4b8c-a1b4-819685a4c1b5,"[""DECISION_VISIBILITY_OTHER""]","LIVE not eligible for recommendation and restricted in search results","2024-11-23 00:00:00",,,,,,,,,DECISION_GROUND_INCOMPATIBLE_CONTENT,,,,"Go LIVE minimum age requirement","Your LIVE is not eligible for recommendation and restricted in search results, because you may be under the age of 18. This is in line with the For You feed eligibility standards under our Community Guidelines.",,STATEMENT_CATEGORY_PROTECTION_OF_MINORS,,,,"[""CONTENT_TYPE_VIDEO""]",,,"2024-11-23 00:00:00","[""AT"",""BE"",""BG"",""CY"",""CZ"",""DE"",""DK"",""EE"",""ES"",""FI"",""FR"",""GR"",""HR"",""HU"",""IE"",""IS"",""IT"",""LI"",""LT"",""LU"",""LV"",""MT"",""NL"",""NO"",""PL"",""PT"",""RO"",""SE"",""SI"",""SK""]","2024-11-23 00:00:00","The decision was taken pursuant to own-initiative investigations",SOURCE_VOLUNTARY,,Yes,AUTOMATED_DECISION_NOT_AUTOMATED,TikTok,7440305693799865120,"2024-11-23 03:06:20"
97d672b8-46f1-4190-89a7-14fb80a0961e,"[""DECISION_VISIBILITY_CONTENT_REMOVED""]",,,,,,,,,,,DECISION_GROUND_INCOMPATIBLE_CONTENT,,,,"Harassment and Bullying","We welcome the respectful expression of different viewpoints, but not toxicity or trolling. We do not allow language or behavior that harasses, humiliates, threatens, or doxes anyone. This also includes responding to such acts with retaliatory harassment (but excludes non-harassing counterspeech).We proactively enforce our Community Guidelines through a mix of technology and human moderation. We have detected this policy violation using automated measures. We have used automated measures in making this decision.",,STATEMENT_CATEGORY_ILLEGAL_OR_HARMFUL_SPEECH,,,,"[""CONTENT_TYPE_TEXT""]",,,"2024-11-23 00:00:00","[""AT"",""BE"",""BG"",""CY"",""CZ"",""DE"",""DK"",""EE"",""ES"",""FI"",""FR"",""GR"",""HR"",""HU"",""IE"",""IT"",""LI"",""LT"",""LU"",""LV"",""MT"",""NL"",""NO"",""PL"",""PT"",""RO"",""SE"",""SI"",""SK""]","2024-11-23 00:00:00","The decision was taken pursuant to own-initiative investigations.",SOURCE_VOLUNTARY,,Yes,AUTOMATED_DECISION_FULLY,TikTok,7440305693799881504,"2024-11-23 03:06:20"
f65fca77-eb29-4830-99d5-41adca2fe4f0,"[""DECISION_VISIBILITY_CONTENT_REMOVED""]",,,,,,,,,,,DECISION_GROUND_INCOMPATIBLE_CONTENT,,,,"Harassment and Bullying","We welcome the respectful expression of different viewpoints, but not toxicity or trolling. We do not allow language or behavior that harasses, humiliates, threatens, or doxes anyone. This also includes responding to such acts with retaliatory harassment (but excludes non-harassing counterspeech).We proactively enforce our Community Guidelines through a mix of technology and human moderation. We have detected this policy violation using automated measures. We have used automated measures in making this decision.",,STATEMENT_CATEGORY_ILLEGAL_OR_HARMFUL_SPEECH,,,,"[""CONTENT_TYPE_TEXT""]",,,"2024-11-23 00:00:00","[""AT"",""BE"",""BG"",""CY"",""CZ"",""DE"",""DK"",""EE"",""ES"",""FI"",""FR"",""GR"",""HR"",""HU"",""IE"",""IT"",""LI"",""LT"",""LU"",""LV"",""MT"",""NL"",""NO"",""PL"",""PT"",""RO"",""SE"",""SI"",""SK""]","2024-11-23 00:00:00","The decision was taken pursuant to own-initiative investigations.",SOURCE_VOLUNTARY,,Yes,AUTOMATED_DECISION_FULLY,TikTok,7440305693799897888,"2024-11-23 03:06:20"
2fc23bfb-51a1-41a7-b5e7-88d9f12226cd,"[""DECISION_VISIBILITY_CONTENT_REMOVED""]",,,,,,,,,,,DECISION_GROUND_INCOMPATIBLE_CONTENT,,,,"Harassment and Bullying","We welcome the respectful expression of different viewpoints, but not toxicity or trolling. We do not allow language or behavior that harasses, humiliates, threatens, or doxes anyone. This also includes responding to such acts with retaliatory harassment (but excludes non-harassing counterspeech).We proactively enforce our Community Guidelines through a mix of technology and human moderation. We have detected this policy violation using automated measures. We have used automated measures in making this decision.",,STATEMENT_CATEGORY_ILLEGAL_OR_HARMFUL_SPEECH,,,,"[""CONTENT_TYPE_TEXT""]",,,"2024-11-23 00:00:00","[""AT"",""BE"",""BG"",""CY"",""CZ"",""DE"",""DK"",""EE"",""ES"",""FI"",""FR"",""GR"",""HR"",""HU"",""IE"",""IT"",""LI"",""LT"",""LU"",""LV"",""MT"",""NL"",""NO"",""PL"",""PT"",""RO"",""SE"",""SI"",""SK""]","2024-11-23 00:00:00","The decision was taken pursuant to own-initiative investigations.",SOURCE_VOLUNTARY,,Yes,AUTOMATED_DECISION_FULLY,TikTok,7440305712825113376,"2024-11-23 03:06:22"
a865357f-cb7f-412d-9602-2d3e19f2486c,"[""DECISION_VISIBILITY_CONTENT_REMOVED""]",,,,,,,,,,,DECISION_GROUND_INCOMPATIBLE_CONTENT,,,,"Harassment and Bullying","We welcome the respectful expression of different viewpoints, but not toxicity or trolling. We do not allow language or behavior that harasses, humiliates, threatens, or doxes anyone. This also includes responding to such acts with retaliatory harassment (but excludes non-harassing counterspeech).We proactively enforce our Community Guidelines through a mix of technology and human moderation. We have detected this policy violation using automated measures. We have used automated measures in making this decision.",,STATEMENT_CATEGORY_ILLEGAL_OR_HARMFUL_SPEECH,,,,"[""CONTENT_TYPE_TEXT""]",,,"2024-11-23 00:00:00","[""AT"",""BE"",""BG"",""CY"",""CZ"",""DE"",""DK"",""EE"",""ES"",""FI"",""FR"",""GR"",""HR"",""HU"",""IE"",""IT"",""LI"",""LT"",""LU"",""LV"",""MT"",""NL"",""NO"",""PL"",""PT"",""RO"",""SE"",""SI"",""SK""]","2024-11-23 00:00:00","The decision was taken pursuant to own-initiative investigations.",SOURCE_VOLUNTARY,,Yes,AUTOMATED_DECISION_FULLY,TikTok,7440305706441415456,"2024-11-23 03:06:22"
e23093b7-04d3-49ce-aeca-7f6d9ed75583,"[""DECISION_VISIBILITY_OTHER""]","Photo not eligible for recommendation in the For You feed",,,,,,,,,,DECISION_GROUND_INCOMPATIBLE_CONTENT,,,,"Dangerous Activities and Challenges","Most activities or challenges are appropriate for everyone, but some carry a risk of significant injury. Content is ineligible for the For You feed if it involves activities that are likely to lead to moderate physical harm, or includes professionals who are performing extreme sports and stunts that may endanger others.We proactively enforce our Community Guidelines through a mix of technology and human moderation. We have detected this policy violation using automated measures. We have used automated measures in making this decision.",,STATEMENT_CATEGORY_NEGATIVE_EFFECTS_ON_CIVIC_DISCOURSE_OR_ELECTIONS,,,,"[""CONTENT_TYPE_IMAGE""]",,,"2024-11-23 00:00:00","[""AT"",""BE"",""BG"",""CY"",""CZ"",""DE"",""DK"",""EE"",""ES"",""FI"",""FR"",""GR"",""HR"",""HU"",""IE"",""IT"",""LI"",""LT"",""LU"",""LV"",""MT"",""NL"",""NO"",""PL"",""PT"",""RO"",""SE"",""SI"",""SK""]","2024-11-23 00:00:00","The decision was taken pursuant to own-initiative investigations.",SOURCE_VOLUNTARY,,Yes,AUTOMATED_DECISION_FULLY,TikTok,7440305712825129760,"2024-11-23 03:06:22"
60d8e859-2e3e-449f-82e5-acfa5563f277,"[""DECISION_VISIBILITY_CONTENT_REMOVED""]",,,,,,,,,,,DECISION_GROUND_INCOMPATIBLE_CONTENT,,,,"Community Guidelines","Your content is against our Community Guidelines. The guidelines include rules and standards for using TikTok that apply to everyone and everything on our platform.Users and 3rd-parties can report policy violations to us. We have detected this policy violation based on a report that the content violated our Community Guidelines. We have used automated measures to make the decision.",,STATEMENT_CATEGORY_SCOPE_OF_PLATFORM_SERVICE,,,,"[""CONTENT_TYPE_VIDEO""]",,,"2024-11-23 00:00:00","[""AT"",""BE"",""BG"",""CY"",""CZ"",""DE"",""DK"",""EE"",""ES"",""FI"",""FR"",""GR"",""HR"",""HU"",""IE"",""IT"",""LI"",""LT"",""LU"",""LV"",""MT"",""NL"",""NO"",""PL"",""PT"",""RO"",""SE"",""SI"",""SK""]","2024-11-23 00:00:00","The decision was taken in response to a report alleging a violation of our Community Guidelines.",SOURCE_VOLUNTARY,,No,AUTOMATED_DECISION_FULLY,TikTok,7440305706441431840,"2024-11-23 03:06:22"
3cff5c19-93c7-48cf-8c34-7ed8ad04ad6e,"[""DECISION_VISIBILITY_CONTENT_REMOVED""]",,,,,,,,,,,DECISION_GROUND_INCOMPATIBLE_CONTENT,,,,"Harassment and Bullying","We welcome the respectful expression of different viewpoints, but not toxicity or trolling. We do not allow language or behavior that harasses, humiliates, threatens, or doxes anyone. This also includes responding to such acts with retaliatory harassment (but excludes non-harassing counterspeech).We proactively enforce our Community Guidelines through a mix of technology and human moderation. We have detected this policy violation using automated measures. We have used automated measures in making this decision.",,STATEMENT_CATEGORY_ILLEGAL_OR_HARMFUL_SPEECH,,,,"[""CONTENT_TYPE_TEXT""]",,,"2024-11-23 00:00:00","[""AT"",""BE"",""BG"",""CY"",""CZ"",""DE"",""DK"",""EE"",""ES"",""FI"",""FR"",""GR"",""HR"",""HU"",""IE"",""IT"",""LI"",""LT"",""LU"",""LV"",""MT"",""NL"",""NO"",""PL"",""PT"",""RO"",""SE"",""SI"",""SK""]","2024-11-23 00:00:00","The decision was taken pursuant to own-initiative investigations.",SOURCE_VOLUNTARY,,Yes,AUTOMATED_DECISION_FULLY,TikTok,7440305706441448224,"2024-11-23 03:06:22"
52d977e4-ac39-4d4c-a99e-0d4cc023984b,"[""DECISION_VISIBILITY_CONTENT_REMOVED""]",,,,,,,,,,,DECISION_GROUND_INCOMPATIBLE_CONTENT,,,,"Violent and Hateful Organizations and Individuals","There is no place on our platform for beliefs or propaganda that encourages violence or hate. We do not allow the presence of violent and hateful organizations or individuals on our platform. Often the ideas of these actors are amplified by others. We do not allow anyone to promote or materially support violent or hateful actors.We proactively enforce our Community Guidelines through a mix of technology and human moderation. We have detected this policy violation using automated measures.",,STATEMENT_CATEGORY_VIOLENCE,,,,"[""CONTENT_TYPE_VIDEO""]",,,"2024-11-23 00:00:00","[""AT"",""BE"",""BG"",""CY"",""CZ"",""DE"",""DK"",""EE"",""ES"",""FI"",""FR"",""GR"",""HR"",""HU"",""IE"",""IT"",""LI"",""LT"",""LU"",""LV"",""MT"",""NL"",""NO"",""PL"",""PT"",""RO"",""SE"",""SI"",""SK""]","2024-11-23 00:00:00","The decision was taken pursuant to own-initiative investigations.",SOURCE_VOLUNTARY,,Yes,AUTOMATED_DECISION_NOT_AUTOMATED,TikTok,7440305712825146144,"2024-11-23 03:06:22"
65767818-1a4f-423f-b995-5d2ac578d269,"[""DECISION_VISIBILITY_CONTENT_REMOVED""]",,,,,,,,,,,DECISION_GROUND_INCOMPATIBLE_CONTENT,,,,"Harassment and Bullying","We welcome the respectful expression of different viewpoints, but not toxicity or trolling. We do not allow language or behavior that harasses, humiliates, threatens, or doxes anyone. This also includes responding to such acts with retaliatory harassment (but excludes non-harassing counterspeech).We proactively enforce our Community Guidelines through a mix of technology and human moderation. We have detected this policy violation using automated measures. We have used automated measures in making this decision.",,STATEMENT_CATEGORY_ILLEGAL_OR_HARMFUL_SPEECH,,,,"[""CONTENT_TYPE_TEXT""]",,,"2024-11-23 00:00:00","[""AT"",""BE"",""BG"",""CY"",""CZ"",""DE"",""DK"",""EE"",""ES"",""FI"",""FR"",""GR"",""HR"",""HU"",""IE"",""IT"",""LI"",""LT"",""LU"",""LV"",""MT"",""NL"",""NO"",""PL"",""PT"",""RO"",""SE"",""SI"",""SK""]","2024-11-23 00:00:00","The decision was taken pursuant to own-initiative investigations.",SOURCE_VOLUNTARY,,Yes,AUTOMATED_DECISION_FULLY,TikTok,7440305706441464608,"2024-11-23 03:06:22"
75666392-e73c-4351-9939-c4577c411cb0,"[""DECISION_VISIBILITY_CONTENT_REMOVED""]",,,,,,,,,,,DECISION_GROUND_INCOMPATIBLE_CONTENT,,,,"Violent Behaviors and Criminal Activities","We recognize that online content related to violence can cause real-world harm. We do not allow any violent threats, incitement to violence, or promotion of criminal activities that may harm people, animals, or property. If there is a specific, credible, and imminent threat to human life or serious physical injury, we will report it to relevant law enforcement authorities.We proactively enforce our Community Guidelines through a mix of technology and human moderation. We have detected this policy violation using automated measures. We have used automated measures in making this decision.",,STATEMENT_CATEGORY_VIOLENCE,,,,"[""CONTENT_TYPE_TEXT""]",,,"2024-11-23 00:00:00","[""AT"",""BE"",""BG"",""CY"",""CZ"",""DE"",""DK"",""EE"",""ES"",""FI"",""FR"",""GR"",""HR"",""HU"",""IE"",""IT"",""LI"",""LT"",""LU"",""LV"",""MT"",""NL"",""NO"",""PL"",""PT"",""RO"",""SE"",""SI"",""SK""]","2024-11-23 00:00:00","The decision was taken pursuant to own-initiative investigations.",SOURCE_VOLUNTARY,,Yes,AUTOMATED_DECISION_FULLY,TikTok,7440305712825162528,"2024-11-23 03:06:22"
6fcdbb41-d421-4bcb-a493-c199306f3685,"[""DECISION_VISIBILITY_CONTENT_REMOVED""]",,,,,,,,,,,DECISION_GROUND_INCOMPATIBLE_CONTENT,,,,"Harassment and Bullying","We welcome the respectful expression of different viewpoints, but not toxicity or trolling. We do not allow language or behavior that harasses, humiliates, threatens, or doxes anyone. This also includes responding to such acts with retaliatory harassment (but excludes non-harassing counterspeech).We proactively enforce our Community Guidelines through a mix of technology and human moderation. We have detected this policy violation using automated measures. We have used automated measures in making this decision.",,STATEMENT_CATEGORY_ILLEGAL_OR_HARMFUL_SPEECH,,,,"[""CONTENT_TYPE_TEXT""]",,,"2024-11-23 00:00:00","[""AT"",""BE"",""BG"",""CY"",""CZ"",""DE"",""DK"",""EE"",""ES"",""FI"",""FR"",""GR"",""HR"",""HU"",""IE"",""IT"",""LI"",""LT"",""LU"",""LV"",""MT"",""NL"",""NO"",""PL"",""PT"",""RO"",""SE"",""SI"",""SK""]","2024-11-23 00:00:00","The decision was taken pursuant to own-initiative investigations.",SOURCE_VOLUNTARY,,Yes,AUTOMATED_DECISION_FULLY,TikTok,7440305706441480992,"2024-11-23 03:06:22"
0a035175-e2e6-40d0-bea4-96f71c59259d,"[""DECISION_VISIBILITY_CONTENT_REMOVED""]",,,,,,,,,,,DECISION_GROUND_INCOMPATIBLE_CONTENT,,,,"Nudity and Body Exposure","We celebrate all shapes and sizes and want people to feel comfortable in how they present themselves and their bodies. We do not allow nudity, including uncovered genitals and buttocks, as well as nipples and areolas of women and girls. Sheer and partially see-through clothing is not considered covered.We proactively enforce our Community Guidelines through a mix of technology and human moderation. We have detected this policy violation using automated measures. We have used automated measures in making this decision.",,STATEMENT_CATEGORY_SCOPE_OF_PLATFORM_SERVICE,,,,"[""CONTENT_TYPE_VIDEO""]",,,"2024-11-23 00:00:00","[""AT"",""BE"",""BG"",""CY"",""CZ"",""DE"",""DK"",""EE"",""ES"",""FI"",""FR"",""GR"",""HR"",""HU"",""IE"",""IT"",""LI"",""LT"",""LU"",""LV"",""MT"",""NL"",""NO"",""PL"",""PT"",""RO"",""SE"",""SI"",""SK""]","2024-11-23 00:00:00","The decision was taken pursuant to own-initiative investigations.",SOURCE_VOLUNTARY,,Yes,AUTOMATED_DECISION_FULLY,TikTok,7440305712825178912,"2024-11-23 03:06:22"
e369afc4-f4f9-4238-9143-197d0f24e36e,"[""DECISION_VISIBILITY_CONTENT_REMOVED""]",,,,,,,,,,,DECISION_GROUND_INCOMPATIBLE_CONTENT,,,,"Harassment and Bullying","We welcome the respectful expression of different viewpoints, but not toxicity or trolling. We do not allow language or behavior that harasses, humiliates, threatens, or doxes anyone. This also includes responding to such acts with retaliatory harassment (but excludes non-harassing counterspeech).We proactively enforce our Community Guidelines through a mix of technology and human moderation. We have detected this policy violation using automated measures. We have used automated measures in making this decision.",,STATEMENT_CATEGORY_ILLEGAL_OR_HARMFUL_SPEECH,,,,"[""CONTENT_TYPE_TEXT""]",,,"2024-11-23 00:00:00","[""AT"",""BE"",""BG"",""CY"",""CZ"",""DE"",""DK"",""EE"",""ES"",""FI"",""FR"",""GR"",""HR"",""HU"",""IE"",""IT"",""LI"",""LT"",""LU"",""LV"",""MT"",""NL"",""NO"",""PL"",""PT"",""RO"",""SE"",""SI"",""SK""]","2024-11-23 00:00:00","The decision was taken pursuant to own-initiative investigations.",SOURCE_VOLUNTARY,,Yes,AUTOMATED_DECISION_FULLY,TikTok,7440305712825195296,"2024-11-23 03:06:22"
6f35f935-f490-438e-b274-76d200080300,"[""DECISION_VISIBILITY_CONTENT_REMOVED""]",,,,,,,,,,,DECISION_GROUND_INCOMPATIBLE_CONTENT,,,,"Harassment and Bullying","We welcome the respectful expression of different viewpoints, but not toxicity or trolling. We do not allow language or behavior that harasses, humiliates, threatens, or doxes anyone. This also includes responding to such acts with retaliatory harassment (but excludes non-harassing counterspeech).We proactively enforce our Community Guidelines through a mix of technology and human moderation. We have detected this policy violation using automated measures. We have used automated measures in making this decision.",,STATEMENT_CATEGORY_ILLEGAL_OR_HARMFUL_SPEECH,,,,"[""CONTENT_TYPE_TEXT""]",,,"2024-11-23 00:00:00","[""AT"",""BE"",""BG"",""CY"",""CZ"",""DE"",""DK"",""EE"",""ES"",""FI"",""FR"",""GR"",""HR"",""HU"",""IE"",""IT"",""LI"",""LT"",""LU"",""LV"",""MT"",""NL"",""NO"",""PL"",""PT"",""RO"",""SE"",""SI"",""SK""]","2024-11-23 00:00:00","The decision was taken pursuant to own-initiative investigations.",SOURCE_VOLUNTARY,,Yes,AUTOMATED_DECISION_FULLY,TikTok,7440305706441497376,"2024-11-23 03:06:22"
71c1c122-c063-45c2-b5fc-325722acfec7,"[""DECISION_VISIBILITY_CONTENT_REMOVED""]",,,,,,,,,,,DECISION_GROUND_INCOMPATIBLE_CONTENT,,,,"Violent Behaviors and Criminal Activities","We recognize that online content related to violence can cause real-world harm. We do not allow any violent threats, incitement to violence, or promotion of criminal activities that may harm people, animals, or property. If there is a specific, credible, and imminent threat to human life or serious physical injury, we will report it to relevant law enforcement authorities.We proactively enforce our Community Guidelines through a mix of technology and human moderation. We have detected this policy violation using automated measures. We have used automated measures in making this decision.",,STATEMENT_CATEGORY_VIOLENCE,,,,"[""CONTENT_TYPE_TEXT""]",,,"2024-11-23 00:00:00","[""AT"",""BE"",""BG"",""CY"",""CZ"",""DE"",""DK"",""EE"",""ES"",""FI"",""FR"",""GR"",""HR"",""HU"",""IE"",""IT"",""LI"",""LT"",""LU"",""LV"",""MT"",""NL"",""NO"",""PL"",""PT"",""RO"",""SE"",""SI"",""SK""]","2024-11-23 00:00:00","The decision was taken pursuant to own-initiative investigations.",SOURCE_VOLUNTARY,,Yes,AUTOMATED_DECISION_FULLY,TikTok,7440305712825211680,"2024-11-23 03:06:22"
a8d1928a-1db6-4ba0-8e2f-ccfa4b0948ac,"[""DECISION_VISIBILITY_CONTENT_REMOVED""]",,,,,,,,,,,DECISION_GROUND_INCOMPATIBLE_CONTENT,,,,"Harassment and Bullying","We welcome the respectful expression of different viewpoints, but not toxicity or trolling. We do not allow language or behavior that harasses, humiliates, threatens, or doxes anyone. This also includes responding to such acts with retaliatory harassment (but excludes non-harassing counterspeech).We proactively enforce our Community Guidelines through a mix of technology and human moderation. We have detected this policy violation using automated measures. We have used automated measures in making this decision.",,STATEMENT_CATEGORY_ILLEGAL_OR_HARMFUL_SPEECH,,,,"[""CONTENT_TYPE_TEXT""]",,,"2024-11-23 00:00:00","[""AT"",""BE"",""BG"",""CY"",""CZ"",""DE"",""DK"",""EE"",""ES"",""FI"",""FR"",""GR"",""HR"",""HU"",""IE"",""IT"",""LI"",""LT"",""LU"",""LV"",""MT"",""NL"",""NO"",""PL"",""PT"",""RO"",""SE"",""SI"",""SK""]","2024-11-23 00:00:00","The decision was taken pursuant to own-initiative investigations.",SOURCE_VOLUNTARY,,Yes,AUTOMATED_DECISION_FULLY,TikTok,7440305706441513760,"2024-11-23 03:06:25"
89e18ac1-a2e5-4933-9c98-71d4a3d4a403,"[""DECISION_VISIBILITY_OTHER""]","Video not eligible for recommendation in the For You feed",,,,,,,,,,DECISION_GROUND_INCOMPATIBLE_CONTENT,,,,"Community Guidelines","We maintain content eligibility standards for the For You feed (FYF) that prioritize safety and are informed by the diversity of our community and cultural norms. We make ineligible for the FYF certain content that may not be appropriate for a broad audience related to: (1) Behavioral Health, (2) Sensitive and Mature Themes, (3) Integrity and Authenticity, and (4) Regulated Goods. Content that is ineligible for the FYF can still be discovered in other ways, such as through search tools or by following an account.We proactively enforce our Community Guidelines through a mix of technology and human moderation. We have detected this policy violation using automated measures. We have used automated measures in making this decision.",,STATEMENT_CATEGORY_SCOPE_OF_PLATFORM_SERVICE,,,,"[""CONTENT_TYPE_VIDEO""]",,,"2024-11-23 00:00:00","[""AT"",""BE"",""BG"",""CY"",""CZ"",""DE"",""DK"",""EE"",""ES"",""FI"",""FR"",""GR"",""HR"",""HU"",""IE"",""IT"",""LI"",""LT"",""LU"",""LV"",""MT"",""NL"",""NO"",""PL"",""PT"",""RO"",""SE"",""SI"",""SK""]","2024-11-23 00:00:00","The decision was taken pursuant to own-initiative investigations.",SOURCE_VOLUNTARY,,Yes,AUTOMATED_DECISION_FULLY,TikTok,7440305712825244448,"2024-11-23 03:06:25"
64c46da8-a132-453b-b8ac-eb15569b5dc6,"[""DECISION_VISIBILITY_CONTENT_REMOVED""]",,,,,,,,,,,DECISION_GROUND_INCOMPATIBLE_CONTENT,,,,"Community Guidelines","Your content is against our Community Guidelines. The guidelines include rules and standards for using TikTok that apply to everyone and everything on our platform.We proactively enforce our Community Guidelines through a mix of technology and human moderation. We have detected this policy violation using automated measures. We have used automated measures in making this decision.",,STATEMENT_CATEGORY_SCOPE_OF_PLATFORM_SERVICE,,,,"[""CONTENT_TYPE_IMAGE""]",,,"2024-11-22 00:00:00","[""AT"",""BE"",""BG"",""CY"",""CZ"",""DE"",""DK"",""EE"",""ES"",""FI"",""FR"",""GR"",""HR"",""HU"",""IE"",""IT"",""LI"",""LT"",""LU"",""LV"",""MT"",""NL"",""NO"",""PL"",""PT"",""RO"",""SE"",""SI"",""SK""]","2024-11-23 00:00:00","The decision was taken pursuant to own-initiative investigations.",SOURCE_VOLUNTARY,,Yes,AUTOMATED_DECISION_FULLY,TikTok,7440305706441530144,"2024-11-23 03:06:25"
c010b376-d527-40e1-bf26-fcbd7ac19ea7,"[""DECISION_VISIBILITY_CONTENT_REMOVED""]",,,,,,,,,,,DECISION_GROUND_INCOMPATIBLE_CONTENT,,,,"Community Guidelines","Your content is against our Community Guidelines. The guidelines include rules and standards for using TikTok that apply to everyone and everything on our platform.We proactively enforce our Community Guidelines through a mix of technology and human moderation. We have detected this policy violation using automated measures. We have used automated measures in making this decision.",,STATEMENT_CATEGORY_SCOPE_OF_PLATFORM_SERVICE,,,,"[""CONTENT_TYPE_IMAGE""]",,,"2024-08-26 00:00:00","[""AT"",""BE"",""BG"",""CY"",""CZ"",""DE"",""DK"",""EE"",""ES"",""FI"",""FR"",""GR"",""HR"",""HU"",""IE"",""IT"",""LI"",""LT"",""LU"",""LV"",""MT"",""NL"",""NO"",""PL"",""PT"",""RO"",""SE"",""SI"",""SK""]","2024-11-23 00:00:00","The decision was taken pursuant to own-initiative investigations.",SOURCE_VOLUNTARY,,Yes,AUTOMATED_DECISION_FULLY,TikTok,7440305722245520160,"2024-11-23 03:06:25"
6f7b6f07-bfd3-492d-b3ff-c13c8a0b99d4,"[""DECISION_VISIBILITY_CONTENT_REMOVED""]",,,,,,,,,,,DECISION_GROUND_INCOMPATIBLE_CONTENT,,,,"Community Guidelines","Your content is against our Community Guidelines. The guidelines include rules and standards for using TikTok that apply to everyone and everything on our platform.We proactively enforce our Community Guidelines through a mix of technology and human moderation. We have detected this policy violation using automated measures. We have used automated measures in making this decision.",,STATEMENT_CATEGORY_SCOPE_OF_PLATFORM_SERVICE,,,,"[""CONTENT_TYPE_IMAGE""]",,,"2024-11-15 00:00:00","[""AT"",""BE"",""BG"",""CY"",""CZ"",""DE"",""DK"",""EE"",""ES"",""FI"",""FR"",""GR"",""HR"",""HU"",""IE"",""IT"",""LI"",""LT"",""LU"",""LV"",""MT"",""NL"",""NO"",""PL"",""PT"",""RO"",""SE"",""SI"",""SK""]","2024-11-23 00:00:00","The decision was taken pursuant to own-initiative investigations.",SOURCE_VOLUNTARY,,Yes,AUTOMATED_DECISION_FULLY,TikTok,7440305722245536544,"2024-11-23 03:06:25"
aca0e3e3-7f03-436a-b44e-da3eee4f2360,"[""DECISION_VISIBILITY_CONTENT_REMOVED""]",,,,,,,,,,,DECISION_GROUND_INCOMPATIBLE_CONTENT,,,,"Community Guidelines","Your content is against our Community Guidelines. The guidelines include rules and standards for using TikTok that apply to everyone and everything on our platform.We proactively enforce our Community Guidelines through a mix of technology and human moderation. We have detected this policy violation using automated measures. We have used automated measures in making this decision.",,STATEMENT_CATEGORY_SCOPE_OF_PLATFORM_SERVICE,,,,"[""CONTENT_TYPE_IMAGE""]",,,"2024-11-03 00:00:00","[""AT"",""BE"",""BG"",""CY"",""CZ"",""DE"",""DK"",""EE"",""ES"",""FI"",""FR"",""GR"",""HR"",""HU"",""IE"",""IT"",""LI"",""LT"",""LU"",""LV"",""MT"",""NL"",""NO"",""PL"",""PT"",""RO"",""SE"",""SI"",""SK""]","2024-11-23 00:00:00","The decision was taken pursuant to own-initiative investigations.",SOURCE_VOLUNTARY,,Yes,AUTOMATED_DECISION_FULLY,TikTok,7440305712825260832,"2024-11-23 03:06:25"
d6a169d3-ae39-44d1-9a56-8e85374f4bea,"[""DECISION_VISIBILITY_CONTENT_REMOVED""]",,,,,,,,,,,DECISION_GROUND_INCOMPATIBLE_CONTENT,,,,"Community Guidelines","Your content is against our Community Guidelines. The guidelines include rules and standards for using TikTok that apply to everyone and everything on our platform.We proactively enforce our Community Guidelines through a mix of technology and human moderation. We have detected this policy violation using automated measures. We have used automated measures in making this decision.",,STATEMENT_CATEGORY_SCOPE_OF_PLATFORM_SERVICE,,,,"[""CONTENT_TYPE_IMAGE""]",,,"2024-08-26 00:00:00","[""AT"",""BE"",""BG"",""CY"",""CZ"",""DE"",""DK"",""EE"",""ES"",""FI"",""FR"",""GR"",""HR"",""HU"",""IE"",""IT"",""LI"",""LT"",""LU"",""LV"",""MT"",""NL"",""NO"",""PL"",""PT"",""RO"",""SE"",""SI"",""SK""]","2024-11-23 00:00:00","The decision was taken pursuant to own-initiative investigations.",SOURCE_VOLUNTARY,,Yes,AUTOMATED_DECISION_FULLY,TikTok,7440305722245552928,"2024-11-23 03:06:25"
984ec074-fc34-4b48-a528-f970da266772,"[""DECISION_VISIBILITY_CONTENT_REMOVED""]",,,,,,,,,,,DECISION_GROUND_INCOMPATIBLE_CONTENT,,,,"Community Guidelines","Your content is against our Community Guidelines. The guidelines include rules and standards for using TikTok that apply to everyone and everything on our platform.We proactively enforce our Community Guidelines through a mix of technology and human moderation. We have detected this policy violation using automated measures. We have used automated measures in making this decision.",,STATEMENT_CATEGORY_SCOPE_OF_PLATFORM_SERVICE,,,,"[""CONTENT_TYPE_IMAGE""]",,,"2024-11-03 00:00:00","[""AT"",""BE"",""BG"",""CY"",""CZ"",""DE"",""DK"",""EE"",""ES"",""FI"",""FR"",""GR"",""HR"",""HU"",""IE"",""IT"",""LI"",""LT"",""LU"",""LV"",""MT"",""NL"",""NO"",""PL"",""PT"",""RO"",""SE"",""SI"",""SK""]","2024-11-23 00:00:00","The decision was taken pursuant to own-initiative investigations.",SOURCE_VOLUNTARY,,Yes,AUTOMATED_DECISION_FULLY,TikTok,7440305724720159520,"2024-11-23 03:06:25"
111c73c7-795f-464d-930a-0307ec77d33e,"[""DECISION_VISIBILITY_CONTENT_REMOVED""]",,,,,,,,,,,DECISION_GROUND_INCOMPATIBLE_CONTENT,,,,"Community Guidelines","Your content is against our Community Guidelines. The guidelines include rules and standards for using TikTok that apply to everyone and everything on our platform.We proactively enforce our Community Guidelines through a mix of technology and human moderation. We have detected this policy violation using automated measures. We have used automated measures in making this decision.",,STATEMENT_CATEGORY_SCOPE_OF_PLATFORM_SERVICE,,,,"[""CONTENT_TYPE_IMAGE""]",,,"2024-10-27 00:00:00","[""AT"",""BE"",""BG"",""CY"",""CZ"",""DE"",""DK"",""EE"",""ES"",""FI"",""FR"",""GR"",""HR"",""HU"",""IE"",""IT"",""LI"",""LT"",""LU"",""LV"",""MT"",""NL"",""NO"",""PL"",""PT"",""RO"",""SE"",""SI"",""SK""]","2024-11-23 00:00:00","The decision was taken pursuant to own-initiative investigations.",SOURCE_VOLUNTARY,,Yes,AUTOMATED_DECISION_FULLY,TikTok,7440305724720175904,"2024-11-23 03:06:25"
65532768-846e-4bae-be5a-a6063f6a8128,"[""DECISION_VISIBILITY_CONTENT_REMOVED""]",,,,,,,,,,,DECISION_GROUND_INCOMPATIBLE_CONTENT,,,,"Community Guidelines","Your content is against our Community Guidelines. The guidelines include rules and standards for using TikTok that apply to everyone and everything on our platform.We proactively enforce our Community Guidelines through a mix of technology and human moderation. We have detected this policy violation using automated measures. We have used automated measures in making this decision.",,STATEMENT_CATEGORY_SCOPE_OF_PLATFORM_SERVICE,,,,"[""CONTENT_TYPE_IMAGE""]",,,"2024-11-10 00:00:00","[""AT"",""BE"",""BG"",""CY"",""CZ"",""DE"",""DK"",""EE"",""ES"",""FI"",""FR"",""GR"",""HR"",""HU"",""IE"",""IT"",""LI"",""LT"",""LU"",""LV"",""MT"",""NL"",""NO"",""PL"",""PT"",""RO"",""SE"",""SI"",""SK""]","2024-11-23 00:00:00","The decision was taken pursuant to own-initiative investigations.",SOURCE_VOLUNTARY,,Yes,AUTOMATED_DECISION_FULLY,TikTok,7440305724720192288,"2024-11-23 03:06:25"
f0702be5-7c9f-40a7-8d56-fec31ffd669e,"[""DECISION_VISIBILITY_CONTENT_REMOVED""]",,,,,,,,,,,DECISION_GROUND_INCOMPATIBLE_CONTENT,,,,"Community Guidelines","Your content is against our Community Guidelines. The guidelines include rules and standards for using TikTok that apply to everyone and everything on our platform.We proactively enforce our Community Guidelines through a mix of technology and human moderation. We have detected this policy violation using automated measures. We have used automated measures in making this decision.",,STATEMENT_CATEGORY_SCOPE_OF_PLATFORM_SERVICE,,,,"[""CONTENT_TYPE_IMAGE""]",,,"2024-01-16 00:00:00","[""AT"",""BE"",""BG"",""CY"",""CZ"",""DE"",""DK"",""EE"",""ES"",""FI"",""FR"",""GR"",""HR"",""HU"",""IE"",""IT"",""LI"",""LT"",""LU"",""LV"",""MT"",""NL"",""NO"",""PL"",""PT"",""RO"",""SE"",""SI"",""SK""]","2024-11-23 00:00:00","The decision was taken pursuant to own-initiative investigations.",SOURCE_VOLUNTARY,,Yes,AUTOMATED_DECISION_FULLY,TikTok,7440305724720208672,"2024-11-23 03:06:25"
88a49ba8-2aba-41a1-aff3-2eeed452a11e,"[""DECISION_VISIBILITY_CONTENT_REMOVED""]",,,,,,,,,,,DECISION_GROUND_INCOMPATIBLE_CONTENT,,,,"Community Guidelines","Your content is against our Community Guidelines. The guidelines include rules and standards for using TikTok that apply to everyone and everything on our platform.We proactively enforce our Community Guidelines through a mix of technology and human moderation. We have detected this policy violation using automated measures. We have used automated measures in making this decision.",,STATEMENT_CATEGORY_SCOPE_OF_PLATFORM_SERVICE,,,,"[""CONTENT_TYPE_IMAGE""]",,,"2024-10-05 00:00:00","[""AT"",""BE"",""BG"",""CY"",""CZ"",""DE"",""DK"",""EE"",""ES"",""FI"",""FR"",""GR"",""HR"",""HU"",""IE"",""IT"",""LI"",""LT"",""LU"",""LV"",""MT"",""NL"",""NO"",""PL"",""PT"",""RO"",""SE"",""SI"",""SK""]","2024-11-23 00:00:00","The decision was taken pursuant to own-initiative investigations.",SOURCE_VOLUNTARY,,Yes,AUTOMATED_DECISION_FULLY,TikTok,7440305722245569312,"2024-11-23 03:06:25"
8a6c5199-351e-4e9b-84fe-371f019e80b9,"[""DECISION_VISIBILITY_CONTENT_REMOVED""]",,,,,,,,,,,DECISION_GROUND_INCOMPATIBLE_CONTENT,,,,"Community Guidelines","Your content is against our Community Guidelines. The guidelines include rules and standards for using TikTok that apply to everyone and everything on our platform.We proactively enforce our Community Guidelines through a mix of technology and human moderation. We have detected this policy violation using automated measures. We have used automated measures in making this decision.",,STATEMENT_CATEGORY_SCOPE_OF_PLATFORM_SERVICE,,,,"[""CONTENT_TYPE_IMAGE""]",,,"2024-09-11 00:00:00","[""AT"",""BE"",""BG"",""CY"",""CZ"",""DE"",""DK"",""EE"",""ES"",""FI"",""FR"",""GR"",""HR"",""HU"",""IE"",""IT"",""LI"",""LT"",""LU"",""LV"",""MT"",""NL"",""NO"",""PL"",""PT"",""RO"",""SE"",""SI"",""SK""]","2024-11-23 00:00:00","The decision was taken pursuant to own-initiative investigations.",SOURCE_VOLUNTARY,,Yes,AUTOMATED_DECISION_FULLY,TikTok,7440305724720225056,"2024-11-23 03:06:25"
d120a7a4-fd61-4c37-b29e-678951c74205,"[""DECISION_VISIBILITY_CONTENT_REMOVED""]",,,,,,,,,,,DECISION_GROUND_INCOMPATIBLE_CONTENT,,,,"Community Guidelines","Your content is against our Community Guidelines. The guidelines include rules and standards for using TikTok that apply to everyone and everything on our platform.We proactively enforce our Community Guidelines through a mix of technology and human moderation. We have detected this policy violation using automated measures. We have used automated measures in making this decision.",,STATEMENT_CATEGORY_SCOPE_OF_PLATFORM_SERVICE,,,,"[""CONTENT_TYPE_IMAGE""]",,,"2023-08-21 00:00:00","[""AT"",""BE"",""BG"",""CY"",""CZ"",""DE"",""DK"",""EE"",""ES"",""FI"",""FR"",""GR"",""HR"",""HU"",""IE"",""IT"",""LI"",""LT"",""LU"",""LV"",""MT"",""NL"",""NO"",""PL"",""PT"",""RO"",""SE"",""SI"",""SK""]","2024-11-23 00:00:00","The decision was taken pursuant to own-initiative investigations.",SOURCE_VOLUNTARY,,Yes,AUTOMATED_DECISION_FULLY,TikTok,7440305722245585696,"2024-11-23 03:06:25"
853ee6b9-2ab0-4e0f-a75c-c7b9a78b4eb1,"[""DECISION_VISIBILITY_OTHER""]","Video not eligible for recommendation in the For You feed",,,,,,,,,,DECISION_GROUND_INCOMPATIBLE_CONTENT,,,,"Community Guidelines","We maintain content eligibility standards for the For You feed (FYF) that prioritize safety and are informed by the diversity of our community and cultural norms. We make ineligible for the FYF certain content that may not be appropriate for a broad audience related to: (1) Behavioral Health, (2) Sensitive and Mature Themes, (3) Integrity and Authenticity, and (4) Regulated Goods. Content that is ineligible for the FYF can still be discovered in other ways, such as through search tools or by following an account.We proactively enforce our Community Guidelines through a mix of technology and human moderation. We have detected this policy violation using automated measures. We have used automated measures in making this decision.",,STATEMENT_CATEGORY_SCOPE_OF_PLATFORM_SERVICE,,,,"[""CONTENT_TYPE_VIDEO""]",,,"2024-11-23 00:00:00","[""AT"",""BE"",""BG"",""CY"",""CZ"",""DE"",""DK"",""EE"",""ES"",""FI"",""FR"",""GR"",""HR"",""HU"",""IE"",""IT"",""LI"",""LT"",""LU"",""LV"",""MT"",""NL"",""NO"",""PL"",""PT"",""RO"",""SE"",""SI"",""SK""]","2024-11-23 00:00:00","The decision was taken pursuant to own-initiative investigations.",SOURCE_VOLUNTARY,,Yes,AUTOMATED_DECISION_FULLY,TikTok,7440305724720241440,"2024-11-23 03:06:25"
50a0fb30-832d-4d3a-ba28-2a93bc043c1d,"[""DECISION_VISIBILITY_CONTENT_REMOVED""]",,,,,,,,,,,DECISION_GROUND_INCOMPATIBLE_CONTENT,,,,"Community Guidelines","Your content is against our Community Guidelines. The guidelines include rules and standards for using TikTok that apply to everyone and everything on our platform.We proactively enforce our Community Guidelines through a mix of technology and human moderation. We have detected this policy violation using automated measures. We have used automated measures in making this decision.",,STATEMENT_CATEGORY_SCOPE_OF_PLATFORM_SERVICE,,,,"[""CONTENT_TYPE_IMAGE""]",,,"2024-09-28 00:00:00","[""AT"",""BE"",""BG"",""CY"",""CZ"",""DE"",""DK"",""EE"",""ES"",""FI"",""FR"",""GR"",""HR"",""HU"",""IE"",""IT"",""LI"",""LT"",""LU"",""LV"",""MT"",""NL"",""NO"",""PL"",""PT"",""RO"",""SE"",""SI"",""SK""]","2024-11-23 00:00:00","The decision was taken pursuant to own-initiative investigations.",SOURCE_VOLUNTARY,,Yes,AUTOMATED_DECISION_FULLY,TikTok,7440305722245602080,"2024-11-23 03:06:25"
72f13030-eac7-4f72-8772-6b473f9f0759,"[""DECISION_VISIBILITY_CONTENT_REMOVED""]",,,,,,,,,,,DECISION_GROUND_INCOMPATIBLE_CONTENT,,,,"Community Guidelines","Your content is against our Community Guidelines. The guidelines include rules and standards for using TikTok that apply to everyone and everything on our platform.We proactively enforce our Community Guidelines through a mix of technology and human moderation. We have detected this policy violation using automated measures. We have used automated measures in making this decision.",,STATEMENT_CATEGORY_SCOPE_OF_PLATFORM_SERVICE,,,,"[""CONTENT_TYPE_IMAGE""]",,,"2024-10-19 00:00:00","[""AT"",""BE"",""BG"",""CY"",""CZ"",""DE"",""DK"",""EE"",""ES"",""FI"",""FR"",""GR"",""HR"",""HU"",""IE"",""IT"",""LI"",""LT"",""LU"",""LV"",""MT"",""NL"",""NO"",""PL"",""PT"",""RO"",""SE"",""SI"",""SK""]","2024-11-23 00:00:00","The decision was taken pursuant to own-initiative investigations.",SOURCE_VOLUNTARY,,Yes,AUTOMATED_DECISION_FULLY,TikTok,7440305722245618464,"2024-11-23 03:06:25"
e1a8f640-6ac2-4cd0-b443-2308c79f6b3c,"[""DECISION_VISIBILITY_CONTENT_REMOVED""]",,,,,,,,,,,DECISION_GROUND_INCOMPATIBLE_CONTENT,,,,"Community Guidelines","Your content is against our Community Guidelines. The guidelines include rules and standards for using TikTok that apply to everyone and everything on our platform.We proactively enforce our Community Guidelines through a mix of technology and human moderation. We have detected this policy violation using automated measures. We have used automated measures in making this decision.",,STATEMENT_CATEGORY_SCOPE_OF_PLATFORM_SERVICE,,,,"[""CONTENT_TYPE_IMAGE""]",,,"2024-10-16 00:00:00","[""AT"",""BE"",""BG"",""CY"",""CZ"",""DE"",""DK"",""EE"",""ES"",""FI"",""FR"",""GR"",""HR"",""HU"",""IE"",""IT"",""LI"",""LT"",""LU"",""LV"",""MT"",""NL"",""NO"",""PL"",""PT"",""RO"",""SE"",""SI"",""SK""]","2024-11-23 00:00:00","The decision was taken pursuant to own-initiative investigations.",SOURCE_VOLUNTARY,,Yes,AUTOMATED_DECISION_FULLY,TikTok,7440305722245634848,"2024-11-23 03:06:25"
5bbf09eb-7b25-4ab6-88af-1874a5a88a25,"[""DECISION_VISIBILITY_CONTENT_REMOVED""]",,,,,,,,,,,DECISION_GROUND_INCOMPATIBLE_CONTENT,,,,"Community Guidelines","Your content is against our Community Guidelines. The guidelines include rules and standards for using TikTok that apply to everyone and everything on our platform.We proactively enforce our Community Guidelines through a mix of technology and human moderation. We have detected this policy violation using automated measures. We have used automated measures in making this decision.",,STATEMENT_CATEGORY_SCOPE_OF_PLATFORM_SERVICE,,,,"[""CONTENT_TYPE_IMAGE""]",,,"2024-09-23 00:00:00","[""AT"",""BE"",""BG"",""CY"",""CZ"",""DE"",""DK"",""EE"",""ES"",""FI"",""FR"",""GR"",""HR"",""HU"",""IE"",""IT"",""LI"",""LT"",""LU"",""LV"",""MT"",""NL"",""NO"",""PL"",""PT"",""RO"",""SE"",""SI"",""SK""]","2024-11-23 00:00:00","The decision was taken pursuant to own-initiative investigations.",SOURCE_VOLUNTARY,,Yes,AUTOMATED_DECISION_FULLY,TikTok,7440305724720257824,"2024-11-23 03:06:25"
d272956f-939e-4b0e-97cd-48c829cd1c35,"[""DECISION_VISIBILITY_CONTENT_REMOVED""]",,,,,,,,,,,DECISION_GROUND_INCOMPATIBLE_CONTENT,,,,"Community Guidelines","Your content is against our Community Guidelines. The guidelines include rules and standards for using TikTok that apply to everyone and everything on our platform.We proactively enforce our Community Guidelines through a mix of technology and human moderation. We have detected this policy violation using automated measures. We have used automated measures in making this decision.",,STATEMENT_CATEGORY_SCOPE_OF_PLATFORM_SERVICE,,,,"[""CONTENT_TYPE_IMAGE""]",,,"2024-10-01 00:00:00","[""AT"",""BE"",""BG"",""CY"",""CZ"",""DE"",""DK"",""EE"",""ES"",""FI"",""FR"",""GR"",""HR"",""HU"",""IE"",""IT"",""LI"",""LT"",""LU"",""LV"",""MT"",""NL"",""NO"",""PL"",""PT"",""RO"",""SE"",""SI"",""SK""]","2024-11-23 00:00:00","The decision was taken pursuant to own-initiative investigations.",SOURCE_VOLUNTARY,,Yes,AUTOMATED_DECISION_FULLY,TikTok,7440305722245651232,"2024-11-23 03:06:25"
f9fe610e-83e6-442f-af9e-6ae09aab2d5e,"[""DECISION_VISIBILITY_CONTENT_REMOVED""]",,,,,,,,,,,DECISION_GROUND_INCOMPATIBLE_CONTENT,,,,"Harassment and Bullying","We welcome the respectful expression of different viewpoints, but not toxicity or trolling. We do not allow language or behavior that harasses, humiliates, threatens, or doxes anyone. This also includes responding to such acts with retaliatory harassment (but excludes non-harassing counterspeech).We proactively enforce our Community Guidelines through a mix of technology and human moderation. We have detected this policy violation using automated measures. We have used automated measures in making this decision.",,STATEMENT_CATEGORY_ILLEGAL_OR_HARMFUL_SPEECH,,,,"[""CONTENT_TYPE_TEXT""]",,,"2024-11-23 00:00:00","[""AT"",""BE"",""BG"",""CY"",""CZ"",""DE"",""DK"",""EE"",""ES"",""FI"",""FR"",""GR"",""HR"",""HU"",""IE"",""IT"",""LI"",""LT"",""LU"",""LV"",""MT"",""NL"",""NO"",""PL"",""PT"",""RO"",""SE"",""SI"",""SK""]","2024-11-23 00:00:00","The decision was taken pursuant to own-initiative investigations.",SOURCE_VOLUNTARY,,Yes,AUTOMATED_DECISION_FULLY,TikTok,7440305724720274208,"2024-11-23 03:06:25"
2b49e9ce-59fc-4822-9760-c5e3f0c57c35,"[""DECISION_VISIBILITY_CONTENT_REMOVED""]",,,,,,,,,,,DECISION_GROUND_INCOMPATIBLE_CONTENT,,,,"Sexually Suggestive Content","We welcome performances and dances where people can creatively express themselves, celebrate their culture, or seek to entertain. We are mindful that certain behaviors related to sexual arousal or suggestiveness may be offensive to some people and may put young people at risk of exploitation. We do not allow seductive performances or allusions to sexual activity by young people, or the use of sexually explicit narratives by anyone.We proactively enforce our Community Guidelines through a mix of technology and human moderation. We have detected this policy violation using automated measures. We have used automated measures in making this decision.",,STATEMENT_CATEGORY_SCOPE_OF_PLATFORM_SERVICE,,,,"[""CONTENT_TYPE_TEXT""]",,,"2024-11-23 00:00:00","[""AT"",""BE"",""BG"",""CY"",""CZ"",""DE"",""DK"",""EE"",""ES"",""FI"",""FR"",""GR"",""HR"",""HU"",""IE"",""IT"",""LI"",""LT"",""LU"",""LV"",""MT"",""NL"",""NO"",""PL"",""PT"",""RO"",""SE"",""SI"",""SK""]","2024-11-23 00:00:00","The decision was taken pursuant to own-initiative investigations.",SOURCE_VOLUNTARY,,Yes,AUTOMATED_DECISION_FULLY,TikTok,7440305722245667616,"2024-11-23 03:06:25"
28db08db-d81f-45d2-9638-7cf1eac79987,"[""DECISION_VISIBILITY_CONTENT_REMOVED""]",,,,,,,,,,,DECISION_GROUND_INCOMPATIBLE_CONTENT,,,,"Community Guidelines","Your content is against our Community Guidelines. The guidelines include rules and standards for using TikTok that apply to everyone and everything on our platform.We proactively enforce our Community Guidelines through a mix of technology and human moderation. We have detected this policy violation using automated measures. We have used automated measures in making this decision.",,STATEMENT_CATEGORY_SCOPE_OF_PLATFORM_SERVICE,,,,"[""CONTENT_TYPE_IMAGE""]",,,"2024-09-23 00:00:00","[""AT"",""BE"",""BG"",""CY"",""CZ"",""DE"",""DK"",""EE"",""ES"",""FI"",""FR"",""GR"",""HR"",""HU"",""IE"",""IT"",""LI"",""LT"",""LU"",""LV"",""MT"",""NL"",""NO"",""PL"",""PT"",""RO"",""SE"",""SI"",""SK""]","2024-11-23 00:00:00","The decision was taken pursuant to own-initiative investigations.",SOURCE_VOLUNTARY,,Yes,AUTOMATED_DECISION_FULLY,TikTok,7440305739232451361,"2024-11-23 03:06:25"
5f22e8df-7cfa-47ce-a14b-bc6500c87dae,"[""DECISION_VISIBILITY_CONTENT_REMOVED""]",,,,,,,,,,,DECISION_GROUND_INCOMPATIBLE_CONTENT,,,,"Community Guidelines","Your content is against our Community Guidelines. The guidelines include rules and standards for using TikTok that apply to everyone and everything on our platform.We proactively enforce our Community Guidelines through a mix of technology and human moderation. We have detected this policy violation using automated measures. We have used automated measures in making this decision.",,STATEMENT_CATEGORY_SCOPE_OF_PLATFORM_SERVICE,,,,"[""CONTENT_TYPE_IMAGE""]",,,"2024-08-23 00:00:00","[""AT"",""BE"",""BG"",""CY"",""CZ"",""DE"",""DK"",""EE"",""ES"",""FI"",""FR"",""GR"",""HR"",""HU"",""IE"",""IT"",""LI"",""LT"",""LU"",""LV"",""MT"",""NL"",""NO"",""PL"",""PT"",""RO"",""SE"",""SI"",""SK""]","2024-11-23 00:00:00","The decision was taken pursuant to own-initiative investigations.",SOURCE_VOLUNTARY,,Yes,AUTOMATED_DECISION_FULLY,TikTok,7440305739232467745,"2024-11-23 03:06:25"
3419d6d4-7dbc-4a9b-a2a9-8b29260e007a,"[""DECISION_VISIBILITY_CONTENT_REMOVED""]",,,,,,,,,,,DECISION_GROUND_INCOMPATIBLE_CONTENT,,,,"Community Guidelines","Your content is against our Community Guidelines. The guidelines include rules and standards for using TikTok that apply to everyone and everything on our platform.We proactively enforce our Community Guidelines through a mix of technology and human moderation. We have detected this policy violation using automated measures. We have used automated measures in making this decision.",,STATEMENT_CATEGORY_SCOPE_OF_PLATFORM_SERVICE,,,,"[""CONTENT_TYPE_IMAGE""]",,,"2024-09-04 00:00:00","[""AT"",""BE"",""BG"",""CY"",""CZ"",""DE"",""DK"",""EE"",""ES"",""FI"",""FR"",""GR"",""HR"",""HU"",""IE"",""IT"",""LI"",""LT"",""LU"",""LV"",""MT"",""NL"",""NO"",""PL"",""PT"",""RO"",""SE"",""SI"",""SK""]","2024-11-23 00:00:00","The decision was taken pursuant to own-initiative investigations.",SOURCE_VOLUNTARY,,Yes,AUTOMATED_DECISION_FULLY,TikTok,7440305724720290592,"2024-11-23 03:06:25"
2ecdd896-a359-4b77-99e9-b2645b671039,"[""DECISION_VISIBILITY_OTHER""]","Ad is not eligible for posting.",,,,,,,,,,DECISION_GROUND_INCOMPATIBLE_CONTENT,,,,"Our review indicates that your advertising content may violate TikTok's advertising policies by featuring a product/service which belongs to a prohibited industry of the targeted location(s) in your ad. For more policy details, please refer to ""TikTok Advertising Policies - Industry Entry"" (https://ads.tiktok.com/help/article?aid=6685586866860720134). Our review indicates that your advertising content may violate TikTok's advertising policies by promoting prohibited products or services in the t","Please change the promoted product/service in your ad or change the targeted location(s) in your ad group settings according to our policy. For more policy details, please refer to ""TikTok Advertising Policies - Industry Entry"" (https://ads.tiktok.com/help/article?aid=6685586866860720134). For more policy details, please refer to """"TikTok Advertising Policies - Industry Entry"" (https://ads.tiktok.com/help/article?aid=6685586866860720134).For more policy details, please refer to """"TikTok Advertising Policies - Industry Entry"" (https://ads.tiktok.com/help/article?aid=6685586866860720134).Please change the promoted product/service in your ad or change the targeted location(s) in your ad group settings according to our policy. For more policy details, please refer to ""TikTok Advertising Policies - Industry Entry"" (https://ads.tiktok.com/help/article?aid=6685586866860720134). For more policy details, please refer to """"TikTok Advertising Policies - Industry Entry"" (https://ads.tiktok.com/help/article?aid=6685586866860720134).Please change the promoted product/service in your ad or change the targeted location(s) in your ad group settings according to our policy. For more policy details, please refer to ""TikTok Advertising Policies - Industry Entry"" (https://ads.tiktok.com/help/article?aid=6685586866860720134). Please change the promoted product/service in your ad or change the targeted location(s) in your ad group settings according to our policy. For more policy details, please refer to ""TikTok Advertising Policies - Industry Entry"" (https://ads.tiktok.com/help/article?aid=6685586866860720134). For more policy details, please refer to """"TikTok Advertising Policies - Industry Entry"" (https://ads.tiktok.com/help/article?aid=6685586866860720134).For more policy details, please refer to """"TikTok Advertising Policies - Industry Entry"" (https://ads.tiktok.com/help/article?aid=6685586866860720134).Please change the promoted product/service in your ad or change the targeted loca",,STATEMENT_CATEGORY_SCOPE_OF_PLATFORM_SERVICE,,,,"[""CONTENT_TYPE_VIDEO""]",,,"2024-11-23 00:00:00","[""RO""]","2024-11-23 00:00:00","The decision was taken pursuant to own-initiative investigations.",SOURCE_VOLUNTARY,,Yes,AUTOMATED_DECISION_FULLY,TikTok,7440305724720306976,"2024-11-23 03:06:25"
50be3518-f6db-438c-b4eb-482cc722dd3f,"[""DECISION_VISIBILITY_CONTENT_REMOVED""]",,,,,,,,,,,DECISION_GROUND_INCOMPATIBLE_CONTENT,,,,"Harassment and Bullying","We welcome the respectful expression of different viewpoints, but not toxicity or trolling. We do not allow language or behavior that harasses, humiliates, threatens, or doxes anyone. This also includes responding to such acts with retaliatory harassment (but excludes non-harassing counterspeech).We proactively enforce our Community Guidelines through a mix of technology and human moderation. We have detected this policy violation using automated measures. We have used automated measures in making this decision.",,STATEMENT_CATEGORY_ILLEGAL_OR_HARMFUL_SPEECH,,,,"[""CONTENT_TYPE_TEXT""]",,,"2024-11-23 00:00:00","[""AT"",""BE"",""BG"",""CY"",""CZ"",""DE"",""DK"",""EE"",""ES"",""FI"",""FR"",""GR"",""HR"",""HU"",""IE"",""IT"",""LI"",""LT"",""LU"",""LV"",""MT"",""NL"",""NO"",""PL"",""PT"",""RO"",""SE"",""SI"",""SK""]","2024-11-23 00:00:00","The decision was taken pursuant to own-initiative investigations.",SOURCE_VOLUNTARY,,Yes,AUTOMATED_DECISION_FULLY,TikTok,7440305739232484129,"2024-11-23 03:06:25"
848a428b-c02a-47e1-b037-8365279f3a78,"[""DECISION_VISIBILITY_OTHER""]","Ad is not eligible for posting.",,,,,,,,,,DECISION_GROUND_INCOMPATIBLE_CONTENT,,,,"Our review indicates that your advertising content may violate TikTok's advertising policies by promoting prohibited products or services in the targeted locations. Our review indicates that your advertising content may violate TikTok's advertising policies by featuring a product/service which belongs to a prohibited industry of the targeted location(s) in your ad. For more policy details, please refer to ""TikTok Advertising Policies - Industry Entry"" (https://ads.tiktok.com/help/article?aid=668","For more policy details, please refer to """"TikTok Advertising Policies - Industry Entry"" (https://ads.tiktok.com/help/article?aid=6685586866860720134).Please change the promoted product/service in your ad or change the targeted location(s) in your ad group settings according to our policy. For more policy details, please refer to ""TikTok Advertising Policies - Industry Entry"" (https://ads.tiktok.com/help/article?aid=6685586866860720134). Please change the promoted product/service in your ad or change the targeted location(s) in your ad group settings according to our policy. For more policy details, please refer to ""TikTok Advertising Policies - Industry Entry"" (https://ads.tiktok.com/help/article?aid=6685586866860720134). For more policy details, please refer to """"TikTok Advertising Policies - Industry Entry"" (https://ads.tiktok.com/help/article?aid=6685586866860720134).Please change the promoted product/service in your ad or change the targeted location(s) in your ad group settings according to our policy. For more policy details, please refer to ""TikTok Advertising Policies - Industry Entry"" (https://ads.tiktok.com/help/article?aid=6685586866860720134). For more policy details, please refer to """"TikTok Advertising Policies - Industry Entry"" (https://ads.tiktok.com/help/article?aid=6685586866860720134).Please change the promoted product/service in your ad or change the targeted location(s) in your ad group settings according to our policy. For more policy details, please refer to ""TikTok Advertising Policies - Industry Entry"" (https://ads.tiktok.com/help/article?aid=6685586866860720134). For more policy details, please refer to """"TikTok Advertising Policies - Industry Entry"" (https://ads.tiktok.com/help/article?aid=6685586866860720134).Please change the promoted product/service in your ad or change the targeted location(s) in your ad group settings according to our policy. For more policy details, please refer to ""TikTok Advertising Policies - Industry Entry"" (htt",,STATEMENT_CATEGORY_SCOPE_OF_PLATFORM_SERVICE,,,,"[""CONTENT_TYPE_VIDEO""]",,,"2024-11-23 00:00:00","[""RO""]","2024-11-23 00:00:00","The decision was taken pursuant to own-initiative investigations.",SOURCE_VOLUNTARY,,Yes,AUTOMATED_DECISION_FULLY,TikTok,7440305748644469537,"2024-11-23 03:06:25"
e569c675-9db8-4d75-bb82-2d8e04dd6d29,"[""DECISION_VISIBILITY_CONTENT_REMOVED""]",,,,,,,,,,,DECISION_GROUND_INCOMPATIBLE_CONTENT,,,,"Community Guidelines","Your content is against our Community Guidelines. The guidelines include rules and standards for using TikTok that apply to everyone and everything on our platform.We proactively enforce our Community Guidelines through a mix of technology and human moderation. We have detected this policy violation using automated measures. We have used automated measures in making this decision.",,STATEMENT_CATEGORY_SCOPE_OF_PLATFORM_SERVICE,,,,"[""CONTENT_TYPE_IMAGE""]",,,"2024-10-29 00:00:00","[""AT"",""BE"",""BG"",""CY"",""CZ"",""DE"",""DK"",""EE"",""ES"",""FI"",""FR"",""GR"",""HR"",""HU"",""IE"",""IT"",""LI"",""LT"",""LU"",""LV"",""MT"",""NL"",""NO"",""PL"",""PT"",""RO"",""SE"",""SI"",""SK""]","2024-11-23 00:00:00","The decision was taken pursuant to own-initiative investigations.",SOURCE_VOLUNTARY,,Yes,AUTOMATED_DECISION_FULLY,TikTok,7440305748644485921,"2024-11-23 03:06:25"
9ebc9768-19d7-488c-9cb5-8ed9d7411548,"[""DECISION_VISIBILITY_CONTENT_REMOVED""]",,,,,,,,,,,DECISION_GROUND_INCOMPATIBLE_CONTENT,,,,"Harassment and Bullying","We welcome the respectful expression of different viewpoints, but not toxicity or trolling. We do not allow language or behavior that harasses, humiliates, threatens, or doxes anyone. This also includes responding to such acts with retaliatory harassment (but excludes non-harassing counterspeech).We proactively enforce our Community Guidelines through a mix of technology and human moderation. We have detected this policy violation using automated measures. We have used automated measures in making this decision.",,STATEMENT_CATEGORY_ILLEGAL_OR_HARMFUL_SPEECH,,,,"[""CONTENT_TYPE_TEXT""]",,,"2024-11-23 00:00:00","[""AT"",""BE"",""BG"",""CY"",""CZ"",""DE"",""DK"",""EE"",""ES"",""FI"",""FR"",""GR"",""HR"",""HU"",""IE"",""IT"",""LI"",""LT"",""LU"",""LV"",""MT"",""NL"",""NO"",""PL"",""PT"",""RO"",""SE"",""SI"",""SK""]","2024-11-23 00:00:00","The decision was taken pursuant to own-initiative investigations.",SOURCE_VOLUNTARY,,Yes,AUTOMATED_DECISION_FULLY,TikTok,7440305748644502305,"2024-11-23 03:06:25"
e1d12819-b3b2-486d-8795-e7a4fd0567fa,"[""DECISION_VISIBILITY_OTHER""]","Photo not eligible for recommendation in the For You feed, and visibility restricted in search results",,,,,,,,,,DECISION_GROUND_INCOMPATIBLE_CONTENT,,,,"Civic and Election Integrity","We want to enable the informed exchange of civic ideas in a way that fosters productive dialogue. Your video didn’t meet our eligibility standards for the For You Feed. Please review our Community Guidelines for more information.We proactively enforce our Community Guidelines through a mix of technology and human moderation. We have detected this policy violation using automated measures. We have used automated measures in making this decision.",,STATEMENT_CATEGORY_NEGATIVE_EFFECTS_ON_CIVIC_DISCOURSE_OR_ELECTIONS,,,,"[""CONTENT_TYPE_IMAGE""]",,,"2024-11-23 00:00:00","[""AT"",""BE"",""BG"",""CY"",""CZ"",""DE"",""DK"",""EE"",""ES"",""FI"",""FR"",""GR"",""HR"",""HU"",""IE"",""IT"",""LI"",""LT"",""LU"",""LV"",""MT"",""NL"",""NO"",""PL"",""PT"",""RO"",""SE"",""SI"",""SK""]","2024-11-23 00:00:00","The decision was taken pursuant to own-initiative investigations.",SOURCE_VOLUNTARY,,Yes,AUTOMATED_DECISION_FULLY,TikTok,7440305739232500513,"2024-11-23 03:06:25"
53d9228d-60d9-43bf-8e5e-bcb08ed3b20d,"[""DECISION_VISIBILITY_OTHER""]","Ad is not eligible for posting.",,,,,,,,,,DECISION_GROUND_INCOMPATIBLE_CONTENT,,,,"Our review indicates that your advertising content may violate TikTok's advertising policies by featuring a product/service which belongs to a prohibited industry of the targeted location(s) in your ad. For more policy details, please refer to ""TikTok Advertising Policies - Industry Entry"" (https://ads.tiktok.com/help/article?aid=6685586866860720134). Our review indicates that your advertising content may violate TikTok's advertising policies by promoting prohibited products or services in the t","Please change the promoted product/service in your ad or change the targeted location(s) in your ad group settings according to our policy. For more policy details, please refer to ""TikTok Advertising Policies - Industry Entry"" (https://ads.tiktok.com/help/article?aid=6685586866860720134). For more policy details, please refer to """"TikTok Advertising Policies - Industry Entry"" (https://ads.tiktok.com/help/article?aid=6685586866860720134).Please change the promoted product/service in your ad or change the targeted location(s) in your ad group settings according to our policy. For more policy details, please refer to ""TikTok Advertising Policies - Industry Entry"" (https://ads.tiktok.com/help/article?aid=6685586866860720134). For more policy details, please refer to """"TikTok Advertising Policies - Industry Entry"" (https://ads.tiktok.com/help/article?aid=6685586866860720134).Please change the promoted product/service in your ad or change the targeted location(s) in your ad group settings according to our policy. For more policy details, please refer to ""TikTok Advertising Policies - Industry Entry"" (https://ads.tiktok.com/help/article?aid=6685586866860720134). For more policy details, please refer to """"TikTok Advertising Policies - Industry Entry"" (https://ads.tiktok.com/help/article?aid=6685586866860720134).Please change the promoted product/service in your ad or change the targeted location(s) in your ad group settings according to our policy. For more policy details, please refer to ""TikTok Advertising Policies - Industry Entry"" (https://ads.tiktok.com/help/article?aid=6685586866860720134). For more policy details, please refer to """"TikTok Advertising Policies - Industry Entry"" (https://ads.tiktok.com/help/article?aid=6685586866860720134).For more policy details, please refer to """"TikTok Advertising Policies - Industry Entry"" (https://ads.tiktok.com/help/article?aid=6685586866860720134).Please change the promoted product/service in your ad or change the targeted loca",,STATEMENT_CATEGORY_SCOPE_OF_PLATFORM_SERVICE,,,,"[""CONTENT_TYPE_VIDEO""]",,,"2024-11-23 00:00:00","[""RO""]","2024-11-23 00:00:00","The decision was taken pursuant to own-initiative investigations.",SOURCE_VOLUNTARY,,Yes,AUTOMATED_DECISION_FULLY,TikTok,7440305748644518689,"2024-11-23 03:06:25"
6ed7e4f8-982e-4957-8c91-6f18631bc666,"[""DECISION_VISIBILITY_OTHER""]","Video not eligible for recommendation in the For You feed",,,,,,,,,,DECISION_GROUND_INCOMPATIBLE_CONTENT,,,,"Community Guidelines","We maintain content eligibility standards for the For You feed (FYF) that prioritize safety and are informed by the diversity of our community and cultural norms. We make ineligible for the FYF certain content that may not be appropriate for a broad audience related to: (1) Behavioral Health, (2) Sensitive and Mature Themes, (3) Integrity and Authenticity, and (4) Regulated Goods. Content that is ineligible for the FYF can still be discovered in other ways, such as through search tools or by following an account.We proactively enforce our Community Guidelines through a mix of technology and human moderation. We have detected this policy violation using automated measures. We have used automated measures in making this decision.",,STATEMENT_CATEGORY_SCOPE_OF_PLATFORM_SERVICE,,,,"[""CONTENT_TYPE_VIDEO""]",,,"2024-11-23 00:00:00","[""AT"",""BE"",""BG"",""CY"",""CZ"",""DE"",""DK"",""EE"",""ES"",""FI"",""FR"",""GR"",""HR"",""HU"",""IE"",""IT"",""LI"",""LT"",""LU"",""LV"",""MT"",""NL"",""NO"",""PL"",""PT"",""RO"",""SE"",""SI"",""SK""]","2024-11-23 00:00:00","The decision was taken pursuant to own-initiative investigations.",SOURCE_VOLUNTARY,,Yes,AUTOMATED_DECISION_FULLY,TikTok,7440305739232516897,"2024-11-23 03:06:27"
a471231f-849d-476c-8ed6-47b3bc94ab8a,"[""DECISION_VISIBILITY_OTHER""]","Ad is not eligible for posting.",,,,,,,,,,DECISION_GROUND_INCOMPATIBLE_CONTENT,,,,"Our review indicates that your advertising content may violate TikTok's advertising policies by promoting prohibited products or services in the targeted locations. Our review indicates that your advertising content may violate TikTok's advertising policies by featuring a product/service which belongs to a prohibited industry of the targeted location(s) in your ad. For more policy details, please refer to ""TikTok Advertising Policies - Industry Entry"" (https://ads.tiktok.com/help/article?aid=668","For more policy details, please refer to """"TikTok Advertising Policies - Industry Entry"" (https://ads.tiktok.com/help/article?aid=6685586866860720134).Please change the promoted product/service in your ad or change the targeted location(s) in your ad group settings according to our policy. For more policy details, please refer to ""TikTok Advertising Policies - Industry Entry"" (https://ads.tiktok.com/help/article?aid=6685586866860720134). Please change the promoted product/service in your ad or change the targeted location(s) in your ad group settings according to our policy. For more policy details, please refer to ""TikTok Advertising Policies - Industry Entry"" (https://ads.tiktok.com/help/article?aid=6685586866860720134). For more policy details, please refer to """"TikTok Advertising Policies - Industry Entry"" (https://ads.tiktok.com/help/article?aid=6685586866860720134).Please change the promoted product/service in your ad or change the targeted location(s) in your ad group settings according to our policy. For more policy details, please refer to ""TikTok Advertising Policies - Industry Entry"" (https://ads.tiktok.com/help/article?aid=6685586866860720134). For more policy details, please refer to """"TikTok Advertising Policies - Industry Entry"" (https://ads.tiktok.com/help/article?aid=6685586866860720134).Please change the promoted product/service in your ad or change the targeted location(s) in your ad group settings according to our policy. For more policy details, please refer to ""TikTok Advertising Policies - Industry Entry"" (https://ads.tiktok.com/help/article?aid=6685586866860720134). For more policy details, please refer to """"TikTok Advertising Policies - Industry Entry"" (https://ads.tiktok.com/help/article?aid=6685586866860720134).Please change the promoted product/service in your ad or change the targeted location(s) in your ad group settings according to our policy. For more policy details, please refer to ""TikTok Advertising Policies - Industry Entry"" (htt",,STATEMENT_CATEGORY_SCOPE_OF_PLATFORM_SERVICE,,,,"[""CONTENT_TYPE_VIDEO""]",,,"2024-11-23 00:00:00","[""RO""]","2024-11-23 00:00:00","The decision was taken pursuant to own-initiative investigations.",SOURCE_VOLUNTARY,,Yes,AUTOMATED_DECISION_FULLY,TikTok,7440305748644535073,"2024-11-23 03:06:27"
56ab3d42-55ff-4d87-a73c-104ba610bbdc,"[""DECISION_VISIBILITY_OTHER""]","Photo not eligible for recommendation in the For You feed",,,,,,,,,,DECISION_GROUND_INCOMPATIBLE_CONTENT,,,,"Dangerous Activities and Challenges","Most activities or challenges are appropriate for everyone, but some carry a risk of significant injury. Content is ineligible for the For You feed if it involves activities that are likely to lead to moderate physical harm, or includes professionals who are performing extreme sports and stunts that may endanger others.We proactively enforce our Community Guidelines through a mix of technology and human moderation. We have detected this policy violation using automated measures. We have used automated measures in making this decision.",,STATEMENT_CATEGORY_NEGATIVE_EFFECTS_ON_CIVIC_DISCOURSE_OR_ELECTIONS,,,,"[""CONTENT_TYPE_IMAGE""]",,,"2024-11-23 00:00:00","[""AT"",""BE"",""BG"",""CY"",""CZ"",""DE"",""DK"",""EE"",""ES"",""FI"",""FR"",""GR"",""HR"",""HU"",""IE"",""IT"",""LI"",""LT"",""LU"",""LV"",""MT"",""NL"",""NO"",""PL"",""PT"",""RO"",""SE"",""SI"",""SK""]","2024-11-23 00:00:00","The decision was taken pursuant to own-initiative investigations.",SOURCE_VOLUNTARY,,Yes,AUTOMATED_DECISION_FULLY,TikTok,7440305739232533281,"2024-11-23 03:06:27"
51e977e7-6cd8-490a-9a72-724bba2f54c1,"[""DECISION_VISIBILITY_CONTENT_REMOVED""]",,,,,,,,,,,DECISION_GROUND_INCOMPATIBLE_CONTENT,,,,"Community Guidelines","Your content is against our Community Guidelines. The guidelines include rules and standards for using TikTok that apply to everyone and everything on our platform.We proactively enforce our Community Guidelines through a mix of technology and human moderation. We have detected this policy violation using automated measures. We have used automated measures in making this decision.",,STATEMENT_CATEGORY_SCOPE_OF_PLATFORM_SERVICE,,,,"[""CONTENT_TYPE_IMAGE""]",,,"2024-11-12 00:00:00","[""AT"",""BE"",""BG"",""CY"",""CZ"",""DE"",""DK"",""EE"",""ES"",""FI"",""FR"",""GR"",""HR"",""HU"",""IE"",""IT"",""LI"",""LT"",""LU"",""LV"",""MT"",""NL"",""NO"",""PL"",""PT"",""RO"",""SE"",""SI"",""SK""]","2024-11-23 00:00:00","The decision was taken pursuant to own-initiative investigations.",SOURCE_VOLUNTARY,,Yes,AUTOMATED_DECISION_FULLY,TikTok,7440305748644551457,"2024-11-23 03:06:27"
21a66929-1d2e-47d2-8ce7-b3c1a5c10e5b,"[""DECISION_VISIBILITY_CONTENT_REMOVED""]",,,,,,,,,,,DECISION_GROUND_INCOMPATIBLE_CONTENT,,,,"Community Guidelines","Your content is against our Community Guidelines. The guidelines include rules and standards for using TikTok that apply to everyone and everything on our platform.We proactively enforce our Community Guidelines through a mix of technology and human moderation. We have detected this policy violation using automated measures. We have used automated measures in making this decision.",,STATEMENT_CATEGORY_SCOPE_OF_PLATFORM_SERVICE,,,,"[""CONTENT_TYPE_IMAGE""]",,,"2024-10-08 00:00:00","[""AT"",""BE"",""BG"",""CY"",""CZ"",""DE"",""DK"",""EE"",""ES"",""FI"",""FR"",""GR"",""HR"",""HU"",""IE"",""IT"",""LI"",""LT"",""LU"",""LV"",""MT"",""NL"",""NO"",""PL"",""PT"",""RO"",""SE"",""SI"",""SK""]","2024-11-23 00:00:00","The decision was taken pursuant to own-initiative investigations.",SOURCE_VOLUNTARY,,Yes,AUTOMATED_DECISION_FULLY,TikTok,7440305739232549665,"2024-11-23 03:06:27"
5b4fa5ec-4ffb-443e-b7cf-89b475108ca8,"[""DECISION_VISIBILITY_CONTENT_REMOVED""]",,,,,,,,,,,DECISION_GROUND_INCOMPATIBLE_CONTENT,,,,"Community Guidelines","Your content is against our Community Guidelines. The guidelines include rules and standards for using TikTok that apply to everyone and everything on our platform.We proactively enforce our Community Guidelines through a mix of technology and human moderation. We have detected this policy violation using automated measures. We have used automated measures in making this decision.",,STATEMENT_CATEGORY_SCOPE_OF_PLATFORM_SERVICE,,,,"[""CONTENT_TYPE_IMAGE""]",,,"2023-05-05 00:00:00","[""AT"",""BE"",""BG"",""CY"",""CZ"",""DE"",""DK"",""EE"",""ES"",""FI"",""FR"",""GR"",""HR"",""HU"",""IE"",""IT"",""LI"",""LT"",""LU"",""LV"",""MT"",""NL"",""NO"",""PL"",""PT"",""RO"",""SE"",""SI"",""SK""]","2024-11-23 00:00:00","The decision was taken pursuant to own-initiative investigations.",SOURCE_VOLUNTARY,,Yes,AUTOMATED_DECISION_FULLY,TikTok,7440305739232566049,"2024-11-23 03:06:27"
d1dcc7a5-bffa-4fca-a5b4-93929e8a3d52,"[""DECISION_VISIBILITY_CONTENT_REMOVED""]",,,,,,,,,,,DECISION_GROUND_INCOMPATIBLE_CONTENT,,,,"Community Guidelines","Your content is against our Community Guidelines. The guidelines include rules and standards for using TikTok that apply to everyone and everything on our platform.We proactively enforce our Community Guidelines through a mix of technology and human moderation. We have detected this policy violation using automated measures. We have used automated measures in making this decision.",,STATEMENT_CATEGORY_SCOPE_OF_PLATFORM_SERVICE,,,,"[""CONTENT_TYPE_IMAGE""]",,,"2024-11-07 00:00:00","[""AT"",""BE"",""BG"",""CY"",""CZ"",""DE"",""DK"",""EE"",""ES"",""FI"",""FR"",""GR"",""HR"",""HU"",""IE"",""IT"",""LI"",""LT"",""LU"",""LV"",""MT"",""NL"",""NO"",""PL"",""PT"",""RO"",""SE"",""SI"",""SK""]","2024-11-23 00:00:00","The decision was taken pursuant to own-initiative investigations.",SOURCE_VOLUNTARY,,Yes,AUTOMATED_DECISION_FULLY,TikTok,7440305748644567841,"2024-11-23 03:06:27"
51a7e838-bbaa-44d9-9451-e521d0a43e32,"[""DECISION_VISIBILITY_CONTENT_REMOVED""]",,,,,,,,,,,DECISION_GROUND_INCOMPATIBLE_CONTENT,,,,"Community Guidelines","Your content is against our Community Guidelines. The guidelines include rules and standards for using TikTok that apply to everyone and everything on our platform.We proactively enforce our Community Guidelines through a mix of technology and human moderation. We have detected this policy violation using automated measures. We have used automated measures in making this decision.",,STATEMENT_CATEGORY_SCOPE_OF_PLATFORM_SERVICE,,,,"[""CONTENT_TYPE_IMAGE""]",,,"2024-10-27 00:00:00","[""AT"",""BE"",""BG"",""CY"",""CZ"",""DE"",""DK"",""EE"",""ES"",""FI"",""FR"",""GR"",""HR"",""HU"",""IE"",""IT"",""LI"",""LT"",""LU"",""LV"",""MT"",""NL"",""NO"",""PL"",""PT"",""RO"",""SE"",""SI"",""SK""]","2024-11-23 00:00:00","The decision was taken pursuant to own-initiative investigations.",SOURCE_VOLUNTARY,,Yes,AUTOMATED_DECISION_FULLY,TikTok,7440305739232582433,"2024-11-23 03:06:27"
bb456b08-c213-408a-b76a-64189ea394b9,"[""DECISION_VISIBILITY_CONTENT_REMOVED""]",,,,,,,,,,,DECISION_GROUND_INCOMPATIBLE_CONTENT,,,,"Community Guidelines","Your content is against our Community Guidelines. The guidelines include rules and standards for using TikTok that apply to everyone and everything on our platform.We proactively enforce our Community Guidelines through a mix of technology and human moderation. We have detected this policy violation using automated measures. We have used automated measures in making this decision.",,STATEMENT_CATEGORY_SCOPE_OF_PLATFORM_SERVICE,,,,"[""CONTENT_TYPE_IMAGE""]",,,"2024-11-16 00:00:00","[""AT"",""BE"",""BG"",""CY"",""CZ"",""DE"",""DK"",""EE"",""ES"",""FI"",""FR"",""GR"",""HR"",""HU"",""IE"",""IT"",""LI"",""LT"",""LU"",""LV"",""MT"",""NL"",""NO"",""PL"",""PT"",""RO"",""SE"",""SI"",""SK""]","2024-11-23 00:00:00","The decision was taken pursuant to own-initiative investigations.",SOURCE_VOLUNTARY,,Yes,AUTOMATED_DECISION_FULLY,TikTok,7440305748644584225,"2024-11-23 03:06:27"
125f1c90-6bf8-4d15-be66-25a3605edfc8,"[""DECISION_VISIBILITY_CONTENT_REMOVED""]",,,,,,,,,,,DECISION_GROUND_INCOMPATIBLE_CONTENT,,,,"Harassment and Bullying","We welcome the respectful expression of different viewpoints, but not toxicity or trolling. We do not allow language or behavior that harasses, humiliates, threatens, or doxes anyone. This also includes responding to such acts with retaliatory harassment (but excludes non-harassing counterspeech).We proactively enforce our Community Guidelines through a mix of technology and human moderation. We have detected this policy violation using automated measures. We have used automated measures in making this decision.",,STATEMENT_CATEGORY_ILLEGAL_OR_HARMFUL_SPEECH,,,,"[""CONTENT_TYPE_TEXT""]",,,"2024-11-23 00:00:00","[""AT"",""BE"",""BG"",""CY"",""CZ"",""DE"",""DK"",""EE"",""ES"",""FI"",""FR"",""GR"",""HR"",""HU"",""IE"",""IT"",""LI"",""LT"",""LU"",""LV"",""MT"",""NL"",""NO"",""PL"",""PT"",""RO"",""SE"",""SI"",""SK""]","2024-11-23 00:00:00","The decision was taken pursuant to own-initiative investigations.",SOURCE_VOLUNTARY,,Yes,AUTOMATED_DECISION_FULLY,TikTok,7440305748644600609,"2024-11-23 03:06:27"
97ef4045-c116-4d1e-a2d7-201288863e00,"[""DECISION_VISIBILITY_CONTENT_REMOVED""]",,,,,,,,,,,DECISION_GROUND_INCOMPATIBLE_CONTENT,,,,"Hate Speech and Hateful Behaviors","TikTok is enriched by the various backgrounds of our community members. Our differences should be respected, rather than a cause for division. We do not allow any hateful behavior, hate speech, or promotion of hateful ideologies. This includes content that attacks a person or group because of protected attributes.We proactively enforce our Community Guidelines through a mix of technology and human moderation. We have detected this policy violation using automated measures. We have used automated measures in making this decision.",,STATEMENT_CATEGORY_ILLEGAL_OR_HARMFUL_SPEECH,,,,"[""CONTENT_TYPE_TEXT""]",,,"2024-11-23 00:00:00","[""AT"",""BE"",""BG"",""CY"",""CZ"",""DE"",""DK"",""EE"",""ES"",""FI"",""FR"",""GR"",""HR"",""HU"",""IE"",""IT"",""LI"",""LT"",""LU"",""LV"",""MT"",""NL"",""NO"",""PL"",""PT"",""RO"",""SE"",""SI"",""SK""]","2024-11-23 00:00:00","The decision was taken pursuant to own-initiative investigations.",SOURCE_VOLUNTARY,,Yes,AUTOMATED_DECISION_FULLY,TikTok,7440305748644616993,"2024-11-23 03:06:27"
8c62804a-1fa1-478a-90e9-4b93d3fa5a13,"[""DECISION_VISIBILITY_CONTENT_REMOVED""]",,,,,,,,,,,DECISION_GROUND_INCOMPATIBLE_CONTENT,,,,"Community Guidelines","Your content is against our Community Guidelines. The guidelines include rules and standards for using TikTok that apply to everyone and everything on our platform.We proactively enforce our Community Guidelines through a mix of technology and human moderation. We have detected this policy violation using automated measures. We have used automated measures in making this decision.",,STATEMENT_CATEGORY_SCOPE_OF_PLATFORM_SERVICE,,,,"[""CONTENT_TYPE_IMAGE""]",,,"2024-10-29 00:00:00","[""AT"",""BE"",""BG"",""CY"",""CZ"",""DE"",""DK"",""EE"",""ES"",""FI"",""FR"",""GR"",""HR"",""HU"",""IE"",""IT"",""LI"",""LT"",""LU"",""LV"",""MT"",""NL"",""NO"",""PL"",""PT"",""RO"",""SE"",""SI"",""SK""]","2024-11-23 00:00:00","The decision was taken pursuant to own-initiative investigations.",SOURCE_VOLUNTARY,,Yes,AUTOMATED_DECISION_FULLY,TikTok,7440305739232598817,"2024-11-23 03:06:27"
608ec0b6-c835-416a-a1b8-38baeadac609,"[""DECISION_VISIBILITY_CONTENT_REMOVED""]",,,,,,,,,,,DECISION_GROUND_INCOMPATIBLE_CONTENT,,,,"Community Guidelines","Your content is against our Community Guidelines. The guidelines include rules and standards for using TikTok that apply to everyone and everything on our platform.We proactively enforce our Community Guidelines through a mix of technology and human moderation. We have detected this policy violation using automated measures. We have used automated measures in making this decision.",,STATEMENT_CATEGORY_SCOPE_OF_PLATFORM_SERVICE,,,,"[""CONTENT_TYPE_IMAGE""]",,,"2024-11-11 00:00:00","[""AT"",""BE"",""BG"",""CY"",""CZ"",""DE"",""DK"",""EE"",""ES"",""FI"",""FR"",""GR"",""HR"",""HU"",""IE"",""IT"",""LI"",""LT"",""LU"",""LV"",""MT"",""NL"",""NO"",""PL"",""PT"",""RO"",""SE"",""SI"",""SK""]","2024-11-23 00:00:00","The decision was taken pursuant to own-initiative investigations.",SOURCE_VOLUNTARY,,Yes,AUTOMATED_DECISION_FULLY,TikTok,7440305755690900256,"2024-11-23 03:06:27"
efad2b12-7e99-4811-813e-6a52cf233abf,"[""DECISION_VISIBILITY_CONTENT_REMOVED""]",,,,,,,,,,,DECISION_GROUND_INCOMPATIBLE_CONTENT,,,,"Community Guidelines","Your content is against our Community Guidelines. The guidelines include rules and standards for using TikTok that apply to everyone and everything on our platform.We proactively enforce our Community Guidelines through a mix of technology and human moderation. We have detected this policy violation using automated measures. We have used automated measures in making this decision.",,STATEMENT_CATEGORY_SCOPE_OF_PLATFORM_SERVICE,,,,"[""CONTENT_TYPE_IMAGE""]",,,"2024-11-17 00:00:00","[""AT"",""BE"",""BG"",""CY"",""CZ"",""DE"",""DK"",""EE"",""ES"",""FI"",""FR"",""GR"",""HR"",""HU"",""IE"",""IT"",""LI"",""LT"",""LU"",""LV"",""MT"",""NL"",""NO"",""PL"",""PT"",""RO"",""SE"",""SI"",""SK""]","2024-11-23 00:00:00","The decision was taken pursuant to own-initiative investigations.",SOURCE_VOLUNTARY,,Yes,AUTOMATED_DECISION_FULLY,TikTok,7440305763530054433,"2024-11-23 03:06:27"
92df54f8-406c-44da-82ff-8764f4f49294,"[""DECISION_VISIBILITY_CONTENT_REMOVED""]",,,,,,,,,,,DECISION_GROUND_INCOMPATIBLE_CONTENT,,,,"Community Guidelines","Your content is against our Community Guidelines. The guidelines include rules and standards for using TikTok that apply to everyone and everything on our platform.We proactively enforce our Community Guidelines through a mix of technology and human moderation. We have detected this policy violation using automated measures. We have used automated measures in making this decision.",,STATEMENT_CATEGORY_SCOPE_OF_PLATFORM_SERVICE,,,,"[""CONTENT_TYPE_IMAGE""]",,,"2024-10-19 00:00:00","[""AT"",""BE"",""BG"",""CY"",""CZ"",""DE"",""DK"",""EE"",""ES"",""FI"",""FR"",""GR"",""HR"",""HU"",""IE"",""IT"",""LI"",""LT"",""LU"",""LV"",""MT"",""NL"",""NO"",""PL"",""PT"",""RO"",""SE"",""SI"",""SK""]","2024-11-23 00:00:00","The decision was taken pursuant to own-initiative investigations.",SOURCE_VOLUNTARY,,Yes,AUTOMATED_DECISION_FULLY,TikTok,7440305755690916640,"2024-11-23 03:06:27"
0701c2e6-7291-4b2d-a84c-096a3c3486cc,"[""DECISION_VISIBILITY_CONTENT_REMOVED""]",,,,,,,,,,,DECISION_GROUND_INCOMPATIBLE_CONTENT,,,,"Community Guidelines","Your content is against our Community Guidelines. The guidelines include rules and standards for using TikTok that apply to everyone and everything on our platform.We proactively enforce our Community Guidelines through a mix of technology and human moderation. We have detected this policy violation using automated measures. We have used automated measures in making this decision.",,STATEMENT_CATEGORY_SCOPE_OF_PLATFORM_SERVICE,,,,"[""CONTENT_TYPE_IMAGE""]",,,"2024-11-09 00:00:00","[""AT"",""BE"",""BG"",""CY"",""CZ"",""DE"",""DK"",""EE"",""ES"",""FI"",""FR"",""GR"",""HR"",""HU"",""IE"",""IT"",""LI"",""LT"",""LU"",""LV"",""MT"",""NL"",""NO"",""PL"",""PT"",""RO"",""SE"",""SI"",""SK""]","2024-11-23 00:00:00","The decision was taken pursuant to own-initiative investigations.",SOURCE_VOLUNTARY,,Yes,AUTOMATED_DECISION_FULLY,TikTok,7440305763530070817,"2024-11-23 03:06:27"
060b9434-a2d7-46e7-b167-f28e4430edbd,"[""DECISION_VISIBILITY_CONTENT_REMOVED""]",,,,,,,,,,,DECISION_GROUND_INCOMPATIBLE_CONTENT,,,,"Community Guidelines","Your content is against our Community Guidelines. The guidelines include rules and standards for using TikTok that apply to everyone and everything on our platform.We proactively enforce our Community Guidelines through a mix of technology and human moderation. We have detected this policy violation using automated measures. We have used automated measures in making this decision.",,STATEMENT_CATEGORY_SCOPE_OF_PLATFORM_SERVICE,,,,"[""CONTENT_TYPE_IMAGE""]",,,"2024-11-17 00:00:00","[""AT"",""BE"",""BG"",""CY"",""CZ"",""DE"",""DK"",""EE"",""ES"",""FI"",""FR"",""GR"",""HR"",""HU"",""IE"",""IT"",""LI"",""LT"",""LU"",""LV"",""MT"",""NL"",""NO"",""PL"",""PT"",""RO"",""SE"",""SI"",""SK""]","2024-11-23 00:00:00","The decision was taken pursuant to own-initiative investigations.",SOURCE_VOLUNTARY,,Yes,AUTOMATED_DECISION_FULLY,TikTok,7440305763530087201,"2024-11-23 03:06:27"
e5822e54-4536-49d5-9b6d-23698380273b,"[""DECISION_VISIBILITY_CONTENT_REMOVED""]",,,,,,,,,,,DECISION_GROUND_INCOMPATIBLE_CONTENT,,,,"Community Guidelines","Your content is against our Community Guidelines. The guidelines include rules and standards for using TikTok that apply to everyone and everything on our platform.We proactively enforce our Community Guidelines through a mix of technology and human moderation. We have detected this policy violation using automated measures. We have used automated measures in making this decision.",,STATEMENT_CATEGORY_SCOPE_OF_PLATFORM_SERVICE,,,,"[""CONTENT_TYPE_IMAGE""]",,,"2024-11-02 00:00:00","[""AT"",""BE"",""BG"",""CY"",""CZ"",""DE"",""DK"",""EE"",""ES"",""FI"",""FR"",""GR"",""HR"",""HU"",""IE"",""IT"",""LI"",""LT"",""LU"",""LV"",""MT"",""NL"",""NO"",""PL"",""PT"",""RO"",""SE"",""SI"",""SK""]","2024-11-23 00:00:00","The decision was taken pursuant to own-initiative investigations.",SOURCE_VOLUNTARY,,Yes,AUTOMATED_DECISION_FULLY,TikTok,7440305755690933024,"2024-11-23 03:06:27"
84322871-8b26-4b59-8222-25d10252e664,"[""DECISION_VISIBILITY_CONTENT_REMOVED""]",,,,,,,,,,,DECISION_GROUND_INCOMPATIBLE_CONTENT,,,,"Community Guidelines","Your content is against our Community Guidelines. The guidelines include rules and standards for using TikTok that apply to everyone and everything on our platform.We proactively enforce our Community Guidelines through a mix of technology and human moderation. We have detected this policy violation using automated measures. We have used automated measures in making this decision.",,STATEMENT_CATEGORY_SCOPE_OF_PLATFORM_SERVICE,,,,"[""CONTENT_TYPE_IMAGE""]",,,"2024-11-14 00:00:00","[""AT"",""BE"",""BG"",""CY"",""CZ"",""DE"",""DK"",""EE"",""ES"",""FI"",""FR"",""GR"",""HR"",""HU"",""IE"",""IT"",""LI"",""LT"",""LU"",""LV"",""MT"",""NL"",""NO"",""PL"",""PT"",""RO"",""SE"",""SI"",""SK""]","2024-11-23 00:00:00","The decision was taken pursuant to own-initiative investigations.",SOURCE_VOLUNTARY,,Yes,AUTOMATED_DECISION_FULLY,TikTok,7440305763530103585,"2024-11-23 03:06:27"
4947075e-48f7-463c-9d23-975381460f8b,"[""DECISION_VISIBILITY_CONTENT_REMOVED""]",,,,,,,,,,,DECISION_GROUND_INCOMPATIBLE_CONTENT,,,,"Community Guidelines","Your content is against our Community Guidelines. The guidelines include rules and standards for using TikTok that apply to everyone and everything on our platform.We proactively enforce our Community Guidelines through a mix of technology and human moderation. We have detected this policy violation using automated measures. We have used automated measures in making this decision.",,STATEMENT_CATEGORY_SCOPE_OF_PLATFORM_SERVICE,,,,"[""CONTENT_TYPE_IMAGE""]",,,"2024-11-18 00:00:00","[""AT"",""BE"",""BG"",""CY"",""CZ"",""DE"",""DK"",""EE"",""ES"",""FI"",""FR"",""GR"",""HR"",""HU"",""IE"",""IT"",""LI"",""LT"",""LU"",""LV"",""MT"",""NL"",""NO"",""PL"",""PT"",""RO"",""SE"",""SI"",""SK""]","2024-11-23 00:00:00","The decision was taken pursuant to own-initiative investigations.",SOURCE_VOLUNTARY,,Yes,AUTOMATED_DECISION_FULLY,TikTok,7440305763530119969,"2024-11-23 03:06:27"
0008d648-859b-484e-b916-15f1c11f129c,"[""DECISION_VISIBILITY_CONTENT_REMOVED""]",,,,,,,,,,,DECISION_GROUND_INCOMPATIBLE_CONTENT,,,,"Community Guidelines","Your content is against our Community Guidelines. The guidelines include rules and standards for using TikTok that apply to everyone and everything on our platform.We proactively enforce our Community Guidelines through a mix of technology and human moderation. We have detected this policy violation using automated measures. We have used automated measures in making this decision.",,STATEMENT_CATEGORY_SCOPE_OF_PLATFORM_SERVICE,,,,"[""CONTENT_TYPE_IMAGE""]",,,"2024-11-22 00:00:00","[""AT"",""BE"",""BG"",""CY"",""CZ"",""DE"",""DK"",""EE"",""ES"",""FI"",""FR"",""GR"",""HR"",""HU"",""IE"",""IT"",""LI"",""LT"",""LU"",""LV"",""MT"",""NL"",""NO"",""PL"",""PT"",""RO"",""SE"",""SI"",""SK""]","2024-11-23 00:00:00","The decision was taken pursuant to own-initiative investigations.",SOURCE_VOLUNTARY,,Yes,AUTOMATED_DECISION_FULLY,TikTok,7440305755690949408,"2024-11-23 03:06:27"
9e755275-d9d9-46f4-aa1e-c196ca45b1c3,"[""DECISION_VISIBILITY_CONTENT_REMOVED""]",,,,,,,,,,,DECISION_GROUND_INCOMPATIBLE_CONTENT,,,,"Community Guidelines","Your content is against our Community Guidelines. The guidelines include rules and standards for using TikTok that apply to everyone and everything on our platform.We proactively enforce our Community Guidelines through a mix of technology and human moderation. We have detected this policy violation using automated measures. We have used automated measures in making this decision.",,STATEMENT_CATEGORY_SCOPE_OF_PLATFORM_SERVICE,,,,"[""CONTENT_TYPE_IMAGE""]",,,"2024-11-04 00:00:00","[""AT"",""BE"",""BG"",""CY"",""CZ"",""DE"",""DK"",""EE"",""ES"",""FI"",""FR"",""GR"",""HR"",""HU"",""IE"",""IT"",""LI"",""LT"",""LU"",""LV"",""MT"",""NL"",""NO"",""PL"",""PT"",""RO"",""SE"",""SI"",""SK""]","2024-11-23 00:00:00","The decision was taken pursuant to own-initiative investigations.",SOURCE_VOLUNTARY,,Yes,AUTOMATED_DECISION_FULLY,TikTok,7440305763530136353,"2024-11-23 03:06:27"
bdb04bbe-d15a-4d57-b764-efb2be78bf9b,"[""DECISION_VISIBILITY_CONTENT_REMOVED""]",,,,,,,,,,,DECISION_GROUND_INCOMPATIBLE_CONTENT,,,,"Community Guidelines","Your content is against our Community Guidelines. The guidelines include rules and standards for using TikTok that apply to everyone and everything on our platform.We proactively enforce our Community Guidelines through a mix of technology and human moderation. We have detected this policy violation using automated measures. We have used automated measures in making this decision.",,STATEMENT_CATEGORY_SCOPE_OF_PLATFORM_SERVICE,,,,"[""CONTENT_TYPE_IMAGE""]",,,"2024-11-16 00:00:00","[""AT"",""BE"",""BG"",""CY"",""CZ"",""DE"",""DK"",""EE"",""ES"",""FI"",""FR"",""GR"",""HR"",""HU"",""IE"",""IT"",""LI"",""LT"",""LU"",""LV"",""MT"",""NL"",""NO"",""PL"",""PT"",""RO"",""SE"",""SI"",""SK""]","2024-11-23 00:00:00","The decision was taken pursuant to own-initiative investigations.",SOURCE_VOLUNTARY,,Yes,AUTOMATED_DECISION_FULLY,TikTok,7440305755690965792,"2024-11-23 03:06:27"
95e1aa80-2094-4e9e-8f6a-b80b5ac566b4,"[""DECISION_VISIBILITY_CONTENT_REMOVED""]",,,,,,,,,,,DECISION_GROUND_INCOMPATIBLE_CONTENT,,,,"Community Guidelines","Your content is against our Community Guidelines. The guidelines include rules and standards for using TikTok that apply to everyone and everything on our platform.We proactively enforce our Community Guidelines through a mix of technology and human moderation. We have detected this policy violation using automated measures. We have used automated measures in making this decision.",,STATEMENT_CATEGORY_SCOPE_OF_PLATFORM_SERVICE,,,,"[""CONTENT_TYPE_IMAGE""]",,,"2024-11-10 00:00:00","[""AT"",""BE"",""BG"",""CY"",""CZ"",""DE"",""DK"",""EE"",""ES"",""FI"",""FR"",""GR"",""HR"",""HU"",""IE"",""IT"",""LI"",""LT"",""LU"",""LV"",""MT"",""NL"",""NO"",""PL"",""PT"",""RO"",""SE"",""SI"",""SK""]","2024-11-23 00:00:00","The decision was taken pursuant to own-initiative investigations.",SOURCE_VOLUNTARY,,Yes,AUTOMATED_DECISION_FULLY,TikTok,7440305755690982176,"2024-11-23 03:06:27"
680547ba-f2cd-4efd-bbc0-718cf7f061a7,"[""DECISION_VISIBILITY_CONTENT_REMOVED""]",,,,,,,,,,,DECISION_GROUND_INCOMPATIBLE_CONTENT,,,,"Community Guidelines","Your content is against our Community Guidelines. The guidelines include rules and standards for using TikTok that apply to everyone and everything on our platform.We proactively enforce our Community Guidelines through a mix of technology and human moderation. We have detected this policy violation using automated measures. We have used automated measures in making this decision.",,STATEMENT_CATEGORY_SCOPE_OF_PLATFORM_SERVICE,,,,"[""CONTENT_TYPE_IMAGE""]",,,"2024-10-27 00:00:00","[""AT"",""BE"",""BG"",""CY"",""CZ"",""DE"",""DK"",""EE"",""ES"",""FI"",""FR"",""GR"",""HR"",""HU"",""IE"",""IT"",""LI"",""LT"",""LU"",""LV"",""MT"",""NL"",""NO"",""PL"",""PT"",""RO"",""SE"",""SI"",""SK""]","2024-11-23 00:00:00","The decision was taken pursuant to own-initiative investigations.",SOURCE_VOLUNTARY,,Yes,AUTOMATED_DECISION_FULLY,TikTok,7440305763530152737,"2024-11-23 03:06:27"
f34c71da-c8b3-49ac-9836-fdf1cd60adaf,"[""DECISION_VISIBILITY_CONTENT_REMOVED""]",,,,,,,,,,,DECISION_GROUND_INCOMPATIBLE_CONTENT,,,,"Community Guidelines","Your content is against our Community Guidelines. The guidelines include rules and standards for using TikTok that apply to everyone and everything on our platform.We proactively enforce our Community Guidelines through a mix of technology and human moderation. We have detected this policy violation using automated measures. We have used automated measures in making this decision.",,STATEMENT_CATEGORY_SCOPE_OF_PLATFORM_SERVICE,,,,"[""CONTENT_TYPE_IMAGE""]",,,"2024-11-10 00:00:00","[""AT"",""BE"",""BG"",""CY"",""CZ"",""DE"",""DK"",""EE"",""ES"",""FI"",""FR"",""GR"",""HR"",""HU"",""IE"",""IT"",""LI"",""LT"",""LU"",""LV"",""MT"",""NL"",""NO"",""PL"",""PT"",""RO"",""SE"",""SI"",""SK""]","2024-11-23 00:00:00","The decision was taken pursuant to own-initiative investigations.",SOURCE_VOLUNTARY,,Yes,AUTOMATED_DECISION_FULLY,TikTok,7440305763530169121,"2024-11-23 03:06:27"
b46d729e-91ac-4c54-a20a-750d7540de3d,"[""DECISION_VISIBILITY_CONTENT_REMOVED""]",,,,,,,,,,,DECISION_GROUND_INCOMPATIBLE_CONTENT,,,,"Community Guidelines","Your content is against our Community Guidelines. The guidelines include rules and standards for using TikTok that apply to everyone and everything on our platform.We proactively enforce our Community Guidelines through a mix of technology and human moderation. We have detected this policy violation using automated measures. We have used automated measures in making this decision.",,STATEMENT_CATEGORY_SCOPE_OF_PLATFORM_SERVICE,,,,"[""CONTENT_TYPE_IMAGE""]",,,"2024-11-17 00:00:00","[""AT"",""BE"",""BG"",""CY"",""CZ"",""DE"",""DK"",""EE"",""ES"",""FI"",""FR"",""GR"",""HR"",""HU"",""IE"",""IT"",""LI"",""LT"",""LU"",""LV"",""MT"",""NL"",""NO"",""PL"",""PT"",""RO"",""SE"",""SI"",""SK""]","2024-11-23 00:00:00","The decision was taken pursuant to own-initiative investigations.",SOURCE_VOLUNTARY,,Yes,AUTOMATED_DECISION_FULLY,TikTok,7440305755690998560,"2024-11-23 03:06:27"
d0bfc39b-e574-491f-b622-f4b652e97a50,"[""DECISION_VISIBILITY_OTHER""]","Video not eligible for recommendation in the For You feed",,,,,,,,,,DECISION_GROUND_INCOMPATIBLE_CONTENT,,,,"Community Guidelines","We maintain content eligibility standards for the For You feed (FYF) that prioritize safety and are informed by the diversity of our community and cultural norms. We make ineligible for the FYF certain content that may not be appropriate for a broad audience related to: (1) Behavioral Health, (2) Sensitive and Mature Themes, (3) Integrity and Authenticity, and (4) Regulated Goods. Content that is ineligible for the FYF can still be discovered in other ways, such as through search tools or by following an account.We proactively enforce our Community Guidelines through a mix of technology and human moderation. We have detected this policy violation using automated measures. We have used automated measures in making this decision.",,STATEMENT_CATEGORY_SCOPE_OF_PLATFORM_SERVICE,,,,"[""CONTENT_TYPE_VIDEO""]",,,"2024-11-23 00:00:00","[""AT"",""BE"",""BG"",""CY"",""CZ"",""DE"",""DK"",""EE"",""ES"",""FI"",""FR"",""GR"",""HR"",""HU"",""IE"",""IT"",""LI"",""LT"",""LU"",""LV"",""MT"",""NL"",""NO"",""PL"",""PT"",""RO"",""SE"",""SI"",""SK""]","2024-11-23 00:00:00","The decision was taken pursuant to own-initiative investigations.",SOURCE_VOLUNTARY,,Yes,AUTOMATED_DECISION_FULLY,TikTok,7440305755691014944,"2024-11-23 03:06:27"
5ddf1e9d-0fab-497c-a0f9-02d91b82aba6,"[""DECISION_VISIBILITY_CONTENT_REMOVED""]",,,,,,,,,,,DECISION_GROUND_INCOMPATIBLE_CONTENT,,,,"Harassment and Bullying","We welcome the respectful expression of different viewpoints, but not toxicity or trolling. We do not allow language or behavior that harasses, humiliates, threatens, or doxes anyone. This also includes responding to such acts with retaliatory harassment (but excludes non-harassing counterspeech).We proactively enforce our Community Guidelines through a mix of technology and human moderation. We have detected this policy violation using automated measures. We have used automated measures in making this decision.",,STATEMENT_CATEGORY_ILLEGAL_OR_HARMFUL_SPEECH,,,,"[""CONTENT_TYPE_TEXT""]",,,"2024-11-23 00:00:00","[""AT"",""BE"",""BG"",""CY"",""CZ"",""DE"",""DK"",""EE"",""ES"",""FI"",""FR"",""GR"",""HR"",""HU"",""IE"",""IT"",""LI"",""LT"",""LU"",""LV"",""MT"",""NL"",""NO"",""PL"",""PT"",""RO"",""SE"",""SI"",""SK""]","2024-11-23 00:00:00","The decision was taken pursuant to own-initiative investigations.",SOURCE_VOLUNTARY,,Yes,AUTOMATED_DECISION_FULLY,TikTok,7440305755691031328,"2024-11-23 03:06:27"
f1e69669-0421-430e-b509-9e5fe8f816f8,"[""DECISION_VISIBILITY_CONTENT_REMOVED""]",,,,,,,,,,,DECISION_GROUND_INCOMPATIBLE_CONTENT,,,,"Harassment and Bullying","We welcome the respectful expression of different viewpoints, but not toxicity or trolling. We do not allow language or behavior that harasses, humiliates, threatens, or doxes anyone. This also includes responding to such acts with retaliatory harassment (but excludes non-harassing counterspeech).We proactively enforce our Community Guidelines through a mix of technology and human moderation. We have detected this policy violation using automated measures. We have used automated measures in making this decision.",,STATEMENT_CATEGORY_ILLEGAL_OR_HARMFUL_SPEECH,,,,"[""CONTENT_TYPE_TEXT""]",,,"2024-11-23 00:00:00","[""AT"",""BE"",""BG"",""CY"",""CZ"",""DE"",""DK"",""EE"",""ES"",""FI"",""FR"",""GR"",""HR"",""HU"",""IE"",""IT"",""LI"",""LT"",""LU"",""LV"",""MT"",""NL"",""NO"",""PL"",""PT"",""RO"",""SE"",""SI"",""SK""]","2024-11-23 00:00:00","The decision was taken pursuant to own-initiative investigations.",SOURCE_VOLUNTARY,,Yes,AUTOMATED_DECISION_FULLY,TikTok,7440305763530185505,"2024-11-23 03:06:27"
96642ba0-d616-4c99-b684-876ded55b1c0,"[""DECISION_VISIBILITY_CONTENT_REMOVED""]",,,,,,,,,,,DECISION_GROUND_INCOMPATIBLE_CONTENT,,,,"Harassment and Bullying","We welcome the respectful expression of different viewpoints, but not toxicity or trolling. We do not allow language or behavior that harasses, humiliates, threatens, or doxes anyone. This also includes responding to such acts with retaliatory harassment (but excludes non-harassing counterspeech).We proactively enforce our Community Guidelines through a mix of technology and human moderation. We have detected this policy violation using automated measures. We have used automated measures in making this decision.",,STATEMENT_CATEGORY_ILLEGAL_OR_HARMFUL_SPEECH,,,,"[""CONTENT_TYPE_TEXT""]",,,"2024-11-23 00:00:00","[""AT"",""BE"",""BG"",""CY"",""CZ"",""DE"",""DK"",""EE"",""ES"",""FI"",""FR"",""GR"",""HR"",""HU"",""IE"",""IT"",""LI"",""LT"",""LU"",""LV"",""MT"",""NL"",""NO"",""PL"",""PT"",""RO"",""SE"",""SI"",""SK""]","2024-11-23 00:00:00","The decision was taken pursuant to own-initiative investigations.",SOURCE_VOLUNTARY,,Yes,AUTOMATED_DECISION_FULLY,TikTok,7440305755691047712,"2024-11-23 03:06:27"
19986958-0cda-413e-95c4-d8bb2643c70b,"[""DECISION_VISIBILITY_CONTENT_REMOVED""]",,,,,,,,,,,DECISION_GROUND_INCOMPATIBLE_CONTENT,,,,"Harassment and Bullying","We welcome the respectful expression of different viewpoints, but not toxicity or trolling. We do not allow language or behavior that harasses, humiliates, threatens, or doxes anyone. This also includes responding to such acts with retaliatory harassment (but excludes non-harassing counterspeech).We proactively enforce our Community Guidelines through a mix of technology and human moderation. We have detected this policy violation using automated measures. We have used automated measures in making this decision.",,STATEMENT_CATEGORY_ILLEGAL_OR_HARMFUL_SPEECH,,,,"[""CONTENT_TYPE_TEXT""]",,,"2024-11-23 00:00:00","[""AT"",""BE"",""BG"",""CY"",""CZ"",""DE"",""DK"",""EE"",""ES"",""FI"",""FR"",""GR"",""HR"",""HU"",""IE"",""IT"",""LI"",""LT"",""LU"",""LV"",""MT"",""NL"",""NO"",""PL"",""PT"",""RO"",""SE"",""SI"",""SK""]","2024-11-23 00:00:00","The decision was taken pursuant to own-initiative investigations.",SOURCE_VOLUNTARY,,Yes,AUTOMATED_DECISION_FULLY,TikTok,7440305763530201889,"2024-11-23 03:06:27"
b7ab14ee-5982-40d4-a844-333522839b90,"[""DECISION_VISIBILITY_CONTENT_REMOVED""]",,,,,,,,,,,DECISION_GROUND_INCOMPATIBLE_CONTENT,,,,"Hate Speech and Hateful Behaviors","TikTok is enriched by the various backgrounds of our community members. Our differences should be respected, rather than a cause for division. We do not allow any hateful behavior, hate speech, or promotion of hateful ideologies. This includes content that attacks a person or group because of protected attributes.We proactively enforce our Community Guidelines through a mix of technology and human moderation. We have detected this policy violation using automated measures. We have used automated measures in making this decision.",,STATEMENT_CATEGORY_ILLEGAL_OR_HARMFUL_SPEECH,,,,"[""CONTENT_TYPE_TEXT""]",,,"2024-11-23 00:00:00","[""AT"",""BE"",""BG"",""CY"",""CZ"",""DE"",""DK"",""EE"",""ES"",""FI"",""FR"",""GR"",""HR"",""HU"",""IE"",""IT"",""LI"",""LT"",""LU"",""LV"",""MT"",""NL"",""NO"",""PL"",""PT"",""RO"",""SE"",""SI"",""SK""]","2024-11-23 00:00:00","The decision was taken pursuant to own-initiative investigations.",SOURCE_VOLUNTARY,,Yes,AUTOMATED_DECISION_FULLY,TikTok,7440305775186025249,"2024-11-23 03:06:27"
8e003321-6e1e-4a56-9029-8d7eff4f198c,"[""DECISION_VISIBILITY_OTHER""]","LIVE not eligible for recommendation and restricted in search results for 10 minutes","2024-11-23 00:00:00",,,,,,,,,DECISION_GROUND_INCOMPATIBLE_CONTENT,,,,"Contenido de baja calidad visual o imágenes estáticas","Tu LIVE no se puede recomendar y su visibilidad se restringirá en los resultados de búsqueda durante los próximos 10 minutos porque podría incluir contenido de baja calidad visual o imágenes estáticas. Estas medidas se adoptaron de acuerdo con los estándares de aptitud del feed «Para ti» según las Normas de la comunidad.",,STATEMENT_CATEGORY_SCOPE_OF_PLATFORM_SERVICE,,,,"[""CONTENT_TYPE_VIDEO""]",,,"2024-11-23 00:00:00","[""AT"",""BE"",""BG"",""CY"",""CZ"",""DE"",""DK"",""EE"",""ES"",""FI"",""FR"",""GR"",""HR"",""HU"",""IE"",""IS"",""IT"",""LI"",""LT"",""LU"",""LV"",""MT"",""NL"",""NO"",""PL"",""PT"",""RO"",""SE"",""SI"",""SK""]","2024-11-23 00:00:00","The decision was taken pursuant to own-initiative investigations",SOURCE_VOLUNTARY,,Yes,AUTOMATED_DECISION_NOT_AUTOMATED,TikTok,7440305775186041633,"2024-11-23 03:06:28"
aef98e72-40e1-466b-9adc-7f9cfe76eece,"[""DECISION_VISIBILITY_CONTENT_REMOVED""]",,,,,,,,,,,DECISION_GROUND_INCOMPATIBLE_CONTENT,,,,"Community Guidelines","Your content is against our Community Guidelines. The guidelines include rules and standards for using TikTok that apply to everyone and everything on our platform.Users and 3rd-parties can report policy violations to us. We have detected this policy violation based on a report that the content violated our Community Guidelines.",,STATEMENT_CATEGORY_SCOPE_OF_PLATFORM_SERVICE,,,,"[""CONTENT_TYPE_TEXT""]",,,"2024-11-22 00:00:00","[""AT"",""BE"",""BG"",""CY"",""CZ"",""DE"",""DK"",""EE"",""ES"",""FI"",""FR"",""GR"",""HR"",""HU"",""IE"",""IT"",""LI"",""LT"",""LU"",""LV"",""MT"",""NL"",""NO"",""PL"",""PT"",""RO"",""SE"",""SI"",""SK""]","2024-11-23 00:00:00","The decision was taken in response to a report alleging a violation of our Community Guidelines.",SOURCE_VOLUNTARY,,No,AUTOMATED_DECISION_NOT_AUTOMATED,TikTok,7440305775186058017,"2024-11-23 03:06:28"
402153bd-9af5-4421-b144-178acbf214bd,"[""DECISION_VISIBILITY_OTHER""]","Video not eligible for recommendation in the For You feed",,,,,,,,,,DECISION_GROUND_INCOMPATIBLE_CONTENT,,,,"Community Guidelines","We maintain content eligibility standards for the For You feed (FYF) that prioritize safety and are informed by the diversity of our community and cultural norms. We make ineligible for the FYF certain content that may not be appropriate for a broad audience related to: (1) Behavioral Health, (2) Sensitive and Mature Themes, (3) Integrity and Authenticity, and (4) Regulated Goods. Content that is ineligible for the FYF can still be discovered in other ways, such as through search tools or by following an account.We proactively enforce our Community Guidelines through a mix of technology and human moderation. We have detected this policy violation using automated measures. We have used automated measures in making this decision.",,STATEMENT_CATEGORY_SCOPE_OF_PLATFORM_SERVICE,,,,"[""CONTENT_TYPE_VIDEO""]",,,"2024-11-23 00:00:00","[""AT"",""BE"",""BG"",""CY"",""CZ"",""DE"",""DK"",""EE"",""ES"",""FI"",""FR"",""GR"",""HR"",""HU"",""IE"",""IT"",""LI"",""LT"",""LU"",""LV"",""MT"",""NL"",""NO"",""PL"",""PT"",""RO"",""SE"",""SI"",""SK""]","2024-11-23 00:00:00","The decision was taken pursuant to own-initiative investigations.",SOURCE_VOLUNTARY,,Yes,AUTOMATED_DECISION_FULLY,TikTok,7440305774837898017,"2024-11-23 03:06:28"
ae99c403-ee51-4339-9912-2e2b2facb409,"[""DECISION_VISIBILITY_CONTENT_REMOVED""]",,,,,,,,,,,DECISION_GROUND_INCOMPATIBLE_CONTENT,,,,"Harassment and Bullying","We welcome the respectful expression of different viewpoints, but not toxicity or trolling. We do not allow language or behavior that harasses, humiliates, threatens, or doxes anyone. This also includes responding to such acts with retaliatory harassment (but excludes non-harassing counterspeech).We proactively enforce our Community Guidelines through a mix of technology and human moderation. We have detected this policy violation using automated measures. We have used automated measures in making this decision.",,STATEMENT_CATEGORY_ILLEGAL_OR_HARMFUL_SPEECH,,,,"[""CONTENT_TYPE_TEXT""]",,,"2024-11-23 00:00:00","[""AT"",""BE"",""BG"",""CY"",""CZ"",""DE"",""DK"",""EE"",""ES"",""FI"",""FR"",""GR"",""HR"",""HU"",""IE"",""IT"",""LI"",""LT"",""LU"",""LV"",""MT"",""NL"",""NO"",""PL"",""PT"",""RO"",""SE"",""SI"",""SK""]","2024-11-23 00:00:00","The decision was taken pursuant to own-initiative investigations.",SOURCE_VOLUNTARY,,Yes,AUTOMATED_DECISION_FULLY,TikTok,7440305774837914401,"2024-11-23 03:06:28"
40df2c1d-9ad3-4957-a48e-aac8f789ba4b,"[""DECISION_VISIBILITY_OTHER""]","Ad is not eligible for posting.",,,,,,,,,,DECISION_GROUND_INCOMPATIBLE_CONTENT,,,,"Our review indicates that your advertising content may violate TikTok's advertising policies by featuring a product/service which belongs to a prohibited industry of the targeted location(s) in your ad. For more policy details, please refer to ""TikTok Advertising Policies - Industry Entry"" (https://ads.tiktok.com/help/article?aid=6685586866860720134). Our review indicates that your advertising content may violate TikTok's advertising policies by promoting prohibited products or services in the t","Please change the promoted product/service in your ad or change the targeted location(s) in your ad group settings according to our policy. For more policy details, please refer to ""TikTok Advertising Policies - Industry Entry"" (https://ads.tiktok.com/help/article?aid=6685586866860720134). For more policy details, please refer to """"TikTok Advertising Policies - Industry Entry"" (https://ads.tiktok.com/help/article?aid=6685586866860720134).Please change the promoted product/service in your ad or change the targeted location(s) in your ad group settings according to our policy. For more policy details, please refer to ""TikTok Advertising Policies - Industry Entry"" (https://ads.tiktok.com/help/article?aid=6685586866860720134). For more policy details, please refer to """"TikTok Advertising Policies - Industry Entry"" (https://ads.tiktok.com/help/article?aid=6685586866860720134).Please change the promoted product/service in your ad or change the targeted location(s) in your ad group settings according to our policy. For more policy details, please refer to ""TikTok Advertising Policies - Industry Entry"" (https://ads.tiktok.com/help/article?aid=6685586866860720134). For more policy details, please refer to """"TikTok Advertising Policies - Industry Entry"" (https://ads.tiktok.com/help/article?aid=6685586866860720134).For more policy details, please refer to """"TikTok Advertising Policies - Industry Entry"" (https://ads.tiktok.com/help/article?aid=6685586866860720134).Please change the promoted product/service in your ad or change the targeted location(s) in your ad group settings according to our policy. For more policy details, please refer to ""TikTok Advertising Policies - Industry Entry"" (https://ads.tiktok.com/help/article?aid=6685586866860720134). Please change the promoted product/service in your ad or change the targeted location(s) in your ad group settings according to our policy. For more policy details, please refer to ""TikTok Advertising Policies - Industry Entry"" (htt",,STATEMENT_CATEGORY_SCOPE_OF_PLATFORM_SERVICE,,,,"[""CONTENT_TYPE_VIDEO""]",,,"2024-11-23 00:00:00","[""RO""]","2024-11-23 00:00:00","The decision was taken pursuant to own-initiative investigations.",SOURCE_VOLUNTARY,,Yes,AUTOMATED_DECISION_FULLY,TikTok,7440305774837930785,"2024-11-23 03:06:28"
72204b0a-b199-40eb-a083-6c1283107829,"[""DECISION_VISIBILITY_OTHER""]","Video not eligible for recommendation in the For You feed",,,,,,,,,,DECISION_GROUND_INCOMPATIBLE_CONTENT,,,,"Nudity and Body Exposure","We celebrate all shapes and sizes and want people to feel comfortable in how they present themselves and their bodies. Content is ineligible for the For You feed and harder to find in search if it shows moderate body exposure of a young person, or significant body exposure of an adult. We allow regional exceptions for body exposure in limited situations, such as common cultural practices.We proactively enforce our Community Guidelines through a mix of technology and human moderation. We have detected this policy violation using automated measures. We have used automated measures in making this decision.",,STATEMENT_CATEGORY_SCOPE_OF_PLATFORM_SERVICE,,,,"[""CONTENT_TYPE_VIDEO""]",,,"2024-11-23 00:00:00","[""AT"",""BE"",""BG"",""CY"",""CZ"",""DE"",""DK"",""EE"",""ES"",""FI"",""FR"",""GR"",""HR"",""HU"",""IE"",""IT"",""LI"",""LT"",""LU"",""LV"",""MT"",""NL"",""NO"",""PL"",""PT"",""RO"",""SE"",""SI"",""SK""]","2024-11-23 00:00:00","The decision was taken pursuant to own-initiative investigations.",SOURCE_VOLUNTARY,,Yes,AUTOMATED_DECISION_FULLY,TikTok,7440305774837947169,"2024-11-23 03:06:28"
9f9c7de3-ac7d-4b42-8222-001d32f976ba,"[""DECISION_VISIBILITY_CONTENT_REMOVED""]",,,,,,,,,,,DECISION_GROUND_INCOMPATIBLE_CONTENT,,,,"Hate Speech and Hateful Behaviors","TikTok is enriched by the various backgrounds of our community members. Our differences should be respected, rather than a cause for division. We do not allow any hateful behavior, hate speech, or promotion of hateful ideologies. This includes content that attacks a person or group because of protected attributes.We proactively enforce our Community Guidelines through a mix of technology and human moderation. We have detected this policy violation using automated measures. We have used automated measures in making this decision.",,STATEMENT_CATEGORY_ILLEGAL_OR_HARMFUL_SPEECH,,,,"[""CONTENT_TYPE_TEXT""]",,,"2024-11-23 00:00:00","[""AT"",""BE"",""BG"",""CY"",""CZ"",""DE"",""DK"",""EE"",""ES"",""FI"",""FR"",""GR"",""HR"",""HU"",""IE"",""IT"",""LI"",""LT"",""LU"",""LV"",""MT"",""NL"",""NO"",""PL"",""PT"",""RO"",""SE"",""SI"",""SK""]","2024-11-23 00:00:00","The decision was taken pursuant to own-initiative investigations.",SOURCE_VOLUNTARY,,Yes,AUTOMATED_DECISION_FULLY,TikTok,7440305775186074401,"2024-11-23 03:06:28"
655a5c1a-0420-4c93-b4ed-e29a49d6a06f,"[""DECISION_VISIBILITY_CONTENT_REMOVED""]",,,,,,,,,,,DECISION_GROUND_INCOMPATIBLE_CONTENT,,,,"Nudity and Body Exposure","We celebrate all shapes and sizes and want people to feel comfortable in how they present themselves and their bodies. We do not allow nudity, including uncovered genitals and buttocks, as well as nipples and areolas of women and girls. Sheer and partially see-through clothing is not considered covered.We proactively enforce our Community Guidelines through a mix of technology and human moderation. We have detected this policy violation using automated measures.",,STATEMENT_CATEGORY_SCOPE_OF_PLATFORM_SERVICE,,,,"[""CONTENT_TYPE_VIDEO""]",,,"2024-11-22 00:00:00","[""AT"",""BE"",""BG"",""CY"",""CZ"",""DE"",""DK"",""EE"",""ES"",""FI"",""FR"",""GR"",""HR"",""HU"",""IE"",""IT"",""LI"",""LT"",""LU"",""LV"",""MT"",""NL"",""NO"",""PL"",""PT"",""RO"",""SE"",""SI"",""SK""]","2024-11-23 00:00:00","The decision was taken pursuant to own-initiative investigations.",SOURCE_VOLUNTARY,,Yes,AUTOMATED_DECISION_NOT_AUTOMATED,TikTok,7440305775186090785,"2024-11-23 03:06:28"
6c3d624d-99b2-4eb6-9148-faca7adb9c57,"[""DECISION_VISIBILITY_CONTENT_REMOVED""]",,,,,,,,,,,DECISION_GROUND_INCOMPATIBLE_CONTENT,,,,"Nudity and Body Exposure","We celebrate all shapes and sizes and want people to feel comfortable in how they present themselves and their bodies. We do not allow nudity, including uncovered genitals and buttocks, as well as nipples and areolas of women and girls. Sheer and partially see-through clothing is not considered covered.We proactively enforce our Community Guidelines through a mix of technology and human moderation. We have detected this policy violation using automated measures.",,STATEMENT_CATEGORY_SCOPE_OF_PLATFORM_SERVICE,,,,"[""CONTENT_TYPE_VIDEO""]",,,"2024-11-22 00:00:00","[""AT"",""BE"",""BG"",""CY"",""CZ"",""DE"",""DK"",""EE"",""ES"",""FI"",""FR"",""GR"",""HR"",""HU"",""IE"",""IT"",""LI"",""LT"",""LU"",""LV"",""MT"",""NL"",""NO"",""PL"",""PT"",""RO"",""SE"",""SI"",""SK""]","2024-11-23 00:00:00","The decision was taken pursuant to own-initiative investigations.",SOURCE_VOLUNTARY,,Yes,AUTOMATED_DECISION_NOT_AUTOMATED,TikTok,7440305774837963553,"2024-11-23 03:06:28"
e1e8a65b-3a4c-428c-a3f6-b70983bc3094,"[""DECISION_VISIBILITY_OTHER""]","Ad is not eligible for posting.",,,,,,,,,,DECISION_GROUND_INCOMPATIBLE_CONTENT,,,,"Our review indicates that your advertising content may violate TikTok's advertising policies by featuring a product/service which belongs to a prohibited industry of the targeted location(s) in your ad. For more policy details, please refer to ""TikTok Advertising Policies - Industry Entry"" (https://ads.tiktok.com/help/article?aid=6685586866860720134). Our review indicates that your advertising content may violate TikTok's advertising policies by promoting prohibited products or services in the t","Please change the promoted product/service in your ad or change the targeted location(s) in your ad group settings according to our policy. For more policy details, please refer to ""TikTok Advertising Policies - Industry Entry"" (https://ads.tiktok.com/help/article?aid=6685586866860720134). For more policy details, please refer to """"TikTok Advertising Policies - Industry Entry"" (https://ads.tiktok.com/help/article?aid=6685586866860720134).For more policy details, please refer to """"TikTok Advertising Policies - Industry Entry"" (https://ads.tiktok.com/help/article?aid=6685586866860720134).Please change the promoted product/service in your ad or change the targeted location(s) in your ad group settings according to our policy. For more policy details, please refer to ""TikTok Advertising Policies - Industry Entry"" (https://ads.tiktok.com/help/article?aid=6685586866860720134). Please change the promoted product/service in your ad or change the targeted location(s) in your ad group settings according to our policy. For more policy details, please refer to ""TikTok Advertising Policies - Industry Entry"" (https://ads.tiktok.com/help/article?aid=6685586866860720134). For more policy details, please refer to """"TikTok Advertising Policies - Industry Entry"" (https://ads.tiktok.com/help/article?aid=6685586866860720134).For more policy details, please refer to """"TikTok Advertising Policies - Industry Entry"" (https://ads.tiktok.com/help/article?aid=6685586866860720134).Please change the promoted product/service in your ad or change the targeted location(s) in your ad group settings according to our policy. For more policy details, please refer to ""TikTok Advertising Policies - Industry Entry"" (https://ads.tiktok.com/help/article?aid=6685586866860720134). For more policy details, please refer to """"TikTok Advertising Policies - Industry Entry"" (https://ads.tiktok.com/help/article?aid=6685586866860720134).Please change the promoted product/service in your ad or change the targeted loca",,STATEMENT_CATEGORY_SCOPE_OF_PLATFORM_SERVICE,,,,"[""CONTENT_TYPE_VIDEO""]",,,"2024-11-23 00:00:00","[""RO""]","2024-11-23 00:00:00","The decision was taken pursuant to own-initiative investigations.",SOURCE_VOLUNTARY,,Yes,AUTOMATED_DECISION_FULLY,TikTok,7440305774837979937,"2024-11-23 03:06:28"
75362162-e443-44f7-9f05-28d34af4144e,"[""DECISION_VISIBILITY_CONTENT_AGE_RESTRICTED""]",,,,,,,,,,,DECISION_GROUND_INCOMPATIBLE_CONTENT,,,,"Sexually Suggestive Content","We are mindful that certain behaviors related to sexual arousal or suggestiveness may be offensive to some people and may put young people at risk of exploitation. Content is ineligible for the For You feed and harder to find in search if it shows sex products or intends to sexually arouse (such as intimate kissing, sexualized posing, and seductive performances or allusions to sexual activity by adults). We proactively enforce our Community Guidelines through a mix of technology and human moderation. We have detected this policy violation using automated measures.",,STATEMENT_CATEGORY_SCOPE_OF_PLATFORM_SERVICE,,,,"[""CONTENT_TYPE_VIDEO""]",,,"2023-04-15 00:00:00","[""AT"",""BE"",""BG"",""CY"",""CZ"",""DE"",""DK"",""EE"",""ES"",""FI"",""FR"",""GR"",""HR"",""HU"",""IE"",""IT"",""LI"",""LT"",""LU"",""LV"",""MT"",""NL"",""NO"",""PL"",""PT"",""RO"",""SE"",""SI"",""SK""]","2024-11-23 00:00:00","The decision was taken pursuant to own-initiative investigations.",SOURCE_VOLUNTARY,,Yes,AUTOMATED_DECISION_NOT_AUTOMATED,TikTok,7440305775186107169,"2024-11-23 03:06:28"
b5b12fb6-2aaa-4a6b-a736-3639c04a29bc,"[""DECISION_VISIBILITY_OTHER""]","Video not eligible for recommendation in the For You feed",,,,,,,,,,DECISION_GROUND_INCOMPATIBLE_CONTENT,,,,"Alcohol, Tobacco, and Drugs","While adults make personal choices about how they engage with alcohol, drugs, and tobacco, we recognize that there are risks connected to trading and using these substances. Content is ineligible for the For You feed and harder to find in search if it shows adults consuming excessive amounts of alcohol or tobacco products.We proactively enforce our Community Guidelines through a mix of technology and human moderation. We have detected this policy violation using automated measures. We have used automated measures in making this decision.",,STATEMENT_CATEGORY_SCOPE_OF_PLATFORM_SERVICE,,,,"[""CONTENT_TYPE_VIDEO""]",,,"2024-11-23 00:00:00","[""AT"",""BE"",""BG"",""CY"",""CZ"",""DE"",""DK"",""EE"",""ES"",""FI"",""FR"",""GR"",""HR"",""HU"",""IE"",""IT"",""LI"",""LT"",""LU"",""LV"",""MT"",""NL"",""NO"",""PL"",""PT"",""RO"",""SE"",""SI"",""SK""]","2024-11-23 00:00:00","The decision was taken pursuant to own-initiative investigations.",SOURCE_VOLUNTARY,,Yes,AUTOMATED_DECISION_FULLY,TikTok,7440305775186123553,"2024-11-23 03:06:28"
5204270d-5572-4257-b9be-4185be5bd45f,"[""DECISION_VISIBILITY_OTHER""]","Ad is not eligible for posting.",,,,,,,,,,DECISION_GROUND_INCOMPATIBLE_CONTENT,,,,"Our review indicates that your advertising content may violate TikTok's advertising policies by promoting prohibited products or services in the targeted locations. Our review indicates that your advertising content may violate TikTok's advertising policies by featuring a product/service which belongs to a prohibited industry of the targeted location(s) in your ad. For more policy details, please refer to ""TikTok Advertising Policies - Industry Entry"" (https://ads.tiktok.com/help/article?aid=668","For more policy details, please refer to """"TikTok Advertising Policies - Industry Entry"" (https://ads.tiktok.com/help/article?aid=6685586866860720134).Please change the promoted product/service in your ad or change the targeted location(s) in your ad group settings according to our policy. For more policy details, please refer to ""TikTok Advertising Policies - Industry Entry"" (https://ads.tiktok.com/help/article?aid=6685586866860720134). For more policy details, please refer to """"TikTok Advertising Policies - Industry Entry"" (https://ads.tiktok.com/help/article?aid=6685586866860720134).Please change the promoted product/service in your ad or change the targeted location(s) in your ad group settings according to our policy. For more policy details, please refer to ""TikTok Advertising Policies - Industry Entry"" (https://ads.tiktok.com/help/article?aid=6685586866860720134). Please change the promoted product/service in your ad or change the targeted location(s) in your ad group settings according to our policy. For more policy details, please refer to ""TikTok Advertising Policies - Industry Entry"" (https://ads.tiktok.com/help/article?aid=6685586866860720134). For more policy details, please refer to """"TikTok Advertising Policies - Industry Entry"" (https://ads.tiktok.com/help/article?aid=6685586866860720134).Please change the promoted product/service in your ad or change the targeted location(s) in your ad group settings according to our policy. For more policy details, please refer to ""TikTok Advertising Policies - Industry Entry"" (https://ads.tiktok.com/help/article?aid=6685586866860720134). For more policy details, please refer to """"TikTok Advertising Policies - Industry Entry"" (https://ads.tiktok.com/help/article?aid=6685586866860720134).Please change the promoted product/service in your ad or change the targeted location(s) in your ad group settings according to our policy. For more policy details, please refer to ""TikTok Advertising Policies - Industry Entry"" (htt",,STATEMENT_CATEGORY_SCOPE_OF_PLATFORM_SERVICE,,,,"[""CONTENT_TYPE_VIDEO""]",,,"2024-11-23 00:00:00","[""RO""]","2024-11-23 00:00:00","The decision was taken pursuant to own-initiative investigations.",SOURCE_VOLUNTARY,,Yes,AUTOMATED_DECISION_FULLY,TikTok,7440305774837996321,"2024-11-23 03:06:28"
49f201b9-e59b-41b5-90dc-1a41e6815e13,"[""DECISION_VISIBILITY_OTHER""]","Video not eligible for recommendation in the For You feed",,,,,,,,,,DECISION_GROUND_INCOMPATIBLE_CONTENT,,,,"Community Guidelines","We maintain content eligibility standards for the For You feed (FYF) that prioritize safety and are informed by the diversity of our community and cultural norms. We make ineligible for the FYF certain content that may not be appropriate for a broad audience related to: (1) Behavioral Health, (2) Sensitive and Mature Themes, (3) Integrity and Authenticity, and (4) Regulated Goods. Content that is ineligible for the FYF can still be discovered in other ways, such as through search tools or by following an account.We proactively enforce our Community Guidelines through a mix of technology and human moderation. We have detected this policy violation using automated measures. We have used automated measures in making this decision.",,STATEMENT_CATEGORY_SCOPE_OF_PLATFORM_SERVICE,,,,"[""CONTENT_TYPE_VIDEO""]",,,"2024-11-23 00:00:00","[""AT"",""BE"",""BG"",""CY"",""CZ"",""DE"",""DK"",""EE"",""ES"",""FI"",""FR"",""GR"",""HR"",""HU"",""IE"",""IT"",""LI"",""LT"",""LU"",""LV"",""MT"",""NL"",""NO"",""PL"",""PT"",""RO"",""SE"",""SI"",""SK""]","2024-11-23 00:00:00","The decision was taken pursuant to own-initiative investigations.",SOURCE_VOLUNTARY,,Yes,AUTOMATED_DECISION_FULLY,TikTok,7440305774838012705,"2024-11-23 03:06:28"
5fe6d25d-c91c-447a-a6c0-6469d5e2a908,"[""DECISION_VISIBILITY_OTHER""]","Ad is not eligible for posting.",,,,,,,,,,DECISION_GROUND_INCOMPATIBLE_CONTENT,,,,"Our review indicates that your advertising content may violate TikTok's advertising policies by promoting prohibited products or services in the targeted locations. Our review indicates that your advertising content may violate TikTok's advertising policies by featuring a product/service which belongs to a prohibited industry of the targeted location(s) in your ad. For more policy details, please refer to ""TikTok Advertising Policies - Industry Entry"" (https://ads.tiktok.com/help/article?aid=668","For more policy details, please refer to """"TikTok Advertising Policies - Industry Entry"" (https://ads.tiktok.com/help/article?aid=6685586866860720134).Please change the promoted product/service in your ad or change the targeted location(s) in your ad group settings according to our policy. For more policy details, please refer to ""TikTok Advertising Policies - Industry Entry"" (https://ads.tiktok.com/help/article?aid=6685586866860720134). Please change the promoted product/service in your ad or change the targeted location(s) in your ad group settings according to our policy. For more policy details, please refer to ""TikTok Advertising Policies - Industry Entry"" (https://ads.tiktok.com/help/article?aid=6685586866860720134). For more policy details, please refer to """"TikTok Advertising Policies - Industry Entry"" (https://ads.tiktok.com/help/article?aid=6685586866860720134).Please change the promoted product/service in your ad or change the targeted location(s) in your ad group settings according to our policy. For more policy details, please refer to ""TikTok Advertising Policies - Industry Entry"" (https://ads.tiktok.com/help/article?aid=6685586866860720134). For more policy details, please refer to """"TikTok Advertising Policies - Industry Entry"" (https://ads.tiktok.com/help/article?aid=6685586866860720134).For more policy details, please refer to """"TikTok Advertising Policies - Industry Entry"" (https://ads.tiktok.com/help/article?aid=6685586866860720134).Please change the promoted product/service in your ad or change the targeted location(s) in your ad group settings according to our policy. For more policy details, please refer to ""TikTok Advertising Policies - Industry Entry"" (https://ads.tiktok.com/help/article?aid=6685586866860720134). For more policy details, please refer to """"TikTok Advertising Policies - Industry Entry"" (https://ads.tiktok.com/help/article?aid=6685586866860720134).Please change the promoted product/service in your ad or change the targeted loca",,STATEMENT_CATEGORY_SCOPE_OF_PLATFORM_SERVICE,,,,"[""CONTENT_TYPE_VIDEO""]",,,"2024-11-23 00:00:00","[""RO""]","2024-11-23 00:00:00","The decision was taken pursuant to own-initiative investigations.",SOURCE_VOLUNTARY,,Yes,AUTOMATED_DECISION_FULLY,TikTok,7440305774838029089,"2024-11-23 03:06:28"
5fa64244-6140-4b27-aa82-e2b4cbaa71a3,"[""DECISION_VISIBILITY_OTHER""]","Photo not eligible for recommendation in the For You feed, and visibility restricted in search results",,,,,,,,,,DECISION_GROUND_INCOMPATIBLE_CONTENT,,,,"Civic and Election Integrity","We want to enable the informed exchange of civic ideas in a way that fosters productive dialogue. Your video didn’t meet our eligibility standards for the For You Feed. Please review our Community Guidelines for more information.We proactively enforce our Community Guidelines through a mix of technology and human moderation. We have detected this policy violation using automated measures. We have used automated measures in making this decision.",,STATEMENT_CATEGORY_NEGATIVE_EFFECTS_ON_CIVIC_DISCOURSE_OR_ELECTIONS,,,,"[""CONTENT_TYPE_IMAGE""]",,,"2024-11-23 00:00:00","[""AT"",""BE"",""BG"",""CY"",""CZ"",""DE"",""DK"",""EE"",""ES"",""FI"",""FR"",""GR"",""HR"",""HU"",""IE"",""IT"",""LI"",""LT"",""LU"",""LV"",""MT"",""NL"",""NO"",""PL"",""PT"",""RO"",""SE"",""SI"",""SK""]","2024-11-23 00:00:00","The decision was taken pursuant to own-initiative investigations.",SOURCE_VOLUNTARY,,Yes,AUTOMATED_DECISION_FULLY,TikTok,7440305775186139937,"2024-11-23 03:06:30"
8bbd39e2-ae05-478c-a98d-b1d35649e02e,"[""DECISION_VISIBILITY_OTHER""]","Video not eligible for recommendation in the For You feed",,,,,,,,,,DECISION_GROUND_INCOMPATIBLE_CONTENT,,,,"Alcohol, Tobacco, and Drugs","While adults make personal choices about how they engage with alcohol, drugs, and tobacco, we recognize that there are risks connected to trading and using these substances. Content is ineligible for the For You feed and harder to find in search if it shows adults consuming excessive amounts of alcohol or tobacco products.We proactively enforce our Community Guidelines through a mix of technology and human moderation. We have detected this policy violation using automated measures. We have used automated measures in making this decision.",,STATEMENT_CATEGORY_SCOPE_OF_PLATFORM_SERVICE,,,,"[""CONTENT_TYPE_VIDEO""]",,,"2024-11-23 00:00:00","[""AT"",""BE"",""BG"",""CY"",""CZ"",""DE"",""DK"",""EE"",""ES"",""FI"",""FR"",""GR"",""HR"",""HU"",""IE"",""IT"",""LI"",""LT"",""LU"",""LV"",""MT"",""NL"",""NO"",""PL"",""PT"",""RO"",""SE"",""SI"",""SK""]","2024-11-23 00:00:00","The decision was taken pursuant to own-initiative investigations.",SOURCE_VOLUNTARY,,Yes,AUTOMATED_DECISION_FULLY,TikTok,7440305775186156321,"2024-11-23 03:06:30"
e123af51-b22d-4e82-979e-eda363b4e0cf,"[""DECISION_VISIBILITY_CONTENT_REMOVED""]",,,,,,,,,,,DECISION_GROUND_INCOMPATIBLE_CONTENT,,,,"Harassment and Bullying","We welcome the respectful expression of different viewpoints, but not toxicity or trolling. We do not allow language or behavior that harasses, humiliates, threatens, or doxes anyone. This also includes responding to such acts with retaliatory harassment (but excludes non-harassing counterspeech).We proactively enforce our Community Guidelines through a mix of technology and human moderation. We have detected this policy violation using automated measures. We have used automated measures in making this decision.",,STATEMENT_CATEGORY_ILLEGAL_OR_HARMFUL_SPEECH,,,,"[""CONTENT_TYPE_TEXT""]",,,"2024-11-23 00:00:00","[""AT"",""BE"",""BG"",""CY"",""CZ"",""DE"",""DK"",""EE"",""ES"",""FI"",""FR"",""GR"",""HR"",""HU"",""IE"",""IT"",""LI"",""LT"",""LU"",""LV"",""MT"",""NL"",""NO"",""PL"",""PT"",""RO"",""SE"",""SI"",""SK""]","2024-11-23 00:00:00","The decision was taken pursuant to own-initiative investigations.",SOURCE_VOLUNTARY,,Yes,AUTOMATED_DECISION_FULLY,TikTok,7440305775186172705,"2024-11-23 03:06:30"
1ffc04ba-0a2b-4216-a7fa-1ddc87bb112c,"[""DECISION_VISIBILITY_OTHER""]","Ad is not eligible for posting.",,,,,,,,,,DECISION_GROUND_INCOMPATIBLE_CONTENT,,,,"Our review indicates that your advertising content may violate TikTok's advertising policies by promoting prohibited products or services in the targeted locations. Our review indicates that your advertising content may violate TikTok's advertising policies by featuring a product/service which belongs to a prohibited industry of the targeted location(s) in your ad. For more policy details, please refer to ""TikTok Advertising Policies - Industry Entry"" (https://ads.tiktok.com/help/article?aid=668","For more policy details, please refer to """"TikTok Advertising Policies - Industry Entry"" (https://ads.tiktok.com/help/article?aid=6685586866860720134).Please change the promoted product/service in your ad or change the targeted location(s) in your ad group settings according to our policy. For more policy details, please refer to ""TikTok Advertising Policies - Industry Entry"" (https://ads.tiktok.com/help/article?aid=6685586866860720134). Please change the promoted product/service in your ad or change the targeted location(s) in your ad group settings according to our policy. For more policy details, please refer to ""TikTok Advertising Policies - Industry Entry"" (https://ads.tiktok.com/help/article?aid=6685586866860720134). For more policy details, please refer to """"TikTok Advertising Policies - Industry Entry"" (https://ads.tiktok.com/help/article?aid=6685586866860720134).Please change the promoted product/service in your ad or change the targeted location(s) in your ad group settings according to our policy. For more policy details, please refer to ""TikTok Advertising Policies - Industry Entry"" (https://ads.tiktok.com/help/article?aid=6685586866860720134). For more policy details, please refer to """"TikTok Advertising Policies - Industry Entry"" (https://ads.tiktok.com/help/article?aid=6685586866860720134).Please change the promoted product/service in your ad or change the targeted location(s) in your ad group settings according to our policy. For more policy details, please refer to ""TikTok Advertising Policies - Industry Entry"" (https://ads.tiktok.com/help/article?aid=6685586866860720134). For more policy details, please refer to """"TikTok Advertising Policies - Industry Entry"" (https://ads.tiktok.com/help/article?aid=6685586866860720134).Please change the promoted product/service in your ad or change the targeted location(s) in your ad group settings according to our policy. For more policy details, please refer to ""TikTok Advertising Policies - Industry Entry"" (htt",,STATEMENT_CATEGORY_SCOPE_OF_PLATFORM_SERVICE,,,,"[""CONTENT_TYPE_VIDEO""]",,,"2024-11-23 00:00:00","[""RO""]","2024-11-23 00:00:00","The decision was taken pursuant to own-initiative investigations.",SOURCE_VOLUNTARY,,Yes,AUTOMATED_DECISION_FULLY,TikTok,7440305774838045473,"2024-11-23 03:06:30"
e86193fb-c301-4ed0-8415-c589f06fa7e3,"[""DECISION_VISIBILITY_CONTENT_REMOVED""]",,,,,,,,,,,DECISION_GROUND_INCOMPATIBLE_CONTENT,,,,"Harassment and Bullying","We welcome the respectful expression of different viewpoints, but not toxicity or trolling. We do not allow language or behavior that harasses, humiliates, threatens, or doxes anyone. This also includes responding to such acts with retaliatory harassment (but excludes non-harassing counterspeech).We proactively enforce our Community Guidelines through a mix of technology and human moderation. We have detected this policy violation using automated measures. We have used automated measures in making this decision.",,STATEMENT_CATEGORY_ILLEGAL_OR_HARMFUL_SPEECH,,,,"[""CONTENT_TYPE_TEXT""]",,,"2024-11-23 00:00:00","[""AT"",""BE"",""BG"",""CY"",""CZ"",""DE"",""DK"",""EE"",""ES"",""FI"",""FR"",""GR"",""HR"",""HU"",""IE"",""IT"",""LI"",""LT"",""LU"",""LV"",""MT"",""NL"",""NO"",""PL"",""PT"",""RO"",""SE"",""SI"",""SK""]","2024-11-23 00:00:00","The decision was taken pursuant to own-initiative investigations.",SOURCE_VOLUNTARY,,Yes,AUTOMATED_DECISION_FULLY,TikTok,7440305778101066528,"2024-11-23 03:06:30"
a9c60bf6-4d09-4dc7-b29d-654afd0fba14,"[""DECISION_VISIBILITY_CONTENT_REMOVED""]",,,,,,,,,,,DECISION_GROUND_INCOMPATIBLE_CONTENT,,,,"Harassment and Bullying","We welcome the respectful expression of different viewpoints, but not toxicity or trolling. We do not allow language or behavior that harasses, humiliates, threatens, or doxes anyone. This also includes responding to such acts with retaliatory harassment (but excludes non-harassing counterspeech).We proactively enforce our Community Guidelines through a mix of technology and human moderation. We have detected this policy violation using automated measures. We have used automated measures in making this decision.",,STATEMENT_CATEGORY_ILLEGAL_OR_HARMFUL_SPEECH,,,,"[""CONTENT_TYPE_TEXT""]",,,"2024-11-23 00:00:00","[""AT"",""BE"",""BG"",""CY"",""CZ"",""DE"",""DK"",""EE"",""ES"",""FI"",""FR"",""GR"",""HR"",""HU"",""IE"",""IT"",""LI"",""LT"",""LU"",""LV"",""MT"",""NL"",""NO"",""PL"",""PT"",""RO"",""SE"",""SI"",""SK""]","2024-11-23 00:00:00","The decision was taken pursuant to own-initiative investigations.",SOURCE_VOLUNTARY,,Yes,AUTOMATED_DECISION_FULLY,TikTok,7440305778101082912,"2024-11-23 03:06:30"
aa2b8251-9272-4be9-a49c-d8b50a54f0ab,"[""DECISION_VISIBILITY_OTHER""]","Video not eligible for recommendation in the For You feed",,,,,,,,,,DECISION_GROUND_INCOMPATIBLE_CONTENT,,,,"Nudity and Body Exposure","We celebrate all shapes and sizes and want people to feel comfortable in how they present themselves and their bodies. Content is ineligible for the For You feed and harder to find in search if it shows moderate body exposure of a young person, or significant body exposure of an adult. We allow regional exceptions for body exposure in limited situations, such as common cultural practices.We proactively enforce our Community Guidelines through a mix of technology and human moderation. We have detected this policy violation using automated measures. We have used automated measures in making this decision.",,STATEMENT_CATEGORY_SCOPE_OF_PLATFORM_SERVICE,,,,"[""CONTENT_TYPE_VIDEO""]",,,"2024-11-23 00:00:00","[""AT"",""BE"",""BG"",""CY"",""CZ"",""DE"",""DK"",""EE"",""ES"",""FI"",""FR"",""GR"",""HR"",""HU"",""IE"",""IT"",""LI"",""LT"",""LU"",""LV"",""MT"",""NL"",""NO"",""PL"",""PT"",""RO"",""SE"",""SI"",""SK""]","2024-11-23 00:00:00","The decision was taken pursuant to own-initiative investigations.",SOURCE_VOLUNTARY,,Yes,AUTOMATED_DECISION_FULLY,TikTok,7440305778101099296,"2024-11-23 03:06:30"
1265fcb5-3c48-4fb1-83d0-631e9f4d02bb,"[""DECISION_VISIBILITY_OTHER""]","Ad is not eligible for posting.",,,,,,,,,,DECISION_GROUND_INCOMPATIBLE_CONTENT,,,,"Our review indicates that your advertising content may violate TikTok's advertising policies by featuring a product/service which belongs to a prohibited industry of the targeted location(s) in your ad. For more policy details, please refer to ""TikTok Advertising Policies - Industry Entry"" (https://ads.tiktok.com/help/article?aid=6685586866860720134). Our review indicates that your advertising content may violate TikTok's advertising policies by promoting prohibited products or services in the t","Please change the promoted product/service in your ad or change the targeted location(s) in your ad group settings according to our policy. For more policy details, please refer to ""TikTok Advertising Policies - Industry Entry"" (https://ads.tiktok.com/help/article?aid=6685586866860720134). For more policy details, please refer to """"TikTok Advertising Policies - Industry Entry"" (https://ads.tiktok.com/help/article?aid=6685586866860720134).Please change the promoted product/service in your ad or change the targeted location(s) in your ad group settings according to our policy. For more policy details, please refer to ""TikTok Advertising Policies - Industry Entry"" (https://ads.tiktok.com/help/article?aid=6685586866860720134). For more policy details, please refer to """"TikTok Advertising Policies - Industry Entry"" (https://ads.tiktok.com/help/article?aid=6685586866860720134).Please change the promoted product/service in your ad or change the targeted location(s) in your ad group settings according to our policy. For more policy details, please refer to ""TikTok Advertising Policies - Industry Entry"" (https://ads.tiktok.com/help/article?aid=6685586866860720134). For more policy details, please refer to """"TikTok Advertising Policies - Industry Entry"" (https://ads.tiktok.com/help/article?aid=6685586866860720134).Please change the promoted product/service in your ad or change the targeted location(s) in your ad group settings according to our policy. For more policy details, please refer to ""TikTok Advertising Policies - Industry Entry"" (https://ads.tiktok.com/help/article?aid=6685586866860720134). For more policy details, please refer to """"TikTok Advertising Policies - Industry Entry"" (https://ads.tiktok.com/help/article?aid=6685586866860720134).Please change the promoted product/service in your ad or change the targeted location(s) in your ad group settings according to our policy. For more policy details, please refer to ""TikTok Advertising Policies - Industry Entry"" (htt",,STATEMENT_CATEGORY_SCOPE_OF_PLATFORM_SERVICE,,,,"[""CONTENT_TYPE_VIDEO""]",,,"2024-11-23 00:00:00","[""RO""]","2024-11-23 00:00:00","The decision was taken pursuant to own-initiative investigations.",SOURCE_VOLUNTARY,,Yes,AUTOMATED_DECISION_FULLY,TikTok,7440305778101115680,"2024-11-23 03:06:30"
8a9dd40c-483f-4460-b02b-dc81de32f3df,"[""DECISION_VISIBILITY_OTHER""]","Photo not eligible for recommendation in the For You feed",,,,,,,,,,DECISION_GROUND_INCOMPATIBLE_CONTENT,,,,"Dangerous Activities and Challenges","Most activities or challenges are appropriate for everyone, but some carry a risk of significant injury. Content is ineligible for the For You feed if it involves activities that are likely to lead to moderate physical harm, or includes professionals who are performing extreme sports and stunts that may endanger others.We proactively enforce our Community Guidelines through a mix of technology and human moderation. We have detected this policy violation using automated measures. We have used automated measures in making this decision.",,STATEMENT_CATEGORY_NEGATIVE_EFFECTS_ON_CIVIC_DISCOURSE_OR_ELECTIONS,,,,"[""CONTENT_TYPE_IMAGE""]",,,"2024-11-23 00:00:00","[""AT"",""BE"",""BG"",""CY"",""CZ"",""DE"",""DK"",""EE"",""ES"",""FI"",""FR"",""GR"",""HR"",""HU"",""IE"",""IT"",""LI"",""LT"",""LU"",""LV"",""MT"",""NL"",""NO"",""PL"",""PT"",""RO"",""SE"",""SI"",""SK""]","2024-11-23 00:00:00","The decision was taken pursuant to own-initiative investigations.",SOURCE_VOLUNTARY,,Yes,AUTOMATED_DECISION_FULLY,TikTok,7440305778101132064,"2024-11-23 03:06:30"
85a5cdf7-d4e0-45bd-adb1-e8609fda60c8,"[""DECISION_VISIBILITY_CONTENT_REMOVED""]",,,,,,,,,,,DECISION_GROUND_INCOMPATIBLE_CONTENT,,,,"Nudity and Body Exposure","We celebrate all shapes and sizes and want people to feel comfortable in how they present themselves and their bodies. We do not allow nudity, including uncovered genitals and buttocks, as well as nipples and areolas of women and girls. Sheer and partially see-through clothing is not considered covered.Users and 3rd-parties can report policy violations to us. We have detected this policy violation based on a report that the profile violated our Community Guidelines.",,STATEMENT_CATEGORY_SCOPE_OF_PLATFORM_SERVICE,,,,"[""CONTENT_TYPE_OTHER""]","Profile information",,"2000-01-01 00:00:00","[""AT"",""BE"",""BG"",""CY"",""CZ"",""DE"",""DK"",""EE"",""ES"",""FI"",""FR"",""GR"",""HR"",""HU"",""IE"",""IT"",""LI"",""LT"",""LU"",""LV"",""MT"",""NL"",""NO"",""PL"",""PT"",""RO"",""SE"",""SI"",""SK""]","2024-11-23 00:00:00","The decision was taken in response to a report alleging a violation of our Community Guidelines.",SOURCE_VOLUNTARY,,No,AUTOMATED_DECISION_NOT_AUTOMATED,TikTok,7440305779829119776,"2024-11-23 03:06:30"
a2640239-efe8-4772-8fc7-3a580310e6e4,"[""DECISION_VISIBILITY_OTHER""]","Ad is not eligible for posting.",,,,,,,,,,DECISION_GROUND_INCOMPATIBLE_CONTENT,,,,"Our review indicates that your advertising content may violate TikTok's advertising policies by featuring a product/service which belongs to a prohibited industry of the targeted location(s) in your ad. For more policy details, please refer to ""TikTok Advertising Policies - Industry Entry"" (https://ads.tiktok.com/help/article?aid=6685586866860720134). Our review indicates that your advertising content may violate TikTok's advertising policies by promoting prohibited products or services in the t","Please change the promoted product/service in your ad or change the targeted location(s) in your ad group settings according to our policy. For more policy details, please refer to ""TikTok Advertising Policies - Industry Entry"" (https://ads.tiktok.com/help/article?aid=6685586866860720134). For more policy details, please refer to """"TikTok Advertising Policies - Industry Entry"" (https://ads.tiktok.com/help/article?aid=6685586866860720134).For more policy details, please refer to """"TikTok Advertising Policies - Industry Entry"" (https://ads.tiktok.com/help/article?aid=6685586866860720134).Please change the promoted product/service in your ad or change the targeted location(s) in your ad group settings according to our policy. For more policy details, please refer to ""TikTok Advertising Policies - Industry Entry"" (https://ads.tiktok.com/help/article?aid=6685586866860720134). Please change the promoted product/service in your ad or change the targeted location(s) in your ad group settings according to our policy. For more policy details, please refer to ""TikTok Advertising Policies - Industry Entry"" (https://ads.tiktok.com/help/article?aid=6685586866860720134). For more policy details, please refer to """"TikTok Advertising Policies - Industry Entry"" (https://ads.tiktok.com/help/article?aid=6685586866860720134).For more policy details, please refer to """"TikTok Advertising Policies - Industry Entry"" (https://ads.tiktok.com/help/article?aid=6685586866860720134).Please change the promoted product/service in your ad or change the targeted location(s) in your ad group settings according to our policy. For more policy details, please refer to ""TikTok Advertising Policies - Industry Entry"" (https://ads.tiktok.com/help/article?aid=6685586866860720134). Please change the promoted product/service in your ad or change the targeted location(s) in your ad group settings according to our policy. For more policy details, please refer to ""TikTok Advertising Policies - Industry Entry"" (htt",,STATEMENT_CATEGORY_SCOPE_OF_PLATFORM_SERVICE,,,,"[""CONTENT_TYPE_VIDEO""]",,,"2024-11-23 00:00:00","[""RO""]","2024-11-23 00:00:00","The decision was taken pursuant to own-initiative investigations.",SOURCE_VOLUNTARY,,Yes,AUTOMATED_DECISION_FULLY,TikTok,7440305778101148448,"2024-11-23 03:06:30"
60ff08f5-41af-4607-acab-214b9128ac3e,"[""DECISION_VISIBILITY_OTHER""]","Ad is not eligible for posting.",,,,,,,,,,DECISION_GROUND_INCOMPATIBLE_CONTENT,,,,"Our review indicates that your advertising content may violate TikTok's advertising policies by featuring a product/service which belongs to a prohibited industry of the targeted location(s) in your ad. For more policy details, please refer to ""TikTok Advertising Policies - Industry Entry"" (https://ads.tiktok.com/help/article?aid=6685586866860720134). Our review indicates that your advertising content may violate TikTok's advertising policies by promoting prohibited products or services in the t","Please change the promoted product/service in your ad or change the targeted location(s) in your ad group settings according to our policy. For more policy details, please refer to ""TikTok Advertising Policies - Industry Entry"" (https://ads.tiktok.com/help/article?aid=6685586866860720134). For more policy details, please refer to """"TikTok Advertising Policies - Industry Entry"" (https://ads.tiktok.com/help/article?aid=6685586866860720134).For more policy details, please refer to """"TikTok Advertising Policies - Industry Entry"" (https://ads.tiktok.com/help/article?aid=6685586866860720134).Please change the promoted product/service in your ad or change the targeted location(s) in your ad group settings according to our policy. For more policy details, please refer to ""TikTok Advertising Policies - Industry Entry"" (https://ads.tiktok.com/help/article?aid=6685586866860720134). For more policy details, please refer to """"TikTok Advertising Policies - Industry Entry"" (https://ads.tiktok.com/help/article?aid=6685586866860720134).Please change the promoted product/service in your ad or change the targeted location(s) in your ad group settings according to our policy. For more policy details, please refer to ""TikTok Advertising Policies - Industry Entry"" (https://ads.tiktok.com/help/article?aid=6685586866860720134). Please change the promoted product/service in your ad or change the targeted location(s) in your ad group settings according to our policy. For more policy details, please refer to ""TikTok Advertising Policies - Industry Entry"" (https://ads.tiktok.com/help/article?aid=6685586866860720134). For more policy details, please refer to """"TikTok Advertising Policies - Industry Entry"" (https://ads.tiktok.com/help/article?aid=6685586866860720134).Please change the promoted product/service in your ad or change the targeted location(s) in your ad group settings according to our policy. For more policy details, please refer to ""TikTok Advertising Policies - Industry Entry"" (htt",,STATEMENT_CATEGORY_SCOPE_OF_PLATFORM_SERVICE,,,,"[""CONTENT_TYPE_VIDEO""]",,,"2024-11-23 00:00:00","[""RO""]","2024-11-23 00:00:00","The decision was taken pursuant to own-initiative investigations.",SOURCE_VOLUNTARY,,Yes,AUTOMATED_DECISION_FULLY,TikTok,7440305779829136160,"2024-11-23 03:06:30"
e2e34530-fab2-4bb7-96f9-84673a180fcc,"[""DECISION_VISIBILITY_OTHER""]","Ad is not eligible for posting.",,,,,,,,,,DECISION_GROUND_INCOMPATIBLE_CONTENT,,,,"Our review indicates that your advertising content may violate TikTok's advertising policies by promoting prohibited products or services in the targeted locations. Our review indicates that your advertising content may violate TikTok's advertising policies by featuring a product/service which belongs to a prohibited industry of the targeted location(s) in your ad. For more policy details, please refer to ""TikTok Advertising Policies - Industry Entry"" (https://ads.tiktok.com/help/article?aid=668","For more policy details, please refer to """"TikTok Advertising Policies - Industry Entry"" (https://ads.tiktok.com/help/article?aid=6685586866860720134).Please change the promoted product/service in your ad or change the targeted location(s) in your ad group settings according to our policy. For more policy details, please refer to ""TikTok Advertising Policies - Industry Entry"" (https://ads.tiktok.com/help/article?aid=6685586866860720134). Please change the promoted product/service in your ad or change the targeted location(s) in your ad group settings according to our policy. For more policy details, please refer to ""TikTok Advertising Policies - Industry Entry"" (https://ads.tiktok.com/help/article?aid=6685586866860720134). For more policy details, please refer to """"TikTok Advertising Policies - Industry Entry"" (https://ads.tiktok.com/help/article?aid=6685586866860720134).Please change the promoted product/service in your ad or change the targeted location(s) in your ad group settings according to our policy. For more policy details, please refer to ""TikTok Advertising Policies - Industry Entry"" (https://ads.tiktok.com/help/article?aid=6685586866860720134). For more policy details, please refer to """"TikTok Advertising Policies - Industry Entry"" (https://ads.tiktok.com/help/article?aid=6685586866860720134).Please change the promoted product/service in your ad or change the targeted location(s) in your ad group settings according to our policy. For more policy details, please refer to ""TikTok Advertising Policies - Industry Entry"" (https://ads.tiktok.com/help/article?aid=6685586866860720134). For more policy details, please refer to """"TikTok Advertising Policies - Industry Entry"" (https://ads.tiktok.com/help/article?aid=6685586866860720134).Please change the promoted product/service in your ad or change the targeted location(s) in your ad group settings according to our policy. For more policy details, please refer to ""TikTok Advertising Policies - Industry Entry"" (htt",,STATEMENT_CATEGORY_SCOPE_OF_PLATFORM_SERVICE,,,,"[""CONTENT_TYPE_VIDEO""]",,,"2024-11-23 00:00:00","[""RO""]","2024-11-23 00:00:00","The decision was taken pursuant to own-initiative investigations.",SOURCE_VOLUNTARY,,Yes,AUTOMATED_DECISION_FULLY,TikTok,7440305779829152544,"2024-11-23 03:06:30"
3c0c8ced-52c3-4cf7-8742-e9973cbe8847,"[""DECISION_VISIBILITY_CONTENT_REMOVED""]",,,,,,,,,,,DECISION_GROUND_INCOMPATIBLE_CONTENT,,,,"Harassment and Bullying","We welcome the respectful expression of different viewpoints, but not toxicity or trolling. We do not allow language or behavior that harasses, humiliates, threatens, or doxes anyone. This also includes responding to such acts with retaliatory harassment (but excludes non-harassing counterspeech).We proactively enforce our Community Guidelines through a mix of technology and human moderation. We have detected this policy violation using automated measures. We have used automated measures in making this decision.",,STATEMENT_CATEGORY_ILLEGAL_OR_HARMFUL_SPEECH,,,,"[""CONTENT_TYPE_TEXT""]",,,"2024-11-23 00:00:00","[""AT"",""BE"",""BG"",""CY"",""CZ"",""DE"",""DK"",""EE"",""ES"",""FI"",""FR"",""GR"",""HR"",""HU"",""IE"",""IT"",""LI"",""LT"",""LU"",""LV"",""MT"",""NL"",""NO"",""PL"",""PT"",""RO"",""SE"",""SI"",""SK""]","2024-11-23 00:00:00","The decision was taken pursuant to own-initiative investigations.",SOURCE_VOLUNTARY,,Yes,AUTOMATED_DECISION_FULLY,TikTok,7440305779829168928,"2024-11-23 03:06:30"
b5875cca-2123-45b9-8a40-61411d59abfe,"[""DECISION_VISIBILITY_CONTENT_REMOVED""]",,,,,,,,,,,DECISION_GROUND_INCOMPATIBLE_CONTENT,,,,"Community Guidelines","Your content is against our Community Guidelines. The guidelines include rules and standards for using TikTok that apply to everyone and everything on our platform.We proactively enforce our Community Guidelines through a mix of technology and human moderation. We have detected this policy violation using automated measures. We have used automated measures in making this decision.",,STATEMENT_CATEGORY_SCOPE_OF_PLATFORM_SERVICE,,,,"[""CONTENT_TYPE_IMAGE""]",,,"2024-11-23 00:00:00","[""AT"",""BE"",""BG"",""CY"",""CZ"",""DE"",""DK"",""EE"",""ES"",""FI"",""FR"",""GR"",""HR"",""HU"",""IE"",""IT"",""LI"",""LT"",""LU"",""LV"",""MT"",""NL"",""NO"",""PL"",""PT"",""RO"",""SE"",""SI"",""SK""]","2024-11-23 00:00:00","The decision was taken pursuant to own-initiative investigations.",SOURCE_VOLUNTARY,,Yes,AUTOMATED_DECISION_FULLY,TikTok,7440305779829185312,"2024-11-23 03:06:30"
981681d0-740b-4f6e-804f-c15c42b7e19a,"[""DECISION_VISIBILITY_CONTENT_REMOVED""]",,,,,,,,,,,DECISION_GROUND_INCOMPATIBLE_CONTENT,,,,"Community Guidelines","Your content is against our Community Guidelines. The guidelines include rules and standards for using TikTok that apply to everyone and everything on our platform.We proactively enforce our Community Guidelines through a mix of technology and human moderation. We have detected this policy violation using automated measures. We have used automated measures in making this decision.",,STATEMENT_CATEGORY_SCOPE_OF_PLATFORM_SERVICE,,,,"[""CONTENT_TYPE_IMAGE""]",,,"2024-11-23 00:00:00","[""AT"",""BE"",""BG"",""CY"",""CZ"",""DE"",""DK"",""EE"",""ES"",""FI"",""FR"",""GR"",""HR"",""HU"",""IE"",""IT"",""LI"",""LT"",""LU"",""LV"",""MT"",""NL"",""NO"",""PL"",""PT"",""RO"",""SE"",""SI"",""SK""]","2024-11-23 00:00:00","The decision was taken pursuant to own-initiative investigations.",SOURCE_VOLUNTARY,,Yes,AUTOMATED_DECISION_FULLY,TikTok,7440305779829201696,"2024-11-23 03:06:30"
67631eed-ab64-4261-9130-65458f424407,"[""DECISION_VISIBILITY_CONTENT_REMOVED""]",,,,,,,,,,,DECISION_GROUND_INCOMPATIBLE_CONTENT,,,,"Community Guidelines","Your content is against our Community Guidelines. The guidelines include rules and standards for using TikTok that apply to everyone and everything on our platform.We proactively enforce our Community Guidelines through a mix of technology and human moderation. We have detected this policy violation using automated measures. We have used automated measures in making this decision.",,STATEMENT_CATEGORY_SCOPE_OF_PLATFORM_SERVICE,,,,"[""CONTENT_TYPE_IMAGE""]",,,"2024-11-23 00:00:00","[""AT"",""BE"",""BG"",""CY"",""CZ"",""DE"",""DK"",""EE"",""ES"",""FI"",""FR"",""GR"",""HR"",""HU"",""IE"",""IT"",""LI"",""LT"",""LU"",""LV"",""MT"",""NL"",""NO"",""PL"",""PT"",""RO"",""SE"",""SI"",""SK""]","2024-11-23 00:00:00","The decision was taken pursuant to own-initiative investigations.",SOURCE_VOLUNTARY,,Yes,AUTOMATED_DECISION_FULLY,TikTok,7440305778101164832,"2024-11-23 03:06:30"
01907aa4-021f-4bbf-8be8-f35eee6026a5,"[""DECISION_VISIBILITY_CONTENT_REMOVED""]",,,,,,,,,,,DECISION_GROUND_INCOMPATIBLE_CONTENT,,,,"Sexual Exploitation and Gender-Based Violence","We are committed to providing a space that embraces gender equity, supports healthy relationships, and respects intimate privacy. We do not allow sexual exploitation or gender-based violence, including non-consensual sexual acts, image-based sexual abuse, sextortion, physical abuse, and sexual harassment.We proactively enforce our Community Guidelines through a mix of technology and human moderation. We have detected this policy violation using automated measures. We have used automated measures in making this decision.",,STATEMENT_CATEGORY_VIOLENCE,,,,"[""CONTENT_TYPE_TEXT""]",,,"2024-11-23 00:00:00","[""AT"",""BE"",""BG"",""CY"",""CZ"",""DE"",""DK"",""EE"",""ES"",""FI"",""FR"",""GR"",""HR"",""HU"",""IE"",""IT"",""LI"",""LT"",""LU"",""LV"",""MT"",""NL"",""NO"",""PL"",""PT"",""RO"",""SE"",""SI"",""SK""]","2024-11-23 00:00:00","The decision was taken pursuant to own-initiative investigations.",SOURCE_VOLUNTARY,,Yes,AUTOMATED_DECISION_FULLY,TikTok,7440305778101181216,"2024-11-23 03:06:30"
540fc5d9-c62d-4a05-be4b-503abc749a76,"[""DECISION_VISIBILITY_CONTENT_REMOVED""]",,,,,,,,,,,DECISION_GROUND_INCOMPATIBLE_CONTENT,,,,"Violent Behaviors and Criminal Activities","We recognize that online content related to violence can cause real-world harm. We do not allow any violent threats, incitement to violence, or promotion of criminal activities that may harm people, animals, or property. If there is a specific, credible, and imminent threat to human life or serious physical injury, we will report it to relevant law enforcement authorities.We proactively enforce our Community Guidelines through a mix of technology and human moderation. We have detected this policy violation using automated measures. We have used automated measures in making this decision.",,STATEMENT_CATEGORY_VIOLENCE,,,,"[""CONTENT_TYPE_TEXT""]",,,"2024-11-23 00:00:00","[""AT"",""BE"",""BG"",""CY"",""CZ"",""DE"",""DK"",""EE"",""ES"",""FI"",""FR"",""GR"",""HR"",""HU"",""IE"",""IT"",""LI"",""LT"",""LU"",""LV"",""MT"",""NL"",""NO"",""PL"",""PT"",""RO"",""SE"",""SI"",""SK""]","2024-11-23 00:00:00","The decision was taken pursuant to own-initiative investigations.",SOURCE_VOLUNTARY,,Yes,AUTOMATED_DECISION_FULLY,TikTok,7440305779829218080,"2024-11-23 03:06:30"
9cdfc7df-77ad-4d8c-aeb6-9097fb2a1ee2,"[""DECISION_VISIBILITY_CONTENT_REMOVED""]",,,,,,,,,,,DECISION_GROUND_INCOMPATIBLE_CONTENT,,,,"Community Guidelines","Your content is against our Community Guidelines. The guidelines include rules and standards for using TikTok that apply to everyone and everything on our platform.We proactively enforce our Community Guidelines through a mix of technology and human moderation. We have detected this policy violation using automated measures. We have used automated measures in making this decision.",,STATEMENT_CATEGORY_SCOPE_OF_PLATFORM_SERVICE,,,,"[""CONTENT_TYPE_IMAGE""]",,,"2024-11-23 00:00:00","[""AT"",""BE"",""BG"",""CY"",""CZ"",""DE"",""DK"",""EE"",""ES"",""FI"",""FR"",""GR"",""HR"",""HU"",""IE"",""IT"",""LI"",""LT"",""LU"",""LV"",""MT"",""NL"",""NO"",""PL"",""PT"",""RO"",""SE"",""SI"",""SK""]","2024-11-23 00:00:00","The decision was taken pursuant to own-initiative investigations.",SOURCE_VOLUNTARY,,Yes,AUTOMATED_DECISION_FULLY,TikTok,7440305779829234464,"2024-11-23 03:06:30"
9e7ad0fc-3ac4-41c1-8c77-bd0f019bd7d0,"[""DECISION_VISIBILITY_CONTENT_REMOVED""]",,,,,,,,,,,DECISION_GROUND_INCOMPATIBLE_CONTENT,,,,"Community Guidelines","Your content is against our Community Guidelines. The guidelines include rules and standards for using TikTok that apply to everyone and everything on our platform.We proactively enforce our Community Guidelines through a mix of technology and human moderation. We have detected this policy violation using automated measures. We have used automated measures in making this decision.",,STATEMENT_CATEGORY_SCOPE_OF_PLATFORM_SERVICE,,,,"[""CONTENT_TYPE_IMAGE""]",,,"2024-11-23 00:00:00","[""AT"",""BE"",""BG"",""CY"",""CZ"",""DE"",""DK"",""EE"",""ES"",""FI"",""FR"",""GR"",""HR"",""HU"",""IE"",""IT"",""LI"",""LT"",""LU"",""LV"",""MT"",""NL"",""NO"",""PL"",""PT"",""RO"",""SE"",""SI"",""SK""]","2024-11-23 00:00:00","The decision was taken pursuant to own-initiative investigations.",SOURCE_VOLUNTARY,,Yes,AUTOMATED_DECISION_FULLY,TikTok,7440305778101197600,"2024-11-23 03:06:30"
284eb932-f5a3-4bf4-8978-f183303f1af8,"[""DECISION_VISIBILITY_OTHER""]","Video not eligible for recommendation in the For You feed",,,,,,,,,,DECISION_GROUND_INCOMPATIBLE_CONTENT,,,,"Community Guidelines","We maintain content eligibility standards for the For You feed (FYF) that prioritize safety and are informed by the diversity of our community and cultural norms. We make ineligible for the FYF certain content that may not be appropriate for a broad audience related to: (1) Behavioral Health, (2) Sensitive and Mature Themes, (3) Integrity and Authenticity, and (4) Regulated Goods. Content that is ineligible for the FYF can still be discovered in other ways, such as through search tools or by following an account.We proactively enforce our Community Guidelines through a mix of technology and human moderation. We have detected this policy violation using automated measures. We have used automated measures in making this decision.",,STATEMENT_CATEGORY_SCOPE_OF_PLATFORM_SERVICE,,,,"[""CONTENT_TYPE_VIDEO""]",,,"2024-11-23 00:00:00","[""AT"",""BE"",""BG"",""CY"",""CZ"",""DE"",""DK"",""EE"",""ES"",""FI"",""FR"",""GR"",""HR"",""HU"",""IE"",""IT"",""LI"",""LT"",""LU"",""LV"",""MT"",""NL"",""NO"",""PL"",""PT"",""RO"",""SE"",""SI"",""SK""]","2024-11-23 00:00:00","The decision was taken pursuant to own-initiative investigations.",SOURCE_VOLUNTARY,,Yes,AUTOMATED_DECISION_FULLY,TikTok,7440305779829250848,"2024-11-23 03:06:30"
3ffb267e-7f2d-4f42-9967-060937c958a2,"[""DECISION_VISIBILITY_CONTENT_REMOVED""]",,,,,,,,,,,DECISION_GROUND_INCOMPATIBLE_CONTENT,,,,"Hate Speech and Hateful Behaviors","TikTok is enriched by the various backgrounds of our community members. Our differences should be respected, rather than a cause for division. We do not allow any hateful behavior, hate speech, or promotion of hateful ideologies. This includes content that attacks a person or group because of protected attributes.We proactively enforce our Community Guidelines through a mix of technology and human moderation. We have detected this policy violation using automated measures. We have used automated measures in making this decision.",,STATEMENT_CATEGORY_ILLEGAL_OR_HARMFUL_SPEECH,,,,"[""CONTENT_TYPE_TEXT""]",,,"2024-11-23 00:00:00","[""AT"",""BE"",""BG"",""CY"",""CZ"",""DE"",""DK"",""EE"",""ES"",""FI"",""FR"",""GR"",""HR"",""HU"",""IE"",""IT"",""LI"",""LT"",""LU"",""LV"",""MT"",""NL"",""NO"",""PL"",""PT"",""RO"",""SE"",""SI"",""SK""]","2024-11-23 00:00:00","The decision was taken pursuant to own-initiative investigations.",SOURCE_VOLUNTARY,,Yes,AUTOMATED_DECISION_FULLY,TikTok,7440305778101213984,"2024-11-23 03:06:30"
ffb290f3-2b57-4189-b20d-178fb884450b,"[""DECISION_VISIBILITY_OTHER""]","Ad is not eligible for posting.",,,,,,,,,,DECISION_GROUND_INCOMPATIBLE_CONTENT,,,,"Our review indicates that your advertising content may violate TikTok's advertising policies by promoting prohibited products or services in the targeted locations. Our review indicates that your advertising content may violate TikTok's advertising policies by featuring a product/service which belongs to a prohibited industry of the targeted location(s) in your ad. For more policy details, please refer to ""TikTok Advertising Policies - Industry Entry"" (https://ads.tiktok.com/help/article?aid=668","For more policy details, please refer to """"TikTok Advertising Policies - Industry Entry"" (https://ads.tiktok.com/help/article?aid=6685586866860720134).Please change the promoted product/service in your ad or change the targeted location(s) in your ad group settings according to our policy. For more policy details, please refer to ""TikTok Advertising Policies - Industry Entry"" (https://ads.tiktok.com/help/article?aid=6685586866860720134). For more policy details, please refer to """"TikTok Advertising Policies - Industry Entry"" (https://ads.tiktok.com/help/article?aid=6685586866860720134).Please change the promoted product/service in your ad or change the targeted location(s) in your ad group settings according to our policy. For more policy details, please refer to ""TikTok Advertising Policies - Industry Entry"" (https://ads.tiktok.com/help/article?aid=6685586866860720134). Please change the promoted product/service in your ad or change the targeted location(s) in your ad group settings according to our policy. For more policy details, please refer to ""TikTok Advertising Policies - Industry Entry"" (https://ads.tiktok.com/help/article?aid=6685586866860720134). For more policy details, please refer to """"TikTok Advertising Policies - Industry Entry"" (https://ads.tiktok.com/help/article?aid=6685586866860720134).Please change the promoted product/service in your ad or change the targeted location(s) in your ad group settings according to our policy. For more policy details, please refer to ""TikTok Advertising Policies - Industry Entry"" (https://ads.tiktok.com/help/article?aid=6685586866860720134). For more policy details, please refer to """"TikTok Advertising Policies - Industry Entry"" (https://ads.tiktok.com/help/article?aid=6685586866860720134).Please change the promoted product/service in your ad or change the targeted location(s) in your ad group settings according to our policy. For more policy details, please refer to ""TikTok Advertising Policies - Industry Entry"" (htt",,STATEMENT_CATEGORY_SCOPE_OF_PLATFORM_SERVICE,,,,"[""CONTENT_TYPE_VIDEO""]",,,"2024-11-23 00:00:00","[""RO""]","2024-11-23 00:00:00","The decision was taken pursuant to own-initiative investigations.",SOURCE_VOLUNTARY,,Yes,AUTOMATED_DECISION_FULLY,TikTok,7440305779829267232,"2024-11-23 03:06:30"
ce7ad980-9878-42a3-86c5-62a6dc6f8f1a,"[""DECISION_VISIBILITY_OTHER""]","Ad is not eligible for posting.",,,,,,,,,,DECISION_GROUND_INCOMPATIBLE_CONTENT,,,,"Our review indicates that your advertising content may violate TikTok's advertising policies by featuring a product/service which belongs to a prohibited industry of the targeted location(s) in your ad. For more policy details, please refer to ""TikTok Advertising Policies - Industry Entry"" (https://ads.tiktok.com/help/article?aid=6685586866860720134). Our review indicates that your advertising content may violate TikTok's advertising policies by promoting prohibited products or services in the t","Please change the promoted product/service in your ad or change the targeted location(s) in your ad group settings according to our policy. For more policy details, please refer to ""TikTok Advertising Policies - Industry Entry"" (https://ads.tiktok.com/help/article?aid=6685586866860720134). For more policy details, please refer to """"TikTok Advertising Policies - Industry Entry"" (https://ads.tiktok.com/help/article?aid=6685586866860720134).Please change the promoted product/service in your ad or change the targeted location(s) in your ad group settings according to our policy. For more policy details, please refer to ""TikTok Advertising Policies - Industry Entry"" (https://ads.tiktok.com/help/article?aid=6685586866860720134). For more policy details, please refer to """"TikTok Advertising Policies - Industry Entry"" (https://ads.tiktok.com/help/article?aid=6685586866860720134).Please change the promoted product/service in your ad or change the targeted location(s) in your ad group settings according to our policy. For more policy details, please refer to ""TikTok Advertising Policies - Industry Entry"" (https://ads.tiktok.com/help/article?aid=6685586866860720134). For more policy details, please refer to """"TikTok Advertising Policies - Industry Entry"" (https://ads.tiktok.com/help/article?aid=6685586866860720134).For more policy details, please refer to """"TikTok Advertising Policies - Industry Entry"" (https://ads.tiktok.com/help/article?aid=6685586866860720134).Please change the promoted product/service in your ad or change the targeted location(s) in your ad group settings according to our policy. For more policy details, please refer to ""TikTok Advertising Policies - Industry Entry"" (https://ads.tiktok.com/help/article?aid=6685586866860720134). Please change the promoted product/service in your ad or change the targeted location(s) in your ad group settings according to our policy. For more policy details, please refer to ""TikTok Advertising Policies - Industry Entry"" (htt",,STATEMENT_CATEGORY_SCOPE_OF_PLATFORM_SERVICE,,,,"[""CONTENT_TYPE_VIDEO""]",,,"2024-11-23 00:00:00","[""RO""]","2024-11-23 00:00:00","The decision was taken pursuant to own-initiative investigations.",SOURCE_VOLUNTARY,,Yes,AUTOMATED_DECISION_FULLY,TikTok,7440305784627403553,"2024-11-23 03:06:30"
d08af677-6d75-49b6-b85b-64937d80083f,"[""DECISION_VISIBILITY_CONTENT_REMOVED""]",,,,,,,,,,,DECISION_GROUND_INCOMPATIBLE_CONTENT,,,,"Community Guidelines","Your content is against our Community Guidelines. The guidelines include rules and standards for using TikTok that apply to everyone and everything on our platform.Users and 3rd-parties can report policy violations to us. We have detected this policy violation based on a report that the content violated our Community Guidelines.",,STATEMENT_CATEGORY_SCOPE_OF_PLATFORM_SERVICE,,,,"[""CONTENT_TYPE_TEXT""]",,,"2024-11-23 00:00:00","[""AT"",""BE"",""BG"",""CY"",""CZ"",""DE"",""DK"",""EE"",""ES"",""FI"",""FR"",""GR"",""HR"",""HU"",""IE"",""IT"",""LI"",""LT"",""LU"",""LV"",""MT"",""NL"",""NO"",""PL"",""PT"",""RO"",""SE"",""SI"",""SK""]","2024-11-23 00:00:00","The decision was taken in response to a report alleging a violation of our Community Guidelines.",SOURCE_VOLUNTARY,,No,AUTOMATED_DECISION_NOT_AUTOMATED,TikTok,7440305784627419937,"2024-11-23 03:06:32"
2babeabf-72b6-499a-8406-cee42e9bb6b6,"[""DECISION_VISIBILITY_OTHER""]","Photo not eligible for recommendation in the For You feed, and visibility restricted in search results",,,,,,,,,,DECISION_GROUND_INCOMPATIBLE_CONTENT,,,,"Community Guidelines","We maintain content eligibility standards for the For You feed (FYF) that prioritize safety and are informed by the diversity of our community and cultural norms. We make ineligible for the FYF certain content that may not be appropriate for a broad audience related to: (1) Behavioral Health, (2) Sensitive and Mature Themes, (3) Integrity and Authenticity, and (4) Regulated Goods. Content that is ineligible for the FYF can still be discovered in other ways, such as through search tools or by following an account.We proactively enforce our Community Guidelines through a mix of technology and human moderation. We have detected this policy violation using automated measures. We have used automated measures in making this decision.",,STATEMENT_CATEGORY_SCOPE_OF_PLATFORM_SERVICE,,,,"[""CONTENT_TYPE_IMAGE""]",,,"2024-11-23 00:00:00","[""AT"",""BE"",""BG"",""CY"",""CZ"",""DE"",""DK"",""EE"",""ES"",""FI"",""FR"",""GR"",""HR"",""HU"",""IE"",""IT"",""LI"",""LT"",""LU"",""LV"",""MT"",""NL"",""NO"",""PL"",""PT"",""RO"",""SE"",""SI"",""SK""]","2024-11-23 00:00:00","The decision was taken pursuant to own-initiative investigations.",SOURCE_VOLUNTARY,,Yes,AUTOMATED_DECISION_FULLY,TikTok,7440305784505768737,"2024-11-23 03:06:32"
1d487c23-8200-4690-9683-b69612c0e1b0,"[""DECISION_VISIBILITY_OTHER""]","Photo not eligible for recommendation in the For You feed",,,,,,,,,,DECISION_GROUND_INCOMPATIBLE_CONTENT,,,,"Dangerous Activities and Challenges","Most activities or challenges are appropriate for everyone, but some carry a risk of significant injury. Content is ineligible for the For You feed if it involves activities that are likely to lead to moderate physical harm, or includes professionals who are performing extreme sports and stunts that may endanger others.We proactively enforce our Community Guidelines through a mix of technology and human moderation. We have detected this policy violation using automated measures. We have used automated measures in making this decision.",,STATEMENT_CATEGORY_NEGATIVE_EFFECTS_ON_CIVIC_DISCOURSE_OR_ELECTIONS,,,,"[""CONTENT_TYPE_IMAGE""]",,,"2024-11-23 00:00:00","[""AT"",""BE"",""BG"",""CY"",""CZ"",""DE"",""DK"",""EE"",""ES"",""FI"",""FR"",""GR"",""HR"",""HU"",""IE"",""IT"",""LI"",""LT"",""LU"",""LV"",""MT"",""NL"",""NO"",""PL"",""PT"",""RO"",""SE"",""SI"",""SK""]","2024-11-23 00:00:00","The decision was taken pursuant to own-initiative investigations.",SOURCE_VOLUNTARY,,Yes,AUTOMATED_DECISION_FULLY,TikTok,7440305784627436321,"2024-11-23 03:06:32"
9ea7c21b-1eec-4dc9-a357-5c7d393173cf,"[""DECISION_VISIBILITY_CONTENT_REMOVED""]",,,,,,,,,,,DECISION_GROUND_INCOMPATIBLE_CONTENT,,,,"Harassment and Bullying","We welcome the respectful expression of different viewpoints, but not toxicity or trolling. We do not allow language or behavior that harasses, humiliates, threatens, or doxes anyone. This also includes responding to such acts with retaliatory harassment (but excludes non-harassing counterspeech).We proactively enforce our Community Guidelines through a mix of technology and human moderation. We have detected this policy violation using automated measures. We have used automated measures in making this decision.",,STATEMENT_CATEGORY_ILLEGAL_OR_HARMFUL_SPEECH,,,,"[""CONTENT_TYPE_TEXT""]",,,"2024-11-23 00:00:00","[""AT"",""BE"",""BG"",""CY"",""CZ"",""DE"",""DK"",""EE"",""ES"",""FI"",""FR"",""GR"",""HR"",""HU"",""IE"",""IT"",""LI"",""LT"",""LU"",""LV"",""MT"",""NL"",""NO"",""PL"",""PT"",""RO"",""SE"",""SI"",""SK""]","2024-11-23 00:00:00","The decision was taken pursuant to own-initiative investigations.",SOURCE_VOLUNTARY,,Yes,AUTOMATED_DECISION_FULLY,TikTok,7440305784505785121,"2024-11-23 03:06:32"
3a9d4559-d166-47f2-b34f-d2b015f702cb,"[""DECISION_VISIBILITY_OTHER""]","Video not eligible for recommendation in the For You feed",,,,,,,,,,DECISION_GROUND_INCOMPATIBLE_CONTENT,,,,"Community Guidelines","We maintain content eligibility standards for the For You feed (FYF) that prioritize safety and are informed by the diversity of our community and cultural norms. We make ineligible for the FYF certain content that may not be appropriate for a broad audience related to: (1) Behavioral Health, (2) Sensitive and Mature Themes, (3) Integrity and Authenticity, and (4) Regulated Goods. Content that is ineligible for the FYF can still be discovered in other ways, such as through search tools or by following an account.We proactively enforce our Community Guidelines through a mix of technology and human moderation. We have detected this policy violation using automated measures. We have used automated measures in making this decision.",,STATEMENT_CATEGORY_SCOPE_OF_PLATFORM_SERVICE,,,,"[""CONTENT_TYPE_VIDEO""]",,,"2024-11-23 00:00:00","[""AT"",""BE"",""BG"",""CY"",""CZ"",""DE"",""DK"",""EE"",""ES"",""FI"",""FR"",""GR"",""HR"",""HU"",""IE"",""IT"",""LI"",""LT"",""LU"",""LV"",""MT"",""NL"",""NO"",""PL"",""PT"",""RO"",""SE"",""SI"",""SK""]","2024-11-23 00:00:00","The decision was taken pursuant to own-initiative investigations.",SOURCE_VOLUNTARY,,Yes,AUTOMATED_DECISION_FULLY,TikTok,7440305784505801505,"2024-11-23 03:06:32"
25323cd5-9ede-404f-953b-f37311187892,"[""DECISION_VISIBILITY_CONTENT_REMOVED""]",,,,,,,,,,,DECISION_GROUND_INCOMPATIBLE_CONTENT,,,,"Nudity and Body Exposure","We celebrate all shapes and sizes and want people to feel comfortable in how they present themselves and their bodies. We do not allow nudity, including uncovered genitals and buttocks, as well as nipples and areolas of women and girls. Sheer and partially see-through clothing is not considered covered.We proactively enforce our Community Guidelines through a mix of technology and human moderation. We have detected this policy violation using automated measures.",,STATEMENT_CATEGORY_SCOPE_OF_PLATFORM_SERVICE,,,,"[""CONTENT_TYPE_VIDEO""]",,,"2024-11-23 00:00:00","[""AT"",""BE"",""BG"",""CY"",""CZ"",""DE"",""DK"",""EE"",""ES"",""FI"",""FR"",""GR"",""HR"",""HU"",""IE"",""IT"",""LI"",""LT"",""LU"",""LV"",""MT"",""NL"",""NO"",""PL"",""PT"",""RO"",""SE"",""SI"",""SK""]","2024-11-23 00:00:00","The decision was taken pursuant to own-initiative investigations.",SOURCE_VOLUNTARY,,Yes,AUTOMATED_DECISION_NOT_AUTOMATED,TikTok,7440305784505817889,"2024-11-23 03:06:32"
7855cf14-972f-440b-b774-cce66388f274,"[""DECISION_VISIBILITY_OTHER""]","Ad is not eligible for posting.",,,,,,,,,,DECISION_GROUND_INCOMPATIBLE_CONTENT,,,,"Our review indicates that your advertising content may violate TikTok's advertising policies by promoting prohibited products or services in the targeted locations. Our review indicates that your advertising content may violate TikTok's advertising policies by featuring a product/service which belongs to a prohibited industry of the targeted location(s) in your ad. For more policy details, please refer to ""TikTok Advertising Policies - Industry Entry"" (https://ads.tiktok.com/help/article?aid=668","For more policy details, please refer to """"TikTok Advertising Policies - Industry Entry"" (https://ads.tiktok.com/help/article?aid=6685586866860720134).Please change the promoted product/service in your ad or change the targeted location(s) in your ad group settings according to our policy. For more policy details, please refer to ""TikTok Advertising Policies - Industry Entry"" (https://ads.tiktok.com/help/article?aid=6685586866860720134). Please change the promoted product/service in your ad or change the targeted location(s) in your ad group settings according to our policy. For more policy details, please refer to ""TikTok Advertising Policies - Industry Entry"" (https://ads.tiktok.com/help/article?aid=6685586866860720134). For more policy details, please refer to """"TikTok Advertising Policies - Industry Entry"" (https://ads.tiktok.com/help/article?aid=6685586866860720134).Please change the promoted product/service in your ad or change the targeted location(s) in your ad group settings according to our policy. For more policy details, please refer to ""TikTok Advertising Policies - Industry Entry"" (https://ads.tiktok.com/help/article?aid=6685586866860720134). For more policy details, please refer to """"TikTok Advertising Policies - Industry Entry"" (https://ads.tiktok.com/help/article?aid=6685586866860720134).For more policy details, please refer to """"TikTok Advertising Policies - Industry Entry"" (https://ads.tiktok.com/help/article?aid=6685586866860720134).Please change the promoted product/service in your ad or change the targeted location(s) in your ad group settings according to our policy. For more policy details, please refer to ""TikTok Advertising Policies - Industry Entry"" (https://ads.tiktok.com/help/article?aid=6685586866860720134). Please change the promoted product/service in your ad or change the targeted location(s) in your ad group settings according to our policy. For more policy details, please refer to ""TikTok Advertising Policies - Industry Entry"" (htt",,STATEMENT_CATEGORY_SCOPE_OF_PLATFORM_SERVICE,,,,"[""CONTENT_TYPE_VIDEO""]",,,"2024-11-23 00:00:00","[""RO""]","2024-11-23 00:00:00","The decision was taken pursuant to own-initiative investigations.",SOURCE_VOLUNTARY,,Yes,AUTOMATED_DECISION_FULLY,TikTok,7440305784627452705,"2024-11-23 03:06:32"
bc492940-e7ad-4516-948a-bd9830d3b4ca,"[""DECISION_VISIBILITY_CONTENT_REMOVED""]",,,,,,,,,,,DECISION_GROUND_INCOMPATIBLE_CONTENT,,,,"Harassment and Bullying","We welcome the respectful expression of different viewpoints, but not toxicity or trolling. We do not allow language or behavior that harasses, humiliates, threatens, or doxes anyone. This also includes responding to such acts with retaliatory harassment (but excludes non-harassing counterspeech).We proactively enforce our Community Guidelines through a mix of technology and human moderation. We have detected this policy violation using automated measures. We have used automated measures in making this decision.",,STATEMENT_CATEGORY_ILLEGAL_OR_HARMFUL_SPEECH,,,,"[""CONTENT_TYPE_TEXT""]",,,"2024-11-23 00:00:00","[""AT"",""BE"",""BG"",""CY"",""CZ"",""DE"",""DK"",""EE"",""ES"",""FI"",""FR"",""GR"",""HR"",""HU"",""IE"",""IT"",""LI"",""LT"",""LU"",""LV"",""MT"",""NL"",""NO"",""PL"",""PT"",""RO"",""SE"",""SI"",""SK""]","2024-11-23 00:00:00","The decision was taken pursuant to own-initiative investigations.",SOURCE_VOLUNTARY,,Yes,AUTOMATED_DECISION_FULLY,TikTok,7440305784627469089,"2024-11-23 03:06:32"
a4f7e4eb-c1fa-4ced-b49b-333af885d49c,"[""DECISION_VISIBILITY_CONTENT_AGE_RESTRICTED""]",,,,,,,,,,,DECISION_GROUND_INCOMPATIBLE_CONTENT,,,,"Minimum Age Requirement","Users must be 13 years and older to have a TikTok account. We are deeply committed to ensuring that TikTok is a safe and positive experience for people under the age of 18. This starts by being old enough to use TikTok. If we learn someone is below the minimum age on TikTok, we will ban that account. Content created by anyone under 16 is ineligible for the For You feed and harder to find in search.We proactively enforce our Community Guidelines through a mix of technology and human moderation. We have detected this policy violation using automated measures.",,STATEMENT_CATEGORY_PROTECTION_OF_MINORS,,,,"[""CONTENT_TYPE_VIDEO""]",,,"2024-11-23 00:00:00","[""AT"",""BE"",""BG"",""CY"",""CZ"",""DE"",""DK"",""EE"",""ES"",""FI"",""FR"",""GR"",""HR"",""HU"",""IE"",""IT"",""LI"",""LT"",""LU"",""LV"",""MT"",""NL"",""NO"",""PL"",""PT"",""RO"",""SE"",""SI"",""SK""]","2024-11-23 00:00:00","The decision was taken pursuant to own-initiative investigations.",SOURCE_VOLUNTARY,,Yes,AUTOMATED_DECISION_NOT_AUTOMATED,TikTok,7440305784627485473,"2024-11-23 03:06:32"
2664a834-e1e3-452d-bea8-59a113c5820c,"[""DECISION_VISIBILITY_CONTENT_REMOVED""]",,,,,,,,,,,DECISION_GROUND_INCOMPATIBLE_CONTENT,,,,"Harassment and Bullying","We welcome the respectful expression of different viewpoints, but not toxicity or trolling. We do not allow language or behavior that harasses, humiliates, threatens, or doxes anyone. This also includes responding to such acts with retaliatory harassment (but excludes non-harassing counterspeech).We proactively enforce our Community Guidelines through a mix of technology and human moderation. We have detected this policy violation using automated measures. We have used automated measures in making this decision.",,STATEMENT_CATEGORY_ILLEGAL_OR_HARMFUL_SPEECH,,,,"[""CONTENT_TYPE_TEXT""]",,,"2024-11-23 00:00:00","[""AT"",""BE"",""BG"",""CY"",""CZ"",""DE"",""DK"",""EE"",""ES"",""FI"",""FR"",""GR"",""HR"",""HU"",""IE"",""IT"",""LI"",""LT"",""LU"",""LV"",""MT"",""NL"",""NO"",""PL"",""PT"",""RO"",""SE"",""SI"",""SK""]","2024-11-23 00:00:00","The decision was taken pursuant to own-initiative investigations.",SOURCE_VOLUNTARY,,Yes,AUTOMATED_DECISION_FULLY,TikTok,7440305784505834273,"2024-11-23 03:06:32"
126a66fd-f8f7-401e-9e92-ff990842282d,"[""DECISION_VISIBILITY_CONTENT_REMOVED""]",,,,,,,,,,,DECISION_GROUND_INCOMPATIBLE_CONTENT,,,,"Harassment and Bullying","We welcome the respectful expression of different viewpoints, but not toxicity or trolling. We do not allow language or behavior that harasses, humiliates, threatens, or doxes anyone. This also includes responding to such acts with retaliatory harassment (but excludes non-harassing counterspeech).We proactively enforce our Community Guidelines through a mix of technology and human moderation. We have detected this policy violation using automated measures. We have used automated measures in making this decision.",,STATEMENT_CATEGORY_ILLEGAL_OR_HARMFUL_SPEECH,,,,"[""CONTENT_TYPE_TEXT""]",,,"2024-11-23 00:00:00","[""AT"",""BE"",""BG"",""CY"",""CZ"",""DE"",""DK"",""EE"",""ES"",""FI"",""FR"",""GR"",""HR"",""HU"",""IE"",""IT"",""LI"",""LT"",""LU"",""LV"",""MT"",""NL"",""NO"",""PL"",""PT"",""RO"",""SE"",""SI"",""SK""]","2024-11-23 00:00:00","The decision was taken pursuant to own-initiative investigations.",SOURCE_VOLUNTARY,,Yes,AUTOMATED_DECISION_FULLY,TikTok,7440305784627501857,"2024-11-23 03:06:32"
24f021d2-982e-4a6f-95b5-55a004ee243f,"[""DECISION_VISIBILITY_OTHER""]","Ad is not eligible for posting.",,,,,,,,,,DECISION_GROUND_INCOMPATIBLE_CONTENT,,,,"Our review indicates that your advertising content may violate TikTok's advertising policies by featuring a product/service which belongs to a prohibited industry of the targeted location(s) in your ad. For more policy details, please refer to ""TikTok Advertising Policies - Industry Entry"" (https://ads.tiktok.com/help/article?aid=6685586866860720134). Our review indicates that your advertising content may violate TikTok's advertising policies by promoting prohibited products or services in the t","Please change the promoted product/service in your ad or change the targeted location(s) in your ad group settings according to our policy. For more policy details, please refer to ""TikTok Advertising Policies - Industry Entry"" (https://ads.tiktok.com/help/article?aid=6685586866860720134). For more policy details, please refer to """"TikTok Advertising Policies - Industry Entry"" (https://ads.tiktok.com/help/article?aid=6685586866860720134).For more policy details, please refer to """"TikTok Advertising Policies - Industry Entry"" (https://ads.tiktok.com/help/article?aid=6685586866860720134).Please change the promoted product/service in your ad or change the targeted location(s) in your ad group settings according to our policy. For more policy details, please refer to ""TikTok Advertising Policies - Industry Entry"" (https://ads.tiktok.com/help/article?aid=6685586866860720134). Please change the promoted product/service in your ad or change the targeted location(s) in your ad group settings according to our policy. For more policy details, please refer to ""TikTok Advertising Policies - Industry Entry"" (https://ads.tiktok.com/help/article?aid=6685586866860720134). For more policy details, please refer to """"TikTok Advertising Policies - Industry Entry"" (https://ads.tiktok.com/help/article?aid=6685586866860720134).Please change the promoted product/service in your ad or change the targeted location(s) in your ad group settings according to our policy. For more policy details, please refer to ""TikTok Advertising Policies - Industry Entry"" (https://ads.tiktok.com/help/article?aid=6685586866860720134). For more policy details, please refer to """"TikTok Advertising Policies - Industry Entry"" (https://ads.tiktok.com/help/article?aid=6685586866860720134).For more policy details, please refer to """"TikTok Advertising Policies - Industry Entry"" (https://ads.tiktok.com/help/article?aid=6685586866860720134).Please change the promoted product/service in your ad or change the targeted loca",,STATEMENT_CATEGORY_SCOPE_OF_PLATFORM_SERVICE,,,,"[""CONTENT_TYPE_VIDEO""]",,,"2024-11-23 00:00:00","[""RO""]","2024-11-23 00:00:00","The decision was taken pursuant to own-initiative investigations.",SOURCE_VOLUNTARY,,Yes,AUTOMATED_DECISION_FULLY,TikTok,7440305784627518241,"2024-11-23 03:06:32"
c19b4cfa-2f78-44c8-95be-35d687c728d3,"[""DECISION_VISIBILITY_CONTENT_REMOVED""]",,,,,,,,,,,DECISION_GROUND_INCOMPATIBLE_CONTENT,,,,"Harassment and Bullying","We welcome the respectful expression of different viewpoints, but not toxicity or trolling. We do not allow language or behavior that harasses, humiliates, threatens, or doxes anyone. This also includes responding to such acts with retaliatory harassment (but excludes non-harassing counterspeech).We proactively enforce our Community Guidelines through a mix of technology and human moderation. We have detected this policy violation using automated measures. We have used automated measures in making this decision.",,STATEMENT_CATEGORY_ILLEGAL_OR_HARMFUL_SPEECH,,,,"[""CONTENT_TYPE_TEXT""]",,,"2024-11-23 00:00:00","[""AT"",""BE"",""BG"",""CY"",""CZ"",""DE"",""DK"",""EE"",""ES"",""FI"",""FR"",""GR"",""HR"",""HU"",""IE"",""IT"",""LI"",""LT"",""LU"",""LV"",""MT"",""NL"",""NO"",""PL"",""PT"",""RO"",""SE"",""SI"",""SK""]","2024-11-23 00:00:00","The decision was taken pursuant to own-initiative investigations.",SOURCE_VOLUNTARY,,Yes,AUTOMATED_DECISION_FULLY,TikTok,7440305784505850657,"2024-11-23 03:06:32"
6c9af488-7607-4bad-8b7e-02d7f9367e61,"[""DECISION_VISIBILITY_CONTENT_REMOVED""]",,,,,,,,,,,DECISION_GROUND_INCOMPATIBLE_CONTENT,,,,"Hate Speech and Hateful Behaviors","TikTok is enriched by the various backgrounds of our community members. Our differences should be respected, rather than a cause for division. We do not allow any hateful behavior, hate speech, or promotion of hateful ideologies. This includes content that attacks a person or group because of protected attributes.We proactively enforce our Community Guidelines through a mix of technology and human moderation. We have detected this policy violation using automated measures. We have used automated measures in making this decision.",,STATEMENT_CATEGORY_ILLEGAL_OR_HARMFUL_SPEECH,,,,"[""CONTENT_TYPE_TEXT""]",,,"2024-11-23 00:00:00","[""AT"",""BE"",""BG"",""CY"",""CZ"",""DE"",""DK"",""EE"",""ES"",""FI"",""FR"",""GR"",""HR"",""HU"",""IE"",""IT"",""LI"",""LT"",""LU"",""LV"",""MT"",""NL"",""NO"",""PL"",""PT"",""RO"",""SE"",""SI"",""SK""]","2024-11-23 00:00:00","The decision was taken pursuant to own-initiative investigations.",SOURCE_VOLUNTARY,,Yes,AUTOMATED_DECISION_FULLY,TikTok,7440305784505867041,"2024-11-23 03:06:32"
5f1011c7-dff1-4c66-8ef4-15d32b690499,"[""DECISION_VISIBILITY_OTHER""]","Photo not eligible for recommendation in the For You feed, and visibility restricted in search results",,,,,,,,,,DECISION_GROUND_INCOMPATIBLE_CONTENT,,,,"Civic and Election Integrity","We want to enable the informed exchange of civic ideas in a way that fosters productive dialogue. Your video didn’t meet our eligibility standards for the For You Feed. Please review our Community Guidelines for more information.We proactively enforce our Community Guidelines through a mix of technology and human moderation. We have detected this policy violation using automated measures. We have used automated measures in making this decision.",,STATEMENT_CATEGORY_NEGATIVE_EFFECTS_ON_CIVIC_DISCOURSE_OR_ELECTIONS,,,,"[""CONTENT_TYPE_IMAGE""]",,,"2024-11-23 00:00:00","[""AT"",""BE"",""BG"",""CY"",""CZ"",""DE"",""DK"",""EE"",""ES"",""FI"",""FR"",""GR"",""HR"",""HU"",""IE"",""IT"",""LI"",""LT"",""LU"",""LV"",""MT"",""NL"",""NO"",""PL"",""PT"",""RO"",""SE"",""SI"",""SK""]","2024-11-23 00:00:00","The decision was taken pursuant to own-initiative investigations.",SOURCE_VOLUNTARY,,Yes,AUTOMATED_DECISION_FULLY,TikTok,7440305784627534625,"2024-11-23 03:06:32"
5560a209-0303-4264-8b6c-cdeb7fda990d,"[""DECISION_VISIBILITY_OTHER""]","Video not eligible for recommendation in the For You feed",,,,,,,,,,DECISION_GROUND_INCOMPATIBLE_CONTENT,,,,"Sexually Suggestive Content","We are mindful that certain behaviors related to sexual arousal or suggestiveness may be offensive to some people and may put young people at risk of exploitation. Content is ineligible for the For You feed and harder to find in search if it shows sex products or intends to sexually arouse (such as intimate kissing, sexualized posing, and seductive performances or allusions to sexual activity by adults). We proactively enforce our Community Guidelines through a mix of technology and human moderation. We have detected this policy violation using automated measures. We have used automated measures in making this decision.",,STATEMENT_CATEGORY_SCOPE_OF_PLATFORM_SERVICE,,,,"[""CONTENT_TYPE_VIDEO""]",,,"2024-11-23 00:00:00","[""AT"",""BE"",""BG"",""CY"",""CZ"",""DE"",""DK"",""EE"",""ES"",""FI"",""FR"",""GR"",""HR"",""HU"",""IE"",""IT"",""LI"",""LT"",""LU"",""LV"",""MT"",""NL"",""NO"",""PL"",""PT"",""RO"",""SE"",""SI"",""SK""]","2024-11-23 00:00:00","The decision was taken pursuant to own-initiative investigations.",SOURCE_VOLUNTARY,,Yes,AUTOMATED_DECISION_FULLY,TikTok,7440305784627551009,"2024-11-23 03:06:32"
ac9a6878-9714-4ef5-8355-3d054aa4ae70,"[""DECISION_VISIBILITY_OTHER""]","Video not eligible for recommendation in the For You feed",,,,,,,,,,DECISION_GROUND_INCOMPATIBLE_CONTENT,,,,"Community Guidelines","We maintain content eligibility standards for the For You feed (FYF) that prioritize safety and are informed by the diversity of our community and cultural norms. We make ineligible for the FYF certain content that may not be appropriate for a broad audience related to: (1) Behavioral Health, (2) Sensitive and Mature Themes, (3) Integrity and Authenticity, and (4) Regulated Goods. Content that is ineligible for the FYF can still be discovered in other ways, such as through search tools or by following an account.We proactively enforce our Community Guidelines through a mix of technology and human moderation. We have detected this policy violation using automated measures. We have used automated measures in making this decision.",,STATEMENT_CATEGORY_SCOPE_OF_PLATFORM_SERVICE,,,,"[""CONTENT_TYPE_VIDEO""]",,,"2024-11-23 00:00:00","[""AT"",""BE"",""BG"",""CY"",""CZ"",""DE"",""DK"",""EE"",""ES"",""FI"",""FR"",""GR"",""HR"",""HU"",""IE"",""IT"",""LI"",""LT"",""LU"",""LV"",""MT"",""NL"",""NO"",""PL"",""PT"",""RO"",""SE"",""SI"",""SK""]","2024-11-23 00:00:00","The decision was taken pursuant to own-initiative investigations.",SOURCE_VOLUNTARY,,Yes,AUTOMATED_DECISION_FULLY,TikTok,7440305784505883425,"2024-11-23 03:06:32"
d053e390-96c3-4bd3-a123-8c03a9a2761a,"[""DECISION_VISIBILITY_OTHER""]","Video not eligible for recommendation in the For You feed",,,,,,,,,,DECISION_GROUND_INCOMPATIBLE_CONTENT,,,,"Shocking and Graphic Content","Part of the joy of TikTok is coming across new and unexpected content. But the platform is not a space to intentionally shock, upset, or disgust others. Content is ineligible for the For You feed and harder to find in search if it shows fictional violence, blood, potentially distressing or mildly graphic material, animal genitalia or sexual activity between animals, or if it contains graphic footage of events that are in the public interest to view.We proactively enforce our Community Guidelines through a mix of technology and human moderation. We have detected this policy violation using automated measures.",,STATEMENT_CATEGORY_VIOLENCE,,,,"[""CONTENT_TYPE_VIDEO""]",,,"2024-11-14 00:00:00","[""AT"",""BE"",""BG"",""CY"",""CZ"",""DE"",""DK"",""EE"",""ES"",""FI"",""FR"",""GR"",""HR"",""HU"",""IE"",""IT"",""LI"",""LT"",""LU"",""LV"",""MT"",""NL"",""NO"",""PL"",""PT"",""RO"",""SE"",""SI"",""SK""]","2024-11-23 00:00:00","The decision was taken pursuant to own-initiative investigations.",SOURCE_VOLUNTARY,,Yes,AUTOMATED_DECISION_NOT_AUTOMATED,TikTok,7440305789195000609,"2024-11-23 03:06:34"
42467c98-494d-4a1b-afde-5fbf8498627a,"[""DECISION_VISIBILITY_CONTENT_REMOVED""]",,,,,,,,,,,DECISION_GROUND_INCOMPATIBLE_CONTENT,,,,"Alcohol, Tobacco, and Drugs","While adults make personal choices about how they engage with alcohol, drugs, and tobacco, we recognize that there are risks connected to trading and using these substances. We do not allow showing or promoting recreational drug use, or the trade of alcohol, tobacco products, and drugs.We proactively enforce our Community Guidelines through a mix of technology and human moderation. We have detected this policy violation using automated measures.",,STATEMENT_CATEGORY_SCOPE_OF_PLATFORM_SERVICE,,,,"[""CONTENT_TYPE_VIDEO""]",,,"2024-11-14 00:00:00","[""AT"",""BE"",""BG"",""CY"",""CZ"",""DE"",""DK"",""EE"",""ES"",""FI"",""FR"",""GR"",""HR"",""HU"",""IE"",""IT"",""LI"",""LT"",""LU"",""LV"",""MT"",""NL"",""NO"",""PL"",""PT"",""RO"",""SE"",""SI"",""SK""]","2024-11-23 00:00:00","The decision was taken pursuant to own-initiative investigations.",SOURCE_VOLUNTARY,,Yes,AUTOMATED_DECISION_NOT_AUTOMATED,TikTok,7440305784505899809,"2024-11-23 03:06:34"
80df0941-2369-4561-8737-00cf3d1883ca,"[""DECISION_VISIBILITY_CONTENT_REMOVED""]",,,,,,,,,,,DECISION_GROUND_INCOMPATIBLE_CONTENT,,,,"Harassment and Bullying","We welcome the respectful expression of different viewpoints, but not toxicity or trolling. We do not allow language or behavior that harasses, humiliates, threatens, or doxes anyone. This also includes responding to such acts with retaliatory harassment (but excludes non-harassing counterspeech).We proactively enforce our Community Guidelines through a mix of technology and human moderation. We have detected this policy violation using automated measures. We have used automated measures in making this decision.",,STATEMENT_CATEGORY_ILLEGAL_OR_HARMFUL_SPEECH,,,,"[""CONTENT_TYPE_TEXT""]",,,"2024-11-23 00:00:00","[""AT"",""BE"",""BG"",""CY"",""CZ"",""DE"",""DK"",""EE"",""ES"",""FI"",""FR"",""GR"",""HR"",""HU"",""IE"",""IT"",""LI"",""LT"",""LU"",""LV"",""MT"",""NL"",""NO"",""PL"",""PT"",""RO"",""SE"",""SI"",""SK""]","2024-11-23 00:00:00","The decision was taken pursuant to own-initiative investigations.",SOURCE_VOLUNTARY,,Yes,AUTOMATED_DECISION_FULLY,TikTok,7440305789195016993,"2024-11-23 03:06:34"
39c166e7-5907-449d-a6da-ae5fe17c2849,,,,,,,DECISION_PROVISION_PARTIAL_SUSPENSION,"2024-11-30 00:00:00",,,,DECISION_GROUND_INCOMPATIBLE_CONTENT,,,,"Hate speech and hateful behaviors","TikTok is enriched by the various backgrounds of our community members. Our differences should be respected, rather than a cause for division. We do not allow any hateful behavior, hate speech, or promotion of hateful ideologies. This includes content that attacks a person or group because of protected attributes. Visit our {CG_link} for more information.",,STATEMENT_CATEGORY_ILLEGAL_OR_HARMFUL_SPEECH,,,,"[""CONTENT_TYPE_VIDEO""]",,,"2024-11-23 00:00:00","[""AT"",""BE"",""BG"",""CY"",""CZ"",""DE"",""DK"",""EE"",""ES"",""FI"",""FR"",""GR"",""HR"",""HU"",""IE"",""IS"",""IT"",""LI"",""LT"",""LU"",""LV"",""MT"",""NL"",""NO"",""PL"",""PT"",""RO"",""SE"",""SI"",""SK""]","2024-11-23 00:00:00","The decision was taken pursuant to own-initiative investigations",SOURCE_VOLUNTARY,,Yes,AUTOMATED_DECISION_NOT_AUTOMATED,TikTok,7440305789195033377,"2024-11-23 03:06:34"
868cbefe-6401-484b-89da-3b3fc878ae57,"[""DECISION_VISIBILITY_OTHER""]","Ad is not eligible for posting.",,,,,,,,,,DECISION_GROUND_INCOMPATIBLE_CONTENT,,,,"Our review indicates that your advertising content may violate TikTok's advertising policies by featuring a product/service which belongs to a prohibited industry of the targeted location(s) in your ad. For more policy details, please refer to ""TikTok Advertising Policies - Industry Entry"" (https://ads.tiktok.com/help/article?aid=6685586866860720134). Our review indicates that your advertising content may violate TikTok's advertising policies by promoting prohibited products or services in the t","Please change the promoted product/service in your ad or change the targeted location(s) in your ad group settings according to our policy. For more policy details, please refer to ""TikTok Advertising Policies - Industry Entry"" (https://ads.tiktok.com/help/article?aid=6685586866860720134). For more policy details, please refer to """"TikTok Advertising Policies - Industry Entry"" (https://ads.tiktok.com/help/article?aid=6685586866860720134).For more policy details, please refer to """"TikTok Advertising Policies - Industry Entry"" (https://ads.tiktok.com/help/article?aid=6685586866860720134).Please change the promoted product/service in your ad or change the targeted location(s) in your ad group settings according to our policy. For more policy details, please refer to ""TikTok Advertising Policies - Industry Entry"" (https://ads.tiktok.com/help/article?aid=6685586866860720134). Please change the promoted product/service in your ad or change the targeted location(s) in your ad group settings according to our policy. For more policy details, please refer to ""TikTok Advertising Policies - Industry Entry"" (https://ads.tiktok.com/help/article?aid=6685586866860720134). For more policy details, please refer to """"TikTok Advertising Policies - Industry Entry"" (https://ads.tiktok.com/help/article?aid=6685586866860720134).For more policy details, please refer to """"TikTok Advertising Policies - Industry Entry"" (https://ads.tiktok.com/help/article?aid=6685586866860720134).Please change the promoted product/service in your ad or change the targeted location(s) in your ad group settings according to our policy. For more policy details, please refer to ""TikTok Advertising Policies - Industry Entry"" (https://ads.tiktok.com/help/article?aid=6685586866860720134). For more policy details, please refer to """"TikTok Advertising Policies - Industry Entry"" (https://ads.tiktok.com/help/article?aid=6685586866860720134).Please change the promoted product/service in your ad or change the targeted loca",,STATEMENT_CATEGORY_SCOPE_OF_PLATFORM_SERVICE,,,,"[""CONTENT_TYPE_VIDEO""]",,,"2024-11-23 00:00:00","[""RO""]","2024-11-23 00:00:00","The decision was taken pursuant to own-initiative investigations.",SOURCE_VOLUNTARY,,Yes,AUTOMATED_DECISION_FULLY,TikTok,7440305789195049761,"2024-11-23 03:06:34"
340f8ff2-c8e6-4309-9636-902b294d031d,"[""DECISION_VISIBILITY_OTHER""]","Photo not eligible for recommendation in the For You feed, and visibility restricted in search results",,,,,,,,,,DECISION_GROUND_INCOMPATIBLE_CONTENT,,,,"Community Guidelines","We maintain content eligibility standards for the For You feed (FYF) that prioritize safety and are informed by the diversity of our community and cultural norms. We make ineligible for the FYF certain content that may not be appropriate for a broad audience related to: (1) Behavioral Health, (2) Sensitive and Mature Themes, (3) Integrity and Authenticity, and (4) Regulated Goods. Content that is ineligible for the FYF can still be discovered in other ways, such as through search tools or by following an account.We proactively enforce our Community Guidelines through a mix of technology and human moderation. We have detected this policy violation using automated measures. We have used automated measures in making this decision.",,STATEMENT_CATEGORY_SCOPE_OF_PLATFORM_SERVICE,,,,"[""CONTENT_TYPE_IMAGE""]",,,"2024-11-23 00:00:00","[""AT"",""BE"",""BG"",""CY"",""CZ"",""DE"",""DK"",""EE"",""ES"",""FI"",""FR"",""GR"",""HR"",""HU"",""IE"",""IT"",""LI"",""LT"",""LU"",""LV"",""MT"",""NL"",""NO"",""PL"",""PT"",""RO"",""SE"",""SI"",""SK""]","2024-11-23 00:00:00","The decision was taken pursuant to own-initiative investigations.",SOURCE_VOLUNTARY,,Yes,AUTOMATED_DECISION_FULLY,TikTok,7440305784505916193,"2024-11-23 03:06:34"
ca9dbf97-5d14-4747-a32d-b0048e10ac24,"[""DECISION_VISIBILITY_OTHER""]","Ad is not eligible for posting.",,,,,,,,,,DECISION_GROUND_INCOMPATIBLE_CONTENT,,,,"Our review indicates that your advertising content may violate TikTok's advertising policies by featuring a product/service which belongs to a prohibited industry of the targeted location(s) in your ad. For more policy details, please refer to ""TikTok Advertising Policies - Industry Entry"" (https://ads.tiktok.com/help/article?aid=6685586866860720134). Our review indicates that your advertising content may violate TikTok's advertising policies by promoting prohibited products or services in the t","Please change the promoted product/service in your ad or change the targeted location(s) in your ad group settings according to our policy. For more policy details, please refer to ""TikTok Advertising Policies - Industry Entry"" (https://ads.tiktok.com/help/article?aid=6685586866860720134). For more policy details, please refer to """"TikTok Advertising Policies - Industry Entry"" (https://ads.tiktok.com/help/article?aid=6685586866860720134).Please change the promoted product/service in your ad or change the targeted location(s) in your ad group settings according to our policy. For more policy details, please refer to ""TikTok Advertising Policies - Industry Entry"" (https://ads.tiktok.com/help/article?aid=6685586866860720134). For more policy details, please refer to """"TikTok Advertising Policies - Industry Entry"" (https://ads.tiktok.com/help/article?aid=6685586866860720134).Please change the promoted product/service in your ad or change the targeted location(s) in your ad group settings according to our policy. For more policy details, please refer to ""TikTok Advertising Policies - Industry Entry"" (https://ads.tiktok.com/help/article?aid=6685586866860720134). For more policy details, please refer to """"TikTok Advertising Policies - Industry Entry"" (https://ads.tiktok.com/help/article?aid=6685586866860720134).For more policy details, please refer to """"TikTok Advertising Policies - Industry Entry"" (https://ads.tiktok.com/help/article?aid=6685586866860720134).Please change the promoted product/service in your ad or change the targeted location(s) in your ad group settings according to our policy. For more policy details, please refer to ""TikTok Advertising Policies - Industry Entry"" (https://ads.tiktok.com/help/article?aid=6685586866860720134). For more policy details, please refer to """"TikTok Advertising Policies - Industry Entry"" (https://ads.tiktok.com/help/article?aid=6685586866860720134).Please change the promoted product/service in your ad or change the targeted loca",,STATEMENT_CATEGORY_SCOPE_OF_PLATFORM_SERVICE,,,,"[""CONTENT_TYPE_VIDEO""]",,,"2024-11-23 00:00:00","[""RO""]","2024-11-23 00:00:00","The decision was taken pursuant to own-initiative investigations.",SOURCE_VOLUNTARY,,Yes,AUTOMATED_DECISION_FULLY,TikTok,7440305789195082529,"2024-11-23 03:06:36"
188e3c28-3bdf-4b47-94f6-c2a03ad89504,"[""DECISION_VISIBILITY_CONTENT_REMOVED""]",,,,,,,,,,,DECISION_GROUND_INCOMPATIBLE_CONTENT,,,,"Sexual Exploitation and Gender-Based Violence","We are committed to providing a space that embraces gender equity, supports healthy relationships, and respects intimate privacy. We do not allow sexual exploitation or gender-based violence, including non-consensual sexual acts, image-based sexual abuse, sextortion, physical abuse, and sexual harassment.We proactively enforce our Community Guidelines through a mix of technology and human moderation. We have detected this policy violation using automated measures. We have used automated measures in making this decision.",,STATEMENT_CATEGORY_VIOLENCE,,,,"[""CONTENT_TYPE_TEXT""]",,,"2024-11-23 00:00:00","[""AT"",""BE"",""BG"",""CY"",""CZ"",""DE"",""DK"",""EE"",""ES"",""FI"",""FR"",""GR"",""HR"",""HU"",""IE"",""IT"",""LI"",""LT"",""LU"",""LV"",""MT"",""NL"",""NO"",""PL"",""PT"",""RO"",""SE"",""SI"",""SK""]","2024-11-23 00:00:00","The decision was taken pursuant to own-initiative investigations.",SOURCE_VOLUNTARY,,Yes,AUTOMATED_DECISION_FULLY,TikTok,7440305789316700960,"2024-11-23 03:06:36"
de8a8cca-78c4-43fc-b3e4-c966772ffebe,"[""DECISION_VISIBILITY_CONTENT_REMOVED""]",,,,,,,,,,,DECISION_GROUND_INCOMPATIBLE_CONTENT,,,,"Fake Engagement","Authentic engagement is central to the integrity of our platform and informs how we recommend content that others may find interesting. We do not allow the trade of services that attempt to artificially increase engagement or deceive TikTok’s recommendation system.We proactively enforce our Community Guidelines through a mix of technology and human moderation. We have detected this policy violation using automated measures. We have used automated measures in making this decision.",,STATEMENT_CATEGORY_SCAMS_AND_FRAUD,,,,"[""CONTENT_TYPE_TEXT""]",,,"2024-11-23 00:00:00","[""AT"",""BE"",""BG"",""CY"",""CZ"",""DE"",""DK"",""EE"",""ES"",""FI"",""FR"",""GR"",""HR"",""HU"",""IE"",""IT"",""LI"",""LT"",""LU"",""LV"",""MT"",""NL"",""NO"",""PL"",""PT"",""RO"",""SE"",""SI"",""SK""]","2024-11-23 00:00:00","The decision was taken pursuant to own-initiative investigations.",SOURCE_VOLUNTARY,,Yes,AUTOMATED_DECISION_FULLY,TikTok,7440305789316717344,"2024-11-23 03:06:36"
213c38a7-b344-4fea-938e-7c92736b0a2d,"[""DECISION_VISIBILITY_CONTENT_REMOVED""]",,,,,,,,,,,DECISION_GROUND_INCOMPATIBLE_CONTENT,,,,"Harassment and Bullying","We welcome the respectful expression of different viewpoints, but not toxicity or trolling. We do not allow language or behavior that harasses, humiliates, threatens, or doxes anyone. This also includes responding to such acts with retaliatory harassment (but excludes non-harassing counterspeech).We proactively enforce our Community Guidelines through a mix of technology and human moderation. We have detected this policy violation using automated measures. We have used automated measures in making this decision.",,STATEMENT_CATEGORY_ILLEGAL_OR_HARMFUL_SPEECH,,,,"[""CONTENT_TYPE_TEXT""]",,,"2024-11-23 00:00:00","[""AT"",""BE"",""BG"",""CY"",""CZ"",""DE"",""DK"",""EE"",""ES"",""FI"",""FR"",""GR"",""HR"",""HU"",""IE"",""IT"",""LI"",""LT"",""LU"",""LV"",""MT"",""NL"",""NO"",""PL"",""PT"",""RO"",""SE"",""SI"",""SK""]","2024-11-23 00:00:00","The decision was taken pursuant to own-initiative investigations.",SOURCE_VOLUNTARY,,Yes,AUTOMATED_DECISION_FULLY,TikTok,7440305789195098913,"2024-11-23 03:06:36"
7887a952-66d4-458e-aac2-f41d2ff89457,"[""DECISION_VISIBILITY_CONTENT_REMOVED""]",,,,,,,,,,,DECISION_GROUND_INCOMPATIBLE_CONTENT,,,,"Harassment and Bullying","We welcome the respectful expression of different viewpoints, but not toxicity or trolling. We do not allow language or behavior that harasses, humiliates, threatens, or doxes anyone. This also includes responding to such acts with retaliatory harassment (but excludes non-harassing counterspeech).We proactively enforce our Community Guidelines through a mix of technology and human moderation. We have detected this policy violation using automated measures. We have used automated measures in making this decision.",,STATEMENT_CATEGORY_ILLEGAL_OR_HARMFUL_SPEECH,,,,"[""CONTENT_TYPE_TEXT""]",,,"2024-11-23 00:00:00","[""AT"",""BE"",""BG"",""CY"",""CZ"",""DE"",""DK"",""EE"",""ES"",""FI"",""FR"",""GR"",""HR"",""HU"",""IE"",""IT"",""LI"",""LT"",""LU"",""LV"",""MT"",""NL"",""NO"",""PL"",""PT"",""RO"",""SE"",""SI"",""SK""]","2024-11-23 00:00:00","The decision was taken pursuant to own-initiative investigations.",SOURCE_VOLUNTARY,,Yes,AUTOMATED_DECISION_FULLY,TikTok,7440305789195115297,"2024-11-23 03:06:36"
791160de-1f2f-466f-ac07-e74e034d05a6,"[""DECISION_VISIBILITY_CONTENT_REMOVED""]",,,,,,,,,,,DECISION_GROUND_INCOMPATIBLE_CONTENT,,,,"Sexual Exploitation and Gender-Based Violence","We are committed to providing a space that embraces gender equity, supports healthy relationships, and respects intimate privacy. We do not allow sexual exploitation or gender-based violence, including non-consensual sexual acts, image-based sexual abuse, sextortion, physical abuse, and sexual harassment.We proactively enforce our Community Guidelines through a mix of technology and human moderation. We have detected this policy violation using automated measures. We have used automated measures in making this decision.",,STATEMENT_CATEGORY_VIOLENCE,,,,"[""CONTENT_TYPE_TEXT""]",,,"2024-11-23 00:00:00","[""AT"",""BE"",""BG"",""CY"",""CZ"",""DE"",""DK"",""EE"",""ES"",""FI"",""FR"",""GR"",""HR"",""HU"",""IE"",""IT"",""LI"",""LT"",""LU"",""LV"",""MT"",""NL"",""NO"",""PL"",""PT"",""RO"",""SE"",""SI"",""SK""]","2024-11-23 00:00:00","The decision was taken pursuant to own-initiative investigations.",SOURCE_VOLUNTARY,,Yes,AUTOMATED_DECISION_FULLY,TikTok,7440305789195131681,"2024-11-23 03:06:36"
61bec368-d812-4f0c-ae25-1a1919216915,"[""DECISION_VISIBILITY_OTHER""]","Ad is not eligible for posting.",,,,,,,,,,DECISION_GROUND_INCOMPATIBLE_CONTENT,,,,"Our review indicates that your advertising content may violate TikTok's advertising policies by promoting prohibited products or services in the targeted locations. Our review indicates that your advertising content may violate TikTok's advertising policies by featuring a product/service which belongs to a prohibited industry of the targeted location(s) in your ad. For more policy details, please refer to ""TikTok Advertising Policies - Industry Entry"" (https://ads.tiktok.com/help/article?aid=668","For more policy details, please refer to """"TikTok Advertising Policies - Industry Entry"" (https://ads.tiktok.com/help/article?aid=6685586866860720134).Please change the promoted product/service in your ad or change the targeted location(s) in your ad group settings according to our policy. For more policy details, please refer to ""TikTok Advertising Policies - Industry Entry"" (https://ads.tiktok.com/help/article?aid=6685586866860720134). Please change the promoted product/service in your ad or change the targeted location(s) in your ad group settings according to our policy. For more policy details, please refer to ""TikTok Advertising Policies - Industry Entry"" (https://ads.tiktok.com/help/article?aid=6685586866860720134). For more policy details, please refer to """"TikTok Advertising Policies - Industry Entry"" (https://ads.tiktok.com/help/article?aid=6685586866860720134).Please change the promoted product/service in your ad or change the targeted location(s) in your ad group settings according to our policy. For more policy details, please refer to ""TikTok Advertising Policies - Industry Entry"" (https://ads.tiktok.com/help/article?aid=6685586866860720134). For more policy details, please refer to """"TikTok Advertising Policies - Industry Entry"" (https://ads.tiktok.com/help/article?aid=6685586866860720134).Please change the promoted product/service in your ad or change the targeted location(s) in your ad group settings according to our policy. For more policy details, please refer to ""TikTok Advertising Policies - Industry Entry"" (https://ads.tiktok.com/help/article?aid=6685586866860720134). For more policy details, please refer to """"TikTok Advertising Policies - Industry Entry"" (https://ads.tiktok.com/help/article?aid=6685586866860720134).Please change the promoted product/service in your ad or change the targeted location(s) in your ad group settings according to our policy. For more policy details, please refer to ""TikTok Advertising Policies - Industry Entry"" (htt",,STATEMENT_CATEGORY_SCOPE_OF_PLATFORM_SERVICE,,,,"[""CONTENT_TYPE_VIDEO""]",,,"2024-11-23 00:00:00","[""RO""]","2024-11-23 00:00:00","The decision was taken pursuant to own-initiative investigations.",SOURCE_VOLUNTARY,,Yes,AUTOMATED_DECISION_FULLY,TikTok,7440305789195148065,"2024-11-23 03:06:36"
9032e9ec-811e-4fc8-885b-c98e6ebb7268,"[""DECISION_VISIBILITY_OTHER""]","Ad is not eligible for posting.",,,,,,,,,,DECISION_GROUND_INCOMPATIBLE_CONTENT,,,,"Our review indicates that your advertising content may violate TikTok's advertising policies by featuring a product/service which belongs to a prohibited industry of the targeted location(s) in your ad. For more policy details, please refer to ""TikTok Advertising Policies - Industry Entry"" (https://ads.tiktok.com/help/article?aid=6685586866860720134). Our review indicates that your advertising content may violate TikTok's advertising policies by promoting prohibited products or services in the t","Please change the promoted product/service in your ad or change the targeted location(s) in your ad group settings according to our policy. For more policy details, please refer to ""TikTok Advertising Policies - Industry Entry"" (https://ads.tiktok.com/help/article?aid=6685586866860720134). For more policy details, please refer to """"TikTok Advertising Policies - Industry Entry"" (https://ads.tiktok.com/help/article?aid=6685586866860720134).Please change the promoted product/service in your ad or change the targeted location(s) in your ad group settings according to our policy. For more policy details, please refer to ""TikTok Advertising Policies - Industry Entry"" (https://ads.tiktok.com/help/article?aid=6685586866860720134). For more policy details, please refer to """"TikTok Advertising Policies - Industry Entry"" (https://ads.tiktok.com/help/article?aid=6685586866860720134).Please change the promoted product/service in your ad or change the targeted location(s) in your ad group settings according to our policy. For more policy details, please refer to ""TikTok Advertising Policies - Industry Entry"" (https://ads.tiktok.com/help/article?aid=6685586866860720134). For more policy details, please refer to """"TikTok Advertising Policies - Industry Entry"" (https://ads.tiktok.com/help/article?aid=6685586866860720134).For more policy details, please refer to """"TikTok Advertising Policies - Industry Entry"" (https://ads.tiktok.com/help/article?aid=6685586866860720134).Please change the promoted product/service in your ad or change the targeted location(s) in your ad group settings according to our policy. For more policy details, please refer to ""TikTok Advertising Policies - Industry Entry"" (https://ads.tiktok.com/help/article?aid=6685586866860720134). For more policy details, please refer to """"TikTok Advertising Policies - Industry Entry"" (https://ads.tiktok.com/help/article?aid=6685586866860720134).Please change the promoted product/service in your ad or change the targeted loca",,STATEMENT_CATEGORY_SCOPE_OF_PLATFORM_SERVICE,,,,"[""CONTENT_TYPE_VIDEO""]",,,"2024-11-23 00:00:00","[""RO""]","2024-11-23 00:00:00","The decision was taken pursuant to own-initiative investigations.",SOURCE_VOLUNTARY,,Yes,AUTOMATED_DECISION_FULLY,TikTok,7440305800309906208,"2024-11-23 03:06:36"
677af825-bff7-480a-a09d-009fcf9c32e8,"[""DECISION_VISIBILITY_OTHER""]","Video not eligible for recommendation in the For You feed",,,,,,,,,,DECISION_GROUND_INCOMPATIBLE_CONTENT,,,,"Community Guidelines","We maintain content eligibility standards for the For You feed (FYF) that prioritize safety and are informed by the diversity of our community and cultural norms. We make ineligible for the FYF certain content that may not be appropriate for a broad audience related to: (1) Behavioral Health, (2) Sensitive and Mature Themes, (3) Integrity and Authenticity, and (4) Regulated Goods. Content that is ineligible for the FYF can still be discovered in other ways, such as through search tools or by following an account.We proactively enforce our Community Guidelines through a mix of technology and human moderation. We have detected this policy violation using automated measures. We have used automated measures in making this decision.",,STATEMENT_CATEGORY_SCOPE_OF_PLATFORM_SERVICE,,,,"[""CONTENT_TYPE_VIDEO""]",,,"2024-11-23 00:00:00","[""AT"",""BE"",""BG"",""CY"",""CZ"",""DE"",""DK"",""EE"",""ES"",""FI"",""FR"",""GR"",""HR"",""HU"",""IE"",""IT"",""LI"",""LT"",""LU"",""LV"",""MT"",""NL"",""NO"",""PL"",""PT"",""RO"",""SE"",""SI"",""SK""]","2024-11-23 00:00:00","The decision was taken pursuant to own-initiative investigations.",SOURCE_VOLUNTARY,,Yes,AUTOMATED_DECISION_FULLY,TikTok,7440305789316733728,"2024-11-23 03:06:38"
3a4d1005-79c9-468a-9c2e-214a6cd0c3cd,"[""DECISION_VISIBILITY_OTHER""]","Video not eligible for recommendation in the For You feed",,,,,,,,,,DECISION_GROUND_INCOMPATIBLE_CONTENT,,,,"Shocking and Graphic Content","Part of the joy of TikTok is coming across new and unexpected content. But the platform is not a space to intentionally shock, upset, or disgust others. Content is ineligible for the For You feed and harder to find in search if it shows fictional violence, blood, potentially distressing or mildly graphic material, animal genitalia or sexual activity between animals, or if it contains graphic footage of events that are in the public interest to view.We proactively enforce our Community Guidelines through a mix of technology and human moderation. We have detected this policy violation using automated measures. We have used automated measures in making this decision.",,STATEMENT_CATEGORY_VIOLENCE,,,,"[""CONTENT_TYPE_VIDEO""]",,,"2024-11-23 00:00:00","[""AT"",""BE"",""BG"",""CY"",""CZ"",""DE"",""DK"",""EE"",""ES"",""FI"",""FR"",""GR"",""HR"",""HU"",""IE"",""IT"",""LI"",""LT"",""LU"",""LV"",""MT"",""NL"",""NO"",""PL"",""PT"",""RO"",""SE"",""SI"",""SK""]","2024-11-23 00:00:00","The decision was taken pursuant to own-initiative investigations.",SOURCE_VOLUNTARY,,Yes,AUTOMATED_DECISION_FULLY,TikTok,7440305789316750112,"2024-11-23 03:06:38"
e2913380-ff8b-414c-90a0-e20fdc520642,"[""DECISION_VISIBILITY_CONTENT_REMOVED""]",,,,,,,,,,,DECISION_GROUND_INCOMPATIBLE_CONTENT,,,,"Harassment and Bullying","We welcome the respectful expression of different viewpoints, but not toxicity or trolling. We do not allow language or behavior that harasses, humiliates, threatens, or doxes anyone. This also includes responding to such acts with retaliatory harassment (but excludes non-harassing counterspeech).We proactively enforce our Community Guidelines through a mix of technology and human moderation. We have detected this policy violation using automated measures. We have used automated measures in making this decision.",,STATEMENT_CATEGORY_ILLEGAL_OR_HARMFUL_SPEECH,,,,"[""CONTENT_TYPE_TEXT""]",,,"2024-11-23 00:00:00","[""AT"",""BE"",""BG"",""CY"",""CZ"",""DE"",""DK"",""EE"",""ES"",""FI"",""FR"",""GR"",""HR"",""HU"",""IE"",""IT"",""LI"",""LT"",""LU"",""LV"",""MT"",""NL"",""NO"",""PL"",""PT"",""RO"",""SE"",""SI"",""SK""]","2024-11-23 00:00:00","The decision was taken pursuant to own-initiative investigations.",SOURCE_VOLUNTARY,,Yes,AUTOMATED_DECISION_FULLY,TikTok,7440305800309922592,"2024-11-23 03:06:38"
8d38dc69-929f-47f2-9f55-8a4e0692021e,"[""DECISION_VISIBILITY_CONTENT_REMOVED""]",,,,,,,,,,,DECISION_GROUND_INCOMPATIBLE_CONTENT,,,,"Sexual Exploitation and Gender-Based Violence","We are committed to providing a space that embraces gender equity, supports healthy relationships, and respects intimate privacy. We do not allow sexual exploitation or gender-based violence, including non-consensual sexual acts, image-based sexual abuse, sextortion, physical abuse, and sexual harassment.We proactively enforce our Community Guidelines through a mix of technology and human moderation. We have detected this policy violation using automated measures. We have used automated measures in making this decision.",,STATEMENT_CATEGORY_VIOLENCE,,,,"[""CONTENT_TYPE_TEXT""]",,,"2024-11-23 00:00:00","[""AT"",""BE"",""BG"",""CY"",""CZ"",""DE"",""DK"",""EE"",""ES"",""FI"",""FR"",""GR"",""HR"",""HU"",""IE"",""IT"",""LI"",""LT"",""LU"",""LV"",""MT"",""NL"",""NO"",""PL"",""PT"",""RO"",""SE"",""SI"",""SK""]","2024-11-23 00:00:00","The decision was taken pursuant to own-initiative investigations.",SOURCE_VOLUNTARY,,Yes,AUTOMATED_DECISION_FULLY,TikTok,7440305789316766496,"2024-11-23 03:06:38"
b63672ff-c3a0-442e-94ad-c29081c73dab,"[""DECISION_VISIBILITY_CONTENT_REMOVED""]",,,,,,,,,,,DECISION_GROUND_INCOMPATIBLE_CONTENT,,,,"Harassment and Bullying","We welcome the respectful expression of different viewpoints, but not toxicity or trolling. We do not allow language or behavior that harasses, humiliates, threatens, or doxes anyone. This also includes responding to such acts with retaliatory harassment (but excludes non-harassing counterspeech).We proactively enforce our Community Guidelines through a mix of technology and human moderation. We have detected this policy violation using automated measures. We have used automated measures in making this decision.",,STATEMENT_CATEGORY_ILLEGAL_OR_HARMFUL_SPEECH,,,,"[""CONTENT_TYPE_TEXT""]",,,"2024-11-23 00:00:00","[""AT"",""BE"",""BG"",""CY"",""CZ"",""DE"",""DK"",""EE"",""ES"",""FI"",""FR"",""GR"",""HR"",""HU"",""IE"",""IT"",""LI"",""LT"",""LU"",""LV"",""MT"",""NL"",""NO"",""PL"",""PT"",""RO"",""SE"",""SI"",""SK""]","2024-11-23 00:00:00","The decision was taken pursuant to own-initiative investigations.",SOURCE_VOLUNTARY,,Yes,AUTOMATED_DECISION_FULLY,TikTok,7440305800309938976,"2024-11-23 03:06:38"
296e03b0-0c9d-442a-ad7f-df93feb84f97,"[""DECISION_VISIBILITY_CONTENT_REMOVED""]",,,,,,,,,,,DECISION_GROUND_INCOMPATIBLE_CONTENT,,,,"Harassment and Bullying","We welcome the respectful expression of different viewpoints, but not toxicity or trolling. We do not allow language or behavior that harasses, humiliates, threatens, or doxes anyone. This also includes responding to such acts with retaliatory harassment (but excludes non-harassing counterspeech).We proactively enforce our Community Guidelines through a mix of technology and human moderation. We have detected this policy violation using automated measures. We have used automated measures in making this decision.",,STATEMENT_CATEGORY_ILLEGAL_OR_HARMFUL_SPEECH,,,,"[""CONTENT_TYPE_TEXT""]",,,"2024-11-23 00:00:00","[""AT"",""BE"",""BG"",""CY"",""CZ"",""DE"",""DK"",""EE"",""ES"",""FI"",""FR"",""GR"",""HR"",""HU"",""IE"",""IT"",""LI"",""LT"",""LU"",""LV"",""MT"",""NL"",""NO"",""PL"",""PT"",""RO"",""SE"",""SI"",""SK""]","2024-11-23 00:00:00","The decision was taken pursuant to own-initiative investigations.",SOURCE_VOLUNTARY,,Yes,AUTOMATED_DECISION_FULLY,TikTok,7440305789316782880,"2024-11-23 03:06:38"
84382c52-ba4f-4648-bbc9-61d52e1e6b68,"[""DECISION_VISIBILITY_OTHER""]","Ad is not eligible for posting.",,,,,,,,,,DECISION_GROUND_INCOMPATIBLE_CONTENT,,,,"Our review indicates that your advertising content may violate TikTok's advertising policies by featuring a product/service which belongs to a prohibited industry of the targeted location(s) in your ad. For more policy details, please refer to ""TikTok Advertising Policies - Industry Entry"" (https://ads.tiktok.com/help/article?aid=6685586866860720134). Our review indicates that your advertising content may violate TikTok's advertising policies by promoting prohibited products or services in the t","Please change the promoted product/service in your ad or change the targeted location(s) in your ad group settings according to our policy. For more policy details, please refer to ""TikTok Advertising Policies - Industry Entry"" (https://ads.tiktok.com/help/article?aid=6685586866860720134). For more policy details, please refer to """"TikTok Advertising Policies - Industry Entry"" (https://ads.tiktok.com/help/article?aid=6685586866860720134).Please change the promoted product/service in your ad or change the targeted location(s) in your ad group settings according to our policy. For more policy details, please refer to ""TikTok Advertising Policies - Industry Entry"" (https://ads.tiktok.com/help/article?aid=6685586866860720134). For more policy details, please refer to """"TikTok Advertising Policies - Industry Entry"" (https://ads.tiktok.com/help/article?aid=6685586866860720134).Please change the promoted product/service in your ad or change the targeted location(s) in your ad group settings according to our policy. For more policy details, please refer to ""TikTok Advertising Policies - Industry Entry"" (https://ads.tiktok.com/help/article?aid=6685586866860720134). For more policy details, please refer to """"TikTok Advertising Policies - Industry Entry"" (https://ads.tiktok.com/help/article?aid=6685586866860720134).Please change the promoted product/service in your ad or change the targeted location(s) in your ad group settings according to our policy. For more policy details, please refer to ""TikTok Advertising Policies - Industry Entry"" (https://ads.tiktok.com/help/article?aid=6685586866860720134). For more policy details, please refer to """"TikTok Advertising Policies - Industry Entry"" (https://ads.tiktok.com/help/article?aid=6685586866860720134).Please change the promoted product/service in your ad or change the targeted location(s) in your ad group settings according to our policy. For more policy details, please refer to ""TikTok Advertising Policies - Industry Entry"" (htt",,STATEMENT_CATEGORY_SCOPE_OF_PLATFORM_SERVICE,,,,"[""CONTENT_TYPE_VIDEO""]",,,"2024-11-23 00:00:00","[""RO""]","2024-11-23 00:00:00","The decision was taken pursuant to own-initiative investigations.",SOURCE_VOLUNTARY,,Yes,AUTOMATED_DECISION_FULLY,TikTok,7440305800309955360,"2024-11-23 03:06:38"
73be3ae2-8e80-4589-92e7-2028aad28268,"[""DECISION_VISIBILITY_CONTENT_REMOVED""]",,,,,,,,,,,DECISION_GROUND_INCOMPATIBLE_CONTENT,,,,"Harassment and Bullying","We welcome the respectful expression of different viewpoints, but not toxicity or trolling. We do not allow language or behavior that harasses, humiliates, threatens, or doxes anyone. This also includes responding to such acts with retaliatory harassment (but excludes non-harassing counterspeech).We proactively enforce our Community Guidelines through a mix of technology and human moderation. We have detected this policy violation using automated measures. We have used automated measures in making this decision.",,STATEMENT_CATEGORY_ILLEGAL_OR_HARMFUL_SPEECH,,,,"[""CONTENT_TYPE_TEXT""]",,,"2024-11-23 00:00:00","[""AT"",""BE"",""BG"",""CY"",""CZ"",""DE"",""DK"",""EE"",""ES"",""FI"",""FR"",""GR"",""HR"",""HU"",""IE"",""IT"",""LI"",""LT"",""LU"",""LV"",""MT"",""NL"",""NO"",""PL"",""PT"",""RO"",""SE"",""SI"",""SK""]","2024-11-23 00:00:00","The decision was taken pursuant to own-initiative investigations.",SOURCE_VOLUNTARY,,Yes,AUTOMATED_DECISION_FULLY,TikTok,7440305800284740384,"2024-11-23 03:06:38"
1e0fe00c-3d95-4dd2-88f3-56498eba760e,"[""DECISION_VISIBILITY_CONTENT_REMOVED"",""DECISION_VISIBILITY_CONTENT_AGE_RESTRICTED""]",,,,,,,,,,,DECISION_GROUND_INCOMPATIBLE_CONTENT,,,,"The ad or video features the simulation of sensitive body parts. This could include using items to imitate a sensitive body part.Based on the location(s) you have selected, the product or service promoted on your ad and/or landing page belongs to a restricted industry. Therefore, it can only be viewed by users aged 18 and above.This ad has been rejected because the ad creative or landing page may feature sexually suggestive content such as sexual behavior, openly sexual content, or sexualized la","Please modify or remove the related content. For more policy details, please refer to ""Adult & Sexual Content"" in ""TikTok Advertising Policies - Ad Creatives & Landing Page"" (https://ads.tiktok.com/help/article?aid=9552).You may also refer to ""Market Specific Prohibitions and Restrictions"" on TikTok Business Help Center for more information: https://ads.tiktok.com/help/article?aid=9550Please modify or remove the related content. You can read more about our TikTok Advertising Policies on adult and sexual content at: https://ads.tiktok.com/help/article/tiktok-advertising-policies-ad-creatives-landing-page-prohibited-content#anchor-9Please modify or remove the related content. You can read more about our TikTok Advertising Policies on adult and sexual content at: https://ads.tiktok.com/help/article/tiktok-advertising-policies-ad-creatives-landing-page-prohibited-content#anchor-9Please modify or remove the related content. You can read more about our TikTok Advertising Policies on adult and sexual content at: https://ads.tiktok.com/help/article/tiktok-advertising-policies-ad-creatives-landing-page-prohibited-content#anchor-9Please modify or remove the related content. You can read more about our TikTok Advertising Policies on adult and sexual content at: https://ads.tiktok.com/help/article/tiktok-advertising-policies-ad-creatives-landing-page-prohibited-content#anchor-9You may also refer to ""Market Specific Prohibitions and Restrictions"" on TikTok Business Help Center for more information: https://ads.tiktok.com/help/article?aid=9550Please modify or remove the related content. You can read more about our TikTok Advertising Policies on adult and sexual content at: https://ads.tiktok.com/help/article/tiktok-advertising-policies-ad-creatives-landing-page-prohibited-content#anchor-9Please modify or remove the related content. You can read more about our TikTok Advertising Policies on adult and sexual content at: https://ads.tiktok.com/help/article/tiktok-advertising-policie",,STATEMENT_CATEGORY_SCOPE_OF_PLATFORM_SERVICE,,,,"[""CONTENT_TYPE_VIDEO""]",,,"2024-11-21 00:00:00","[""BE"",""CZ"",""ES"",""FR"",""GR"",""HU"",""IT"",""PL"",""RO"",""SE""]","2024-11-23 00:00:00","The decision was taken in response to a report alleging a violation of our Advertising Policies.",SOURCE_VOLUNTARY,,No,AUTOMATED_DECISION_FULLY,TikTok,7440305800309971744,"2024-11-23 03:06:38"
f4073892-0e48-447a-9204-99cf227243e2,"[""DECISION_VISIBILITY_CONTENT_REMOVED""]",,,,,,,,,,,DECISION_GROUND_INCOMPATIBLE_CONTENT,,,,"Harassment and Bullying","We welcome the respectful expression of different viewpoints, but not toxicity or trolling. We do not allow language or behavior that harasses, humiliates, threatens, or doxes anyone. This also includes responding to such acts with retaliatory harassment (but excludes non-harassing counterspeech).We proactively enforce our Community Guidelines through a mix of technology and human moderation. We have detected this policy violation using automated measures. We have used automated measures in making this decision.",,STATEMENT_CATEGORY_ILLEGAL_OR_HARMFUL_SPEECH,,,,"[""CONTENT_TYPE_TEXT""]",,,"2024-11-23 00:00:00","[""AT"",""BE"",""BG"",""CY"",""CZ"",""DE"",""DK"",""EE"",""ES"",""FI"",""FR"",""GR"",""HR"",""HU"",""IE"",""IT"",""LI"",""LT"",""LU"",""LV"",""MT"",""NL"",""NO"",""PL"",""PT"",""RO"",""SE"",""SI"",""SK""]","2024-11-23 00:00:00","The decision was taken pursuant to own-initiative investigations.",SOURCE_VOLUNTARY,,Yes,AUTOMATED_DECISION_FULLY,TikTok,7440305800309988128,"2024-11-23 03:06:38"
19f5def8-2035-4ed7-853c-c68840138bca,"[""DECISION_VISIBILITY_OTHER""]","Video not eligible for recommendation in the For You feed",,,,,,,,,,DECISION_GROUND_INCOMPATIBLE_CONTENT,,,,"Community Guidelines","We maintain content eligibility standards for the For You feed (FYF) that prioritize safety and are informed by the diversity of our community and cultural norms. We make ineligible for the FYF certain content that may not be appropriate for a broad audience related to: (1) Behavioral Health, (2) Sensitive and Mature Themes, (3) Integrity and Authenticity, and (4) Regulated Goods. Content that is ineligible for the FYF can still be discovered in other ways, such as through search tools or by following an account.We proactively enforce our Community Guidelines through a mix of technology and human moderation. We have detected this policy violation using automated measures. We have used automated measures in making this decision.",,STATEMENT_CATEGORY_SCOPE_OF_PLATFORM_SERVICE,,,,"[""CONTENT_TYPE_VIDEO""]",,,"2024-11-23 00:00:00","[""AT"",""BE"",""BG"",""CY"",""CZ"",""DE"",""DK"",""EE"",""ES"",""FI"",""FR"",""GR"",""HR"",""HU"",""IE"",""IT"",""LI"",""LT"",""LU"",""LV"",""MT"",""NL"",""NO"",""PL"",""PT"",""RO"",""SE"",""SI"",""SK""]","2024-11-23 00:00:00","The decision was taken pursuant to own-initiative investigations.",SOURCE_VOLUNTARY,,Yes,AUTOMATED_DECISION_FULLY,TikTok,7440305800284756768,"2024-11-23 03:06:38"
5a37f7b1-0c93-4f87-826a-839d43fc1513,"[""DECISION_VISIBILITY_OTHER""]","Ad is not eligible for posting.",,,,,,,,,,DECISION_GROUND_INCOMPATIBLE_CONTENT,,,,"Our review indicates that your advertising content may violate TikTok's advertising policies by featuring a product/service which belongs to a prohibited industry of the targeted location(s) in your ad. For more policy details, please refer to ""TikTok Advertising Policies - Industry Entry"" (https://ads.tiktok.com/help/article?aid=6685586866860720134). Our review indicates that your advertising content may violate TikTok's advertising policies by promoting prohibited products or services in the t","Please change the promoted product/service in your ad or change the targeted location(s) in your ad group settings according to our policy. For more policy details, please refer to ""TikTok Advertising Policies - Industry Entry"" (https://ads.tiktok.com/help/article?aid=6685586866860720134). For more policy details, please refer to """"TikTok Advertising Policies - Industry Entry"" (https://ads.tiktok.com/help/article?aid=6685586866860720134).Please change the promoted product/service in your ad or change the targeted location(s) in your ad group settings according to our policy. For more policy details, please refer to ""TikTok Advertising Policies - Industry Entry"" (https://ads.tiktok.com/help/article?aid=6685586866860720134). For more policy details, please refer to """"TikTok Advertising Policies - Industry Entry"" (https://ads.tiktok.com/help/article?aid=6685586866860720134).For more policy details, please refer to """"TikTok Advertising Policies - Industry Entry"" (https://ads.tiktok.com/help/article?aid=6685586866860720134).Please change the promoted product/service in your ad or change the targeted location(s) in your ad group settings according to our policy. For more policy details, please refer to ""TikTok Advertising Policies - Industry Entry"" (https://ads.tiktok.com/help/article?aid=6685586866860720134). For more policy details, please refer to """"TikTok Advertising Policies - Industry Entry"" (https://ads.tiktok.com/help/article?aid=6685586866860720134).Please change the promoted product/service in your ad or change the targeted location(s) in your ad group settings according to our policy. For more policy details, please refer to ""TikTok Advertising Policies - Industry Entry"" (https://ads.tiktok.com/help/article?aid=6685586866860720134). For more policy details, please refer to """"TikTok Advertising Policies - Industry Entry"" (https://ads.tiktok.com/help/article?aid=6685586866860720134).Please change the promoted product/service in your ad or change the targeted loca",,STATEMENT_CATEGORY_SCOPE_OF_PLATFORM_SERVICE,,,,"[""CONTENT_TYPE_VIDEO""]",,,"2024-11-23 00:00:00","[""RO""]","2024-11-23 00:00:00","The decision was taken pursuant to own-initiative investigations.",SOURCE_VOLUNTARY,,Yes,AUTOMATED_DECISION_FULLY,TikTok,7440305800310037280,"2024-11-23 03:06:40"
732c033d-964b-4bf7-b5c7-74b634939362,"[""DECISION_VISIBILITY_CONTENT_REMOVED""]",,,,,,,,,,,DECISION_GROUND_INCOMPATIBLE_CONTENT,,,,"Harassment and Bullying","We welcome the respectful expression of different viewpoints, but not toxicity or trolling. We do not allow language or behavior that harasses, humiliates, threatens, or doxes anyone. This also includes responding to such acts with retaliatory harassment (but excludes non-harassing counterspeech).We proactively enforce our Community Guidelines through a mix of technology and human moderation. We have detected this policy violation using automated measures. We have used automated measures in making this decision.",,STATEMENT_CATEGORY_ILLEGAL_OR_HARMFUL_SPEECH,,,,"[""CONTENT_TYPE_TEXT""]",,,"2024-11-23 00:00:00","[""AT"",""BE"",""BG"",""CY"",""CZ"",""DE"",""DK"",""EE"",""ES"",""FI"",""FR"",""GR"",""HR"",""HU"",""IE"",""IT"",""LI"",""LT"",""LU"",""LV"",""MT"",""NL"",""NO"",""PL"",""PT"",""RO"",""SE"",""SI"",""SK""]","2024-11-23 00:00:00","The decision was taken pursuant to own-initiative investigations.",SOURCE_VOLUNTARY,,Yes,AUTOMATED_DECISION_FULLY,TikTok,7440305800284805920,"2024-11-23 03:06:40"
aab2dfeb-ab5e-4705-b2c8-6dd852d7efc1,"[""DECISION_VISIBILITY_OTHER""]","Ad is not eligible for posting.",,,,,,,,,,DECISION_GROUND_INCOMPATIBLE_CONTENT,,,,"Our review indicates that your advertising content may violate TikTok's advertising policies by featuring a product/service which belongs to a prohibited industry of the targeted location(s) in your ad. For more policy details, please refer to ""TikTok Advertising Policies - Industry Entry"" (https://ads.tiktok.com/help/article?aid=6685586866860720134). Our review indicates that your advertising content may violate TikTok's advertising policies by promoting prohibited products or services in the t","Please change the promoted product/service in your ad or change the targeted location(s) in your ad group settings according to our policy. For more policy details, please refer to ""TikTok Advertising Policies - Industry Entry"" (https://ads.tiktok.com/help/article?aid=6685586866860720134). For more policy details, please refer to """"TikTok Advertising Policies - Industry Entry"" (https://ads.tiktok.com/help/article?aid=6685586866860720134).Please change the promoted product/service in your ad or change the targeted location(s) in your ad group settings according to our policy. For more policy details, please refer to ""TikTok Advertising Policies - Industry Entry"" (https://ads.tiktok.com/help/article?aid=6685586866860720134). For more policy details, please refer to """"TikTok Advertising Policies - Industry Entry"" (https://ads.tiktok.com/help/article?aid=6685586866860720134).Please change the promoted product/service in your ad or change the targeted location(s) in your ad group settings according to our policy. For more policy details, please refer to ""TikTok Advertising Policies - Industry Entry"" (https://ads.tiktok.com/help/article?aid=6685586866860720134). For more policy details, please refer to """"TikTok Advertising Policies - Industry Entry"" (https://ads.tiktok.com/help/article?aid=6685586866860720134).For more policy details, please refer to """"TikTok Advertising Policies - Industry Entry"" (https://ads.tiktok.com/help/article?aid=6685586866860720134).Please change the promoted product/service in your ad or change the targeted location(s) in your ad group settings according to our policy. For more policy details, please refer to ""TikTok Advertising Policies - Industry Entry"" (https://ads.tiktok.com/help/article?aid=6685586866860720134). Please change the promoted product/service in your ad or change the targeted location(s) in your ad group settings according to our policy. For more policy details, please refer to ""TikTok Advertising Policies - Industry Entry"" (htt",,STATEMENT_CATEGORY_SCOPE_OF_PLATFORM_SERVICE,,,,"[""CONTENT_TYPE_VIDEO""]",,,"2024-11-23 00:00:00","[""RO""]","2024-11-23 00:00:00","The decision was taken pursuant to own-initiative investigations.",SOURCE_VOLUNTARY,,Yes,AUTOMATED_DECISION_FULLY,TikTok,7440305800284822304,"2024-11-23 03:06:40"
88d7f912-4d33-4d19-bb57-b129d1508b07,"[""DECISION_VISIBILITY_OTHER""]","Video not eligible for recommendation in the For You feed",,,,,,,,,,DECISION_GROUND_INCOMPATIBLE_CONTENT,,,,"Community Guidelines","Your content is against our Community Guidelines. The guidelines include rules and standards for using TikTok that apply to everyone and everything on our platform.We proactively enforce our Community Guidelines through a mix of technology and human moderation. We have detected this policy violation using automated measures. We have used automated measures in making this decision.",,STATEMENT_CATEGORY_SCOPE_OF_PLATFORM_SERVICE,,,,"[""CONTENT_TYPE_OTHER""]","Video Sticker",,"2024-11-23 00:00:00","[""AT"",""BE"",""BG"",""CY"",""CZ"",""DE"",""DK"",""EE"",""ES"",""FI"",""FR"",""GR"",""HR"",""HU"",""IE"",""IT"",""LI"",""LT"",""LU"",""LV"",""MT"",""NL"",""NO"",""PL"",""PT"",""RO"",""SE"",""SI"",""SK""]","2024-11-23 00:00:00","The decision was taken pursuant to own-initiative investigations.",SOURCE_VOLUNTARY,,Yes,AUTOMATED_DECISION_FULLY,TikTok,7440305800310053664,"2024-11-23 03:06:40"
2c46e577-d5b5-45bb-895a-0eb466f7f664,"[""DECISION_VISIBILITY_OTHER""]","Video not eligible for recommendation in the For You feed",,,,,,,,,,DECISION_GROUND_INCOMPATIBLE_CONTENT,,,,"Community Guidelines","We maintain content eligibility standards for the For You feed (FYF) that prioritize safety and are informed by the diversity of our community and cultural norms. We make ineligible for the FYF certain content that may not be appropriate for a broad audience related to: (1) Behavioral Health, (2) Sensitive and Mature Themes, (3) Integrity and Authenticity, and (4) Regulated Goods. Content that is ineligible for the FYF can still be discovered in other ways, such as through search tools or by following an account.We proactively enforce our Community Guidelines through a mix of technology and human moderation. We have detected this policy violation using automated measures. We have used automated measures in making this decision.",,STATEMENT_CATEGORY_SCOPE_OF_PLATFORM_SERVICE,,,,"[""CONTENT_TYPE_VIDEO""]",,,"2024-11-23 00:00:00","[""AT"",""BE"",""BG"",""CY"",""CZ"",""DE"",""DK"",""EE"",""ES"",""FI"",""FR"",""GR"",""HR"",""HU"",""IE"",""IT"",""LI"",""LT"",""LU"",""LV"",""MT"",""NL"",""NO"",""PL"",""PT"",""RO"",""SE"",""SI"",""SK""]","2024-11-23 00:00:00","The decision was taken pursuant to own-initiative investigations.",SOURCE_VOLUNTARY,,Yes,AUTOMATED_DECISION_FULLY,TikTok,7440305800284838688,"2024-11-23 03:06:42"
c92c9a42-9a52-45e9-ab36-8d2b22c28185,"[""DECISION_VISIBILITY_CONTENT_REMOVED""]",,,,,,,,,,,DECISION_GROUND_INCOMPATIBLE_CONTENT,,,,"Community Guidelines","Your content is against our Community Guidelines. The guidelines include rules and standards for using TikTok that apply to everyone and everything on our platform.We proactively enforce our Community Guidelines through a mix of technology and human moderation. We have detected this policy violation using automated measures. We have used automated measures in making this decision.",,STATEMENT_CATEGORY_SCOPE_OF_PLATFORM_SERVICE,,,,"[""CONTENT_TYPE_VIDEO""]",,,"2024-11-22 00:00:00","[""AT"",""BE"",""BG"",""CY"",""CZ"",""DE"",""DK"",""EE"",""ES"",""FI"",""FR"",""GR"",""HR"",""HU"",""IE"",""IT"",""LI"",""LT"",""LU"",""LV"",""MT"",""NL"",""NO"",""PL"",""PT"",""RO"",""SE"",""SI"",""SK""]","2024-11-23 00:00:00","The decision was taken pursuant to own-initiative investigations.",SOURCE_VOLUNTARY,,Yes,AUTOMATED_DECISION_FULLY,TikTok,7440305806311955233,"2024-11-23 03:06:42"
dec929d9-d93e-42dd-ad21-b842144f3e10,"[""DECISION_VISIBILITY_OTHER""]","Photo not eligible for recommendation in the For You feed, and visibility restricted in search results",,,,,,,,,,DECISION_GROUND_INCOMPATIBLE_CONTENT,,,,"Dangerous Activities and Challenges","Most activities or challenges are appropriate for everyone, but some may carry a risk of significant injury. Content is ineligible for the For You feed if it involves activities likely to lead to moderate physical harm or includes professionals performing extreme sports and stunts that may endanger others.We proactively enforce our Community Guidelines through a mix of technology and human moderation. We have detected this policy violation using automated measures. We have used automated measures in making this decision.",,STATEMENT_CATEGORY_SCOPE_OF_PLATFORM_SERVICE,,,,"[""CONTENT_TYPE_IMAGE""]",,,"2024-11-23 00:00:00","[""AT"",""BE"",""BG"",""CY"",""CZ"",""DE"",""DK"",""EE"",""ES"",""FI"",""FR"",""GR"",""HR"",""HU"",""IE"",""IT"",""LI"",""LT"",""LU"",""LV"",""MT"",""NL"",""NO"",""PL"",""PT"",""RO"",""SE"",""SI"",""SK""]","2024-11-23 00:00:00","The decision was taken pursuant to own-initiative investigations.",SOURCE_VOLUNTARY,,Yes,AUTOMATED_DECISION_FULLY,TikTok,7440305800284855072,"2024-11-23 03:06:42"
0d782599-55ff-4825-b02a-812b2a968138,"[""DECISION_VISIBILITY_OTHER""]","Video not eligible for recommendation in the For You feed",,,,,,,,,,DECISION_GROUND_INCOMPATIBLE_CONTENT,,,,"Alcohol, Tobacco, and Drugs","While adults make personal choices about how they engage with alcohol, drugs, and tobacco, we recognize that there are risks connected to trading and using these substances. Content is ineligible for the For You feed and harder to find in search if it shows adults consuming excessive amounts of alcohol or tobacco products.We proactively enforce our Community Guidelines through a mix of technology and human moderation. We have detected this policy violation using automated measures. We have used automated measures in making this decision.",,STATEMENT_CATEGORY_SCOPE_OF_PLATFORM_SERVICE,,,,"[""CONTENT_TYPE_VIDEO""]",,,"2024-11-23 00:00:00","[""AT"",""BE"",""BG"",""CY"",""CZ"",""DE"",""DK"",""EE"",""ES"",""FI"",""FR"",""GR"",""HR"",""HU"",""IE"",""IT"",""LI"",""LT"",""LU"",""LV"",""MT"",""NL"",""NO"",""PL"",""PT"",""RO"",""SE"",""SI"",""SK""]","2024-11-23 00:00:00","The decision was taken pursuant to own-initiative investigations.",SOURCE_VOLUNTARY,,Yes,AUTOMATED_DECISION_FULLY,TikTok,7440305800284871456,"2024-11-23 03:06:42"
b9ffc461-2813-4f35-a954-239f2c0cf348,"[""DECISION_VISIBILITY_CONTENT_REMOVED""]",,,,,,,,,,,DECISION_GROUND_INCOMPATIBLE_CONTENT,,,,"Harassment and Bullying","We welcome the respectful expression of different viewpoints, but not toxicity or trolling. We do not allow language or behavior that harasses, humiliates, threatens, or doxes anyone. This also includes responding to such acts with retaliatory harassment (but excludes non-harassing counterspeech).We proactively enforce our Community Guidelines through a mix of technology and human moderation. We have detected this policy violation using automated measures. We have used automated measures in making this decision.",,STATEMENT_CATEGORY_ILLEGAL_OR_HARMFUL_SPEECH,,,,"[""CONTENT_TYPE_TEXT""]",,,"2024-11-23 00:00:00","[""AT"",""BE"",""BG"",""CY"",""CZ"",""DE"",""DK"",""EE"",""ES"",""FI"",""FR"",""GR"",""HR"",""HU"",""IE"",""IT"",""LI"",""LT"",""LU"",""LV"",""MT"",""NL"",""NO"",""PL"",""PT"",""RO"",""SE"",""SI"",""SK""]","2024-11-23 00:00:00","The decision was taken pursuant to own-initiative investigations.",SOURCE_VOLUNTARY,,Yes,AUTOMATED_DECISION_FULLY,TikTok,7440305800284887840,"2024-11-23 03:06:42"
0569db1c-d6ab-4da1-a3f0-ebefb2e6942f,"[""DECISION_VISIBILITY_OTHER""]","Video not eligible for recommendation in the For You feed",,,,,,,,,,DECISION_GROUND_INCOMPATIBLE_CONTENT,,,,"Nudity and Body Exposure","We celebrate all shapes and sizes and want people to feel comfortable in how they present themselves and their bodies. Content is ineligible for the For You feed and harder to find in search if it shows moderate body exposure of a young person, or significant body exposure of an adult. We allow regional exceptions for body exposure in limited situations, such as common cultural practices.We proactively enforce our Community Guidelines through a mix of technology and human moderation. We have detected this policy violation using automated measures. We have used automated measures in making this decision.",,STATEMENT_CATEGORY_SCOPE_OF_PLATFORM_SERVICE,,,,"[""CONTENT_TYPE_VIDEO""]",,,"2024-11-23 00:00:00","[""AT"",""BE"",""BG"",""CY"",""CZ"",""DE"",""DK"",""EE"",""ES"",""FI"",""FR"",""GR"",""HR"",""HU"",""IE"",""IT"",""LI"",""LT"",""LU"",""LV"",""MT"",""NL"",""NO"",""PL"",""PT"",""RO"",""SE"",""SI"",""SK""]","2024-11-23 00:00:00","The decision was taken pursuant to own-initiative investigations.",SOURCE_VOLUNTARY,,Yes,AUTOMATED_DECISION_FULLY,TikTok,7440305806311971617,"2024-11-23 03:06:42"
daef612b-d6e0-4ede-8353-4c3ae96bd2d7,"[""DECISION_VISIBILITY_OTHER""]","Video not eligible for recommendation in the For You feed",,,,,,,,,,DECISION_GROUND_INCOMPATIBLE_CONTENT,,,,"Shocking and Graphic Content","Part of the joy of TikTok is coming across new and unexpected content. But the platform is not a space to intentionally shock, upset, or disgust others. Content is ineligible for the For You feed and harder to find in search if it shows fictional violence, blood, potentially distressing or mildly graphic material, animal genitalia or sexual activity between animals, or if it contains graphic footage of events that are in the public interest to view.We proactively enforce our Community Guidelines through a mix of technology and human moderation. We have detected this policy violation using automated measures. We have used automated measures in making this decision.",,STATEMENT_CATEGORY_VIOLENCE,,,,"[""CONTENT_TYPE_VIDEO""]",,,"2024-11-23 00:00:00","[""AT"",""BE"",""BG"",""CY"",""CZ"",""DE"",""DK"",""EE"",""ES"",""FI"",""FR"",""GR"",""HR"",""HU"",""IE"",""IT"",""LI"",""LT"",""LU"",""LV"",""MT"",""NL"",""NO"",""PL"",""PT"",""RO"",""SE"",""SI"",""SK""]","2024-11-23 00:00:00","The decision was taken pursuant to own-initiative investigations.",SOURCE_VOLUNTARY,,Yes,AUTOMATED_DECISION_FULLY,TikTok,7440305806555224864,"2024-11-23 03:06:42"
ee9ce01e-fee5-4da8-9e58-6f92ef3ed7be,"[""DECISION_VISIBILITY_CONTENT_REMOVED""]",,,,,,,,,,,DECISION_GROUND_INCOMPATIBLE_CONTENT,,,,"Dangerous Activities and Challenges","Most activities or challenges are appropriate for everyone, but some carry a risk of significant injury. We do not allow showing or promoting dangerous activities and challenges. This includes dares, games, tricks, inappropriate use of dangerous tools, eating substances that are harmful to one’s health, or similar activities that may lead to significant physical harm.We proactively enforce our Community Guidelines through a mix of technology and human moderation. We have detected this policy violation using automated measures. We have used automated measures in making this decision.",,STATEMENT_CATEGORY_SCOPE_OF_PLATFORM_SERVICE,,,,"[""CONTENT_TYPE_VIDEO""]",,,"2024-11-23 00:00:00","[""AT"",""BE"",""BG"",""CY"",""CZ"",""DE"",""DK"",""EE"",""ES"",""FI"",""FR"",""GR"",""HR"",""HU"",""IE"",""IT"",""LI"",""LT"",""LU"",""LV"",""MT"",""NL"",""NO"",""PL"",""PT"",""RO"",""SE"",""SI"",""SK""]","2024-11-23 00:00:00","The decision was taken pursuant to own-initiative investigations.",SOURCE_VOLUNTARY,,Yes,AUTOMATED_DECISION_FULLY,TikTok,7440305806311988001,"2024-11-23 03:06:42"
c2a8573a-e277-48ca-a015-a44f3c6578c4,"[""DECISION_VISIBILITY_CONTENT_REMOVED""]",,,,,,,,,,,DECISION_GROUND_INCOMPATIBLE_CONTENT,,,,"Community Guidelines","Your content is against our Community Guidelines. The guidelines include rules and standards for using TikTok that apply to everyone and everything on our platform.Users and 3rd-parties can report policy violations to us. We have detected this policy violation based on a report that the content violated our Community Guidelines.",,STATEMENT_CATEGORY_SCOPE_OF_PLATFORM_SERVICE,,,,"[""CONTENT_TYPE_TEXT""]",,,"2024-11-23 00:00:00","[""AT"",""BE"",""BG"",""CY"",""CZ"",""DE"",""DK"",""EE"",""ES"",""FI"",""FR"",""GR"",""HR"",""HU"",""IE"",""IT"",""LI"",""LT"",""LU"",""LV"",""MT"",""NL"",""NO"",""PL"",""PT"",""RO"",""SE"",""SI"",""SK""]","2024-11-23 00:00:00","The decision was taken in response to a report alleging a violation of our Community Guidelines.",SOURCE_VOLUNTARY,,No,AUTOMATED_DECISION_NOT_AUTOMATED,TikTok,7440305806312004385,"2024-11-23 03:06:42"
ff63d477-7de0-46ef-a906-bedbb72c2a4f,"[""DECISION_VISIBILITY_OTHER""]","Photo not eligible for recommendation in the For You feed",,,,,,,,,,DECISION_GROUND_INCOMPATIBLE_CONTENT,,,,"Dangerous Activities and Challenges","Most activities or challenges are appropriate for everyone, but some carry a risk of significant injury. Content is ineligible for the For You feed if it involves activities that are likely to lead to moderate physical harm, or includes professionals who are performing extreme sports and stunts that may endanger others.We proactively enforce our Community Guidelines through a mix of technology and human moderation. We have detected this policy violation using automated measures. We have used automated measures in making this decision.",,STATEMENT_CATEGORY_SCOPE_OF_PLATFORM_SERVICE,,,,"[""CONTENT_TYPE_IMAGE""]",,,"2024-11-23 00:00:00","[""AT"",""BE"",""BG"",""CY"",""CZ"",""DE"",""DK"",""EE"",""ES"",""FI"",""FR"",""GR"",""HR"",""HU"",""IE"",""IT"",""LI"",""LT"",""LU"",""LV"",""MT"",""NL"",""NO"",""PL"",""PT"",""RO"",""SE"",""SI"",""SK""]","2024-11-23 00:00:00","The decision was taken pursuant to own-initiative investigations.",SOURCE_VOLUNTARY,,Yes,AUTOMATED_DECISION_FULLY,TikTok,7440305806555241248,"2024-11-23 03:06:42"
9823820e-ac75-4f85-88b2-97ef38969c97,"[""DECISION_VISIBILITY_OTHER""]","Photo not eligible for recommendation in the For You feed, and visibility restricted in search results",,,,,,,,,,DECISION_GROUND_INCOMPATIBLE_CONTENT,,,,"Community Guidelines","We maintain content eligibility standards for the For You feed (FYF) that prioritize safety and are informed by the diversity of our community and cultural norms. We make ineligible for the FYF certain content that may not be appropriate for a broad audience related to: (1) Behavioral Health, (2) Sensitive and Mature Themes, (3) Integrity and Authenticity, and (4) Regulated Goods. Content that is ineligible for the FYF can still be discovered in other ways, such as through search tools or by following an account.We proactively enforce our Community Guidelines through a mix of technology and human moderation. We have detected this policy violation using automated measures. We have used automated measures in making this decision.",,STATEMENT_CATEGORY_SCOPE_OF_PLATFORM_SERVICE,,,,"[""CONTENT_TYPE_IMAGE""]",,,"2024-11-23 00:00:00","[""AT"",""BE"",""BG"",""CY"",""CZ"",""DE"",""DK"",""EE"",""ES"",""FI"",""FR"",""GR"",""HR"",""HU"",""IE"",""IT"",""LI"",""LT"",""LU"",""LV"",""MT"",""NL"",""NO"",""PL"",""PT"",""RO"",""SE"",""SI"",""SK""]","2024-11-23 00:00:00","The decision was taken pursuant to own-initiative investigations.",SOURCE_VOLUNTARY,,Yes,AUTOMATED_DECISION_FULLY,TikTok,7440305806312020769,"2024-11-23 03:06:42"
2662e07a-4a5c-4882-8028-efded8774c6e,"[""DECISION_VISIBILITY_CONTENT_REMOVED""]",,,,,,,,,,,DECISION_GROUND_INCOMPATIBLE_CONTENT,,,,"Harassment and Bullying","We welcome the respectful expression of different viewpoints, but not toxicity or trolling. We do not allow language or behavior that harasses, humiliates, threatens, or doxes anyone. This also includes responding to such acts with retaliatory harassment (but excludes non-harassing counterspeech).We proactively enforce our Community Guidelines through a mix of technology and human moderation. We have detected this policy violation using automated measures. We have used automated measures in making this decision.",,STATEMENT_CATEGORY_ILLEGAL_OR_HARMFUL_SPEECH,,,,"[""CONTENT_TYPE_TEXT""]",,,"2024-11-23 00:00:00","[""AT"",""BE"",""BG"",""CY"",""CZ"",""DE"",""DK"",""EE"",""ES"",""FI"",""FR"",""GR"",""HR"",""HU"",""IE"",""IT"",""LI"",""LT"",""LU"",""LV"",""MT"",""NL"",""NO"",""PL"",""PT"",""RO"",""SE"",""SI"",""SK""]","2024-11-23 00:00:00","The decision was taken pursuant to own-initiative investigations.",SOURCE_VOLUNTARY,,Yes,AUTOMATED_DECISION_FULLY,TikTok,7440305806312037153,"2024-11-23 03:06:42"
d08e2187-186d-42b3-bc31-846477bfea49,"[""DECISION_VISIBILITY_CONTENT_REMOVED""]",,,,,,,,,,,DECISION_GROUND_INCOMPATIBLE_CONTENT,,,,"Harassment and Bullying","We welcome the respectful expression of different viewpoints, but not toxicity or trolling. We do not allow language or behavior that harasses, humiliates, threatens, or doxes anyone. This also includes responding to such acts with retaliatory harassment (but excludes non-harassing counterspeech).We proactively enforce our Community Guidelines through a mix of technology and human moderation. We have detected this policy violation using automated measures. We have used automated measures in making this decision.",,STATEMENT_CATEGORY_ILLEGAL_OR_HARMFUL_SPEECH,,,,"[""CONTENT_TYPE_TEXT""]",,,"2024-11-23 00:00:00","[""AT"",""BE"",""BG"",""CY"",""CZ"",""DE"",""DK"",""EE"",""ES"",""FI"",""FR"",""GR"",""HR"",""HU"",""IE"",""IT"",""LI"",""LT"",""LU"",""LV"",""MT"",""NL"",""NO"",""PL"",""PT"",""RO"",""SE"",""SI"",""SK""]","2024-11-23 00:00:00","The decision was taken pursuant to own-initiative investigations.",SOURCE_VOLUNTARY,,Yes,AUTOMATED_DECISION_FULLY,TikTok,7440305806555257632,"2024-11-23 03:06:42"
5feb9bff-e81c-4018-9db7-d43049e5f6d1,"[""DECISION_VISIBILITY_CONTENT_REMOVED""]",,,,,,,,,,,DECISION_GROUND_INCOMPATIBLE_CONTENT,,,,"Harassment and Bullying","We welcome the respectful expression of different viewpoints, but not toxicity or trolling. We do not allow language or behavior that harasses, humiliates, threatens, or doxes anyone. This also includes responding to such acts with retaliatory harassment (but excludes non-harassing counterspeech).We proactively enforce our Community Guidelines through a mix of technology and human moderation. We have detected this policy violation using automated measures. We have used automated measures in making this decision.",,STATEMENT_CATEGORY_ILLEGAL_OR_HARMFUL_SPEECH,,,,"[""CONTENT_TYPE_TEXT""]",,,"2024-11-23 00:00:00","[""AT"",""BE"",""BG"",""CY"",""CZ"",""DE"",""DK"",""EE"",""ES"",""FI"",""FR"",""GR"",""HR"",""HU"",""IE"",""IT"",""LI"",""LT"",""LU"",""LV"",""MT"",""NL"",""NO"",""PL"",""PT"",""RO"",""SE"",""SI"",""SK""]","2024-11-23 00:00:00","The decision was taken pursuant to own-initiative investigations.",SOURCE_VOLUNTARY,,Yes,AUTOMATED_DECISION_FULLY,TikTok,7440305806555323168,"2024-11-23 03:06:44"
688d3547-42bb-4039-8212-098464ad382d,"[""DECISION_VISIBILITY_OTHER""]","Ad is not eligible for posting.",,,,,,,,,,DECISION_GROUND_INCOMPATIBLE_CONTENT,,,,"Our review indicates that your advertising content may violate TikTok's advertising policies by promoting prohibited products or services in the targeted locations. Our review indicates that your advertising content may violate TikTok's advertising policies by featuring a product/service which belongs to a prohibited industry of the targeted location(s) in your ad. For more policy details, please refer to ""TikTok Advertising Policies - Industry Entry"" (https://ads.tiktok.com/help/article?aid=668","For more policy details, please refer to """"TikTok Advertising Policies - Industry Entry"" (https://ads.tiktok.com/help/article?aid=6685586866860720134).Please change the promoted product/service in your ad or change the targeted location(s) in your ad group settings according to our policy. For more policy details, please refer to ""TikTok Advertising Policies - Industry Entry"" (https://ads.tiktok.com/help/article?aid=6685586866860720134). Please change the promoted product/service in your ad or change the targeted location(s) in your ad group settings according to our policy. For more policy details, please refer to ""TikTok Advertising Policies - Industry Entry"" (https://ads.tiktok.com/help/article?aid=6685586866860720134). For more policy details, please refer to """"TikTok Advertising Policies - Industry Entry"" (https://ads.tiktok.com/help/article?aid=6685586866860720134).Please change the promoted product/service in your ad or change the targeted location(s) in your ad group settings according to our policy. For more policy details, please refer to ""TikTok Advertising Policies - Industry Entry"" (https://ads.tiktok.com/help/article?aid=6685586866860720134). For more policy details, please refer to """"TikTok Advertising Policies - Industry Entry"" (https://ads.tiktok.com/help/article?aid=6685586866860720134).For more policy details, please refer to """"TikTok Advertising Policies - Industry Entry"" (https://ads.tiktok.com/help/article?aid=6685586866860720134).Please change the promoted product/service in your ad or change the targeted location(s) in your ad group settings according to our policy. For more policy details, please refer to ""TikTok Advertising Policies - Industry Entry"" (https://ads.tiktok.com/help/article?aid=6685586866860720134). For more policy details, please refer to """"TikTok Advertising Policies - Industry Entry"" (https://ads.tiktok.com/help/article?aid=6685586866860720134).Please change the promoted product/service in your ad or change the targeted loca",,STATEMENT_CATEGORY_SCOPE_OF_PLATFORM_SERVICE,,,,"[""CONTENT_TYPE_VIDEO""]",,,"2024-11-23 00:00:00","[""RO""]","2024-11-23 00:00:00","The decision was taken pursuant to own-initiative investigations.",SOURCE_VOLUNTARY,,Yes,AUTOMATED_DECISION_FULLY,TikTok,7440305806555339552,"2024-11-23 03:06:44"
859e669a-c4fa-4df4-92d8-e8606cd76fae,"[""DECISION_VISIBILITY_CONTENT_REMOVED""]",,,,,,,,,,,DECISION_GROUND_INCOMPATIBLE_CONTENT,,,,"Dangerous Activities and Challenges","Most activities or challenges are appropriate for everyone, but some carry a risk of significant injury. We do not allow showing or promoting dangerous activities and challenges. This includes dares, games, tricks, inappropriate use of dangerous tools, eating substances that are harmful to one’s health, or similar activities that may lead to significant physical harm.We proactively enforce our Community Guidelines through a mix of technology and human moderation. We have detected this policy violation using automated measures.",,STATEMENT_CATEGORY_SCOPE_OF_PLATFORM_SERVICE,,,,"[""CONTENT_TYPE_VIDEO""]",,,"2024-11-22 00:00:00","[""AT"",""BE"",""BG"",""CY"",""CZ"",""DE"",""DK"",""EE"",""ES"",""FI"",""FR"",""GR"",""HR"",""HU"",""IE"",""IT"",""LI"",""LT"",""LU"",""LV"",""MT"",""NL"",""NO"",""PL"",""PT"",""RO"",""SE"",""SI"",""SK""]","2024-11-23 00:00:00","The decision was taken pursuant to own-initiative investigations.",SOURCE_VOLUNTARY,,Yes,AUTOMATED_DECISION_NOT_AUTOMATED,TikTok,7440305806312102689,"2024-11-23 03:06:44"
7f64a58b-b8e3-4d30-946a-f82ac166e7ab,"[""DECISION_VISIBILITY_CONTENT_REMOVED""]",,,,,,,,,,,DECISION_GROUND_INCOMPATIBLE_CONTENT,,,,"Harassment and Bullying","We welcome the respectful expression of different viewpoints, but not toxicity or trolling. We do not allow language or behavior that harasses, humiliates, threatens, or doxes anyone. This also includes responding to such acts with retaliatory harassment (but excludes non-harassing counterspeech).We proactively enforce our Community Guidelines through a mix of technology and human moderation. We have detected this policy violation using automated measures. We have used automated measures in making this decision.",,STATEMENT_CATEGORY_ILLEGAL_OR_HARMFUL_SPEECH,,,,"[""CONTENT_TYPE_TEXT""]",,,"2024-11-23 00:00:00","[""AT"",""BE"",""BG"",""CY"",""CZ"",""DE"",""DK"",""EE"",""ES"",""FI"",""FR"",""GR"",""HR"",""HU"",""IE"",""IT"",""LI"",""LT"",""LU"",""LV"",""MT"",""NL"",""NO"",""PL"",""PT"",""RO"",""SE"",""SI"",""SK""]","2024-11-23 00:00:00","The decision was taken pursuant to own-initiative investigations.",SOURCE_VOLUNTARY,,Yes,AUTOMATED_DECISION_FULLY,TikTok,7440305806555355936,"2024-11-23 03:06:44"
86feda7c-a53b-40e2-a4ab-3567189f05d7,"[""DECISION_VISIBILITY_OTHER""]","Photo not eligible for recommendation in the For You feed, and visibility restricted in search results",,,,,,,,,,DECISION_GROUND_INCOMPATIBLE_CONTENT,,,,"Civic and Election Integrity","We want to enable the informed exchange of civic ideas in a way that fosters productive dialogue. Your video didn’t meet our eligibility standards for the For You Feed. Please review our Community Guidelines for more information.We proactively enforce our Community Guidelines through a mix of technology and human moderation. We have detected this policy violation using automated measures. We have used automated measures in making this decision.",,STATEMENT_CATEGORY_NEGATIVE_EFFECTS_ON_CIVIC_DISCOURSE_OR_ELECTIONS,,,,"[""CONTENT_TYPE_IMAGE""]",,,"2024-11-23 00:00:00","[""AT"",""BE"",""BG"",""CY"",""CZ"",""DE"",""DK"",""EE"",""ES"",""FI"",""FR"",""GR"",""HR"",""HU"",""IE"",""IT"",""LI"",""LT"",""LU"",""LV"",""MT"",""NL"",""NO"",""PL"",""PT"",""RO"",""SE"",""SI"",""SK""]","2024-11-23 00:00:00","The decision was taken pursuant to own-initiative investigations.",SOURCE_VOLUNTARY,,Yes,AUTOMATED_DECISION_FULLY,TikTok,7440305814398573344,"2024-11-23 03:06:44"
166c537f-4fb1-4fc1-9c62-8d26db200d05,"[""DECISION_VISIBILITY_CONTENT_REMOVED""]",,,,,,,,,,,DECISION_GROUND_INCOMPATIBLE_CONTENT,,,,"Harassment and Bullying","We welcome the respectful expression of different viewpoints, but not toxicity or trolling. We do not allow language or behavior that harasses, humiliates, threatens, or doxes anyone. This also includes responding to such acts with retaliatory harassment (but excludes non-harassing counterspeech).We proactively enforce our Community Guidelines through a mix of technology and human moderation. We have detected this policy violation using automated measures. We have used automated measures in making this decision.",,STATEMENT_CATEGORY_ILLEGAL_OR_HARMFUL_SPEECH,,,,"[""CONTENT_TYPE_TEXT""]",,,"2024-11-23 00:00:00","[""AT"",""BE"",""BG"",""CY"",""CZ"",""DE"",""DK"",""EE"",""ES"",""FI"",""FR"",""GR"",""HR"",""HU"",""IE"",""IT"",""LI"",""LT"",""LU"",""LV"",""MT"",""NL"",""NO"",""PL"",""PT"",""RO"",""SE"",""SI"",""SK""]","2024-11-23 00:00:00","The decision was taken pursuant to own-initiative investigations.",SOURCE_VOLUNTARY,,Yes,AUTOMATED_DECISION_FULLY,TikTok,7440305806555372320,"2024-11-23 03:06:44"
fa3669fa-5292-4008-aca4-424b93342006,"[""DECISION_VISIBILITY_CONTENT_REMOVED""]",,,,,,,,,,,DECISION_GROUND_INCOMPATIBLE_CONTENT,,,,"Hate Speech and Hateful Behaviors","TikTok is enriched by the various backgrounds of our community members. Our differences should be respected, rather than a cause for division. We do not allow any hateful behavior, hate speech, or promotion of hateful ideologies. This includes content that attacks a person or group because of protected attributes.We proactively enforce our Community Guidelines through a mix of technology and human moderation. We have detected this policy violation using automated measures. We have used automated measures in making this decision.",,STATEMENT_CATEGORY_ILLEGAL_OR_HARMFUL_SPEECH,,,,"[""CONTENT_TYPE_TEXT""]",,,"2024-11-23 00:00:00","[""AT"",""BE"",""BG"",""CY"",""CZ"",""DE"",""DK"",""EE"",""ES"",""FI"",""FR"",""GR"",""HR"",""HU"",""IE"",""IT"",""LI"",""LT"",""LU"",""LV"",""MT"",""NL"",""NO"",""PL"",""PT"",""RO"",""SE"",""SI"",""SK""]","2024-11-23 00:00:00","The decision was taken pursuant to own-initiative investigations.",SOURCE_VOLUNTARY,,Yes,AUTOMATED_DECISION_FULLY,TikTok,7440305814398589728,"2024-11-23 03:06:44"
e7c60793-2da9-4c69-b388-a5abc9286662,"[""DECISION_VISIBILITY_OTHER""]","Ad is not eligible for posting.",,,,,,,,,,DECISION_GROUND_INCOMPATIBLE_CONTENT,,,,"Our review indicates that your advertising content may violate TikTok's advertising policies by featuring a product/service which belongs to a prohibited industry of the targeted location(s) in your ad. For more policy details, please refer to ""TikTok Advertising Policies - Industry Entry"" (https://ads.tiktok.com/help/article?aid=6685586866860720134). Our review indicates that your advertising content may violate TikTok's advertising policies by promoting prohibited products or services in the t","Please change the promoted product/service in your ad or change the targeted location(s) in your ad group settings according to our policy. For more policy details, please refer to ""TikTok Advertising Policies - Industry Entry"" (https://ads.tiktok.com/help/article?aid=6685586866860720134). For more policy details, please refer to """"TikTok Advertising Policies - Industry Entry"" (https://ads.tiktok.com/help/article?aid=6685586866860720134).Please change the promoted product/service in your ad or change the targeted location(s) in your ad group settings according to our policy. For more policy details, please refer to ""TikTok Advertising Policies - Industry Entry"" (https://ads.tiktok.com/help/article?aid=6685586866860720134). For more policy details, please refer to """"TikTok Advertising Policies - Industry Entry"" (https://ads.tiktok.com/help/article?aid=6685586866860720134).Please change the promoted product/service in your ad or change the targeted location(s) in your ad group settings according to our policy. For more policy details, please refer to ""TikTok Advertising Policies - Industry Entry"" (https://ads.tiktok.com/help/article?aid=6685586866860720134). For more policy details, please refer to """"TikTok Advertising Policies - Industry Entry"" (https://ads.tiktok.com/help/article?aid=6685586866860720134).For more policy details, please refer to """"TikTok Advertising Policies - Industry Entry"" (https://ads.tiktok.com/help/article?aid=6685586866860720134).Please change the promoted product/service in your ad or change the targeted location(s) in your ad group settings according to our policy. For more policy details, please refer to ""TikTok Advertising Policies - Industry Entry"" (https://ads.tiktok.com/help/article?aid=6685586866860720134). For more policy details, please refer to """"TikTok Advertising Policies - Industry Entry"" (https://ads.tiktok.com/help/article?aid=6685586866860720134).Please change the promoted product/service in your ad or change the targeted loca",,STATEMENT_CATEGORY_SCOPE_OF_PLATFORM_SERVICE,,,,"[""CONTENT_TYPE_VIDEO""]",,,"2024-11-23 00:00:00","[""RO""]","2024-11-23 00:00:00","The decision was taken pursuant to own-initiative investigations.",SOURCE_VOLUNTARY,,Yes,AUTOMATED_DECISION_FULLY,TikTok,7440305824607509280,"2024-11-23 03:06:44"
fad7bd40-b772-46fa-a712-2d724afc7727,"[""DECISION_VISIBILITY_CONTENT_REMOVED""]",,,,,,,,,,,DECISION_GROUND_INCOMPATIBLE_CONTENT,,,,"Harassment and Bullying","We welcome the respectful expression of different viewpoints, but not toxicity or trolling. We do not allow language or behavior that harasses, humiliates, threatens, or doxes anyone. This also includes responding to such acts with retaliatory harassment (but excludes non-harassing counterspeech).We proactively enforce our Community Guidelines through a mix of technology and human moderation. We have detected this policy violation using automated measures. We have used automated measures in making this decision.",,STATEMENT_CATEGORY_ILLEGAL_OR_HARMFUL_SPEECH,,,,"[""CONTENT_TYPE_TEXT""]",,,"2024-11-23 00:00:00","[""AT"",""BE"",""BG"",""CY"",""CZ"",""DE"",""DK"",""EE"",""ES"",""FI"",""FR"",""GR"",""HR"",""HU"",""IE"",""IT"",""LI"",""LT"",""LU"",""LV"",""MT"",""NL"",""NO"",""PL"",""PT"",""RO"",""SE"",""SI"",""SK""]","2024-11-23 00:00:00","The decision was taken pursuant to own-initiative investigations.",SOURCE_VOLUNTARY,,Yes,AUTOMATED_DECISION_FULLY,TikTok,7440305824607525664,"2024-11-23 03:06:44"
64bd2f3e-eadf-44b5-bb76-26391f4d706f,"[""DECISION_VISIBILITY_CONTENT_REMOVED""]",,,,,,,,,,,DECISION_GROUND_INCOMPATIBLE_CONTENT,,,,"Personal Information","We are committed to making sure that any personal information shared intentionally or accidentally on TikTok does not lead to harm. We do not allow content that includes personal information that may create a risk of stalking, violence, phishing, fraud, identity theft, or financial exploitation, including content that someone has posted themselves or that they consented to being shared by others.We proactively enforce our Community Guidelines through a mix of technology and human moderation. We have detected this policy violation using automated measures. We have used automated measures in making this decision.",,STATEMENT_CATEGORY_DATA_PROTECTION_AND_PRIVACY_VIOLATIONS,,,,"[""CONTENT_TYPE_IMAGE""]",,,"2024-11-23 00:00:00","[""AT"",""BE"",""BG"",""CY"",""CZ"",""DE"",""DK"",""EE"",""ES"",""FI"",""FR"",""GR"",""HR"",""HU"",""IE"",""IT"",""LI"",""LT"",""LU"",""LV"",""MT"",""NL"",""NO"",""PL"",""PT"",""RO"",""SE"",""SI"",""SK""]","2024-11-23 00:00:00","The decision was taken pursuant to own-initiative investigations.",SOURCE_VOLUNTARY,,Yes,AUTOMATED_DECISION_FULLY,TikTok,7440305814398606112,"2024-11-23 03:06:44"
760957f9-2618-45fb-8697-db9a00ffb2a6,"[""DECISION_VISIBILITY_CONTENT_REMOVED""]",,,,,,,,,,,DECISION_GROUND_INCOMPATIBLE_CONTENT,,,,"Alcohol, Tobacco, and Drugs","While adults make personal choices about how they engage with alcohol, drugs, and tobacco, we recognize that there are risks connected to trading and using these substances. We do not allow showing or promoting recreational drug use, or the trade of alcohol, tobacco products, and drugs.We proactively enforce our Community Guidelines through a mix of technology and human moderation. We have detected this policy violation using automated measures.",,STATEMENT_CATEGORY_SCOPE_OF_PLATFORM_SERVICE,,,,"[""CONTENT_TYPE_VIDEO""]",,,"2024-11-23 00:00:00","[""AT"",""BE"",""BG"",""CY"",""CZ"",""DE"",""DK"",""EE"",""ES"",""FI"",""FR"",""GR"",""HR"",""HU"",""IE"",""IT"",""LI"",""LT"",""LU"",""LV"",""MT"",""NL"",""NO"",""PL"",""PT"",""RO"",""SE"",""SI"",""SK""]","2024-11-23 00:00:00","The decision was taken pursuant to own-initiative investigations.",SOURCE_VOLUNTARY,,Yes,AUTOMATED_DECISION_NOT_AUTOMATED,TikTok,7440305814398622496,"2024-11-23 03:06:44"
bca86253-447a-4f5b-8c9b-f96d24ca576b,"[""DECISION_VISIBILITY_OTHER""]","Ad is not eligible for posting.",,,,,,,,,,DECISION_GROUND_INCOMPATIBLE_CONTENT,,,,"Our review indicates that your advertising content may violate TikTok's advertising policies by featuring a product/service which belongs to a prohibited industry of the targeted location(s) in your ad. For more policy details, please refer to ""TikTok Advertising Policies - Industry Entry"" (https://ads.tiktok.com/help/article?aid=6685586866860720134). Our review indicates that your advertising content may violate TikTok's advertising policies by promoting prohibited products or services in the t","Please change the promoted product/service in your ad or change the targeted location(s) in your ad group settings according to our policy. For more policy details, please refer to ""TikTok Advertising Policies - Industry Entry"" (https://ads.tiktok.com/help/article?aid=6685586866860720134). For more policy details, please refer to """"TikTok Advertising Policies - Industry Entry"" (https://ads.tiktok.com/help/article?aid=6685586866860720134).For more policy details, please refer to """"TikTok Advertising Policies - Industry Entry"" (https://ads.tiktok.com/help/article?aid=6685586866860720134).Please change the promoted product/service in your ad or change the targeted location(s) in your ad group settings according to our policy. For more policy details, please refer to ""TikTok Advertising Policies - Industry Entry"" (https://ads.tiktok.com/help/article?aid=6685586866860720134). Please change the promoted product/service in your ad or change the targeted location(s) in your ad group settings according to our policy. For more policy details, please refer to ""TikTok Advertising Policies - Industry Entry"" (https://ads.tiktok.com/help/article?aid=6685586866860720134). For more policy details, please refer to """"TikTok Advertising Policies - Industry Entry"" (https://ads.tiktok.com/help/article?aid=6685586866860720134).Please change the promoted product/service in your ad or change the targeted location(s) in your ad group settings according to our policy. For more policy details, please refer to ""TikTok Advertising Policies - Industry Entry"" (https://ads.tiktok.com/help/article?aid=6685586866860720134). For more policy details, please refer to """"TikTok Advertising Policies - Industry Entry"" (https://ads.tiktok.com/help/article?aid=6685586866860720134).Please change the promoted product/service in your ad or change the targeted location(s) in your ad group settings according to our policy. For more policy details, please refer to ""TikTok Advertising Policies - Industry Entry"" (htt",,STATEMENT_CATEGORY_SCOPE_OF_PLATFORM_SERVICE,,,,"[""CONTENT_TYPE_VIDEO""]",,,"2024-11-23 00:00:00","[""RO""]","2024-11-23 00:00:00","The decision was taken pursuant to own-initiative investigations.",SOURCE_VOLUNTARY,,Yes,AUTOMATED_DECISION_FULLY,TikTok,7440305824607542048,"2024-11-23 03:06:44"
5adbde2b-6651-4a30-a6db-75049b9eb9a1,"[""DECISION_VISIBILITY_CONTENT_REMOVED""]",,,,,,,,,,,DECISION_GROUND_INCOMPATIBLE_CONTENT,,,,"Hate Speech and Hateful Behaviors","TikTok is enriched by the various backgrounds of our community members. Our differences should be respected, rather than a cause for division. We do not allow any hateful behavior, hate speech, or promotion of hateful ideologies. This includes content that attacks a person or group because of protected attributes.We proactively enforce our Community Guidelines through a mix of technology and human moderation. We have detected this policy violation using automated measures. We have used automated measures in making this decision.",,STATEMENT_CATEGORY_ILLEGAL_OR_HARMFUL_SPEECH,,,,"[""CONTENT_TYPE_TEXT""]",,,"2024-11-23 00:00:00","[""AT"",""BE"",""BG"",""CY"",""CZ"",""DE"",""DK"",""EE"",""ES"",""FI"",""FR"",""GR"",""HR"",""HU"",""IE"",""IT"",""LI"",""LT"",""LU"",""LV"",""MT"",""NL"",""NO"",""PL"",""PT"",""RO"",""SE"",""SI"",""SK""]","2024-11-23 00:00:00","The decision was taken pursuant to own-initiative investigations.",SOURCE_VOLUNTARY,,Yes,AUTOMATED_DECISION_FULLY,TikTok,7440305814398638880,"2024-11-23 03:06:44"
f40473da-4808-4724-bf91-196c8f77698b,"[""DECISION_VISIBILITY_CONTENT_REMOVED""]",,,,,,,,,,,DECISION_GROUND_INCOMPATIBLE_CONTENT,,,,"Harassment and Bullying","We welcome the respectful expression of different viewpoints, but not toxicity or trolling. We do not allow language or behavior that harasses, humiliates, threatens, or doxes anyone. This also includes responding to such acts with retaliatory harassment (but excludes non-harassing counterspeech).We proactively enforce our Community Guidelines through a mix of technology and human moderation. We have detected this policy violation using automated measures. We have used automated measures in making this decision.",,STATEMENT_CATEGORY_ILLEGAL_OR_HARMFUL_SPEECH,,,,"[""CONTENT_TYPE_TEXT""]",,,"2024-11-23 00:00:00","[""AT"",""BE"",""BG"",""CY"",""CZ"",""DE"",""DK"",""EE"",""ES"",""FI"",""FR"",""GR"",""HR"",""HU"",""IE"",""IT"",""LI"",""LT"",""LU"",""LV"",""MT"",""NL"",""NO"",""PL"",""PT"",""RO"",""SE"",""SI"",""SK""]","2024-11-23 00:00:00","The decision was taken pursuant to own-initiative investigations.",SOURCE_VOLUNTARY,,Yes,AUTOMATED_DECISION_FULLY,TikTok,7440305824607591200,"2024-11-23 03:06:46"
7a160f29-a37f-4394-8006-63747b9afcb1,"[""DECISION_VISIBILITY_OTHER""]","Photo not eligible for recommendation in the For You feed, and visibility restricted in search results",,,,,,,,,,DECISION_GROUND_INCOMPATIBLE_CONTENT,,,,"Civic and Election Integrity","We want to enable the informed exchange of civic ideas in a way that fosters productive dialogue. Your video didn’t meet our eligibility standards for the For You Feed. Please review our Community Guidelines for more information.We proactively enforce our Community Guidelines through a mix of technology and human moderation. We have detected this policy violation using automated measures. We have used automated measures in making this decision.",,STATEMENT_CATEGORY_NEGATIVE_EFFECTS_ON_CIVIC_DISCOURSE_OR_ELECTIONS,,,,"[""CONTENT_TYPE_IMAGE""]",,,"2024-11-23 00:00:00","[""AT"",""BE"",""BG"",""CY"",""CZ"",""DE"",""DK"",""EE"",""ES"",""FI"",""FR"",""GR"",""HR"",""HU"",""IE"",""IT"",""LI"",""LT"",""LU"",""LV"",""MT"",""NL"",""NO"",""PL"",""PT"",""RO"",""SE"",""SI"",""SK""]","2024-11-23 00:00:00","The decision was taken pursuant to own-initiative investigations.",SOURCE_VOLUNTARY,,Yes,AUTOMATED_DECISION_FULLY,TikTok,7440305831658134304,"2024-11-23 03:06:46"
c57ebef6-d887-4f89-88c9-8e612c17a7e4,"[""DECISION_VISIBILITY_OTHER""]","LIVE not eligible for recommendation and restricted in search results for 10 minutes","2024-11-23 00:00:00",,,,,,,,,DECISION_GROUND_INCOMPATIBLE_CONTENT,,,,"Content with low visual quality or static imagery","Your LIVE is not eligible for recommendation and restricted in search results for the next 10 minutes, because it may contain content with low visual quality or static imagery. This is in line with the For You feed eligibility standards under our Community Guidelines.",,STATEMENT_CATEGORY_SCOPE_OF_PLATFORM_SERVICE,,,,"[""CONTENT_TYPE_VIDEO""]",,,"2024-11-22 00:00:00","[""AT"",""BE"",""BG"",""CY"",""CZ"",""DE"",""DK"",""EE"",""ES"",""FI"",""FR"",""GR"",""HR"",""HU"",""IE"",""IS"",""IT"",""LI"",""LT"",""LU"",""LV"",""MT"",""NL"",""NO"",""PL"",""PT"",""RO"",""SE"",""SI"",""SK""]","2024-11-23 00:00:00","The decision was taken pursuant to own-initiative investigations",SOURCE_VOLUNTARY,,Yes,AUTOMATED_DECISION_FULLY,TikTok,7440305824607607584,"2024-11-23 03:06:46"
30562f03-7d49-4488-86f8-375bfb4ede4f,"[""DECISION_VISIBILITY_OTHER""]","Ad is not eligible for posting.",,,,,,,,,,DECISION_GROUND_INCOMPATIBLE_CONTENT,,,,"Our review indicates that your advertising content may violate TikTok's advertising policies by featuring a product/service which belongs to a prohibited industry of the targeted location(s) in your ad. For more policy details, please refer to ""TikTok Advertising Policies - Industry Entry"" (https://ads.tiktok.com/help/article?aid=6685586866860720134). Our review indicates that your advertising content may violate TikTok's advertising policies by promoting prohibited products or services in the t","Please change the promoted product/service in your ad or change the targeted location(s) in your ad group settings according to our policy. For more policy details, please refer to ""TikTok Advertising Policies - Industry Entry"" (https://ads.tiktok.com/help/article?aid=6685586866860720134). For more policy details, please refer to """"TikTok Advertising Policies - Industry Entry"" (https://ads.tiktok.com/help/article?aid=6685586866860720134).Please change the promoted product/service in your ad or change the targeted location(s) in your ad group settings according to our policy. For more policy details, please refer to ""TikTok Advertising Policies - Industry Entry"" (https://ads.tiktok.com/help/article?aid=6685586866860720134). For more policy details, please refer to """"TikTok Advertising Policies - Industry Entry"" (https://ads.tiktok.com/help/article?aid=6685586866860720134).Please change the promoted product/service in your ad or change the targeted location(s) in your ad group settings according to our policy. For more policy details, please refer to ""TikTok Advertising Policies - Industry Entry"" (https://ads.tiktok.com/help/article?aid=6685586866860720134). For more policy details, please refer to """"TikTok Advertising Policies - Industry Entry"" (https://ads.tiktok.com/help/article?aid=6685586866860720134).Please change the promoted product/service in your ad or change the targeted location(s) in your ad group settings according to our policy. For more policy details, please refer to ""TikTok Advertising Policies - Industry Entry"" (https://ads.tiktok.com/help/article?aid=6685586866860720134). For more policy details, please refer to """"TikTok Advertising Policies - Industry Entry"" (https://ads.tiktok.com/help/article?aid=6685586866860720134).For more policy details, please refer to """"TikTok Advertising Policies - Industry Entry"" (https://ads.tiktok.com/help/article?aid=6685586866860720134).Please change the promoted product/service in your ad or change the targeted loca",,STATEMENT_CATEGORY_SCOPE_OF_PLATFORM_SERVICE,,,,"[""CONTENT_TYPE_VIDEO""]",,,"2024-11-23 00:00:00","[""RO""]","2024-11-23 00:00:00","The decision was taken pursuant to own-initiative investigations.",SOURCE_VOLUNTARY,,Yes,AUTOMATED_DECISION_FULLY,TikTok,7440305831658150688,"2024-11-23 03:06:46"
f912503e-376a-4458-9853-97e488a38fbf,"[""DECISION_VISIBILITY_OTHER""]","Photo not eligible for recommendation in the For You feed, and visibility restricted in search results",,,,,,,,,,DECISION_GROUND_INCOMPATIBLE_CONTENT,,,,"Civic and Election Integrity","We want to enable the informed exchange of civic ideas in a way that fosters productive dialogue. Your video didn’t meet our eligibility standards for the For You Feed. Please review our Community Guidelines for more information.We proactively enforce our Community Guidelines through a mix of technology and human moderation. We have detected this policy violation using automated measures. We have used automated measures in making this decision.",,STATEMENT_CATEGORY_NEGATIVE_EFFECTS_ON_CIVIC_DISCOURSE_OR_ELECTIONS,,,,"[""CONTENT_TYPE_IMAGE""]",,,"2024-11-23 00:00:00","[""AT"",""BE"",""BG"",""CY"",""CZ"",""DE"",""DK"",""EE"",""ES"",""FI"",""FR"",""GR"",""HR"",""HU"",""IE"",""IT"",""LI"",""LT"",""LU"",""LV"",""MT"",""NL"",""NO"",""PL"",""PT"",""RO"",""SE"",""SI"",""SK""]","2024-11-23 00:00:00","The decision was taken pursuant to own-initiative investigations.",SOURCE_VOLUNTARY,,Yes,AUTOMATED_DECISION_FULLY,TikTok,7440305824607623968,"2024-11-23 03:06:46"
a4f5aee3-fdaf-4c5f-9765-f0a7391fc675,"[""DECISION_VISIBILITY_CONTENT_REMOVED""]",,,,,,,,,,,DECISION_GROUND_INCOMPATIBLE_CONTENT,,,,"Community Guidelines","Your content is against our Community Guidelines. The guidelines include rules and standards for using TikTok that apply to everyone and everything on our platform.Users and 3rd-parties can report policy violations to us. We have detected this policy violation based on a report that the content violated our Community Guidelines.",,STATEMENT_CATEGORY_SCOPE_OF_PLATFORM_SERVICE,,,,"[""CONTENT_TYPE_TEXT""]",,,"2024-11-23 00:00:00","[""AT"",""BE"",""BG"",""CY"",""CZ"",""DE"",""DK"",""EE"",""ES"",""FI"",""FR"",""GR"",""HR"",""HU"",""IE"",""IT"",""LI"",""LT"",""LU"",""LV"",""MT"",""NL"",""NO"",""PL"",""PT"",""RO"",""SE"",""SI"",""SK""]","2024-11-23 00:00:00","The decision was taken in response to a report alleging a violation of our Community Guidelines.",SOURCE_VOLUNTARY,,No,AUTOMATED_DECISION_NOT_AUTOMATED,TikTok,7440305824607640352,"2024-11-23 03:06:46"
ba4f3dda-6509-4531-a2de-2bb3de4219a5,"[""DECISION_VISIBILITY_OTHER""]","Video not eligible for recommendation in the For You feed",,,,,,,,,,DECISION_GROUND_INCOMPATIBLE_CONTENT,,,,"Community Guidelines","We maintain content eligibility standards for the For You feed (FYF) that prioritize safety and are informed by the diversity of our community and cultural norms. We make ineligible for the FYF certain content that may not be appropriate for a broad audience related to: (1) Behavioral Health, (2) Sensitive and Mature Themes, (3) Integrity and Authenticity, and (4) Regulated Goods. Content that is ineligible for the FYF can still be discovered in other ways, such as through search tools or by following an account.We proactively enforce our Community Guidelines through a mix of technology and human moderation. We have detected this policy violation using automated measures. We have used automated measures in making this decision.",,STATEMENT_CATEGORY_SCOPE_OF_PLATFORM_SERVICE,,,,"[""CONTENT_TYPE_VIDEO""]",,,"2024-11-23 00:00:00","[""AT"",""BE"",""BG"",""CY"",""CZ"",""DE"",""DK"",""EE"",""ES"",""FI"",""FR"",""GR"",""HR"",""HU"",""IE"",""IT"",""LI"",""LT"",""LU"",""LV"",""MT"",""NL"",""NO"",""PL"",""PT"",""RO"",""SE"",""SI"",""SK""]","2024-11-23 00:00:00","The decision was taken pursuant to own-initiative investigations.",SOURCE_VOLUNTARY,,Yes,AUTOMATED_DECISION_FULLY,TikTok,7440305831658167072,"2024-11-23 03:06:46"
bef690ca-aa25-448c-91ad-d395b5b48259,"[""DECISION_VISIBILITY_OTHER""]","Ad is not eligible for posting.",,,,,,,,,,DECISION_GROUND_INCOMPATIBLE_CONTENT,,,,"Our review indicates that your advertising content may violate TikTok's advertising policies by featuring a product/service which belongs to a prohibited industry of the targeted location(s) in your ad. For more policy details, please refer to ""TikTok Advertising Policies - Industry Entry"" (https://ads.tiktok.com/help/article?aid=6685586866860720134). Our review indicates that your advertising content may violate TikTok's advertising policies by promoting prohibited products or services in the t","Please change the promoted product/service in your ad or change the targeted location(s) in your ad group settings according to our policy. For more policy details, please refer to ""TikTok Advertising Policies - Industry Entry"" (https://ads.tiktok.com/help/article?aid=6685586866860720134). For more policy details, please refer to """"TikTok Advertising Policies - Industry Entry"" (https://ads.tiktok.com/help/article?aid=6685586866860720134).For more policy details, please refer to """"TikTok Advertising Policies - Industry Entry"" (https://ads.tiktok.com/help/article?aid=6685586866860720134).Please change the promoted product/service in your ad or change the targeted location(s) in your ad group settings according to our policy. For more policy details, please refer to ""TikTok Advertising Policies - Industry Entry"" (https://ads.tiktok.com/help/article?aid=6685586866860720134). Please change the promoted product/service in your ad or change the targeted location(s) in your ad group settings according to our policy. For more policy details, please refer to ""TikTok Advertising Policies - Industry Entry"" (https://ads.tiktok.com/help/article?aid=6685586866860720134). For more policy details, please refer to """"TikTok Advertising Policies - Industry Entry"" (https://ads.tiktok.com/help/article?aid=6685586866860720134).For more policy details, please refer to """"TikTok Advertising Policies - Industry Entry"" (https://ads.tiktok.com/help/article?aid=6685586866860720134).Please change the promoted product/service in your ad or change the targeted location(s) in your ad group settings according to our policy. For more policy details, please refer to ""TikTok Advertising Policies - Industry Entry"" (https://ads.tiktok.com/help/article?aid=6685586866860720134). Please change the promoted product/service in your ad or change the targeted location(s) in your ad group settings according to our policy. For more policy details, please refer to ""TikTok Advertising Policies - Industry Entry"" (htt",,STATEMENT_CATEGORY_SCOPE_OF_PLATFORM_SERVICE,,,,"[""CONTENT_TYPE_VIDEO""]",,,"2024-11-23 00:00:00","[""RO""]","2024-11-23 00:00:00","The decision was taken pursuant to own-initiative investigations.",SOURCE_VOLUNTARY,,Yes,AUTOMATED_DECISION_FULLY,TikTok,7440305831658183456,"2024-11-23 03:06:46"
18cc0012-2bed-4955-abc2-9e1b03ef7612,"[""DECISION_VISIBILITY_CONTENT_REMOVED""]",,,,,,,,,,,DECISION_GROUND_INCOMPATIBLE_CONTENT,,,,"Harassment and Bullying","We welcome the respectful expression of different viewpoints, but not toxicity or trolling. We do not allow language or behavior that harasses, humiliates, threatens, or doxes anyone. This also includes responding to such acts with retaliatory harassment (but excludes non-harassing counterspeech).We proactively enforce our Community Guidelines through a mix of technology and human moderation. We have detected this policy violation using automated measures. We have used automated measures in making this decision.",,STATEMENT_CATEGORY_ILLEGAL_OR_HARMFUL_SPEECH,,,,"[""CONTENT_TYPE_TEXT""]",,,"2024-11-23 00:00:00","[""AT"",""BE"",""BG"",""CY"",""CZ"",""DE"",""DK"",""EE"",""ES"",""FI"",""FR"",""GR"",""HR"",""HU"",""IE"",""IT"",""LI"",""LT"",""LU"",""LV"",""MT"",""NL"",""NO"",""PL"",""PT"",""RO"",""SE"",""SI"",""SK""]","2024-11-23 00:00:00","The decision was taken pursuant to own-initiative investigations.",SOURCE_VOLUNTARY,,Yes,AUTOMATED_DECISION_FULLY,TikTok,7440305831658199840,"2024-11-23 03:06:46"
18115559-1062-4d74-a0ff-dd51165beb81,"[""DECISION_VISIBILITY_OTHER""]","Ad is not eligible for posting.",,,,,,,,,,DECISION_GROUND_INCOMPATIBLE_CONTENT,,,,"Our review indicates that your advertising content may violate TikTok's advertising policies by featuring a product/service which belongs to a prohibited industry of the targeted location(s) in your ad. For more policy details, please refer to ""TikTok Advertising Policies - Industry Entry"" (https://ads.tiktok.com/help/article?aid=6685586866860720134). Our review indicates that your advertising content may violate TikTok's advertising policies by promoting prohibited products or services in the t","Please change the promoted product/service in your ad or change the targeted location(s) in your ad group settings according to our policy. For more policy details, please refer to ""TikTok Advertising Policies - Industry Entry"" (https://ads.tiktok.com/help/article?aid=6685586866860720134). For more policy details, please refer to """"TikTok Advertising Policies - Industry Entry"" (https://ads.tiktok.com/help/article?aid=6685586866860720134).Please change the promoted product/service in your ad or change the targeted location(s) in your ad group settings according to our policy. For more policy details, please refer to ""TikTok Advertising Policies - Industry Entry"" (https://ads.tiktok.com/help/article?aid=6685586866860720134). For more policy details, please refer to """"TikTok Advertising Policies - Industry Entry"" (https://ads.tiktok.com/help/article?aid=6685586866860720134).For more policy details, please refer to """"TikTok Advertising Policies - Industry Entry"" (https://ads.tiktok.com/help/article?aid=6685586866860720134).Please change the promoted product/service in your ad or change the targeted location(s) in your ad group settings according to our policy. For more policy details, please refer to ""TikTok Advertising Policies - Industry Entry"" (https://ads.tiktok.com/help/article?aid=6685586866860720134). For more policy details, please refer to """"TikTok Advertising Policies - Industry Entry"" (https://ads.tiktok.com/help/article?aid=6685586866860720134).Please change the promoted product/service in your ad or change the targeted location(s) in your ad group settings according to our policy. For more policy details, please refer to ""TikTok Advertising Policies - Industry Entry"" (https://ads.tiktok.com/help/article?aid=6685586866860720134). Please change the promoted product/service in your ad or change the targeted location(s) in your ad group settings according to our policy. For more policy details, please refer to ""TikTok Advertising Policies - Industry Entry"" (htt",,STATEMENT_CATEGORY_SCOPE_OF_PLATFORM_SERVICE,,,,"[""CONTENT_TYPE_VIDEO""]",,,"2024-11-23 00:00:00","[""RO""]","2024-11-23 00:00:00","The decision was taken pursuant to own-initiative investigations.",SOURCE_VOLUNTARY,,Yes,AUTOMATED_DECISION_FULLY,TikTok,7440305824607656736,"2024-11-23 03:06:46"
5688881c-291e-4fcf-87dc-8e584341854f,"[""DECISION_VISIBILITY_CONTENT_REMOVED""]",,,,,,,,,,,DECISION_GROUND_INCOMPATIBLE_CONTENT,,,,"Harassment and Bullying","We welcome the respectful expression of different viewpoints but not toxicity or trolling. We do not allow language or behavior that harasses, humiliates, threatens, or doxxes anyone. This also includes responding to such acts with retaliatory harassment (but excludes non-harassing counter speech).We proactively enforce our Community Guidelines through a mix of technology and human moderation. We have detected this policy violation using automated measures.",,STATEMENT_CATEGORY_ILLEGAL_OR_HARMFUL_SPEECH,,,,"[""CONTENT_TYPE_VIDEO""]",,,"2024-11-22 00:00:00","[""AT"",""BE"",""BG"",""CY"",""CZ"",""DE"",""DK"",""EE"",""ES"",""FI"",""FR"",""GR"",""HR"",""HU"",""IE"",""IT"",""LI"",""LT"",""LU"",""LV"",""MT"",""NL"",""NO"",""PL"",""PT"",""RO"",""SE"",""SI"",""SK""]","2024-11-23 00:00:00","The decision was taken pursuant to own-initiative investigations.",SOURCE_VOLUNTARY,,Yes,AUTOMATED_DECISION_NOT_AUTOMATED,TikTok,7440305835722414881,"2024-11-23 03:06:46"
aae1e89a-9ce6-43c9-9991-6468734aa1db,"[""DECISION_VISIBILITY_CONTENT_REMOVED""]",,,,,,,,,,,DECISION_GROUND_INCOMPATIBLE_CONTENT,,,,"Personal Information","We are committed to making sure that any personal information shared intentionally or accidentally on TikTok does not lead to harm. We do not allow content that includes personal information that may create a risk of stalking, violence, phishing, fraud, identity theft, or financial exploitation, including content that someone has posted themselves or that they consented to being shared by others.We proactively enforce our Community Guidelines through a mix of technology and human moderation. We have detected this policy violation using automated measures. We have used automated measures in making this decision.",,STATEMENT_CATEGORY_DATA_PROTECTION_AND_PRIVACY_VIOLATIONS,,,,"[""CONTENT_TYPE_IMAGE""]",,,"2024-11-23 00:00:00","[""AT"",""BE"",""BG"",""CY"",""CZ"",""DE"",""DK"",""EE"",""ES"",""FI"",""FR"",""GR"",""HR"",""HU"",""IE"",""IT"",""LI"",""LT"",""LU"",""LV"",""MT"",""NL"",""NO"",""PL"",""PT"",""RO"",""SE"",""SI"",""SK""]","2024-11-23 00:00:00","The decision was taken pursuant to own-initiative investigations.",SOURCE_VOLUNTARY,,Yes,AUTOMATED_DECISION_FULLY,TikTok,7440305835722431265,"2024-11-23 03:06:46"
89fb5be5-bfc6-4aca-a988-ed7968c8c5eb,"[""DECISION_VISIBILITY_CONTENT_REMOVED""]",,,,,,,,,,,DECISION_GROUND_INCOMPATIBLE_CONTENT,,,,"Harassment and Bullying","We welcome the respectful expression of different viewpoints, but not toxicity or trolling. We do not allow language or behavior that harasses, humiliates, threatens, or doxes anyone. This also includes responding to such acts with retaliatory harassment (but excludes non-harassing counterspeech).We proactively enforce our Community Guidelines through a mix of technology and human moderation. We have detected this policy violation using automated measures. We have used automated measures in making this decision.",,STATEMENT_CATEGORY_ILLEGAL_OR_HARMFUL_SPEECH,,,,"[""CONTENT_TYPE_TEXT""]",,,"2024-11-23 00:00:00","[""AT"",""BE"",""BG"",""CY"",""CZ"",""DE"",""DK"",""EE"",""ES"",""FI"",""FR"",""GR"",""HR"",""HU"",""IE"",""IT"",""LI"",""LT"",""LU"",""LV"",""MT"",""NL"",""NO"",""PL"",""PT"",""RO"",""SE"",""SI"",""SK""]","2024-11-23 00:00:00","The decision was taken pursuant to own-initiative investigations.",SOURCE_VOLUNTARY,,Yes,AUTOMATED_DECISION_FULLY,TikTok,7440305831658265376,"2024-11-23 03:06:48"
a9fb9e95-147b-4d34-b798-400972e4ae62,"[""DECISION_VISIBILITY_CONTENT_REMOVED""]",,,,,,,,,,,DECISION_GROUND_INCOMPATIBLE_CONTENT,,,,"Harassment and Bullying","We welcome the respectful expression of different viewpoints, but not toxicity or trolling. We do not allow language or behavior that harasses, humiliates, threatens, or doxes anyone. This also includes responding to such acts with retaliatory harassment (but excludes non-harassing counterspeech).We proactively enforce our Community Guidelines through a mix of technology and human moderation. We have detected this policy violation using automated measures. We have used automated measures in making this decision.",,STATEMENT_CATEGORY_ILLEGAL_OR_HARMFUL_SPEECH,,,,"[""CONTENT_TYPE_TEXT""]",,,"2024-11-23 00:00:00","[""AT"",""BE"",""BG"",""CY"",""CZ"",""DE"",""DK"",""EE"",""ES"",""FI"",""FR"",""GR"",""HR"",""HU"",""IE"",""IT"",""LI"",""LT"",""LU"",""LV"",""MT"",""NL"",""NO"",""PL"",""PT"",""RO"",""SE"",""SI"",""SK""]","2024-11-23 00:00:00","The decision was taken pursuant to own-initiative investigations.",SOURCE_VOLUNTARY,,Yes,AUTOMATED_DECISION_FULLY,TikTok,7440305835722496801,"2024-11-23 03:06:48"
c1bd9520-e081-4a4b-9e4f-77b7b7775d6e,"[""DECISION_VISIBILITY_OTHER""]","Photo not eligible for recommendation in the For You feed, and visibility restricted in search results",,,,,,,,,,DECISION_GROUND_INCOMPATIBLE_CONTENT,,,,"Civic and Election Integrity","We want to enable the informed exchange of civic ideas in a way that fosters productive dialogue. Your video didn’t meet our eligibility standards for the For You Feed. Please review our Community Guidelines for more information.We proactively enforce our Community Guidelines through a mix of technology and human moderation. We have detected this policy violation using automated measures. We have used automated measures in making this decision.",,STATEMENT_CATEGORY_NEGATIVE_EFFECTS_ON_CIVIC_DISCOURSE_OR_ELECTIONS,,,,"[""CONTENT_TYPE_IMAGE""]",,,"2024-11-23 00:00:00","[""AT"",""BE"",""BG"",""CY"",""CZ"",""DE"",""DK"",""EE"",""ES"",""FI"",""FR"",""GR"",""HR"",""HU"",""IE"",""IT"",""LI"",""LT"",""LU"",""LV"",""MT"",""NL"",""NO"",""PL"",""PT"",""RO"",""SE"",""SI"",""SK""]","2024-11-23 00:00:00","The decision was taken pursuant to own-initiative investigations.",SOURCE_VOLUNTARY,,Yes,AUTOMATED_DECISION_FULLY,TikTok,7440305831658281760,"2024-11-23 03:06:48"
4fc1a9f8-bacb-4797-9e16-7d9a3e69285d,"[""DECISION_VISIBILITY_CONTENT_REMOVED""]",,,,,,,,,,,DECISION_GROUND_INCOMPATIBLE_CONTENT,,,,"Nudity and Body Exposure","We celebrate all shapes and sizes and want people to feel comfortable in how they present themselves and their bodies. We do not allow nudity, including uncovered genitals and buttocks, as well as nipples and areolas of women and girls. Sheer and partially see-through clothing is not considered covered.We proactively enforce our Community Guidelines through a mix of technology and human moderation. We have detected this policy violation using automated measures.",,STATEMENT_CATEGORY_SCOPE_OF_PLATFORM_SERVICE,,,,"[""CONTENT_TYPE_VIDEO""]",,,"2024-11-23 00:00:00","[""AT"",""BE"",""BG"",""CY"",""CZ"",""DE"",""DK"",""EE"",""ES"",""FI"",""FR"",""GR"",""HR"",""HU"",""IE"",""IT"",""LI"",""LT"",""LU"",""LV"",""MT"",""NL"",""NO"",""PL"",""PT"",""RO"",""SE"",""SI"",""SK""]","2024-11-23 00:00:00","The decision was taken pursuant to own-initiative investigations.",SOURCE_VOLUNTARY,,Yes,AUTOMATED_DECISION_NOT_AUTOMATED,TikTok,7440305835722513185,"2024-11-23 03:06:48"
cd0df098-f75a-4a31-be49-1f7bcb89b6d1,"[""DECISION_VISIBILITY_CONTENT_REMOVED""]",,,,,,,,,,,DECISION_GROUND_INCOMPATIBLE_CONTENT,,,,"Harassment and Bullying","We welcome the respectful expression of different viewpoints, but not toxicity or trolling. We do not allow language or behavior that harasses, humiliates, threatens, or doxes anyone. This also includes responding to such acts with retaliatory harassment (but excludes non-harassing counterspeech).We proactively enforce our Community Guidelines through a mix of technology and human moderation. We have detected this policy violation using automated measures. We have used automated measures in making this decision.",,STATEMENT_CATEGORY_ILLEGAL_OR_HARMFUL_SPEECH,,,,"[""CONTENT_TYPE_TEXT""]",,,"2024-11-23 00:00:00","[""AT"",""BE"",""BG"",""CY"",""CZ"",""DE"",""DK"",""EE"",""ES"",""FI"",""FR"",""GR"",""HR"",""HU"",""IE"",""IT"",""LI"",""LT"",""LU"",""LV"",""MT"",""NL"",""NO"",""PL"",""PT"",""RO"",""SE"",""SI"",""SK""]","2024-11-23 00:00:00","The decision was taken pursuant to own-initiative investigations.",SOURCE_VOLUNTARY,,Yes,AUTOMATED_DECISION_FULLY,TikTok,7440305835722529569,"2024-11-23 03:06:48"
437db6ce-9468-45e6-8bfc-4697849a3baa,"[""DECISION_VISIBILITY_OTHER""]","Ad is not eligible for posting.",,,,,,,,,,DECISION_GROUND_INCOMPATIBLE_CONTENT,,,,"Our review indicates that your advertising content may violate TikTok's advertising policies by featuring a product/service which belongs to a prohibited industry of the targeted location(s) in your ad. For more policy details, please refer to ""TikTok Advertising Policies - Industry Entry"" (https://ads.tiktok.com/help/article?aid=6685586866860720134). Our review indicates that your advertising content may violate TikTok's advertising policies by promoting prohibited products or services in the t","Please change the promoted product/service in your ad or change the targeted location(s) in your ad group settings according to our policy. For more policy details, please refer to ""TikTok Advertising Policies - Industry Entry"" (https://ads.tiktok.com/help/article?aid=6685586866860720134). For more policy details, please refer to """"TikTok Advertising Policies - Industry Entry"" (https://ads.tiktok.com/help/article?aid=6685586866860720134).For more policy details, please refer to """"TikTok Advertising Policies - Industry Entry"" (https://ads.tiktok.com/help/article?aid=6685586866860720134).Please change the promoted product/service in your ad or change the targeted location(s) in your ad group settings according to our policy. For more policy details, please refer to ""TikTok Advertising Policies - Industry Entry"" (https://ads.tiktok.com/help/article?aid=6685586866860720134). For more policy details, please refer to """"TikTok Advertising Policies - Industry Entry"" (https://ads.tiktok.com/help/article?aid=6685586866860720134).Please change the promoted product/service in your ad or change the targeted location(s) in your ad group settings according to our policy. For more policy details, please refer to ""TikTok Advertising Policies - Industry Entry"" (https://ads.tiktok.com/help/article?aid=6685586866860720134). For more policy details, please refer to """"TikTok Advertising Policies - Industry Entry"" (https://ads.tiktok.com/help/article?aid=6685586866860720134).Please change the promoted product/service in your ad or change the targeted location(s) in your ad group settings according to our policy. For more policy details, please refer to ""TikTok Advertising Policies - Industry Entry"" (https://ads.tiktok.com/help/article?aid=6685586866860720134). Please change the promoted product/service in your ad or change the targeted location(s) in your ad group settings according to our policy. For more policy details, please refer to ""TikTok Advertising Policies - Industry Entry"" (htt",,STATEMENT_CATEGORY_SCOPE_OF_PLATFORM_SERVICE,,,,"[""CONTENT_TYPE_VIDEO""]",,,"2024-11-23 00:00:00","[""RO""]","2024-11-23 00:00:00","The decision was taken pursuant to own-initiative investigations.",SOURCE_VOLUNTARY,,Yes,AUTOMATED_DECISION_FULLY,TikTok,7440305848053668641,"2024-11-23 03:06:48"
c905c8ec-59bc-4213-9872-60598d01dc21,"[""DECISION_VISIBILITY_CONTENT_REMOVED""]",,,,,,,,,,,DECISION_GROUND_INCOMPATIBLE_CONTENT,,,,"Harassment and Bullying","We welcome the respectful expression of different viewpoints, but not toxicity or trolling. We do not allow language or behavior that harasses, humiliates, threatens, or doxes anyone. This also includes responding to such acts with retaliatory harassment (but excludes non-harassing counterspeech).We proactively enforce our Community Guidelines through a mix of technology and human moderation. We have detected this policy violation using automated measures. We have used automated measures in making this decision.",,STATEMENT_CATEGORY_ILLEGAL_OR_HARMFUL_SPEECH,,,,"[""CONTENT_TYPE_TEXT""]",,,"2024-11-23 00:00:00","[""AT"",""BE"",""BG"",""CY"",""CZ"",""DE"",""DK"",""EE"",""ES"",""FI"",""FR"",""GR"",""HR"",""HU"",""IE"",""IT"",""LI"",""LT"",""LU"",""LV"",""MT"",""NL"",""NO"",""PL"",""PT"",""RO"",""SE"",""SI"",""SK""]","2024-11-23 00:00:00","The decision was taken pursuant to own-initiative investigations.",SOURCE_VOLUNTARY,,Yes,AUTOMATED_DECISION_FULLY,TikTok,7440305848053685025,"2024-11-23 03:06:48"
94b33221-dde1-477f-b10f-8a2967fbcccb,"[""DECISION_VISIBILITY_CONTENT_REMOVED""]",,,,,,,,,,,DECISION_GROUND_INCOMPATIBLE_CONTENT,,,,"Harassment and Bullying","We welcome the respectful expression of different viewpoints, but not toxicity or trolling. We do not allow language or behavior that harasses, humiliates, threatens, or doxes anyone. This also includes responding to such acts with retaliatory harassment (but excludes non-harassing counterspeech).We proactively enforce our Community Guidelines through a mix of technology and human moderation. We have detected this policy violation using automated measures. We have used automated measures in making this decision.",,STATEMENT_CATEGORY_ILLEGAL_OR_HARMFUL_SPEECH,,,,"[""CONTENT_TYPE_TEXT""]",,,"2024-11-23 00:00:00","[""AT"",""BE"",""BG"",""CY"",""CZ"",""DE"",""DK"",""EE"",""ES"",""FI"",""FR"",""GR"",""HR"",""HU"",""IE"",""IT"",""LI"",""LT"",""LU"",""LV"",""MT"",""NL"",""NO"",""PL"",""PT"",""RO"",""SE"",""SI"",""SK""]","2024-11-23 00:00:00","The decision was taken pursuant to own-initiative investigations.",SOURCE_VOLUNTARY,,Yes,AUTOMATED_DECISION_FULLY,TikTok,7440305848053701409,"2024-11-23 03:06:48"
4b026f57-6c78-4e8b-be1e-9b618ef0c5bd,"[""DECISION_VISIBILITY_CONTENT_REMOVED""]",,,,,,,,,,,DECISION_GROUND_INCOMPATIBLE_CONTENT,,,,"Harassment and Bullying","We welcome the respectful expression of different viewpoints, but not toxicity or trolling. We do not allow language or behavior that harasses, humiliates, threatens, or doxes anyone. This also includes responding to such acts with retaliatory harassment (but excludes non-harassing counterspeech).We proactively enforce our Community Guidelines through a mix of technology and human moderation. We have detected this policy violation using automated measures. We have used automated measures in making this decision.",,STATEMENT_CATEGORY_ILLEGAL_OR_HARMFUL_SPEECH,,,,"[""CONTENT_TYPE_TEXT""]",,,"2024-11-23 00:00:00","[""AT"",""BE"",""BG"",""CY"",""CZ"",""DE"",""DK"",""EE"",""ES"",""FI"",""FR"",""GR"",""HR"",""HU"",""IE"",""IT"",""LI"",""LT"",""LU"",""LV"",""MT"",""NL"",""NO"",""PL"",""PT"",""RO"",""SE"",""SI"",""SK""]","2024-11-23 00:00:00","The decision was taken pursuant to own-initiative investigations.",SOURCE_VOLUNTARY,,Yes,AUTOMATED_DECISION_FULLY,TikTok,7440305848053717793,"2024-11-23 03:06:48"
455960dd-8dfb-4815-b652-1684b4850484,"[""DECISION_VISIBILITY_OTHER""]","Ad is not eligible for posting.",,,,,,,,,,DECISION_GROUND_INCOMPATIBLE_CONTENT,,,,"Our review indicates that your advertising content may violate TikTok's advertising policies by featuring a product/service which belongs to a prohibited industry of the targeted location(s) in your ad. For more policy details, please refer to ""TikTok Advertising Policies - Industry Entry"" (https://ads.tiktok.com/help/article?aid=6685586866860720134). Our review indicates that your advertising content may violate TikTok's advertising policies by promoting prohibited products or services in the t","Please change the promoted product/service in your ad or change the targeted location(s) in your ad group settings according to our policy. For more policy details, please refer to ""TikTok Advertising Policies - Industry Entry"" (https://ads.tiktok.com/help/article?aid=6685586866860720134). For more policy details, please refer to """"TikTok Advertising Policies - Industry Entry"" (https://ads.tiktok.com/help/article?aid=6685586866860720134).For more policy details, please refer to """"TikTok Advertising Policies - Industry Entry"" (https://ads.tiktok.com/help/article?aid=6685586866860720134).Please change the promoted product/service in your ad or change the targeted location(s) in your ad group settings according to our policy. For more policy details, please refer to ""TikTok Advertising Policies - Industry Entry"" (https://ads.tiktok.com/help/article?aid=6685586866860720134). Please change the promoted product/service in your ad or change the targeted location(s) in your ad group settings according to our policy. For more policy details, please refer to ""TikTok Advertising Policies - Industry Entry"" (https://ads.tiktok.com/help/article?aid=6685586866860720134). For more policy details, please refer to """"TikTok Advertising Policies - Industry Entry"" (https://ads.tiktok.com/help/article?aid=6685586866860720134).For more policy details, please refer to """"TikTok Advertising Policies - Industry Entry"" (https://ads.tiktok.com/help/article?aid=6685586866860720134).Please change the promoted product/service in your ad or change the targeted location(s) in your ad group settings according to our policy. For more policy details, please refer to ""TikTok Advertising Policies - Industry Entry"" (https://ads.tiktok.com/help/article?aid=6685586866860720134). For more policy details, please refer to """"TikTok Advertising Policies - Industry Entry"" (https://ads.tiktok.com/help/article?aid=6685586866860720134).Please change the promoted product/service in your ad or change the targeted loca",,STATEMENT_CATEGORY_SCOPE_OF_PLATFORM_SERVICE,,,,"[""CONTENT_TYPE_VIDEO""]",,,"2024-11-23 00:00:00","[""RO""]","2024-11-23 00:00:00","The decision was taken pursuant to own-initiative investigations.",SOURCE_VOLUNTARY,,Yes,AUTOMATED_DECISION_FULLY,TikTok,7440305848053734177,"2024-11-23 03:06:48"
3064c9c6-0556-4136-9c87-8384b9c7bef1,"[""DECISION_VISIBILITY_OTHER""]","Video not eligible for recommendation in the For You feed",,,,,,,,,,DECISION_GROUND_INCOMPATIBLE_CONTENT,,,,"Community Guidelines","Your content is against our Community Guidelines. The guidelines include rules and standards for using TikTok that apply to everyone and everything on our platform.",,STATEMENT_CATEGORY_SCOPE_OF_PLATFORM_SERVICE,,,,"[""CONTENT_TYPE_VIDEO""]",,,"2024-11-23 00:00:00","[""AT"",""BE"",""BG"",""CY"",""CZ"",""DE"",""DK"",""EE"",""ES"",""FI"",""FR"",""GR"",""HR"",""HU"",""IE"",""IT"",""LI"",""LT"",""LU"",""LV"",""MT"",""NL"",""NO"",""PL"",""PT"",""RO"",""SE"",""SI"",""SK""]","2024-11-23 00:00:00","The decision was taken pursuant to own-initiative investigations.",SOURCE_VOLUNTARY,,Yes,AUTOMATED_DECISION_FULLY,TikTok,7440305835722545953,"2024-11-23 03:06:48"
96a6cacb-3286-4136-9071-ec486eef1d8a,"[""DECISION_VISIBILITY_CONTENT_REMOVED""]",,,,,,,,,,,DECISION_GROUND_INCOMPATIBLE_CONTENT,,,,"Harassment and Bullying","We welcome the respectful expression of different viewpoints, but not toxicity or trolling. We do not allow language or behavior that harasses, humiliates, threatens, or doxes anyone. This also includes responding to such acts with retaliatory harassment (but excludes non-harassing counterspeech).We proactively enforce our Community Guidelines through a mix of technology and human moderation. We have detected this policy violation using automated measures. We have used automated measures in making this decision.",,STATEMENT_CATEGORY_ILLEGAL_OR_HARMFUL_SPEECH,,,,"[""CONTENT_TYPE_TEXT""]",,,"2024-11-23 00:00:00","[""AT"",""BE"",""BG"",""CY"",""CZ"",""DE"",""DK"",""EE"",""ES"",""FI"",""FR"",""GR"",""HR"",""HU"",""IE"",""IT"",""LI"",""LT"",""LU"",""LV"",""MT"",""NL"",""NO"",""PL"",""PT"",""RO"",""SE"",""SI"",""SK""]","2024-11-23 00:00:00","The decision was taken pursuant to own-initiative investigations.",SOURCE_VOLUNTARY,,Yes,AUTOMATED_DECISION_FULLY,TikTok,7440305853699218208,"2024-11-23 03:06:50"
b6eb5ec8-aefc-410e-9efd-8aeec7777a9d,"[""DECISION_VISIBILITY_OTHER""]","Video not eligible for recommendation in the For You feed",,,,,,,,,,DECISION_GROUND_INCOMPATIBLE_CONTENT,,,,"Alcohol, Tobacco, and Drugs","While adults make personal choices about how they engage with alcohol, drugs, and tobacco, we recognize that there are risks connected to trading and using these substances. Content is ineligible for the For You feed and harder to find in search if it shows adults consuming excessive amounts of alcohol or tobacco products.We proactively enforce our Community Guidelines through a mix of technology and human moderation. We have detected this policy violation using automated measures. We have used automated measures in making this decision.",,STATEMENT_CATEGORY_SCOPE_OF_PLATFORM_SERVICE,,,,"[""CONTENT_TYPE_VIDEO""]",,,"2024-11-23 00:00:00","[""AT"",""BE"",""BG"",""CY"",""CZ"",""DE"",""DK"",""EE"",""ES"",""FI"",""FR"",""GR"",""HR"",""HU"",""IE"",""IT"",""LI"",""LT"",""LU"",""LV"",""MT"",""NL"",""NO"",""PL"",""PT"",""RO"",""SE"",""SI"",""SK""]","2024-11-23 00:00:00","The decision was taken pursuant to own-initiative investigations.",SOURCE_VOLUNTARY,,Yes,AUTOMATED_DECISION_FULLY,TikTok,7440305853699234592,"2024-11-23 03:06:50"
52f9ae7f-4b85-4a89-9594-e449a9ae2e38,"[""DECISION_VISIBILITY_OTHER""]","Photo not eligible for recommendation in the For You feed, and visibility restricted in search results",,,,,,,,,,DECISION_GROUND_INCOMPATIBLE_CONTENT,,,,"Civic and Election Integrity","We want to enable the informed exchange of civic ideas in a way that fosters productive dialogue. Your video didn’t meet our eligibility standards for the For You Feed. Please review our Community Guidelines for more information.We proactively enforce our Community Guidelines through a mix of technology and human moderation. We have detected this policy violation using automated measures. We have used automated measures in making this decision.",,STATEMENT_CATEGORY_NEGATIVE_EFFECTS_ON_CIVIC_DISCOURSE_OR_ELECTIONS,,,,"[""CONTENT_TYPE_IMAGE""]",,,"2024-11-23 00:00:00","[""AT"",""BE"",""BG"",""CY"",""CZ"",""DE"",""DK"",""EE"",""ES"",""FI"",""FR"",""GR"",""HR"",""HU"",""IE"",""IT"",""LI"",""LT"",""LU"",""LV"",""MT"",""NL"",""NO"",""PL"",""PT"",""RO"",""SE"",""SI"",""SK""]","2024-11-23 00:00:00","The decision was taken pursuant to own-initiative investigations.",SOURCE_VOLUNTARY,,Yes,AUTOMATED_DECISION_FULLY,TikTok,7440305848053766945,"2024-11-23 03:06:50"
f4f1b386-1421-47aa-9be4-fc95ac1782c1,"[""DECISION_VISIBILITY_CONTENT_REMOVED""]",,,,,,,,,,,DECISION_GROUND_INCOMPATIBLE_CONTENT,,,,"Hate Speech and Hateful Behaviors","TikTok is enriched by the various backgrounds of our community members. Our differences should be respected, rather than a cause for division. We do not allow any hateful behavior, hate speech, or promotion of hateful ideologies. This includes content that attacks a person or group because of protected attributes.We proactively enforce our Community Guidelines through a mix of technology and human moderation. We have detected this policy violation using automated measures. We have used automated measures in making this decision.",,STATEMENT_CATEGORY_ILLEGAL_OR_HARMFUL_SPEECH,,,,"[""CONTENT_TYPE_TEXT""]",,,"2024-11-23 00:00:00","[""AT"",""BE"",""BG"",""CY"",""CZ"",""DE"",""DK"",""EE"",""ES"",""FI"",""FR"",""GR"",""HR"",""HU"",""IE"",""IT"",""LI"",""LT"",""LU"",""LV"",""MT"",""NL"",""NO"",""PL"",""PT"",""RO"",""SE"",""SI"",""SK""]","2024-11-23 00:00:00","The decision was taken pursuant to own-initiative investigations.",SOURCE_VOLUNTARY,,Yes,AUTOMATED_DECISION_FULLY,TikTok,7440305848053783329,"2024-11-23 03:06:50"
2f18b0d8-a09f-428e-b26f-7b96dd1d72fa,"[""DECISION_VISIBILITY_OTHER""]","Photo not eligible for recommendation in the For You feed, and visibility restricted in search results",,,,,,,,,,DECISION_GROUND_INCOMPATIBLE_CONTENT,,,,"Civic and Election Integrity","We want to enable the informed exchange of civic ideas in a way that fosters productive dialogue. Your video didn’t meet our eligibility standards for the For You Feed. Please review our Community Guidelines for more information.We proactively enforce our Community Guidelines through a mix of technology and human moderation. We have detected this policy violation using automated measures. We have used automated measures in making this decision.",,STATEMENT_CATEGORY_NEGATIVE_EFFECTS_ON_CIVIC_DISCOURSE_OR_ELECTIONS,,,,"[""CONTENT_TYPE_IMAGE""]",,,"2024-11-23 00:00:00","[""AT"",""BE"",""BG"",""CY"",""CZ"",""DE"",""DK"",""EE"",""ES"",""FI"",""FR"",""GR"",""HR"",""HU"",""IE"",""IT"",""LI"",""LT"",""LU"",""LV"",""MT"",""NL"",""NO"",""PL"",""PT"",""RO"",""SE"",""SI"",""SK""]","2024-11-23 00:00:00","The decision was taken pursuant to own-initiative investigations.",SOURCE_VOLUNTARY,,Yes,AUTOMATED_DECISION_FULLY,TikTok,7440305848053799713,"2024-11-23 03:06:50"
11f166ae-0543-4a5b-9da2-c25e4929bf70,"[""DECISION_VISIBILITY_CONTENT_REMOVED""]",,,,,,,,,,,DECISION_GROUND_INCOMPATIBLE_CONTENT,,,,"Hate Speech and Hateful Behaviors","TikTok is enriched by the various backgrounds of our community members. Our differences should be respected, rather than a cause for division. We do not allow any hateful behavior, hate speech, or promotion of hateful ideologies. This includes content that attacks a person or group because of protected attributes.We proactively enforce our Community Guidelines through a mix of technology and human moderation. We have detected this policy violation using automated measures. We have used automated measures in making this decision.",,STATEMENT_CATEGORY_ILLEGAL_OR_HARMFUL_SPEECH,,,,"[""CONTENT_TYPE_TEXT""]",,,"2024-11-23 00:00:00","[""AT"",""BE"",""BG"",""CY"",""CZ"",""DE"",""DK"",""EE"",""ES"",""FI"",""FR"",""GR"",""HR"",""HU"",""IE"",""IT"",""LI"",""LT"",""LU"",""LV"",""MT"",""NL"",""NO"",""PL"",""PT"",""RO"",""SE"",""SI"",""SK""]","2024-11-23 00:00:00","The decision was taken pursuant to own-initiative investigations.",SOURCE_VOLUNTARY,,Yes,AUTOMATED_DECISION_FULLY,TikTok,7440305853699250976,"2024-11-23 03:06:50"
51d11aff-9ede-466b-b96a-c18e803f24ec,"[""DECISION_VISIBILITY_CONTENT_REMOVED""]",,,,,,,,,,,DECISION_GROUND_INCOMPATIBLE_CONTENT,,,,"Harassment and Bullying","We welcome the respectful expression of different viewpoints, but not toxicity or trolling. We do not allow language or behavior that harasses, humiliates, threatens, or doxes anyone. This also includes responding to such acts with retaliatory harassment (but excludes non-harassing counterspeech).We proactively enforce our Community Guidelines through a mix of technology and human moderation. We have detected this policy violation using automated measures. We have used automated measures in making this decision.",,STATEMENT_CATEGORY_ILLEGAL_OR_HARMFUL_SPEECH,,,,"[""CONTENT_TYPE_TEXT""]",,,"2024-11-23 00:00:00","[""AT"",""BE"",""BG"",""CY"",""CZ"",""DE"",""DK"",""EE"",""ES"",""FI"",""FR"",""GR"",""HR"",""HU"",""IE"",""IT"",""LI"",""LT"",""LU"",""LV"",""MT"",""NL"",""NO"",""PL"",""PT"",""RO"",""SE"",""SI"",""SK""]","2024-11-23 00:00:00","The decision was taken pursuant to own-initiative investigations.",SOURCE_VOLUNTARY,,Yes,AUTOMATED_DECISION_FULLY,TikTok,7440305853699267360,"2024-11-23 03:06:50"
23a5ba1e-b17b-4c1c-bedb-5b8e63b44750,"[""DECISION_VISIBILITY_CONTENT_REMOVED""]",,,,,,,,,,,DECISION_GROUND_INCOMPATIBLE_CONTENT,,,,"Hate Speech and Hateful Behaviors","TikTok is enriched by the various backgrounds of our community members. Our differences should be respected, rather than a cause for division. We do not allow any hateful behavior, hate speech, or promotion of hateful ideologies. This includes content that attacks a person or group because of protected attributes.We proactively enforce our Community Guidelines through a mix of technology and human moderation. We have detected this policy violation using automated measures. We have used automated measures in making this decision.",,STATEMENT_CATEGORY_ILLEGAL_OR_HARMFUL_SPEECH,,,,"[""CONTENT_TYPE_TEXT""]",,,"2024-11-23 00:00:00","[""AT"",""BE"",""BG"",""CY"",""CZ"",""DE"",""DK"",""EE"",""ES"",""FI"",""FR"",""GR"",""HR"",""HU"",""IE"",""IT"",""LI"",""LT"",""LU"",""LV"",""MT"",""NL"",""NO"",""PL"",""PT"",""RO"",""SE"",""SI"",""SK""]","2024-11-23 00:00:00","The decision was taken pursuant to own-initiative investigations.",SOURCE_VOLUNTARY,,Yes,AUTOMATED_DECISION_FULLY,TikTok,7440305853699283744,"2024-11-23 03:06:50"