uuid,decision_visibility,decision_visibility_other,end_date_visibility_restriction,decision_monetary,decision_monetary_other,end_date_monetary_restriction,decision_provision,end_date_service_restriction,decision_account,end_date_account_restriction,account_type,decision_ground,decision_ground_reference_url,illegal_content_legal_ground,illegal_content_explanation,incompatible_content_ground,incompatible_content_explanation,incompatible_content_illegal,category,category_addition,category_specification,category_specification_other,content_type,content_type_other,content_language,content_date,territorial_scope,application_date,decision_facts,source_type,source_identity,automated_detection,automated_decision,platform_name,platform_uid,created_at
77b7e74e-8cb8-48e3-b529-fb4f5ca95d01,"[""DECISION_VISIBILITY_OTHER""]","Photo not eligible for recommendation in the For You feed, and visibility restricted in search results",,,,,,,,,,DECISION_GROUND_INCOMPATIBLE_CONTENT,,,,"Civic and Election Integrity","We want to enable the informed exchange of civic ideas in a way that fosters productive dialogue. Your video didn’t meet our eligibility standards for the For You Feed. Please review our Community Guidelines for more information.We proactively enforce our Community Guidelines through a mix of technology and human moderation. We have detected this policy violation using automated measures. We have used automated measures in making this decision.",,STATEMENT_CATEGORY_NEGATIVE_EFFECTS_ON_CIVIC_DISCOURSE_OR_ELECTIONS,,,,"[""CONTENT_TYPE_IMAGE""]",,,"2024-11-23 00:00:00","[""AT"",""BE"",""BG"",""CY"",""CZ"",""DE"",""DK"",""EE"",""ES"",""FI"",""FR"",""GR"",""HR"",""HU"",""IE"",""IT"",""LI"",""LT"",""LU"",""LV"",""MT"",""NL"",""NO"",""PL"",""PT"",""RO"",""SE"",""SI"",""SK""]","2024-11-23 00:00:00","The decision was taken pursuant to own-initiative investigations.",SOURCE_VOLUNTARY,,Yes,AUTOMATED_DECISION_FULLY,TikTok,7440322242816367393,"2024-11-23 04:10:28"
901ea689-64cd-4c8e-9f9c-5e4456c52118,"[""DECISION_VISIBILITY_CONTENT_REMOVED""]",,,,,,,,,,,DECISION_GROUND_INCOMPATIBLE_CONTENT,,,,"Harassment and Bullying","We welcome the respectful expression of different viewpoints, but not toxicity or trolling. We do not allow language or behavior that harasses, humiliates, threatens, or doxes anyone. This also includes responding to such acts with retaliatory harassment (but excludes non-harassing counterspeech).We proactively enforce our Community Guidelines through a mix of technology and human moderation. We have detected this policy violation using automated measures. We have used automated measures in making this decision.",,STATEMENT_CATEGORY_ILLEGAL_OR_HARMFUL_SPEECH,,,,"[""CONTENT_TYPE_TEXT""]",,,"2024-11-23 00:00:00","[""AT"",""BE"",""BG"",""CY"",""CZ"",""DE"",""DK"",""EE"",""ES"",""FI"",""FR"",""GR"",""HR"",""HU"",""IE"",""IT"",""LI"",""LT"",""LU"",""LV"",""MT"",""NL"",""NO"",""PL"",""PT"",""RO"",""SE"",""SI"",""SK""]","2024-11-23 00:00:00","The decision was taken pursuant to own-initiative investigations.",SOURCE_VOLUNTARY,,Yes,AUTOMATED_DECISION_FULLY,TikTok,7440322242816383777,"2024-11-23 04:10:28"
e682e1ae-9cd9-4512-a3e7-db0e96949d6b,"[""DECISION_VISIBILITY_CONTENT_REMOVED""]",,,,,,,,,,,DECISION_GROUND_INCOMPATIBLE_CONTENT,,,,"Harassment and Bullying","We welcome the respectful expression of different viewpoints, but not toxicity or trolling. We do not allow language or behavior that harasses, humiliates, threatens, or doxes anyone. This also includes responding to such acts with retaliatory harassment (but excludes non-harassing counterspeech).We proactively enforce our Community Guidelines through a mix of technology and human moderation. We have detected this policy violation using automated measures. We have used automated measures in making this decision.",,STATEMENT_CATEGORY_ILLEGAL_OR_HARMFUL_SPEECH,,,,"[""CONTENT_TYPE_TEXT""]",,,"2024-11-23 00:00:00","[""AT"",""BE"",""BG"",""CY"",""CZ"",""DE"",""DK"",""EE"",""ES"",""FI"",""FR"",""GR"",""HR"",""HU"",""IE"",""IT"",""LI"",""LT"",""LU"",""LV"",""MT"",""NL"",""NO"",""PL"",""PT"",""RO"",""SE"",""SI"",""SK""]","2024-11-23 00:00:00","The decision was taken pursuant to own-initiative investigations.",SOURCE_VOLUNTARY,,Yes,AUTOMATED_DECISION_FULLY,TikTok,7440322243315456800,"2024-11-23 04:10:28"
95ad0909-28a7-4bb0-a5a9-3cafc46e0e0a,"[""DECISION_VISIBILITY_CONTENT_REMOVED""]",,,,,,,,,,,DECISION_GROUND_INCOMPATIBLE_CONTENT,,,,"Community Guidelines","Your content is against our Community Guidelines. The guidelines include rules and standards for using TikTok that apply to everyone and everything on our platform.We proactively enforce our Community Guidelines through a mix of technology and human moderation. We have detected this policy violation using automated measures. We have used automated measures in making this decision.",,STATEMENT_CATEGORY_SCOPE_OF_PLATFORM_SERVICE,,,,"[""CONTENT_TYPE_IMAGE""]",,,"2024-09-12 00:00:00","[""AT"",""BE"",""BG"",""CY"",""CZ"",""DE"",""DK"",""EE"",""ES"",""FI"",""FR"",""GR"",""HR"",""HU"",""IE"",""IT"",""LI"",""LT"",""LU"",""LV"",""MT"",""NL"",""NO"",""PL"",""PT"",""RO"",""SE"",""SI"",""SK""]","2024-11-23 00:00:00","The decision was taken pursuant to own-initiative investigations.",SOURCE_VOLUNTARY,,Yes,AUTOMATED_DECISION_FULLY,TikTok,7440322243315473184,"2024-11-23 04:10:28"
29587f5e-cf92-4230-a94b-c080b49c5d12,"[""DECISION_VISIBILITY_CONTENT_REMOVED""]",,,,,,,,,,,DECISION_GROUND_INCOMPATIBLE_CONTENT,,,,"Harassment and Bullying","We welcome the respectful expression of different viewpoints, but not toxicity or trolling. We do not allow language or behavior that harasses, humiliates, threatens, or doxes anyone. This also includes responding to such acts with retaliatory harassment (but excludes non-harassing counterspeech).We proactively enforce our Community Guidelines through a mix of technology and human moderation. We have detected this policy violation using automated measures. We have used automated measures in making this decision.",,STATEMENT_CATEGORY_ILLEGAL_OR_HARMFUL_SPEECH,,,,"[""CONTENT_TYPE_TEXT""]",,,"2024-11-23 00:00:00","[""AT"",""BE"",""BG"",""CY"",""CZ"",""DE"",""DK"",""EE"",""ES"",""FI"",""FR"",""GR"",""HR"",""HU"",""IE"",""IT"",""LI"",""LT"",""LU"",""LV"",""MT"",""NL"",""NO"",""PL"",""PT"",""RO"",""SE"",""SI"",""SK""]","2024-11-23 00:00:00","The decision was taken pursuant to own-initiative investigations.",SOURCE_VOLUNTARY,,Yes,AUTOMATED_DECISION_FULLY,TikTok,7440322243315489568,"2024-11-23 04:10:28"
39ca38dd-6009-44b2-b86d-80b4f23bcd62,"[""DECISION_VISIBILITY_CONTENT_REMOVED""]",,,,,,,,,,,DECISION_GROUND_INCOMPATIBLE_CONTENT,,,,"Community Guidelines","Your content is against our Community Guidelines. The guidelines include rules and standards for using TikTok that apply to everyone and everything on our platform.We proactively enforce our Community Guidelines through a mix of technology and human moderation. We have detected this policy violation using automated measures. We have used automated measures in making this decision.",,STATEMENT_CATEGORY_SCOPE_OF_PLATFORM_SERVICE,,,,"[""CONTENT_TYPE_IMAGE""]",,,"2023-07-26 00:00:00","[""AT"",""BE"",""BG"",""CY"",""CZ"",""DE"",""DK"",""EE"",""ES"",""FI"",""FR"",""GR"",""HR"",""HU"",""IE"",""IT"",""LI"",""LT"",""LU"",""LV"",""MT"",""NL"",""NO"",""PL"",""PT"",""RO"",""SE"",""SI"",""SK""]","2024-11-23 00:00:00","The decision was taken pursuant to own-initiative investigations.",SOURCE_VOLUNTARY,,Yes,AUTOMATED_DECISION_FULLY,TikTok,7440322243315505952,"2024-11-23 04:10:28"
c47efbd0-2186-45c7-819d-a6f994631702,"[""DECISION_VISIBILITY_CONTENT_REMOVED""]",,,,,,,,,,,DECISION_GROUND_INCOMPATIBLE_CONTENT,,,,"Alcohol, Tobacco, and Drugs","While adults make personal choices about how they engage with alcohol, drugs, and tobacco, we recognize that there are risks connected to trading and using these substances. We do not allow showing or promoting recreational drug use, or the trade of alcohol, tobacco products, and drugs.We proactively enforce our Community Guidelines through a mix of technology and human moderation. We have detected this policy violation using automated measures.",,STATEMENT_CATEGORY_SCOPE_OF_PLATFORM_SERVICE,,,,"[""CONTENT_TYPE_VIDEO""]",,,"2024-11-23 00:00:00","[""AT"",""BE"",""BG"",""CY"",""CZ"",""DE"",""DK"",""EE"",""ES"",""FI"",""FR"",""GR"",""HR"",""HU"",""IE"",""IT"",""LI"",""LT"",""LU"",""LV"",""MT"",""NL"",""NO"",""PL"",""PT"",""RO"",""SE"",""SI"",""SK""]","2024-11-23 00:00:00","The decision was taken pursuant to own-initiative investigations.",SOURCE_VOLUNTARY,,Yes,AUTOMATED_DECISION_NOT_AUTOMATED,TikTok,7440322242816400161,"2024-11-23 04:10:28"
bf60b3d4-590b-4103-9cd6-ece9c623b96d,"[""DECISION_VISIBILITY_CONTENT_REMOVED""]",,,,,,,,,,,DECISION_GROUND_INCOMPATIBLE_CONTENT,,,,"Community Guidelines","Your content is against our Community Guidelines. The guidelines include rules and standards for using TikTok that apply to everyone and everything on our platform.We proactively enforce our Community Guidelines through a mix of technology and human moderation. We have detected this policy violation using automated measures. We have used automated measures in making this decision.",,STATEMENT_CATEGORY_SCOPE_OF_PLATFORM_SERVICE,,,,"[""CONTENT_TYPE_IMAGE""]",,,"2023-08-17 00:00:00","[""AT"",""BE"",""BG"",""CY"",""CZ"",""DE"",""DK"",""EE"",""ES"",""FI"",""FR"",""GR"",""HR"",""HU"",""IE"",""IT"",""LI"",""LT"",""LU"",""LV"",""MT"",""NL"",""NO"",""PL"",""PT"",""RO"",""SE"",""SI"",""SK""]","2024-11-23 00:00:00","The decision was taken pursuant to own-initiative investigations.",SOURCE_VOLUNTARY,,Yes,AUTOMATED_DECISION_FULLY,TikTok,7440322254396726049,"2024-11-23 04:10:28"
1a039497-3c38-4f66-b2b0-481367024eb3,"[""DECISION_VISIBILITY_CONTENT_REMOVED""]",,,,,,,,,,,DECISION_GROUND_INCOMPATIBLE_CONTENT,,,,"Community Guidelines","Your content is against our Community Guidelines. The guidelines include rules and standards for using TikTok that apply to everyone and everything on our platform.Users and 3rd-parties can report policy violations to us. We have detected this policy violation based on a report that the content violated our Community Guidelines.",,STATEMENT_CATEGORY_SCOPE_OF_PLATFORM_SERVICE,,,,"[""CONTENT_TYPE_TEXT""]",,,"2024-11-22 00:00:00","[""AT"",""BE"",""BG"",""CY"",""CZ"",""DE"",""DK"",""EE"",""ES"",""FI"",""FR"",""GR"",""HR"",""HU"",""IE"",""IT"",""LI"",""LT"",""LU"",""LV"",""MT"",""NL"",""NO"",""PL"",""PT"",""RO"",""SE"",""SI"",""SK""]","2024-11-23 00:00:00","The decision was taken in response to a report alleging a violation of our Community Guidelines.",SOURCE_VOLUNTARY,,No,AUTOMATED_DECISION_NOT_AUTOMATED,TikTok,7440322254396742433,"2024-11-23 04:10:28"
99a7336f-4c59-4ddd-9199-61ec79a56086,"[""DECISION_VISIBILITY_CONTENT_REMOVED""]",,,,,,,,,,,DECISION_GROUND_INCOMPATIBLE_CONTENT,,,,"Harassment and Bullying","We welcome the respectful expression of different viewpoints, but not toxicity or trolling. We do not allow language or behavior that harasses, humiliates, threatens, or doxes anyone. This also includes responding to such acts with retaliatory harassment (but excludes non-harassing counterspeech).We proactively enforce our Community Guidelines through a mix of technology and human moderation. We have detected this policy violation using automated measures. We have used automated measures in making this decision.",,STATEMENT_CATEGORY_ILLEGAL_OR_HARMFUL_SPEECH,,,,"[""CONTENT_TYPE_TEXT""]",,,"2024-11-23 00:00:00","[""AT"",""BE"",""BG"",""CY"",""CZ"",""DE"",""DK"",""EE"",""ES"",""FI"",""FR"",""GR"",""HR"",""HU"",""IE"",""IT"",""LI"",""LT"",""LU"",""LV"",""MT"",""NL"",""NO"",""PL"",""PT"",""RO"",""SE"",""SI"",""SK""]","2024-11-23 00:00:00","The decision was taken pursuant to own-initiative investigations.",SOURCE_VOLUNTARY,,Yes,AUTOMATED_DECISION_FULLY,TikTok,7440322254396824353,"2024-11-23 04:10:30"
2cb60618-cd67-440f-9e22-7cb6728fde1d,"[""DECISION_VISIBILITY_CONTENT_REMOVED""]",,,,,,,,,,,DECISION_GROUND_INCOMPATIBLE_CONTENT,,,,"Dangerous Activities and Challenges","Most activities or challenges are appropriate for everyone, but some carry a risk of significant injury. We do not allow showing or promoting dangerous activities and challenges. This includes dares, games, tricks, inappropriate use of dangerous tools, eating substances that are harmful to one’s health, or similar activities that may lead to significant physical harm.We proactively enforce our Community Guidelines through a mix of technology and human moderation. We have detected this policy violation using automated measures.",,STATEMENT_CATEGORY_SCOPE_OF_PLATFORM_SERVICE,,,,"[""CONTENT_TYPE_VIDEO""]",,,"2024-11-23 00:00:00","[""AT"",""BE"",""BG"",""CY"",""CZ"",""DE"",""DK"",""EE"",""ES"",""FI"",""FR"",""GR"",""HR"",""HU"",""IE"",""IT"",""LI"",""LT"",""LU"",""LV"",""MT"",""NL"",""NO"",""PL"",""PT"",""RO"",""SE"",""SI"",""SK""]","2024-11-23 00:00:00","The decision was taken pursuant to own-initiative investigations.",SOURCE_VOLUNTARY,,Yes,AUTOMATED_DECISION_NOT_AUTOMATED,TikTok,7440322256162609953,"2024-11-23 04:10:30"
89d1781c-1a33-46a7-ae1a-d249ad1bfbee,"[""DECISION_VISIBILITY_CONTENT_REMOVED""]",,,,,,,,,,,DECISION_GROUND_INCOMPATIBLE_CONTENT,,,,"Harassment and Bullying","We welcome the respectful expression of different viewpoints, but not toxicity or trolling. We do not allow language or behavior that harasses, humiliates, threatens, or doxes anyone. This also includes responding to such acts with retaliatory harassment (but excludes non-harassing counterspeech).We proactively enforce our Community Guidelines through a mix of technology and human moderation. We have detected this policy violation using automated measures. We have used automated measures in making this decision.",,STATEMENT_CATEGORY_ILLEGAL_OR_HARMFUL_SPEECH,,,,"[""CONTENT_TYPE_TEXT""]",,,"2024-11-23 00:00:00","[""AT"",""BE"",""BG"",""CY"",""CZ"",""DE"",""DK"",""EE"",""ES"",""FI"",""FR"",""GR"",""HR"",""HU"",""IE"",""IT"",""LI"",""LT"",""LU"",""LV"",""MT"",""NL"",""NO"",""PL"",""PT"",""RO"",""SE"",""SI"",""SK""]","2024-11-23 00:00:00","The decision was taken pursuant to own-initiative investigations.",SOURCE_VOLUNTARY,,Yes,AUTOMATED_DECISION_FULLY,TikTok,7440322256162626337,"2024-11-23 04:10:30"
9001f132-1685-4762-a272-c7571cf09fd5,"[""DECISION_VISIBILITY_CONTENT_REMOVED""]",,,,,,,,,,,DECISION_GROUND_INCOMPATIBLE_CONTENT,,,,"Harassment and Bullying","We welcome the respectful expression of different viewpoints, but not toxicity or trolling. We do not allow language or behavior that harasses, humiliates, threatens, or doxes anyone. This also includes responding to such acts with retaliatory harassment (but excludes non-harassing counterspeech).We proactively enforce our Community Guidelines through a mix of technology and human moderation. We have detected this policy violation using automated measures. We have used automated measures in making this decision.",,STATEMENT_CATEGORY_ILLEGAL_OR_HARMFUL_SPEECH,,,,"[""CONTENT_TYPE_TEXT""]",,,"2024-11-23 00:00:00","[""AT"",""BE"",""BG"",""CY"",""CZ"",""DE"",""DK"",""EE"",""ES"",""FI"",""FR"",""GR"",""HR"",""HU"",""IE"",""IT"",""LI"",""LT"",""LU"",""LV"",""MT"",""NL"",""NO"",""PL"",""PT"",""RO"",""SE"",""SI"",""SK""]","2024-11-23 00:00:00","The decision was taken pursuant to own-initiative investigations.",SOURCE_VOLUNTARY,,Yes,AUTOMATED_DECISION_FULLY,TikTok,7440322254396840737,"2024-11-23 04:10:30"
165be9f1-8ea2-4f8f-acde-1a2696ad5dec,"[""DECISION_VISIBILITY_CONTENT_REMOVED""]",,,,,,,,,,,DECISION_GROUND_INCOMPATIBLE_CONTENT,,,,"Community Guidelines","Your content is against our Community Guidelines. The guidelines include rules and standards for using TikTok that apply to everyone and everything on our platform.We proactively enforce our Community Guidelines through a mix of technology and human moderation. We have detected this policy violation using automated measures. We have used automated measures in making this decision.",,STATEMENT_CATEGORY_SCOPE_OF_PLATFORM_SERVICE,,,,"[""CONTENT_TYPE_VIDEO""]",,,"2024-11-23 00:00:00","[""AT"",""BE"",""BG"",""CY"",""CZ"",""DE"",""DK"",""EE"",""ES"",""FI"",""FR"",""GR"",""HR"",""HU"",""IE"",""IT"",""LI"",""LT"",""LU"",""LV"",""MT"",""NL"",""NO"",""PL"",""PT"",""RO"",""SE"",""SI"",""SK""]","2024-11-23 00:00:00","The decision was taken pursuant to own-initiative investigations.",SOURCE_VOLUNTARY,,Yes,AUTOMATED_DECISION_FULLY,TikTok,7440322254396857121,"2024-11-23 04:10:30"
d6c1addc-5090-4e6e-acf3-4725763e91d9,"[""DECISION_VISIBILITY_OTHER""]","Photo not eligible for recommendation in the For You feed",,,,,,,,,,DECISION_GROUND_INCOMPATIBLE_CONTENT,,,,"Community Guidelines","Your content is against our Community Guidelines. The guidelines include rules and standards for using TikTok that apply to everyone and everything on our platform.",,STATEMENT_CATEGORY_DATA_PROTECTION_AND_PRIVACY_VIOLATIONS,,,,"[""CONTENT_TYPE_IMAGE""]",,,"2024-11-23 00:00:00","[""AT"",""BE"",""BG"",""CY"",""CZ"",""DE"",""DK"",""EE"",""ES"",""FI"",""FR"",""GR"",""HR"",""HU"",""IE"",""IT"",""LI"",""LT"",""LU"",""LV"",""MT"",""NL"",""NO"",""PL"",""PT"",""RO"",""SE"",""SI"",""SK""]","2024-11-23 00:00:00","The decision was taken pursuant to own-initiative investigations.",SOURCE_VOLUNTARY,,Yes,AUTOMATED_DECISION_FULLY,TikTok,7440322256162642721,"2024-11-23 04:10:30"
f32c95ad-de4c-4d2b-ab6c-3718d31969e1,"[""DECISION_VISIBILITY_CONTENT_AGE_RESTRICTED""]",,,,,,,,,,,DECISION_GROUND_INCOMPATIBLE_CONTENT,,,,"Community Guidelines","We maintain content eligibility standards for the For You feed (FYF) that prioritize safety and are informed by the diversity of our community and cultural norms. We make ineligible for the FYF certain content that may not be appropriate for a broad audience related to: (1) Behavioral Health, (2) Sensitive and Mature Themes, (3) Integrity and Authenticity, and (4) Regulated Goods. Content that is ineligible for the FYF can still be discovered in other ways, such as through search tools or by following an account.We proactively enforce our Community Guidelines through a mix of technology and human moderation. We have detected this policy violation using automated measures.",,STATEMENT_CATEGORY_SCOPE_OF_PLATFORM_SERVICE,,,,"[""CONTENT_TYPE_VIDEO""]",,,"2021-09-11 00:00:00","[""AT"",""BE"",""BG"",""CY"",""CZ"",""DE"",""DK"",""EE"",""ES"",""FI"",""FR"",""GR"",""HR"",""HU"",""IE"",""IT"",""LI"",""LT"",""LU"",""LV"",""MT"",""NL"",""NO"",""PL"",""PT"",""RO"",""SE"",""SI"",""SK""]","2024-11-23 00:00:00","The decision was taken pursuant to own-initiative investigations.",SOURCE_VOLUNTARY,,Yes,AUTOMATED_DECISION_NOT_AUTOMATED,TikTok,7440322254396873505,"2024-11-23 04:10:30"
51c45375-d75c-4728-9467-3bbe473f7398,"[""DECISION_VISIBILITY_CONTENT_REMOVED""]",,,,,,,,,,,DECISION_GROUND_INCOMPATIBLE_CONTENT,,,,"Harassment and Bullying","We welcome the respectful expression of different viewpoints, but not toxicity or trolling. We do not allow language or behavior that harasses, humiliates, threatens, or doxes anyone. This also includes responding to such acts with retaliatory harassment (but excludes non-harassing counterspeech).We proactively enforce our Community Guidelines through a mix of technology and human moderation. We have detected this policy violation using automated measures. We have used automated measures in making this decision.",,STATEMENT_CATEGORY_ILLEGAL_OR_HARMFUL_SPEECH,,,,"[""CONTENT_TYPE_TEXT""]",,,"2024-11-23 00:00:00","[""AT"",""BE"",""BG"",""CY"",""CZ"",""DE"",""DK"",""EE"",""ES"",""FI"",""FR"",""GR"",""HR"",""HU"",""IE"",""IT"",""LI"",""LT"",""LU"",""LV"",""MT"",""NL"",""NO"",""PL"",""PT"",""RO"",""SE"",""SI"",""SK""]","2024-11-23 00:00:00","The decision was taken pursuant to own-initiative investigations.",SOURCE_VOLUNTARY,,Yes,AUTOMATED_DECISION_FULLY,TikTok,7440322256162659105,"2024-11-23 04:10:30"
758c2b5a-c1d1-4961-90db-0760dc7c3db4,"[""DECISION_VISIBILITY_CONTENT_REMOVED""]",,,,,,,,,,,DECISION_GROUND_INCOMPATIBLE_CONTENT,,,,"Community Guidelines","Your content is against our Community Guidelines. The guidelines include rules and standards for using TikTok that apply to everyone and everything on our platform.We proactively enforce our Community Guidelines through a mix of technology and human moderation. We have detected this policy violation using automated measures. We have used automated measures in making this decision.",,STATEMENT_CATEGORY_SCOPE_OF_PLATFORM_SERVICE,,,,"[""CONTENT_TYPE_IMAGE""]",,,"2022-11-24 00:00:00","[""AT"",""BE"",""BG"",""CY"",""CZ"",""DE"",""DK"",""EE"",""ES"",""FI"",""FR"",""GR"",""HR"",""HU"",""IE"",""IT"",""LI"",""LT"",""LU"",""LV"",""MT"",""NL"",""NO"",""PL"",""PT"",""RO"",""SE"",""SI"",""SK""]","2024-11-23 00:00:00","The decision was taken pursuant to own-initiative investigations.",SOURCE_VOLUNTARY,,Yes,AUTOMATED_DECISION_FULLY,TikTok,7440322256162675489,"2024-11-23 04:10:30"
0b6c1535-076b-4946-8c2f-228751daa40f,"[""DECISION_VISIBILITY_CONTENT_REMOVED""]",,,,,,,,,,,DECISION_GROUND_INCOMPATIBLE_CONTENT,,,,"Community Guidelines","Your content is against our Community Guidelines. The guidelines include rules and standards for using TikTok that apply to everyone and everything on our platform.We proactively enforce our Community Guidelines through a mix of technology and human moderation. We have detected this policy violation using automated measures. We have used automated measures in making this decision.",,STATEMENT_CATEGORY_SCOPE_OF_PLATFORM_SERVICE,,,,"[""CONTENT_TYPE_IMAGE""]",,,"2022-11-09 00:00:00","[""AT"",""BE"",""BG"",""CY"",""CZ"",""DE"",""DK"",""EE"",""ES"",""FI"",""FR"",""GR"",""HR"",""HU"",""IE"",""IT"",""LI"",""LT"",""LU"",""LV"",""MT"",""NL"",""NO"",""PL"",""PT"",""RO"",""SE"",""SI"",""SK""]","2024-11-23 00:00:00","The decision was taken pursuant to own-initiative investigations.",SOURCE_VOLUNTARY,,Yes,AUTOMATED_DECISION_FULLY,TikTok,7440322267969493793,"2024-11-23 04:10:30"
26b2c899-4c72-468f-857e-209e923c3519,"[""DECISION_VISIBILITY_CONTENT_REMOVED""]",,,,,,,,,,,DECISION_GROUND_INCOMPATIBLE_CONTENT,,,,"Community Guidelines","Your content is against our Community Guidelines. The guidelines include rules and standards for using TikTok that apply to everyone and everything on our platform.We proactively enforce our Community Guidelines through a mix of technology and human moderation. We have detected this policy violation using automated measures. We have used automated measures in making this decision.",,STATEMENT_CATEGORY_SCOPE_OF_PLATFORM_SERVICE,,,,"[""CONTENT_TYPE_IMAGE""]",,,"2022-12-02 00:00:00","[""AT"",""BE"",""BG"",""CY"",""CZ"",""DE"",""DK"",""EE"",""ES"",""FI"",""FR"",""GR"",""HR"",""HU"",""IE"",""IT"",""LI"",""LT"",""LU"",""LV"",""MT"",""NL"",""NO"",""PL"",""PT"",""RO"",""SE"",""SI"",""SK""]","2024-11-23 00:00:00","The decision was taken pursuant to own-initiative investigations.",SOURCE_VOLUNTARY,,Yes,AUTOMATED_DECISION_FULLY,TikTok,7440322267969559329,"2024-11-23 04:10:32"
29a6dfd0-4bd7-4bde-aeb9-02dd1a4cd444,"[""DECISION_VISIBILITY_CONTENT_REMOVED""]",,,,,,,,,,,DECISION_GROUND_INCOMPATIBLE_CONTENT,,,,"Hate Speech and Hateful Behaviors","TikTok is enriched by the various backgrounds of our community members. Our differences should be respected, rather than a cause for division. We do not allow any hateful behavior, hate speech, or promotion of hateful ideologies. This includes content that attacks a person or group because of protected attributes.We proactively enforce our Community Guidelines through a mix of technology and human moderation. We have detected this policy violation using automated measures. We have used automated measures in making this decision.",,STATEMENT_CATEGORY_ILLEGAL_OR_HARMFUL_SPEECH,,,,"[""CONTENT_TYPE_TEXT""]",,,"2024-11-23 00:00:00","[""AT"",""BE"",""BG"",""CY"",""CZ"",""DE"",""DK"",""EE"",""ES"",""FI"",""FR"",""GR"",""HR"",""HU"",""IE"",""IT"",""LI"",""LT"",""LU"",""LV"",""MT"",""NL"",""NO"",""PL"",""PT"",""RO"",""SE"",""SI"",""SK""]","2024-11-23 00:00:00","The decision was taken pursuant to own-initiative investigations.",SOURCE_VOLUNTARY,,Yes,AUTOMATED_DECISION_FULLY,TikTok,7440322268753877793,"2024-11-23 04:10:32"
1a64a0b3-451c-45a2-95ef-24d26b5cc181,"[""DECISION_VISIBILITY_CONTENT_REMOVED""]",,,,,,,,,,,DECISION_GROUND_INCOMPATIBLE_CONTENT,,,,"Harassment and Bullying","We welcome the respectful expression of different viewpoints, but not toxicity or trolling. We do not allow language or behavior that harasses, humiliates, threatens, or doxes anyone. This also includes responding to such acts with retaliatory harassment (but excludes non-harassing counterspeech).We proactively enforce our Community Guidelines through a mix of technology and human moderation. We have detected this policy violation using automated measures. We have used automated measures in making this decision.",,STATEMENT_CATEGORY_ILLEGAL_OR_HARMFUL_SPEECH,,,,"[""CONTENT_TYPE_TEXT""]",,,"2024-11-23 00:00:00","[""AT"",""BE"",""BG"",""CY"",""CZ"",""DE"",""DK"",""EE"",""ES"",""FI"",""FR"",""GR"",""HR"",""HU"",""IE"",""IT"",""LI"",""LT"",""LU"",""LV"",""MT"",""NL"",""NO"",""PL"",""PT"",""RO"",""SE"",""SI"",""SK""]","2024-11-23 00:00:00","The decision was taken pursuant to own-initiative investigations.",SOURCE_VOLUNTARY,,Yes,AUTOMATED_DECISION_FULLY,TikTok,7440322267969575713,"2024-11-23 04:10:32"
2e62da74-69b1-409c-b91d-6f84bb94378a,"[""DECISION_VISIBILITY_CONTENT_REMOVED""]",,,,,,,,,,,DECISION_GROUND_INCOMPATIBLE_CONTENT,,,,"Community Guidelines","Your content is against our Community Guidelines. The guidelines include rules and standards for using TikTok that apply to everyone and everything on our platform.We proactively enforce our Community Guidelines through a mix of technology and human moderation. We have detected this policy violation using automated measures. We have used automated measures in making this decision.",,STATEMENT_CATEGORY_SCOPE_OF_PLATFORM_SERVICE,,,,"[""CONTENT_TYPE_IMAGE""]",,,"2023-01-11 00:00:00","[""AT"",""BE"",""BG"",""CY"",""CZ"",""DE"",""DK"",""EE"",""ES"",""FI"",""FR"",""GR"",""HR"",""HU"",""IE"",""IT"",""LI"",""LT"",""LU"",""LV"",""MT"",""NL"",""NO"",""PL"",""PT"",""RO"",""SE"",""SI"",""SK""]","2024-11-23 00:00:00","The decision was taken pursuant to own-initiative investigations.",SOURCE_VOLUNTARY,,Yes,AUTOMATED_DECISION_FULLY,TikTok,7440322268753894177,"2024-11-23 04:10:32"
9b8b5807-3d64-4bb6-90a2-1d273ef5f047,"[""DECISION_VISIBILITY_OTHER""]","Video not eligible for recommendation in the For You feed",,,,,,,,,,DECISION_GROUND_INCOMPATIBLE_CONTENT,,,,"Nudity and Body Exposure","We celebrate all shapes and sizes and want people to feel comfortable in how they present themselves and their bodies. Content is ineligible for the For You feed and harder to find in search if it shows moderate body exposure of a young person, or significant body exposure of an adult. We allow regional exceptions for body exposure in limited situations, such as common cultural practices.Users and 3rd-parties can report policy violations to us. We have detected this policy violation based on a report that the content violated our Community Guidelines. We have used automated measures to make the decision.",,STATEMENT_CATEGORY_SCOPE_OF_PLATFORM_SERVICE,,,,"[""CONTENT_TYPE_VIDEO""]",,,"2024-11-22 00:00:00","[""AT"",""BE"",""BG"",""CY"",""CZ"",""DE"",""DK"",""EE"",""ES"",""FI"",""FR"",""GR"",""HR"",""HU"",""IE"",""IT"",""LI"",""LT"",""LU"",""LV"",""MT"",""NL"",""NO"",""PL"",""PT"",""RO"",""SE"",""SI"",""SK""]","2024-11-23 00:00:00","The decision was taken in response to a report alleging a violation of our Community Guidelines.",SOURCE_VOLUNTARY,,No,AUTOMATED_DECISION_FULLY,TikTok,7440322267969592097,"2024-11-23 04:10:32"
0e88de0f-c61a-459a-afc7-a8b8db60c479,"[""DECISION_VISIBILITY_CONTENT_REMOVED""]",,,,,,,,,,,DECISION_GROUND_INCOMPATIBLE_CONTENT,,,,"Personal Information","We are committed to making sure that any personal information shared intentionally or accidentally on TikTok does not lead to harm. We do not allow content that includes personal information that may create a risk of stalking, violence, phishing, fraud, identity theft, or financial exploitation, including content that someone has posted themselves or that they consented to being shared by others.We proactively enforce our Community Guidelines through a mix of technology and human moderation. We have detected this policy violation using automated measures. We have used automated measures in making this decision.",,STATEMENT_CATEGORY_DATA_PROTECTION_AND_PRIVACY_VIOLATIONS,,,,"[""CONTENT_TYPE_VIDEO""]",,,"2024-11-23 00:00:00","[""AT"",""BE"",""BG"",""CY"",""CZ"",""DE"",""DK"",""EE"",""ES"",""FI"",""FR"",""GR"",""HR"",""HU"",""IE"",""IT"",""LI"",""LT"",""LU"",""LV"",""MT"",""NL"",""NO"",""PL"",""PT"",""RO"",""SE"",""SI"",""SK""]","2024-11-23 00:00:00","The decision was taken pursuant to own-initiative investigations.",SOURCE_VOLUNTARY,,Yes,AUTOMATED_DECISION_FULLY,TikTok,7440322268753910561,"2024-11-23 04:10:32"
9aca39b3-ebf3-4bcf-ac56-1336b4afffe0,"[""DECISION_VISIBILITY_CONTENT_REMOVED""]",,,,,,,,,,,DECISION_GROUND_INCOMPATIBLE_CONTENT,,,,"Harassment and Bullying","We welcome the respectful expression of different viewpoints, but not toxicity or trolling. We do not allow language or behavior that harasses, humiliates, threatens, or doxes anyone. This also includes responding to such acts with retaliatory harassment (but excludes non-harassing counterspeech).We proactively enforce our Community Guidelines through a mix of technology and human moderation. We have detected this policy violation using automated measures. We have used automated measures in making this decision.",,STATEMENT_CATEGORY_ILLEGAL_OR_HARMFUL_SPEECH,,,,"[""CONTENT_TYPE_TEXT""]",,,"2024-11-23 00:00:00","[""AT"",""BE"",""BG"",""CY"",""CZ"",""DE"",""DK"",""EE"",""ES"",""FI"",""FR"",""GR"",""HR"",""HU"",""IE"",""IT"",""LI"",""LT"",""LU"",""LV"",""MT"",""NL"",""NO"",""PL"",""PT"",""RO"",""SE"",""SI"",""SK""]","2024-11-23 00:00:00","The decision was taken pursuant to own-initiative investigations.",SOURCE_VOLUNTARY,,Yes,AUTOMATED_DECISION_FULLY,TikTok,7440322268753926945,"2024-11-23 04:10:32"
5a2fa0ec-cf85-4a20-92de-b44ca3cc499e,"[""DECISION_VISIBILITY_CONTENT_REMOVED""]",,,,,,,,,,,DECISION_GROUND_INCOMPATIBLE_CONTENT,,,,"Violent Behaviors and Criminal Activities","We recognize that online content related to violence can cause real-world harm. We do not allow any violent threats, incitement to violence, or promotion of criminal activities that may harm people, animals, or property. If there is a specific, credible, and imminent threat to human life or serious physical injury, we will report it to relevant law enforcement authorities.We proactively enforce our Community Guidelines through a mix of technology and human moderation. We have detected this policy violation using automated measures. We have used automated measures in making this decision.",,STATEMENT_CATEGORY_VIOLENCE,,,,"[""CONTENT_TYPE_TEXT""]",,,"2024-11-23 00:00:00","[""AT"",""BE"",""BG"",""CY"",""CZ"",""DE"",""DK"",""EE"",""ES"",""FI"",""FR"",""GR"",""HR"",""HU"",""IE"",""IT"",""LI"",""LT"",""LU"",""LV"",""MT"",""NL"",""NO"",""PL"",""PT"",""RO"",""SE"",""SI"",""SK""]","2024-11-23 00:00:00","The decision was taken pursuant to own-initiative investigations.",SOURCE_VOLUNTARY,,Yes,AUTOMATED_DECISION_FULLY,TikTok,7440322268753959713,"2024-11-23 04:10:34"
1aace50f-4f5e-4670-8878-789c8993042f,"[""DECISION_VISIBILITY_OTHER""]","Photo not eligible for recommendation in the For You feed, and visibility restricted in search results",,,,,,,,,,DECISION_GROUND_INCOMPATIBLE_CONTENT,,,,"Community Guidelines","We maintain content eligibility standards for the For You feed (FYF) that prioritize safety and are informed by the diversity of our community and cultural norms. We make ineligible for the FYF certain content that may not be appropriate for a broad audience related to: (1) Behavioral Health, (2) Sensitive and Mature Themes, (3) Integrity and Authenticity, and (4) Regulated Goods. Content that is ineligible for the FYF can still be discovered in other ways, such as through search tools or by following an account.We proactively enforce our Community Guidelines through a mix of technology and human moderation. We have detected this policy violation using automated measures. We have used automated measures in making this decision.",,STATEMENT_CATEGORY_SCOPE_OF_PLATFORM_SERVICE,,,,"[""CONTENT_TYPE_IMAGE""]",,,"2024-11-23 00:00:00","[""AT"",""BE"",""BG"",""CY"",""CZ"",""DE"",""DK"",""EE"",""ES"",""FI"",""FR"",""GR"",""HR"",""HU"",""IE"",""IT"",""LI"",""LT"",""LU"",""LV"",""MT"",""NL"",""NO"",""PL"",""PT"",""RO"",""SE"",""SI"",""SK""]","2024-11-23 00:00:00","The decision was taken pursuant to own-initiative investigations.",SOURCE_VOLUNTARY,,Yes,AUTOMATED_DECISION_FULLY,TikTok,7440322268753976097,"2024-11-23 04:10:34"
30919211-0735-4bad-a301-ee973f050077,"[""DECISION_VISIBILITY_CONTENT_AGE_RESTRICTED""]",,,,,,,,,,,DECISION_GROUND_INCOMPATIBLE_CONTENT,,,,"Minimum Age Requirement","Users must be 13 years and older to have a TikTok account. We are deeply committed to ensuring that TikTok is a safe and positive experience for people under the age of 18. This starts by being old enough to use TikTok. If we learn someone is below the minimum age on TikTok, we will ban that account. Content created by anyone under 16 is ineligible for the For You feed and harder to find in search.We proactively enforce our Community Guidelines through a mix of technology and human moderation. We have detected this policy violation using automated measures.",,STATEMENT_CATEGORY_PROTECTION_OF_MINORS,,,,"[""CONTENT_TYPE_VIDEO""]",,,"2024-11-22 00:00:00","[""AT"",""BE"",""BG"",""CY"",""CZ"",""DE"",""DK"",""EE"",""ES"",""FI"",""FR"",""GR"",""HR"",""HU"",""IE"",""IT"",""LI"",""LT"",""LU"",""LV"",""MT"",""NL"",""NO"",""PL"",""PT"",""RO"",""SE"",""SI"",""SK""]","2024-11-23 00:00:00","The decision was taken pursuant to own-initiative investigations.",SOURCE_VOLUNTARY,,Yes,AUTOMATED_DECISION_NOT_AUTOMATED,TikTok,7440322267969624865,"2024-11-23 04:10:34"
68c38d07-6c61-4223-9cd0-fd3a37eac29c,"[""DECISION_VISIBILITY_CONTENT_AGE_RESTRICTED""]",,,,,,,,,,,DECISION_GROUND_INCOMPATIBLE_CONTENT,,,,"Minimum Age Requirement","Users must be 13 years and older to have a TikTok account. We are deeply committed to ensuring that TikTok is a safe and positive experience for people under the age of 18. This starts by being old enough to use TikTok. If we learn someone is below the minimum age on TikTok, we will ban that account. Content created by anyone under 16 is ineligible for the For You feed and harder to find in search.We proactively enforce our Community Guidelines through a mix of technology and human moderation. We have detected this policy violation using automated measures.",,STATEMENT_CATEGORY_PROTECTION_OF_MINORS,,,,"[""CONTENT_TYPE_VIDEO""]",,,"2024-11-21 00:00:00","[""AT"",""BE"",""BG"",""CY"",""CZ"",""DE"",""DK"",""EE"",""ES"",""FI"",""FR"",""GR"",""HR"",""HU"",""IE"",""IT"",""LI"",""LT"",""LU"",""LV"",""MT"",""NL"",""NO"",""PL"",""PT"",""RO"",""SE"",""SI"",""SK""]","2024-11-23 00:00:00","The decision was taken pursuant to own-initiative investigations.",SOURCE_VOLUNTARY,,Yes,AUTOMATED_DECISION_NOT_AUTOMATED,TikTok,7440322282490174240,"2024-11-23 04:10:34"
d2274cd5-5d2e-4093-b0f1-fbac395727a9,"[""DECISION_VISIBILITY_CONTENT_AGE_RESTRICTED""]",,,,,,,,,,,DECISION_GROUND_INCOMPATIBLE_CONTENT,,,,"Minimum Age Requirement","Users must be 13 years and older to have a TikTok account. We are deeply committed to ensuring that TikTok is a safe and positive experience for people under the age of 18. This starts by being old enough to use TikTok. If we learn someone is below the minimum age on TikTok, we will ban that account. Content created by anyone under 16 is ineligible for the For You feed and harder to find in search.We proactively enforce our Community Guidelines through a mix of technology and human moderation. We have detected this policy violation using automated measures.",,STATEMENT_CATEGORY_PROTECTION_OF_MINORS,,,,"[""CONTENT_TYPE_VIDEO""]",,,"2024-10-24 00:00:00","[""AT"",""BE"",""BG"",""CY"",""CZ"",""DE"",""DK"",""EE"",""ES"",""FI"",""FR"",""GR"",""HR"",""HU"",""IE"",""IT"",""LI"",""LT"",""LU"",""LV"",""MT"",""NL"",""NO"",""PL"",""PT"",""RO"",""SE"",""SI"",""SK""]","2024-11-23 00:00:00","The decision was taken pursuant to own-initiative investigations.",SOURCE_VOLUNTARY,,Yes,AUTOMATED_DECISION_NOT_AUTOMATED,TikTok,7440322267969641249,"2024-11-23 04:10:34"
627f1b0f-99fb-499b-8dd4-7f4e4554a5e4,"[""DECISION_VISIBILITY_OTHER""]","Photo not eligible for recommendation in the For You feed, and visibility restricted in search results",,,,,,,,,,DECISION_GROUND_INCOMPATIBLE_CONTENT,,,,"Civic and Election Integrity","We want to enable the informed exchange of civic ideas in a way that fosters productive dialogue. Your video didn’t meet our eligibility standards for the For You Feed. Please review our Community Guidelines for more information.We proactively enforce our Community Guidelines through a mix of technology and human moderation. We have detected this policy violation using automated measures. We have used automated measures in making this decision.",,STATEMENT_CATEGORY_NEGATIVE_EFFECTS_ON_CIVIC_DISCOURSE_OR_ELECTIONS,,,,"[""CONTENT_TYPE_IMAGE""]",,,"2024-11-23 00:00:00","[""AT"",""BE"",""BG"",""CY"",""CZ"",""DE"",""DK"",""EE"",""ES"",""FI"",""FR"",""GR"",""HR"",""HU"",""IE"",""IT"",""LI"",""LT"",""LU"",""LV"",""MT"",""NL"",""NO"",""PL"",""PT"",""RO"",""SE"",""SI"",""SK""]","2024-11-23 00:00:00","The decision was taken pursuant to own-initiative investigations.",SOURCE_VOLUNTARY,,Yes,AUTOMATED_DECISION_FULLY,TikTok,7440322274604882720,"2024-11-23 04:10:34"
869611e1-16ce-4f56-a65e-d5e38eb206d8,"[""DECISION_VISIBILITY_CONTENT_REMOVED""]",,,,,,,,,,,DECISION_GROUND_INCOMPATIBLE_CONTENT,,,,"Nudity and Body Exposure","We celebrate all shapes and sizes and want people to feel comfortable in how they present themselves and their bodies. We do not allow nudity, including uncovered genitals and buttocks, as well as nipples and areolas of women and girls. Sheer and partially see-through clothing is not considered covered.Users and 3rd-parties can report policy violations to us. We have detected this policy violation based on a report that the content violated our Community Guidelines. We have used automated measures to make the decision.",,STATEMENT_CATEGORY_SCOPE_OF_PLATFORM_SERVICE,,,,"[""CONTENT_TYPE_VIDEO""]",,,"2024-11-20 00:00:00","[""AT"",""BE"",""BG"",""CY"",""CZ"",""DE"",""DK"",""EE"",""ES"",""FI"",""FR"",""GR"",""HR"",""HU"",""IE"",""IT"",""LI"",""LT"",""LU"",""LV"",""MT"",""NL"",""NO"",""PL"",""PT"",""RO"",""SE"",""SI"",""SK""]","2024-11-23 00:00:00","The decision was taken in response to a report alleging a violation of our Community Guidelines.",SOURCE_VOLUNTARY,,No,AUTOMATED_DECISION_FULLY,TikTok,7440322282490190624,"2024-11-23 04:10:34"
de364c89-908c-460d-9271-ff455b02f2bc,"[""DECISION_VISIBILITY_OTHER""]","Photo not eligible for recommendation in the For You feed",,,,,,,,,,DECISION_GROUND_INCOMPATIBLE_CONTENT,,,,"Community Guidelines","Your content is against our Community Guidelines. The guidelines include rules and standards for using TikTok that apply to everyone and everything on our platform.",,STATEMENT_CATEGORY_DATA_PROTECTION_AND_PRIVACY_VIOLATIONS,,,,"[""CONTENT_TYPE_IMAGE""]",,,"2024-11-23 00:00:00","[""AT"",""BE"",""BG"",""CY"",""CZ"",""DE"",""DK"",""EE"",""ES"",""FI"",""FR"",""GR"",""HR"",""HU"",""IE"",""IT"",""LI"",""LT"",""LU"",""LV"",""MT"",""NL"",""NO"",""PL"",""PT"",""RO"",""SE"",""SI"",""SK""]","2024-11-23 00:00:00","The decision was taken pursuant to own-initiative investigations.",SOURCE_VOLUNTARY,,Yes,AUTOMATED_DECISION_FULLY,TikTok,7440322274604899104,"2024-11-23 04:10:34"
e85cc5b7-4106-46fb-9ef9-780d74f0aa9f,"[""DECISION_VISIBILITY_CONTENT_REMOVED""]",,,,,,,,,,,DECISION_GROUND_INCOMPATIBLE_CONTENT,,,,"Hate Speech and Hateful Behaviors","TikTok is enriched by the various backgrounds of our community members. Our differences should be respected, rather than a cause for division. We do not allow any hateful behavior, hate speech, or promotion of hateful ideologies. This includes content that attacks a person or group because of protected attributes.Users and 3rd-parties can report policy violations to us. We have detected this policy violation based on a report that the content violated our Community Guidelines.",,STATEMENT_CATEGORY_ILLEGAL_OR_HARMFUL_SPEECH,,,,"[""CONTENT_TYPE_TEXT""]",,,"2024-11-22 00:00:00","[""AT"",""BE"",""BG"",""CY"",""CZ"",""DE"",""DK"",""EE"",""ES"",""FI"",""FR"",""GR"",""HR"",""HU"",""IE"",""IT"",""LI"",""LT"",""LU"",""LV"",""MT"",""NL"",""NO"",""PL"",""PT"",""RO"",""SE"",""SI"",""SK""]","2024-11-23 00:00:00","The decision was taken in response to a report alleging a violation of our Community Guidelines.",SOURCE_VOLUNTARY,,No,AUTOMATED_DECISION_NOT_AUTOMATED,TikTok,7440322282490223392,"2024-11-23 04:10:36"
f1d3ff55-aaa3-48ba-aa45-3e3aaae9deb4,"[""DECISION_VISIBILITY_OTHER""]","Ad is not eligible for posting.",,,,,,,,,,DECISION_GROUND_INCOMPATIBLE_CONTENT,,,,"This ad has been rejected because the ad creative or landing page may feature openly sexual content such as sexualized language or movements.","Please modify or remove the related content. You can read more about our TikTok Advertising Policies on adult and sexual content at: https://ads.tiktok.com/help/article/tiktok-advertising-policies-ad-creatives-landing-page-prohibited-content#anchor-9",,STATEMENT_CATEGORY_SCOPE_OF_PLATFORM_SERVICE,,,,"[""CONTENT_TYPE_VIDEO""]",,,"2024-11-23 00:00:00","[""FI"",""HU"",""NO""]","2024-11-23 00:00:00","The decision was taken pursuant to own-initiative investigations.",SOURCE_VOLUNTARY,,Yes,AUTOMATED_DECISION_FULLY,TikTok,7440322282490239776,"2024-11-23 04:10:36"
eea45672-e608-4ce2-ac52-216cc2b84050,"[""DECISION_VISIBILITY_CONTENT_REMOVED""]",,,,,,,,,,,DECISION_GROUND_INCOMPATIBLE_CONTENT,,,,"Harassment and Bullying","We welcome the respectful expression of different viewpoints, but not toxicity or trolling. We do not allow language or behavior that harasses, humiliates, threatens, or doxes anyone. This also includes responding to such acts with retaliatory harassment (but excludes non-harassing counterspeech).We proactively enforce our Community Guidelines through a mix of technology and human moderation. We have detected this policy violation using automated measures. We have used automated measures in making this decision.",,STATEMENT_CATEGORY_ILLEGAL_OR_HARMFUL_SPEECH,,,,"[""CONTENT_TYPE_TEXT""]",,,"2024-11-23 00:00:00","[""AT"",""BE"",""BG"",""CY"",""CZ"",""DE"",""DK"",""EE"",""ES"",""FI"",""FR"",""GR"",""HR"",""HU"",""IE"",""IT"",""LI"",""LT"",""LU"",""LV"",""MT"",""NL"",""NO"",""PL"",""PT"",""RO"",""SE"",""SI"",""SK""]","2024-11-23 00:00:00","The decision was taken pursuant to own-initiative investigations.",SOURCE_VOLUNTARY,,Yes,AUTOMATED_DECISION_FULLY,TikTok,7440322274604964640,"2024-11-23 04:10:36"
21393acb-9442-4ad6-b56d-884c432be5d0,"[""DECISION_VISIBILITY_CONTENT_AGE_RESTRICTED""]",,,,,,,,,,,DECISION_GROUND_INCOMPATIBLE_CONTENT,,,,"Nudity and Body Exposure","We celebrate all shapes and sizes and want people to feel comfortable in how they present themselves and their bodies. Content is ineligible for the For You feed if it shows moderate body exposure of a young person, or significant body exposure of an adult. We allow regional exceptions for body exposure in limited situations, such as common cultural practices.We proactively enforce our Community Guidelines through a mix of technology and human moderation. We have detected this policy violation using automated measures.",,STATEMENT_CATEGORY_SCOPE_OF_PLATFORM_SERVICE,,,,"[""CONTENT_TYPE_VIDEO""]",,,"2022-07-27 00:00:00","[""AT"",""BE"",""BG"",""CY"",""CZ"",""DE"",""DK"",""EE"",""ES"",""FI"",""FR"",""GR"",""HR"",""HU"",""IE"",""IT"",""LI"",""LT"",""LU"",""LV"",""MT"",""NL"",""NO"",""PL"",""PT"",""RO"",""SE"",""SI"",""SK""]","2024-11-23 00:00:00","The decision was taken pursuant to own-initiative investigations.",SOURCE_VOLUNTARY,,Yes,AUTOMATED_DECISION_NOT_AUTOMATED,TikTok,7440322282490256160,"2024-11-23 04:10:36"
e5632dda-c596-4d09-8b97-cc964b39189d,"[""DECISION_VISIBILITY_CONTENT_REMOVED""]",,,,,,,,,,,DECISION_GROUND_INCOMPATIBLE_CONTENT,,,,"Harassment and Bullying","We welcome the respectful expression of different viewpoints, but not toxicity or trolling. We do not allow language or behavior that harasses, humiliates, threatens, or doxes anyone. This also includes responding to such acts with retaliatory harassment (but excludes non-harassing counterspeech).We proactively enforce our Community Guidelines through a mix of technology and human moderation. We have detected this policy violation using automated measures. We have used automated measures in making this decision.",,STATEMENT_CATEGORY_ILLEGAL_OR_HARMFUL_SPEECH,,,,"[""CONTENT_TYPE_TEXT""]",,,"2024-11-23 00:00:00","[""AT"",""BE"",""BG"",""CY"",""CZ"",""DE"",""DK"",""EE"",""ES"",""FI"",""FR"",""GR"",""HR"",""HU"",""IE"",""IT"",""LI"",""LT"",""LU"",""LV"",""MT"",""NL"",""NO"",""PL"",""PT"",""RO"",""SE"",""SI"",""SK""]","2024-11-23 00:00:00","The decision was taken pursuant to own-initiative investigations.",SOURCE_VOLUNTARY,,Yes,AUTOMATED_DECISION_FULLY,TikTok,7440322274604981024,"2024-11-23 04:10:36"
6307a2e1-c451-4d0c-a6b5-5c095ba30929,"[""DECISION_VISIBILITY_CONTENT_REMOVED""]",,,,,,,,,,,DECISION_GROUND_INCOMPATIBLE_CONTENT,,,,"Harassment and Bullying","We welcome the respectful expression of different viewpoints, but not toxicity or trolling. We do not allow language or behavior that harasses, humiliates, threatens, or doxes anyone. This also includes responding to such acts with retaliatory harassment (but excludes non-harassing counterspeech).We proactively enforce our Community Guidelines through a mix of technology and human moderation. We have detected this policy violation using automated measures. We have used automated measures in making this decision.",,STATEMENT_CATEGORY_ILLEGAL_OR_HARMFUL_SPEECH,,,,"[""CONTENT_TYPE_TEXT""]",,,"2024-11-23 00:00:00","[""AT"",""BE"",""BG"",""CY"",""CZ"",""DE"",""DK"",""EE"",""ES"",""FI"",""FR"",""GR"",""HR"",""HU"",""IE"",""IT"",""LI"",""LT"",""LU"",""LV"",""MT"",""NL"",""NO"",""PL"",""PT"",""RO"",""SE"",""SI"",""SK""]","2024-11-23 00:00:00","The decision was taken pursuant to own-initiative investigations.",SOURCE_VOLUNTARY,,Yes,AUTOMATED_DECISION_FULLY,TikTok,7440322282490272544,"2024-11-23 04:10:36"
30891519-a2f2-49d1-ab67-159a773b7cd3,"[""DECISION_VISIBILITY_OTHER""]","Video not eligible for recommendation in the For You feed",,,,,,,,,,DECISION_GROUND_INCOMPATIBLE_CONTENT,,,,"Community Guidelines","We maintain content eligibility standards for the For You feed (FYF) that prioritize safety and are informed by the diversity of our community and cultural norms. We make ineligible for the FYF certain content that may not be appropriate for a broad audience related to: (1) Behavioral Health, (2) Sensitive and Mature Themes, (3) Integrity and Authenticity, and (4) Regulated Goods. Content that is ineligible for the FYF can still be discovered in other ways, such as through search tools or by following an account.We proactively enforce our Community Guidelines through a mix of technology and human moderation. We have detected this policy violation using automated measures. We have used automated measures in making this decision.",,STATEMENT_CATEGORY_SCOPE_OF_PLATFORM_SERVICE,,,,"[""CONTENT_TYPE_VIDEO""]",,,"2024-11-23 00:00:00","[""AT"",""BE"",""BG"",""CY"",""CZ"",""DE"",""DK"",""EE"",""ES"",""FI"",""FR"",""GR"",""HR"",""HU"",""IE"",""IT"",""LI"",""LT"",""LU"",""LV"",""MT"",""NL"",""NO"",""PL"",""PT"",""RO"",""SE"",""SI"",""SK""]","2024-11-23 00:00:00","The decision was taken pursuant to own-initiative investigations.",SOURCE_VOLUNTARY,,Yes,AUTOMATED_DECISION_FULLY,TikTok,7440322282490288928,"2024-11-23 04:10:36"
3fda2b67-bcc0-4f4d-8396-f1a5ff4bef8f,"[""DECISION_VISIBILITY_CONTENT_REMOVED""]",,,,,,,,,,,DECISION_GROUND_INCOMPATIBLE_CONTENT,,,,"Dangerous Activities and Challenges","Most activities or challenges are appropriate for everyone, but some carry a risk of significant injury. We do not allow showing or promoting dangerous activities and challenges. This includes dares, games, tricks, inappropriate use of dangerous tools, eating substances that are harmful to one’s health, or similar activities that may lead to significant physical harm.We proactively enforce our Community Guidelines through a mix of technology and human moderation. We have detected this policy violation using automated measures. We have used automated measures in making this decision.",,STATEMENT_CATEGORY_SCOPE_OF_PLATFORM_SERVICE,,,,"[""CONTENT_TYPE_VIDEO""]",,,"2024-11-23 00:00:00","[""AT"",""BE"",""BG"",""CY"",""CZ"",""DE"",""DK"",""EE"",""ES"",""FI"",""FR"",""GR"",""HR"",""HU"",""IE"",""IT"",""LI"",""LT"",""LU"",""LV"",""MT"",""NL"",""NO"",""PL"",""PT"",""RO"",""SE"",""SI"",""SK""]","2024-11-23 00:00:00","The decision was taken pursuant to own-initiative investigations.",SOURCE_VOLUNTARY,,Yes,AUTOMATED_DECISION_FULLY,TikTok,7440322292090936096,"2024-11-23 04:10:38"
8fa571f1-3095-45e1-aaf0-d4512dcc0270,"[""DECISION_VISIBILITY_OTHER""]","LIVE not eligible for recommendation and restricted in search results for 10 minutes","2024-11-23 00:00:00",,,,,,,,,DECISION_GROUND_INCOMPATIBLE_CONTENT,,,,"Content with low visual quality or static imagery","Your LIVE is not eligible for recommendation and restricted in search results for the next 10 minutes, because it may contain content with low visual quality or static imagery. This is in line with the For You feed eligibility standards under our Community Guidelines.",,STATEMENT_CATEGORY_SCOPE_OF_PLATFORM_SERVICE,,,,"[""CONTENT_TYPE_VIDEO""]",,,"2024-11-23 00:00:00","[""AT"",""BE"",""BG"",""CY"",""CZ"",""DE"",""DK"",""EE"",""ES"",""FI"",""FR"",""GR"",""HR"",""HU"",""IE"",""IS"",""IT"",""LI"",""LT"",""LU"",""LV"",""MT"",""NL"",""NO"",""PL"",""PT"",""RO"",""SE"",""SI"",""SK""]","2024-11-23 00:00:00","The decision was taken pursuant to own-initiative investigations",SOURCE_VOLUNTARY,,Yes,AUTOMATED_DECISION_FULLY,TikTok,7440322274605013792,"2024-11-23 04:10:38"
8a0178e4-a052-4921-ab3b-33bc5e091361,"[""DECISION_VISIBILITY_CONTENT_REMOVED""]",,,,,,,,,,,DECISION_GROUND_INCOMPATIBLE_CONTENT,,,,"Harassment and Bullying","We welcome the respectful expression of different viewpoints, but not toxicity or trolling. We do not allow language or behavior that harasses, humiliates, threatens, or doxes anyone. This also includes responding to such acts with retaliatory harassment (but excludes non-harassing counterspeech).We proactively enforce our Community Guidelines through a mix of technology and human moderation. We have detected this policy violation using automated measures. We have used automated measures in making this decision.",,STATEMENT_CATEGORY_ILLEGAL_OR_HARMFUL_SPEECH,,,,"[""CONTENT_TYPE_TEXT""]",,,"2024-11-23 00:00:00","[""AT"",""BE"",""BG"",""CY"",""CZ"",""DE"",""DK"",""EE"",""ES"",""FI"",""FR"",""GR"",""HR"",""HU"",""IE"",""IT"",""LI"",""LT"",""LU"",""LV"",""MT"",""NL"",""NO"",""PL"",""PT"",""RO"",""SE"",""SI"",""SK""]","2024-11-23 00:00:00","The decision was taken pursuant to own-initiative investigations.",SOURCE_VOLUNTARY,,Yes,AUTOMATED_DECISION_FULLY,TikTok,7440322292090952480,"2024-11-23 04:10:38"
2c193a65-b2cb-44dc-b7aa-eb8a1a2c43d6,"[""DECISION_VISIBILITY_OTHER""]","Photo not eligible for recommendation in the For You feed",,,,,,,,,,DECISION_GROUND_INCOMPATIBLE_CONTENT,,,,"Dangerous Activities and Challenges","Most activities or challenges are appropriate for everyone, but some carry a risk of significant injury. Content is ineligible for the For You feed if it involves activities that are likely to lead to moderate physical harm, or includes professionals who are performing extreme sports and stunts that may endanger others.We proactively enforce our Community Guidelines through a mix of technology and human moderation. We have detected this policy violation using automated measures. We have used automated measures in making this decision.",,STATEMENT_CATEGORY_NEGATIVE_EFFECTS_ON_CIVIC_DISCOURSE_OR_ELECTIONS,,,,"[""CONTENT_TYPE_IMAGE""]",,,"2024-11-23 00:00:00","[""AT"",""BE"",""BG"",""CY"",""CZ"",""DE"",""DK"",""EE"",""ES"",""FI"",""FR"",""GR"",""HR"",""HU"",""IE"",""IT"",""LI"",""LT"",""LU"",""LV"",""MT"",""NL"",""NO"",""PL"",""PT"",""RO"",""SE"",""SI"",""SK""]","2024-11-23 00:00:00","The decision was taken pursuant to own-initiative investigations.",SOURCE_VOLUNTARY,,Yes,AUTOMATED_DECISION_FULLY,TikTok,7440322292090968864,"2024-11-23 04:10:38"
a860ee08-0537-4466-a6c1-59c945262b51,"[""DECISION_VISIBILITY_CONTENT_REMOVED""]",,,,,,,,,,,DECISION_GROUND_INCOMPATIBLE_CONTENT,,,,"Harassment and Bullying","We welcome the respectful expression of different viewpoints, but not toxicity or trolling. We do not allow language or behavior that harasses, humiliates, threatens, or doxes anyone. This also includes responding to such acts with retaliatory harassment (but excludes non-harassing counterspeech).We proactively enforce our Community Guidelines through a mix of technology and human moderation. We have detected this policy violation using automated measures. We have used automated measures in making this decision.",,STATEMENT_CATEGORY_ILLEGAL_OR_HARMFUL_SPEECH,,,,"[""CONTENT_TYPE_TEXT""]",,,"2024-11-23 00:00:00","[""AT"",""BE"",""BG"",""CY"",""CZ"",""DE"",""DK"",""EE"",""ES"",""FI"",""FR"",""GR"",""HR"",""HU"",""IE"",""IT"",""LI"",""LT"",""LU"",""LV"",""MT"",""NL"",""NO"",""PL"",""PT"",""RO"",""SE"",""SI"",""SK""]","2024-11-23 00:00:00","The decision was taken pursuant to own-initiative investigations.",SOURCE_VOLUNTARY,,Yes,AUTOMATED_DECISION_FULLY,TikTok,7440322274605030176,"2024-11-23 04:10:38"
0f37740f-3637-452f-868e-bf56519ce738,"[""DECISION_VISIBILITY_CONTENT_REMOVED""]",,,,,,,,,,,DECISION_GROUND_INCOMPATIBLE_CONTENT,,,,"Harassment and Bullying","We welcome the respectful expression of different viewpoints, but not toxicity or trolling. We do not allow language or behavior that harasses, humiliates, threatens, or doxes anyone. This also includes responding to such acts with retaliatory harassment (but excludes non-harassing counterspeech).We proactively enforce our Community Guidelines through a mix of technology and human moderation. We have detected this policy violation using automated measures. We have used automated measures in making this decision.",,STATEMENT_CATEGORY_ILLEGAL_OR_HARMFUL_SPEECH,,,,"[""CONTENT_TYPE_TEXT""]",,,"2024-11-23 00:00:00","[""AT"",""BE"",""BG"",""CY"",""CZ"",""DE"",""DK"",""EE"",""ES"",""FI"",""FR"",""GR"",""HR"",""HU"",""IE"",""IT"",""LI"",""LT"",""LU"",""LV"",""MT"",""NL"",""NO"",""PL"",""PT"",""RO"",""SE"",""SI"",""SK""]","2024-11-23 00:00:00","The decision was taken pursuant to own-initiative investigations.",SOURCE_VOLUNTARY,,Yes,AUTOMATED_DECISION_FULLY,TikTok,7440322292090985248,"2024-11-23 04:10:40"
b5b1efa0-29e6-45f1-b4a3-ab5e7f604e25,"[""DECISION_VISIBILITY_CONTENT_REMOVED""]",,,,,,,,,,,DECISION_GROUND_INCOMPATIBLE_CONTENT,,,,"Sexual Exploitation and Gender-Based Violence","We are committed to providing a space that embraces gender equity, supports healthy relationships, and respects intimate privacy. We do not allow sexual exploitation or gender-based violence, including non-consensual sexual acts, image-based sexual abuse, sextortion, physical abuse, and sexual harassment.We proactively enforce our Community Guidelines through a mix of technology and human moderation. We have detected this policy violation using automated measures. We have used automated measures in making this decision.",,STATEMENT_CATEGORY_VIOLENCE,,,,"[""CONTENT_TYPE_TEXT""]",,,"2024-11-23 00:00:00","[""AT"",""BE"",""BG"",""CY"",""CZ"",""DE"",""DK"",""EE"",""ES"",""FI"",""FR"",""GR"",""HR"",""HU"",""IE"",""IT"",""LI"",""LT"",""LU"",""LV"",""MT"",""NL"",""NO"",""PL"",""PT"",""RO"",""SE"",""SI"",""SK""]","2024-11-23 00:00:00","The decision was taken pursuant to own-initiative investigations.",SOURCE_VOLUNTARY,,Yes,AUTOMATED_DECISION_FULLY,TikTok,7440322292091001632,"2024-11-23 04:10:40"
69497314-2865-414a-8897-ac3e401231f5,"[""DECISION_VISIBILITY_OTHER""]","Video not eligible for recommendation in the For You feed",,,,,,,,,,DECISION_GROUND_INCOMPATIBLE_CONTENT,,,,"Community Guidelines","Your content is against our Community Guidelines. The guidelines include rules and standards for using TikTok that apply to everyone and everything on our platform.We proactively enforce our Community Guidelines through a mix of technology and human moderation. We have detected this policy violation using automated measures. We have used automated measures in making this decision.",,STATEMENT_CATEGORY_SCOPE_OF_PLATFORM_SERVICE,,,,"[""CONTENT_TYPE_OTHER""]","Video Sticker",,"2024-11-23 00:00:00","[""AT"",""BE"",""BG"",""CY"",""CZ"",""DE"",""DK"",""EE"",""ES"",""FI"",""FR"",""GR"",""HR"",""HU"",""IE"",""IT"",""LI"",""LT"",""LU"",""LV"",""MT"",""NL"",""NO"",""PL"",""PT"",""RO"",""SE"",""SI"",""SK""]","2024-11-23 00:00:00","The decision was taken pursuant to own-initiative investigations.",SOURCE_VOLUNTARY,,Yes,AUTOMATED_DECISION_FULLY,TikTok,7440322290845227809,"2024-11-23 04:10:40"
92dfc37c-6936-430e-8bba-66bf07cc2fc3,"[""DECISION_VISIBILITY_CONTENT_REMOVED""]",,,,,,,,,,,DECISION_GROUND_INCOMPATIBLE_CONTENT,,,,"Harassment and Bullying","We welcome the respectful expression of different viewpoints, but not toxicity or trolling. We do not allow language or behavior that harasses, humiliates, threatens, or doxes anyone. This also includes responding to such acts with retaliatory harassment (but excludes non-harassing counterspeech).We proactively enforce our Community Guidelines through a mix of technology and human moderation. We have detected this policy violation using automated measures. We have used automated measures in making this decision.",,STATEMENT_CATEGORY_ILLEGAL_OR_HARMFUL_SPEECH,,,,"[""CONTENT_TYPE_TEXT""]",,,"2024-11-23 00:00:00","[""AT"",""BE"",""BG"",""CY"",""CZ"",""DE"",""DK"",""EE"",""ES"",""FI"",""FR"",""GR"",""HR"",""HU"",""IE"",""IT"",""LI"",""LT"",""LU"",""LV"",""MT"",""NL"",""NO"",""PL"",""PT"",""RO"",""SE"",""SI"",""SK""]","2024-11-23 00:00:00","The decision was taken pursuant to own-initiative investigations.",SOURCE_VOLUNTARY,,Yes,AUTOMATED_DECISION_FULLY,TikTok,7440322292091018016,"2024-11-23 04:10:40"
c5e95c17-d989-4753-bb90-c5f1c591c80d,"[""DECISION_VISIBILITY_CONTENT_REMOVED""]",,,,,,,,,,,DECISION_GROUND_INCOMPATIBLE_CONTENT,,,,"Harassment and Bullying","We welcome the respectful expression of different viewpoints, but not toxicity or trolling. We do not allow language or behavior that harasses, humiliates, threatens, or doxes anyone. This also includes responding to such acts with retaliatory harassment (but excludes non-harassing counterspeech).We proactively enforce our Community Guidelines through a mix of technology and human moderation. We have detected this policy violation using automated measures. We have used automated measures in making this decision.",,STATEMENT_CATEGORY_ILLEGAL_OR_HARMFUL_SPEECH,,,,"[""CONTENT_TYPE_TEXT""]",,,"2024-11-23 00:00:00","[""AT"",""BE"",""BG"",""CY"",""CZ"",""DE"",""DK"",""EE"",""ES"",""FI"",""FR"",""GR"",""HR"",""HU"",""IE"",""IT"",""LI"",""LT"",""LU"",""LV"",""MT"",""NL"",""NO"",""PL"",""PT"",""RO"",""SE"",""SI"",""SK""]","2024-11-23 00:00:00","The decision was taken pursuant to own-initiative investigations.",SOURCE_VOLUNTARY,,Yes,AUTOMATED_DECISION_FULLY,TikTok,7440322290845244193,"2024-11-23 04:10:40"
75741cd9-25f7-4da2-bd8f-77409f3b40c6,"[""DECISION_VISIBILITY_OTHER""]","Photo not eligible for recommendation in the For You feed, and visibility restricted in search results",,,,,,,,,,DECISION_GROUND_INCOMPATIBLE_CONTENT,,,,"Civic and Election Integrity","We want to enable the informed exchange of civic ideas in a way that fosters productive dialogue. Your video didn’t meet our eligibility standards for the For You Feed. Please review our Community Guidelines for more information.We proactively enforce our Community Guidelines through a mix of technology and human moderation. We have detected this policy violation using automated measures. We have used automated measures in making this decision.",,STATEMENT_CATEGORY_NEGATIVE_EFFECTS_ON_CIVIC_DISCOURSE_OR_ELECTIONS,,,,"[""CONTENT_TYPE_IMAGE""]",,,"2024-11-23 00:00:00","[""AT"",""BE"",""BG"",""CY"",""CZ"",""DE"",""DK"",""EE"",""ES"",""FI"",""FR"",""GR"",""HR"",""HU"",""IE"",""IT"",""LI"",""LT"",""LU"",""LV"",""MT"",""NL"",""NO"",""PL"",""PT"",""RO"",""SE"",""SI"",""SK""]","2024-11-23 00:00:00","The decision was taken pursuant to own-initiative investigations.",SOURCE_VOLUNTARY,,Yes,AUTOMATED_DECISION_FULLY,TikTok,7440322292091034400,"2024-11-23 04:10:40"
da97ae1b-4b1e-422b-bf34-cb1a54389a81,"[""DECISION_VISIBILITY_OTHER""]","Video not eligible for recommendation in the For You feed",,,,,,,,,,DECISION_GROUND_INCOMPATIBLE_CONTENT,,,,"Community Guidelines","Your content is against our Community Guidelines. The guidelines include rules and standards for using TikTok that apply to everyone and everything on our platform.We proactively enforce our Community Guidelines through a mix of technology and human moderation. We have detected this policy violation using automated measures. We have used automated measures in making this decision.",,STATEMENT_CATEGORY_SCOPE_OF_PLATFORM_SERVICE,,,,"[""CONTENT_TYPE_OTHER""]","Video Sticker",,"2024-11-23 00:00:00","[""AT"",""BE"",""BG"",""CY"",""CZ"",""DE"",""DK"",""EE"",""ES"",""FI"",""FR"",""GR"",""HR"",""HU"",""IE"",""IT"",""LI"",""LT"",""LU"",""LV"",""MT"",""NL"",""NO"",""PL"",""PT"",""RO"",""SE"",""SI"",""SK""]","2024-11-23 00:00:00","The decision was taken pursuant to own-initiative investigations.",SOURCE_VOLUNTARY,,Yes,AUTOMATED_DECISION_FULLY,TikTok,7440322292091050784,"2024-11-23 04:10:40"
c7f1bff9-149e-4ef6-94a1-67ea6e341018,"[""DECISION_VISIBILITY_CONTENT_REMOVED""]",,,,,,,,,,,DECISION_GROUND_INCOMPATIBLE_CONTENT,,,,"Harassment and Bullying","We welcome the respectful expression of different viewpoints, but not toxicity or trolling. We do not allow language or behavior that harasses, humiliates, threatens, or doxes anyone. This also includes responding to such acts with retaliatory harassment (but excludes non-harassing counterspeech).We proactively enforce our Community Guidelines through a mix of technology and human moderation. We have detected this policy violation using automated measures. We have used automated measures in making this decision.",,STATEMENT_CATEGORY_ILLEGAL_OR_HARMFUL_SPEECH,,,,"[""CONTENT_TYPE_TEXT""]",,,"2024-11-23 00:00:00","[""AT"",""BE"",""BG"",""CY"",""CZ"",""DE"",""DK"",""EE"",""ES"",""FI"",""FR"",""GR"",""HR"",""HU"",""IE"",""IT"",""LI"",""LT"",""LU"",""LV"",""MT"",""NL"",""NO"",""PL"",""PT"",""RO"",""SE"",""SI"",""SK""]","2024-11-23 00:00:00","The decision was taken pursuant to own-initiative investigations.",SOURCE_VOLUNTARY,,Yes,AUTOMATED_DECISION_FULLY,TikTok,7440322292091067168,"2024-11-23 04:10:40"
76335a37-cc81-4af0-9898-5ba55d4f45f0,"[""DECISION_VISIBILITY_OTHER""]","Video not eligible for recommendation in the For You feed, and visibility restricted in search results",,,,,,,,,,DECISION_GROUND_INCOMPATIBLE_CONTENT,,,,"Community Guidelines","We maintain content eligibility standards for the For You feed (FYF) that prioritize safety and are informed by the diversity of our community and cultural norms. We make ineligible for the FYF certain content that may not be appropriate for a broad audience related to: (1) Behavioral Health, (2) Sensitive and Mature Themes, (3) Integrity and Authenticity, and (4) Regulated Goods. Content that is ineligible for the FYF can still be discovered in other ways, such as through search tools or by following an account.We proactively enforce our Community Guidelines through a mix of technology and human moderation. We have detected this policy violation using automated measures.",,STATEMENT_CATEGORY_SCOPE_OF_PLATFORM_SERVICE,,,,"[""CONTENT_TYPE_VIDEO""]",,,"2021-08-02 00:00:00","[""AT"",""BE"",""BG"",""CY"",""CZ"",""DE"",""DK"",""EE"",""ES"",""FI"",""FR"",""GR"",""HR"",""HU"",""IE"",""IT"",""LI"",""LT"",""LU"",""LV"",""MT"",""NL"",""NO"",""PL"",""PT"",""RO"",""SE"",""SI"",""SK""]","2024-11-23 00:00:00","The decision was taken pursuant to own-initiative investigations.",SOURCE_VOLUNTARY,,Yes,AUTOMATED_DECISION_NOT_AUTOMATED,TikTok,7440322290845260577,"2024-11-23 04:10:40"
0980ade2-6797-48b3-bbf5-00c5ad994c11,"[""DECISION_VISIBILITY_OTHER""]","Video not eligible for recommendation in the For You feed",,,,,,,,,,DECISION_GROUND_INCOMPATIBLE_CONTENT,,,,"Alcohol, Tobacco, and Drugs","While adults make personal choices about how they engage with alcohol, drugs, and tobacco, we recognize that there are risks connected to trading and using these substances. Content is ineligible for the For You feed and harder to find in search if it shows adults consuming excessive amounts of alcohol or tobacco products.We proactively enforce our Community Guidelines through a mix of technology and human moderation. We have detected this policy violation using automated measures. We have used automated measures in making this decision.",,STATEMENT_CATEGORY_SCOPE_OF_PLATFORM_SERVICE,,,,"[""CONTENT_TYPE_VIDEO""]",,,"2024-11-23 00:00:00","[""AT"",""BE"",""BG"",""CY"",""CZ"",""DE"",""DK"",""EE"",""ES"",""FI"",""FR"",""GR"",""HR"",""HU"",""IE"",""IT"",""LI"",""LT"",""LU"",""LV"",""MT"",""NL"",""NO"",""PL"",""PT"",""RO"",""SE"",""SI"",""SK""]","2024-11-23 00:00:00","The decision was taken pursuant to own-initiative investigations.",SOURCE_VOLUNTARY,,Yes,AUTOMATED_DECISION_FULLY,TikTok,7440322290845276961,"2024-11-23 04:10:40"
f0aa7996-3d07-40ce-a764-3341102e0c1a,"[""DECISION_VISIBILITY_CONTENT_REMOVED""]",,,,,,,,,,,DECISION_GROUND_INCOMPATIBLE_CONTENT,,,,"Harassment and Bullying","We welcome the respectful expression of different viewpoints, but not toxicity or trolling. We do not allow language or behavior that harasses, humiliates, threatens, or doxes anyone. This also includes responding to such acts with retaliatory harassment (but excludes non-harassing counterspeech).We proactively enforce our Community Guidelines through a mix of technology and human moderation. We have detected this policy violation using automated measures. We have used automated measures in making this decision.",,STATEMENT_CATEGORY_ILLEGAL_OR_HARMFUL_SPEECH,,,,"[""CONTENT_TYPE_TEXT""]",,,"2024-11-23 00:00:00","[""AT"",""BE"",""BG"",""CY"",""CZ"",""DE"",""DK"",""EE"",""ES"",""FI"",""FR"",""GR"",""HR"",""HU"",""IE"",""IT"",""LI"",""LT"",""LU"",""LV"",""MT"",""NL"",""NO"",""PL"",""PT"",""RO"",""SE"",""SI"",""SK""]","2024-11-23 00:00:00","The decision was taken pursuant to own-initiative investigations.",SOURCE_VOLUNTARY,,Yes,AUTOMATED_DECISION_FULLY,TikTok,7440322292091083552,"2024-11-23 04:10:40"
c123f268-148f-4d52-8bfe-a6eed1cba95d,"[""DECISION_VISIBILITY_OTHER""]","Video not eligible for recommendation in the For You feed",,,,,,,,,,DECISION_GROUND_INCOMPATIBLE_CONTENT,,,,"Community Guidelines","We maintain content eligibility standards for the For You feed (FYF) that prioritize safety and are informed by the diversity of our community and cultural norms. We make ineligible for the FYF certain content that may not be appropriate for a broad audience related to: (1) Behavioral Health, (2) Sensitive and Mature Themes, (3) Integrity and Authenticity, and (4) Regulated Goods. Content that is ineligible for the FYF can still be discovered in other ways, such as through search tools or by following an account.We proactively enforce our Community Guidelines through a mix of technology and human moderation. We have detected this policy violation using automated measures. We have used automated measures in making this decision.",,STATEMENT_CATEGORY_SCOPE_OF_PLATFORM_SERVICE,,,,"[""CONTENT_TYPE_VIDEO""]",,,"2024-11-23 00:00:00","[""AT"",""BE"",""BG"",""CY"",""CZ"",""DE"",""DK"",""EE"",""ES"",""FI"",""FR"",""GR"",""HR"",""HU"",""IE"",""IT"",""LI"",""LT"",""LU"",""LV"",""MT"",""NL"",""NO"",""PL"",""PT"",""RO"",""SE"",""SI"",""SK""]","2024-11-23 00:00:00","The decision was taken pursuant to own-initiative investigations.",SOURCE_VOLUNTARY,,Yes,AUTOMATED_DECISION_FULLY,TikTok,7440322290845293345,"2024-11-23 04:10:40"
1927d951-706c-48aa-8fe7-5558eaa50662,"[""DECISION_VISIBILITY_CONTENT_REMOVED""]",,,,,,,,,,,DECISION_GROUND_INCOMPATIBLE_CONTENT,,,,"Harassment and Bullying","We welcome the respectful expression of different viewpoints, but not toxicity or trolling. We do not allow language or behavior that harasses, humiliates, threatens, or doxes anyone. This also includes responding to such acts with retaliatory harassment (but excludes non-harassing counterspeech).We proactively enforce our Community Guidelines through a mix of technology and human moderation. We have detected this policy violation using automated measures. We have used automated measures in making this decision.",,STATEMENT_CATEGORY_ILLEGAL_OR_HARMFUL_SPEECH,,,,"[""CONTENT_TYPE_TEXT""]",,,"2024-11-23 00:00:00","[""AT"",""BE"",""BG"",""CY"",""CZ"",""DE"",""DK"",""EE"",""ES"",""FI"",""FR"",""GR"",""HR"",""HU"",""IE"",""IT"",""LI"",""LT"",""LU"",""LV"",""MT"",""NL"",""NO"",""PL"",""PT"",""RO"",""SE"",""SI"",""SK""]","2024-11-23 00:00:00","The decision was taken pursuant to own-initiative investigations.",SOURCE_VOLUNTARY,,Yes,AUTOMATED_DECISION_FULLY,TikTok,7440322299091229472,"2024-11-23 04:10:40"
384f707a-ed37-41b3-adc5-7a9743736052,"[""DECISION_VISIBILITY_CONTENT_REMOVED""]",,,,,,,,,,,DECISION_GROUND_INCOMPATIBLE_CONTENT,,,,"Harassment and Bullying","We welcome the respectful expression of different viewpoints, but not toxicity or trolling. We do not allow language or behavior that harasses, humiliates, threatens, or doxes anyone. This also includes responding to such acts with retaliatory harassment (but excludes non-harassing counterspeech).We proactively enforce our Community Guidelines through a mix of technology and human moderation. We have detected this policy violation using automated measures. We have used automated measures in making this decision.",,STATEMENT_CATEGORY_ILLEGAL_OR_HARMFUL_SPEECH,,,,"[""CONTENT_TYPE_TEXT""]",,,"2024-11-23 00:00:00","[""AT"",""BE"",""BG"",""CY"",""CZ"",""DE"",""DK"",""EE"",""ES"",""FI"",""FR"",""GR"",""HR"",""HU"",""IE"",""IT"",""LI"",""LT"",""LU"",""LV"",""MT"",""NL"",""NO"",""PL"",""PT"",""RO"",""SE"",""SI"",""SK""]","2024-11-23 00:00:00","The decision was taken pursuant to own-initiative investigations.",SOURCE_VOLUNTARY,,Yes,AUTOMATED_DECISION_FULLY,TikTok,7440322290845326113,"2024-11-23 04:10:42"
a616da3b-2096-40d0-b320-9b286f9be359,"[""DECISION_VISIBILITY_OTHER""]","Photo not eligible for recommendation in the For You feed",,,,,,,,,,DECISION_GROUND_INCOMPATIBLE_CONTENT,,,,"Dangerous Activities and Challenges","Most activities or challenges are appropriate for everyone, but some carry a risk of significant injury. Content is ineligible for the For You feed if it involves activities that are likely to lead to moderate physical harm, or includes professionals who are performing extreme sports and stunts that may endanger others.We proactively enforce our Community Guidelines through a mix of technology and human moderation. We have detected this policy violation using automated measures. We have used automated measures in making this decision.",,STATEMENT_CATEGORY_NEGATIVE_EFFECTS_ON_CIVIC_DISCOURSE_OR_ELECTIONS,,,,"[""CONTENT_TYPE_IMAGE""]",,,"2024-11-23 00:00:00","[""AT"",""BE"",""BG"",""CY"",""CZ"",""DE"",""DK"",""EE"",""ES"",""FI"",""FR"",""GR"",""HR"",""HU"",""IE"",""IT"",""LI"",""LT"",""LU"",""LV"",""MT"",""NL"",""NO"",""PL"",""PT"",""RO"",""SE"",""SI"",""SK""]","2024-11-23 00:00:00","The decision was taken pursuant to own-initiative investigations.",SOURCE_VOLUNTARY,,Yes,AUTOMATED_DECISION_FULLY,TikTok,7440322299091262240,"2024-11-23 04:10:42"
35e47187-fd91-4f75-9aeb-d32055a64585,"[""DECISION_VISIBILITY_CONTENT_REMOVED""]",,,,,,,,,,,DECISION_GROUND_INCOMPATIBLE_CONTENT,,,,"Community Guidelines","Your content is against our Community Guidelines. The guidelines include rules and standards for using TikTok that apply to everyone and everything on our platform.We proactively enforce our Community Guidelines through a mix of technology and human moderation. We have detected this policy violation using automated measures. We have used automated measures in making this decision.",,STATEMENT_CATEGORY_SCOPE_OF_PLATFORM_SERVICE,,,,"[""CONTENT_TYPE_VIDEO""]",,,"2024-11-23 00:00:00","[""AT"",""BE"",""BG"",""CY"",""CZ"",""DE"",""DK"",""EE"",""ES"",""FI"",""FR"",""GR"",""HR"",""HU"",""IE"",""IT"",""LI"",""LT"",""LU"",""LV"",""MT"",""NL"",""NO"",""PL"",""PT"",""RO"",""SE"",""SI"",""SK""]","2024-11-23 00:00:00","The decision was taken pursuant to own-initiative investigations.",SOURCE_VOLUNTARY,,Yes,AUTOMATED_DECISION_FULLY,TikTok,7440322299091278624,"2024-11-23 04:10:42"
8eaf0429-d607-47bc-a844-d07f5f0f1848,"[""DECISION_VISIBILITY_CONTENT_REMOVED""]",,,,,,,,,,,DECISION_GROUND_INCOMPATIBLE_CONTENT,,,,"Harassment and Bullying","We welcome the respectful expression of different viewpoints, but not toxicity or trolling. We do not allow language or behavior that harasses, humiliates, threatens, or doxes anyone. This also includes responding to such acts with retaliatory harassment (but excludes non-harassing counterspeech).We proactively enforce our Community Guidelines through a mix of technology and human moderation. We have detected this policy violation using automated measures. We have used automated measures in making this decision.",,STATEMENT_CATEGORY_ILLEGAL_OR_HARMFUL_SPEECH,,,,"[""CONTENT_TYPE_TEXT""]",,,"2024-11-23 00:00:00","[""AT"",""BE"",""BG"",""CY"",""CZ"",""DE"",""DK"",""EE"",""ES"",""FI"",""FR"",""GR"",""HR"",""HU"",""IE"",""IT"",""LI"",""LT"",""LU"",""LV"",""MT"",""NL"",""NO"",""PL"",""PT"",""RO"",""SE"",""SI"",""SK""]","2024-11-23 00:00:00","The decision was taken pursuant to own-initiative investigations.",SOURCE_VOLUNTARY,,Yes,AUTOMATED_DECISION_FULLY,TikTok,7440322290845342497,"2024-11-23 04:10:42"
4800a3a0-7188-487f-b41b-0e64a2121e3c,"[""DECISION_VISIBILITY_OTHER""]","Video not eligible for recommendation in the For You feed",,,,,,,,,,DECISION_GROUND_INCOMPATIBLE_CONTENT,,,,"Community Guidelines","We maintain content eligibility standards for the For You feed (FYF) that prioritize safety and are informed by the diversity of our community and cultural norms. We make ineligible for the FYF certain content that may not be appropriate for a broad audience related to: (1) Behavioral Health, (2) Sensitive and Mature Themes, (3) Integrity and Authenticity, and (4) Regulated Goods. Content that is ineligible for the FYF can still be discovered in other ways, such as through search tools or by following an account.We proactively enforce our Community Guidelines through a mix of technology and human moderation. We have detected this policy violation using automated measures. We have used automated measures in making this decision.",,STATEMENT_CATEGORY_SCOPE_OF_PLATFORM_SERVICE,,,,"[""CONTENT_TYPE_VIDEO""]",,,"2024-11-23 00:00:00","[""AT"",""BE"",""BG"",""CY"",""CZ"",""DE"",""DK"",""EE"",""ES"",""FI"",""FR"",""GR"",""HR"",""HU"",""IE"",""IT"",""LI"",""LT"",""LU"",""LV"",""MT"",""NL"",""NO"",""PL"",""PT"",""RO"",""SE"",""SI"",""SK""]","2024-11-23 00:00:00","The decision was taken pursuant to own-initiative investigations.",SOURCE_VOLUNTARY,,Yes,AUTOMATED_DECISION_FULLY,TikTok,7440322299091295008,"2024-11-23 04:10:42"
ced4ef2a-3553-4367-9562-32141911f275,"[""DECISION_VISIBILITY_CONTENT_REMOVED""]",,,,,,,,,,,DECISION_GROUND_INCOMPATIBLE_CONTENT,,,,"Harassment and Bullying","We welcome the respectful expression of different viewpoints, but not toxicity or trolling. We do not allow language or behavior that harasses, humiliates, threatens, or doxes anyone. This also includes responding to such acts with retaliatory harassment (but excludes non-harassing counterspeech).We proactively enforce our Community Guidelines through a mix of technology and human moderation. We have detected this policy violation using automated measures. We have used automated measures in making this decision.",,STATEMENT_CATEGORY_ILLEGAL_OR_HARMFUL_SPEECH,,,,"[""CONTENT_TYPE_TEXT""]",,,"2024-11-23 00:00:00","[""AT"",""BE"",""BG"",""CY"",""CZ"",""DE"",""DK"",""EE"",""ES"",""FI"",""FR"",""GR"",""HR"",""HU"",""IE"",""IT"",""LI"",""LT"",""LU"",""LV"",""MT"",""NL"",""NO"",""PL"",""PT"",""RO"",""SE"",""SI"",""SK""]","2024-11-23 00:00:00","The decision was taken pursuant to own-initiative investigations.",SOURCE_VOLUNTARY,,Yes,AUTOMATED_DECISION_FULLY,TikTok,7440322290845358881,"2024-11-23 04:10:42"
ed860eb2-95ef-44df-9d16-0760c8bf1bc5,"[""DECISION_VISIBILITY_CONTENT_REMOVED""]",,,,,,,,,,,DECISION_GROUND_INCOMPATIBLE_CONTENT,,,,"Hate Speech and Hateful Behaviors","TikTok is enriched by the various backgrounds of our community members. Our differences should be respected, rather than a cause for division. We do not allow any hateful behavior, hate speech, or promotion of hateful ideologies. This includes content that attacks a person or group because of protected attributes.We proactively enforce our Community Guidelines through a mix of technology and human moderation. We have detected this policy violation using automated measures. We have used automated measures in making this decision.",,STATEMENT_CATEGORY_ILLEGAL_OR_HARMFUL_SPEECH,,,,"[""CONTENT_TYPE_TEXT""]",,,"2024-11-23 00:00:00","[""AT"",""BE"",""BG"",""CY"",""CZ"",""DE"",""DK"",""EE"",""ES"",""FI"",""FR"",""GR"",""HR"",""HU"",""IE"",""IT"",""LI"",""LT"",""LU"",""LV"",""MT"",""NL"",""NO"",""PL"",""PT"",""RO"",""SE"",""SI"",""SK""]","2024-11-23 00:00:00","The decision was taken pursuant to own-initiative investigations.",SOURCE_VOLUNTARY,,Yes,AUTOMATED_DECISION_FULLY,TikTok,7440322290845375265,"2024-11-23 04:10:42"
acdb7452-339e-43d5-a043-fff5f55c050d,"[""DECISION_VISIBILITY_OTHER""]","Photo not eligible for recommendation in the For You feed, and visibility restricted in search results",,,,,,,,,,DECISION_GROUND_INCOMPATIBLE_CONTENT,,,,"Community Guidelines","We maintain content eligibility standards for the For You feed (FYF) that prioritize safety and are informed by the diversity of our community and cultural norms. We make ineligible for the FYF certain content that may not be appropriate for a broad audience related to: (1) Behavioral Health, (2) Sensitive and Mature Themes, (3) Integrity and Authenticity, and (4) Regulated Goods. Content that is ineligible for the FYF can still be discovered in other ways, such as through search tools or by following an account.We proactively enforce our Community Guidelines through a mix of technology and human moderation. We have detected this policy violation using automated measures. We have used automated measures in making this decision.",,STATEMENT_CATEGORY_SCOPE_OF_PLATFORM_SERVICE,,,,"[""CONTENT_TYPE_IMAGE""]",,,"2024-11-23 00:00:00","[""AT"",""BE"",""BG"",""CY"",""CZ"",""DE"",""DK"",""EE"",""ES"",""FI"",""FR"",""GR"",""HR"",""HU"",""IE"",""IT"",""LI"",""LT"",""LU"",""LV"",""MT"",""NL"",""NO"",""PL"",""PT"",""RO"",""SE"",""SI"",""SK""]","2024-11-23 00:00:00","The decision was taken pursuant to own-initiative investigations.",SOURCE_VOLUNTARY,,Yes,AUTOMATED_DECISION_FULLY,TikTok,7440322299091360544,"2024-11-23 04:10:44"
6ab226a8-5d24-45c1-b476-cf58459ce024,"[""DECISION_VISIBILITY_OTHER""]","Video not eligible for recommendation in the For You feed",,,,,,,,,,DECISION_GROUND_INCOMPATIBLE_CONTENT,,,,"Shocking and Graphic Content","Part of the joy of TikTok is coming across new and unexpected content. But the platform is not a space to intentionally shock, upset, or disgust others. Content is ineligible for the For You feed and harder to find in search if it shows fictional violence, blood, potentially distressing or mildly graphic material, animal genitalia or sexual activity between animals, or if it contains graphic footage of events that are in the public interest to view.We proactively enforce our Community Guidelines through a mix of technology and human moderation. We have detected this policy violation using automated measures.",,STATEMENT_CATEGORY_VIOLENCE,,,,"[""CONTENT_TYPE_VIDEO""]",,,"2024-11-22 00:00:00","[""AT"",""BE"",""BG"",""CY"",""CZ"",""DE"",""DK"",""EE"",""ES"",""FI"",""FR"",""GR"",""HR"",""HU"",""IE"",""IT"",""LI"",""LT"",""LU"",""LV"",""MT"",""NL"",""NO"",""PL"",""PT"",""RO"",""SE"",""SI"",""SK""]","2024-11-23 00:00:00","The decision was taken pursuant to own-initiative investigations.",SOURCE_VOLUNTARY,,Yes,AUTOMATED_DECISION_NOT_AUTOMATED,TikTok,7440322298269178656,"2024-11-23 04:10:44"
13aa3340-8b5a-4ecc-929e-2bf0fc42efdd,"[""DECISION_VISIBILITY_CONTENT_REMOVED""]",,,,,,,,,,,DECISION_GROUND_INCOMPATIBLE_CONTENT,,,,"Harassment and Bullying","We welcome the respectful expression of different viewpoints, but not toxicity or trolling. We do not allow language or behavior that harasses, humiliates, threatens, or doxes anyone. This also includes responding to such acts with retaliatory harassment (but excludes non-harassing counterspeech).We proactively enforce our Community Guidelines through a mix of technology and human moderation. We have detected this policy violation using automated measures. We have used automated measures in making this decision.",,STATEMENT_CATEGORY_ILLEGAL_OR_HARMFUL_SPEECH,,,,"[""CONTENT_TYPE_TEXT""]",,,"2024-11-23 00:00:00","[""AT"",""BE"",""BG"",""CY"",""CZ"",""DE"",""DK"",""EE"",""ES"",""FI"",""FR"",""GR"",""HR"",""HU"",""IE"",""IT"",""LI"",""LT"",""LU"",""LV"",""MT"",""NL"",""NO"",""PL"",""PT"",""RO"",""SE"",""SI"",""SK""]","2024-11-23 00:00:00","The decision was taken pursuant to own-initiative investigations.",SOURCE_VOLUNTARY,,Yes,AUTOMATED_DECISION_FULLY,TikTok,7440322298269195040,"2024-11-23 04:10:44"
33047e63-1afd-45ba-b4d1-cc2aff260a96,"[""DECISION_VISIBILITY_OTHER""]","Photo not eligible for recommendation in the For You feed",,,,,,,,,,DECISION_GROUND_INCOMPATIBLE_CONTENT,,,,"Community Guidelines","Your content is against our Community Guidelines. The guidelines include rules and standards for using TikTok that apply to everyone and everything on our platform.",,STATEMENT_CATEGORY_DATA_PROTECTION_AND_PRIVACY_VIOLATIONS,,,,"[""CONTENT_TYPE_IMAGE""]",,,"2024-11-23 00:00:00","[""AT"",""BE"",""BG"",""CY"",""CZ"",""DE"",""DK"",""EE"",""ES"",""FI"",""FR"",""GR"",""HR"",""HU"",""IE"",""IT"",""LI"",""LT"",""LU"",""LV"",""MT"",""NL"",""NO"",""PL"",""PT"",""RO"",""SE"",""SI"",""SK""]","2024-11-23 00:00:00","The decision was taken pursuant to own-initiative investigations.",SOURCE_VOLUNTARY,,Yes,AUTOMATED_DECISION_FULLY,TikTok,7440322299091376928,"2024-11-23 04:10:44"
bb52d1ed-71d6-41a6-bfa1-303ae2f7336e,"[""DECISION_VISIBILITY_OTHER""]","Video not eligible for recommendation in the For You feed",,,,,,,,,,DECISION_GROUND_INCOMPATIBLE_CONTENT,,,,"Nudity and Body Exposure","We celebrate all shapes and sizes and want people to feel comfortable in how they present themselves and their bodies. Content is ineligible for the For You feed and harder to find in search if it shows moderate body exposure of a young person, or significant body exposure of an adult. We allow regional exceptions for body exposure in limited situations, such as common cultural practices.Users and 3rd-parties can report policy violations to us. We have detected this policy violation based on a report that the content violated our Community Guidelines. We have used automated measures to make the decision.",,STATEMENT_CATEGORY_SCOPE_OF_PLATFORM_SERVICE,,,,"[""CONTENT_TYPE_VIDEO""]",,,"2024-11-23 00:00:00","[""AT"",""BE"",""BG"",""CY"",""CZ"",""DE"",""DK"",""EE"",""ES"",""FI"",""FR"",""GR"",""HR"",""HU"",""IE"",""IT"",""LI"",""LT"",""LU"",""LV"",""MT"",""NL"",""NO"",""PL"",""PT"",""RO"",""SE"",""SI"",""SK""]","2024-11-23 00:00:00","The decision was taken in response to a report alleging a violation of our Community Guidelines.",SOURCE_VOLUNTARY,,No,AUTOMATED_DECISION_FULLY,TikTok,7440322314350107424,"2024-11-23 04:10:44"
e2029d2e-4327-4d04-9c7f-569dd83a7d6a,"[""DECISION_VISIBILITY_CONTENT_REMOVED""]",,,,,,,,,,,DECISION_GROUND_INCOMPATIBLE_CONTENT,,,,"Harassment and Bullying","We welcome the respectful expression of different viewpoints, but not toxicity or trolling. We do not allow language or behavior that harasses, humiliates, threatens, or doxes anyone. This also includes responding to such acts with retaliatory harassment (but excludes non-harassing counterspeech).We proactively enforce our Community Guidelines through a mix of technology and human moderation. We have detected this policy violation using automated measures. We have used automated measures in making this decision.",,STATEMENT_CATEGORY_ILLEGAL_OR_HARMFUL_SPEECH,,,,"[""CONTENT_TYPE_TEXT""]",,,"2024-11-23 00:00:00","[""AT"",""BE"",""BG"",""CY"",""CZ"",""DE"",""DK"",""EE"",""ES"",""FI"",""FR"",""GR"",""HR"",""HU"",""IE"",""IT"",""LI"",""LT"",""LU"",""LV"",""MT"",""NL"",""NO"",""PL"",""PT"",""RO"",""SE"",""SI"",""SK""]","2024-11-23 00:00:00","The decision was taken pursuant to own-initiative investigations.",SOURCE_VOLUNTARY,,Yes,AUTOMATED_DECISION_FULLY,TikTok,7440322314350123808,"2024-11-23 04:10:44"
94dc8a19-3e26-4962-9de9-7a7e05a01237,"[""DECISION_VISIBILITY_CONTENT_REMOVED""]",,,,,,,,,,,DECISION_GROUND_INCOMPATIBLE_CONTENT,,,,"Civic and Election Integrity","Elections are important moments of community conversation and promote the values of an open society. We do not allow misinformation about civic and electoral processes, regardless of intent. This includes misinformation about how to vote, registering to vote, eligibility requirements of  candidates, the processes to count ballots and certify elections, and the final outcome of an election.Users and 3rd-parties can report policy violations to us. We have detected this policy violation based on a report that the content violated our Community Guidelines. We have used automated measures to make the decision.",,STATEMENT_CATEGORY_NEGATIVE_EFFECTS_ON_CIVIC_DISCOURSE_OR_ELECTIONS,,,,"[""CONTENT_TYPE_IMAGE""]",,,"2024-11-23 00:00:00","[""AT"",""BE"",""BG"",""CY"",""CZ"",""DE"",""DK"",""EE"",""ES"",""FI"",""FR"",""GR"",""HR"",""HU"",""IE"",""IT"",""LI"",""LT"",""LU"",""LV"",""MT"",""NL"",""NO"",""PL"",""PT"",""RO"",""SE"",""SI"",""SK""]","2024-11-23 00:00:00","The decision was taken in response to a report alleging a violation of our Community Guidelines.",SOURCE_VOLUNTARY,,No,AUTOMATED_DECISION_FULLY,TikTok,7440322298269211424,"2024-11-23 04:10:44"
7ef80aa7-5409-4213-8dcc-aff5fa4466b8,"[""DECISION_VISIBILITY_CONTENT_REMOVED""]",,,,,,,,,,,DECISION_GROUND_INCOMPATIBLE_CONTENT,,,,"Civic and Election Integrity","Elections are important moments of community conversation and promote the values of an open society. We do not allow misinformation about civic and electoral processes, regardless of intent. This includes misinformation about how to vote, registering to vote, eligibility requirements of  candidates, the processes to count ballots and certify elections, and the final outcome of an election.We proactively enforce our Community Guidelines through a mix of technology and human moderation. We have detected this policy violation using automated measures. We have used automated measures in making this decision.",,STATEMENT_CATEGORY_NEGATIVE_EFFECTS_ON_CIVIC_DISCOURSE_OR_ELECTIONS,,,,"[""CONTENT_TYPE_IMAGE""]",,,"2024-11-23 00:00:00","[""AT"",""BE"",""BG"",""CY"",""CZ"",""DE"",""DK"",""EE"",""ES"",""FI"",""FR"",""GR"",""HR"",""HU"",""IE"",""IT"",""LI"",""LT"",""LU"",""LV"",""MT"",""NL"",""NO"",""PL"",""PT"",""RO"",""SE"",""SI"",""SK""]","2024-11-23 00:00:00","The decision was taken pursuant to own-initiative investigations.",SOURCE_VOLUNTARY,,Yes,AUTOMATED_DECISION_FULLY,TikTok,7440322298269227808,"2024-11-23 04:10:44"
c52e758d-8916-49b0-aef2-42f3ed383986,"[""DECISION_VISIBILITY_CONTENT_REMOVED""]",,,,,,,,,,,DECISION_GROUND_INCOMPATIBLE_CONTENT,,,,"Harassment and Bullying","We welcome the respectful expression of different viewpoints, but not toxicity or trolling. We do not allow language or behavior that harasses, humiliates, threatens, or doxes anyone. This also includes responding to such acts with retaliatory harassment (but excludes non-harassing counterspeech).We proactively enforce our Community Guidelines through a mix of technology and human moderation. We have detected this policy violation using automated measures. We have used automated measures in making this decision.",,STATEMENT_CATEGORY_ILLEGAL_OR_HARMFUL_SPEECH,,,,"[""CONTENT_TYPE_TEXT""]",,,"2024-11-23 00:00:00","[""AT"",""BE"",""BG"",""CY"",""CZ"",""DE"",""DK"",""EE"",""ES"",""FI"",""FR"",""GR"",""HR"",""HU"",""IE"",""IT"",""LI"",""LT"",""LU"",""LV"",""MT"",""NL"",""NO"",""PL"",""PT"",""RO"",""SE"",""SI"",""SK""]","2024-11-23 00:00:00","The decision was taken pursuant to own-initiative investigations.",SOURCE_VOLUNTARY,,Yes,AUTOMATED_DECISION_FULLY,TikTok,7440322314350189344,"2024-11-23 04:10:46"
84e9f42d-6a94-4547-9424-8e7cf912aaad,"[""DECISION_VISIBILITY_OTHER""]","LIVE not eligible for recommendation and restricted in search results","2024-11-23 00:00:00",,,,,,,,,DECISION_GROUND_INCOMPATIBLE_CONTENT,,,,"Reproduced content","Your LIVE is not eligible for recommendation and restricted in search results, because it may contain unoriginal or reproduced content. This is in line with the For You feed eligibility standards under our Community Guidelines.",,STATEMENT_CATEGORY_SCOPE_OF_PLATFORM_SERVICE,,,,"[""CONTENT_TYPE_VIDEO""]",,,"2024-11-23 00:00:00","[""AT"",""BE"",""BG"",""CY"",""CZ"",""DE"",""DK"",""EE"",""ES"",""FI"",""FR"",""GR"",""HR"",""HU"",""IE"",""IS"",""IT"",""LI"",""LT"",""LU"",""LV"",""MT"",""NL"",""NO"",""PL"",""PT"",""RO"",""SE"",""SI"",""SK""]","2024-11-23 00:00:00","The decision was taken pursuant to own-initiative investigations",SOURCE_VOLUNTARY,,Yes,AUTOMATED_DECISION_NOT_AUTOMATED,TikTok,7440322298269276960,"2024-11-23 04:10:46"
9e0f6847-1058-4390-99c0-73f728cfadff,"[""DECISION_VISIBILITY_OTHER""]","Video not eligible for recommendation in the For You feed",,,,,,,,,,DECISION_GROUND_INCOMPATIBLE_CONTENT,,,,"Community Guidelines","Your content is against our Community Guidelines. The guidelines include rules and standards for using TikTok that apply to everyone and everything on our platform.We proactively enforce our Community Guidelines through a mix of technology and human moderation. We have detected this policy violation using automated measures. We have used automated measures in making this decision.",,STATEMENT_CATEGORY_SCOPE_OF_PLATFORM_SERVICE,,,,"[""CONTENT_TYPE_OTHER""]","Video Sticker",,"2024-11-23 00:00:00","[""AT"",""BE"",""BG"",""CY"",""CZ"",""DE"",""DK"",""EE"",""ES"",""FI"",""FR"",""GR"",""HR"",""HU"",""IE"",""IT"",""LI"",""LT"",""LU"",""LV"",""MT"",""NL"",""NO"",""PL"",""PT"",""RO"",""SE"",""SI"",""SK""]","2024-11-23 00:00:00","The decision was taken pursuant to own-initiative investigations.",SOURCE_VOLUNTARY,,Yes,AUTOMATED_DECISION_FULLY,TikTok,7440322298269293344,"2024-11-23 04:10:46"
6bada395-864c-4a2d-af7e-e0b2a2250967,"[""DECISION_VISIBILITY_CONTENT_REMOVED""]",,,,,,,,,,,DECISION_GROUND_INCOMPATIBLE_CONTENT,,,,"Harassment and Bullying","We welcome the respectful expression of different viewpoints, but not toxicity or trolling. We do not allow language or behavior that harasses, humiliates, threatens, or doxes anyone. This also includes responding to such acts with retaliatory harassment (but excludes non-harassing counterspeech).We proactively enforce our Community Guidelines through a mix of technology and human moderation. We have detected this policy violation using automated measures. We have used automated measures in making this decision.",,STATEMENT_CATEGORY_ILLEGAL_OR_HARMFUL_SPEECH,,,,"[""CONTENT_TYPE_TEXT""]",,,"2024-11-23 00:00:00","[""AT"",""BE"",""BG"",""CY"",""CZ"",""DE"",""DK"",""EE"",""ES"",""FI"",""FR"",""GR"",""HR"",""HU"",""IE"",""IT"",""LI"",""LT"",""LU"",""LV"",""MT"",""NL"",""NO"",""PL"",""PT"",""RO"",""SE"",""SI"",""SK""]","2024-11-23 00:00:00","The decision was taken pursuant to own-initiative investigations.",SOURCE_VOLUNTARY,,Yes,AUTOMATED_DECISION_FULLY,TikTok,7440322314350205728,"2024-11-23 04:10:46"
0f722814-864a-4f84-9b92-83c0e6d164c6,"[""DECISION_VISIBILITY_CONTENT_REMOVED""]",,,,,,,,,,,DECISION_GROUND_INCOMPATIBLE_CONTENT,,,,"Hate Speech and Hateful Behaviors","TikTok is enriched by the various backgrounds of our community members. Our differences should be respected, rather than a cause for division. We do not allow any hateful behavior, hate speech, or promotion of hateful ideologies. This includes content that attacks a person or group because of protected attributes.We proactively enforce our Community Guidelines through a mix of technology and human moderation. We have detected this policy violation using automated measures. We have used automated measures in making this decision.",,STATEMENT_CATEGORY_ILLEGAL_OR_HARMFUL_SPEECH,,,,"[""CONTENT_TYPE_TEXT""]",,,"2024-11-23 00:00:00","[""AT"",""BE"",""BG"",""CY"",""CZ"",""DE"",""DK"",""EE"",""ES"",""FI"",""FR"",""GR"",""HR"",""HU"",""IE"",""IT"",""LI"",""LT"",""LU"",""LV"",""MT"",""NL"",""NO"",""PL"",""PT"",""RO"",""SE"",""SI"",""SK""]","2024-11-23 00:00:00","The decision was taken pursuant to own-initiative investigations.",SOURCE_VOLUNTARY,,Yes,AUTOMATED_DECISION_FULLY,TikTok,7440322316153658144,"2024-11-23 04:10:46"
450d54ec-3d5b-464e-b84e-f4ad75722e2e,"[""DECISION_VISIBILITY_CONTENT_REMOVED""]",,,,,,,,,,,DECISION_GROUND_INCOMPATIBLE_CONTENT,,,,"Harassment and Bullying","We welcome the respectful expression of different viewpoints, but not toxicity or trolling. We do not allow language or behavior that harasses, humiliates, threatens, or doxes anyone. This also includes responding to such acts with retaliatory harassment (but excludes non-harassing counterspeech).We proactively enforce our Community Guidelines through a mix of technology and human moderation. We have detected this policy violation using automated measures. We have used automated measures in making this decision.",,STATEMENT_CATEGORY_ILLEGAL_OR_HARMFUL_SPEECH,,,,"[""CONTENT_TYPE_TEXT""]",,,"2024-11-23 00:00:00","[""AT"",""BE"",""BG"",""CY"",""CZ"",""DE"",""DK"",""EE"",""ES"",""FI"",""FR"",""GR"",""HR"",""HU"",""IE"",""IT"",""LI"",""LT"",""LU"",""LV"",""MT"",""NL"",""NO"",""PL"",""PT"",""RO"",""SE"",""SI"",""SK""]","2024-11-23 00:00:00","The decision was taken pursuant to own-initiative investigations.",SOURCE_VOLUNTARY,,Yes,AUTOMATED_DECISION_FULLY,TikTok,7440322314350222112,"2024-11-23 04:10:46"
7289e207-7fd1-48c8-b5cd-e6daf5ae6ab7,"[""DECISION_VISIBILITY_OTHER""]","Photo not eligible for recommendation in the For You feed, and visibility restricted in search results",,,,,,,,,,DECISION_GROUND_INCOMPATIBLE_CONTENT,,,,"Community Guidelines","We maintain content eligibility standards for the For You feed (FYF) that prioritize safety and are informed by the diversity of our community and cultural norms. We make ineligible for the FYF certain content that may not be appropriate for a broad audience related to: (1) Behavioral Health, (2) Sensitive and Mature Themes, (3) Integrity and Authenticity, and (4) Regulated Goods. Content that is ineligible for the FYF can still be discovered in other ways, such as through search tools or by following an account.We proactively enforce our Community Guidelines through a mix of technology and human moderation. We have detected this policy violation using automated measures. We have used automated measures in making this decision.",,STATEMENT_CATEGORY_SCOPE_OF_PLATFORM_SERVICE,,,,"[""CONTENT_TYPE_IMAGE""]",,,"2024-11-23 00:00:00","[""AT"",""BE"",""BG"",""CY"",""CZ"",""DE"",""DK"",""EE"",""ES"",""FI"",""FR"",""GR"",""HR"",""HU"",""IE"",""IT"",""LI"",""LT"",""LU"",""LV"",""MT"",""NL"",""NO"",""PL"",""PT"",""RO"",""SE"",""SI"",""SK""]","2024-11-23 00:00:00","The decision was taken pursuant to own-initiative investigations.",SOURCE_VOLUNTARY,,Yes,AUTOMATED_DECISION_FULLY,TikTok,7440322314350238496,"2024-11-23 04:10:46"
852b295f-d823-4737-b4e1-f60466a380f6,"[""DECISION_VISIBILITY_CONTENT_REMOVED""]",,,,,,,,,,,DECISION_GROUND_INCOMPATIBLE_CONTENT,,,,"Harassment and Bullying","We welcome the respectful expression of different viewpoints, but not toxicity or trolling. We do not allow language or behavior that harasses, humiliates, threatens, or doxes anyone. This also includes responding to such acts with retaliatory harassment (but excludes non-harassing counterspeech).We proactively enforce our Community Guidelines through a mix of technology and human moderation. We have detected this policy violation using automated measures. We have used automated measures in making this decision.",,STATEMENT_CATEGORY_ILLEGAL_OR_HARMFUL_SPEECH,,,,"[""CONTENT_TYPE_TEXT""]",,,"2024-11-23 00:00:00","[""AT"",""BE"",""BG"",""CY"",""CZ"",""DE"",""DK"",""EE"",""ES"",""FI"",""FR"",""GR"",""HR"",""HU"",""IE"",""IT"",""LI"",""LT"",""LU"",""LV"",""MT"",""NL"",""NO"",""PL"",""PT"",""RO"",""SE"",""SI"",""SK""]","2024-11-23 00:00:00","The decision was taken pursuant to own-initiative investigations.",SOURCE_VOLUNTARY,,Yes,AUTOMATED_DECISION_FULLY,TikTok,7440322314350254880,"2024-11-23 04:10:46"
cf89680c-7e72-4326-9e77-3c5ccc5a4089,"[""DECISION_VISIBILITY_CONTENT_REMOVED""]",,,,,,,,,,,DECISION_GROUND_INCOMPATIBLE_CONTENT,,,,"Harassment and Bullying","We welcome the respectful expression of different viewpoints, but not toxicity or trolling. We do not allow language or behavior that harasses, humiliates, threatens, or doxes anyone. This also includes responding to such acts with retaliatory harassment (but excludes non-harassing counterspeech).We proactively enforce our Community Guidelines through a mix of technology and human moderation. We have detected this policy violation using automated measures. We have used automated measures in making this decision.",,STATEMENT_CATEGORY_ILLEGAL_OR_HARMFUL_SPEECH,,,,"[""CONTENT_TYPE_TEXT""]",,,"2024-11-23 00:00:00","[""AT"",""BE"",""BG"",""CY"",""CZ"",""DE"",""DK"",""EE"",""ES"",""FI"",""FR"",""GR"",""HR"",""HU"",""IE"",""IT"",""LI"",""LT"",""LU"",""LV"",""MT"",""NL"",""NO"",""PL"",""PT"",""RO"",""SE"",""SI"",""SK""]","2024-11-23 00:00:00","The decision was taken pursuant to own-initiative investigations.",SOURCE_VOLUNTARY,,Yes,AUTOMATED_DECISION_FULLY,TikTok,7440322316153674528,"2024-11-23 04:10:46"
0eb98740-1b87-473f-8d0b-637774555504,"[""DECISION_VISIBILITY_CONTENT_REMOVED""]",,,,,,,,,,,DECISION_GROUND_INCOMPATIBLE_CONTENT,,,,"Harassment and Bullying","We welcome the respectful expression of different viewpoints, but not toxicity or trolling. We do not allow language or behavior that harasses, humiliates, threatens, or doxes anyone. This also includes responding to such acts with retaliatory harassment (but excludes non-harassing counterspeech).We proactively enforce our Community Guidelines through a mix of technology and human moderation. We have detected this policy violation using automated measures. We have used automated measures in making this decision.",,STATEMENT_CATEGORY_ILLEGAL_OR_HARMFUL_SPEECH,,,,"[""CONTENT_TYPE_TEXT""]",,,"2024-11-23 00:00:00","[""AT"",""BE"",""BG"",""CY"",""CZ"",""DE"",""DK"",""EE"",""ES"",""FI"",""FR"",""GR"",""HR"",""HU"",""IE"",""IT"",""LI"",""LT"",""LU"",""LV"",""MT"",""NL"",""NO"",""PL"",""PT"",""RO"",""SE"",""SI"",""SK""]","2024-11-23 00:00:00","The decision was taken pursuant to own-initiative investigations.",SOURCE_VOLUNTARY,,Yes,AUTOMATED_DECISION_FULLY,TikTok,7440322328589769504,"2024-11-23 04:10:46"
e6332f68-5ab8-40a0-8274-609702cf9c8d,"[""DECISION_VISIBILITY_CONTENT_REMOVED""]",,,,,,,,,,,DECISION_GROUND_INCOMPATIBLE_CONTENT,,,,"Harassment and Bullying","We welcome the respectful expression of different viewpoints, but not toxicity or trolling. We do not allow language or behavior that harasses, humiliates, threatens, or doxes anyone. This also includes responding to such acts with retaliatory harassment (but excludes non-harassing counterspeech).We proactively enforce our Community Guidelines through a mix of technology and human moderation. We have detected this policy violation using automated measures. We have used automated measures in making this decision.",,STATEMENT_CATEGORY_ILLEGAL_OR_HARMFUL_SPEECH,,,,"[""CONTENT_TYPE_TEXT""]",,,"2024-11-23 00:00:00","[""AT"",""BE"",""BG"",""CY"",""CZ"",""DE"",""DK"",""EE"",""ES"",""FI"",""FR"",""GR"",""HR"",""HU"",""IE"",""IT"",""LI"",""LT"",""LU"",""LV"",""MT"",""NL"",""NO"",""PL"",""PT"",""RO"",""SE"",""SI"",""SK""]","2024-11-23 00:00:00","The decision was taken pursuant to own-initiative investigations.",SOURCE_VOLUNTARY,,Yes,AUTOMATED_DECISION_FULLY,TikTok,7440322316153690912,"2024-11-23 04:10:48"
0cb6ac3b-cff6-4e89-b9fd-3054ea2f152e,"[""DECISION_VISIBILITY_OTHER""]","Video not eligible for recommendation in the For You feed",,,,,,,,,,DECISION_GROUND_INCOMPATIBLE_CONTENT,,,,"Alcohol, Tobacco, and Drugs","While adults make personal choices about how they engage with alcohol, drugs, and tobacco, we recognize that there are risks connected to trading and using these substances. Content is ineligible for the For You feed and harder to find in search if it shows adults consuming excessive amounts of alcohol or tobacco products.We proactively enforce our Community Guidelines through a mix of technology and human moderation. We have detected this policy violation using automated measures. We have used automated measures in making this decision.",,STATEMENT_CATEGORY_SCOPE_OF_PLATFORM_SERVICE,,,,"[""CONTENT_TYPE_VIDEO""]",,,"2024-11-23 00:00:00","[""AT"",""BE"",""BG"",""CY"",""CZ"",""DE"",""DK"",""EE"",""ES"",""FI"",""FR"",""GR"",""HR"",""HU"",""IE"",""IT"",""LI"",""LT"",""LU"",""LV"",""MT"",""NL"",""NO"",""PL"",""PT"",""RO"",""SE"",""SI"",""SK""]","2024-11-23 00:00:00","The decision was taken pursuant to own-initiative investigations.",SOURCE_VOLUNTARY,,Yes,AUTOMATED_DECISION_FULLY,TikTok,7440322328589785888,"2024-11-23 04:10:48"
669b95ae-95e9-4700-ac17-983c0d3be7f8,"[""DECISION_VISIBILITY_OTHER""]","Video not eligible for recommendation in the For You feed",,,,,,,,,,DECISION_GROUND_INCOMPATIBLE_CONTENT,,,,"Alcohol, Tobacco, and Drugs","While adults make personal choices about how they engage with alcohol, drugs, and tobacco, we recognize that there are risks connected to trading and using these substances. Content is ineligible for the For You feed and harder to find in search if it shows adults consuming excessive amounts of alcohol or tobacco products.We proactively enforce our Community Guidelines through a mix of technology and human moderation. We have detected this policy violation using automated measures. We have used automated measures in making this decision.",,STATEMENT_CATEGORY_SCOPE_OF_PLATFORM_SERVICE,,,,"[""CONTENT_TYPE_VIDEO""]",,,"2024-11-23 00:00:00","[""AT"",""BE"",""BG"",""CY"",""CZ"",""DE"",""DK"",""EE"",""ES"",""FI"",""FR"",""GR"",""HR"",""HU"",""IE"",""IT"",""LI"",""LT"",""LU"",""LV"",""MT"",""NL"",""NO"",""PL"",""PT"",""RO"",""SE"",""SI"",""SK""]","2024-11-23 00:00:00","The decision was taken pursuant to own-initiative investigations.",SOURCE_VOLUNTARY,,Yes,AUTOMATED_DECISION_FULLY,TikTok,7440322316153707296,"2024-11-23 04:10:48"
0e3893ed-3ce2-46e2-9cd9-7fbf993dfd5a,"[""DECISION_VISIBILITY_OTHER""]","Photo not eligible for recommendation in the For You feed",,,,,,,,,,DECISION_GROUND_INCOMPATIBLE_CONTENT,,,,"Community Guidelines","Your content is against our Community Guidelines. The guidelines include rules and standards for using TikTok that apply to everyone and everything on our platform.",,STATEMENT_CATEGORY_NEGATIVE_EFFECTS_ON_CIVIC_DISCOURSE_OR_ELECTIONS,,,,"[""CONTENT_TYPE_IMAGE""]",,,"2024-11-23 00:00:00","[""AT"",""BE"",""BG"",""CY"",""CZ"",""DE"",""DK"",""EE"",""ES"",""FI"",""FR"",""GR"",""HR"",""HU"",""IE"",""IT"",""LI"",""LT"",""LU"",""LV"",""MT"",""NL"",""NO"",""PL"",""PT"",""RO"",""SE"",""SI"",""SK""]","2024-11-23 00:00:00","The decision was taken pursuant to own-initiative investigations.",SOURCE_VOLUNTARY,,Yes,AUTOMATED_DECISION_FULLY,TikTok,7440322316153723680,"2024-11-23 04:10:48"
8ba0ff77-2328-448a-80a6-2096f808339b,"[""DECISION_VISIBILITY_CONTENT_REMOVED""]",,,,,,,,,,,DECISION_GROUND_INCOMPATIBLE_CONTENT,,,,"Hate Speech and Hateful Behaviors","TikTok is enriched by the various backgrounds of our community members. Our differences should be respected, rather than a cause for division. We do not allow any hateful behavior, hate speech, or promotion of hateful ideologies. This includes content that attacks a person or group because of protected attributes.We proactively enforce our Community Guidelines through a mix of technology and human moderation. We have detected this policy violation using automated measures. We have used automated measures in making this decision.",,STATEMENT_CATEGORY_ILLEGAL_OR_HARMFUL_SPEECH,,,,"[""CONTENT_TYPE_TEXT""]",,,"2024-11-23 00:00:00","[""AT"",""BE"",""BG"",""CY"",""CZ"",""DE"",""DK"",""EE"",""ES"",""FI"",""FR"",""GR"",""HR"",""HU"",""IE"",""IT"",""LI"",""LT"",""LU"",""LV"",""MT"",""NL"",""NO"",""PL"",""PT"",""RO"",""SE"",""SI"",""SK""]","2024-11-23 00:00:00","The decision was taken pursuant to own-initiative investigations.",SOURCE_VOLUNTARY,,Yes,AUTOMATED_DECISION_FULLY,TikTok,7440322328589802272,"2024-11-23 04:10:48"
0e963787-39dd-480c-b729-face1307cb3e,"[""DECISION_VISIBILITY_OTHER""]","Photo not eligible for recommendation in the For You feed",,,,,,,,,,DECISION_GROUND_INCOMPATIBLE_CONTENT,,,,"Dangerous Activities and Challenges","Most activities or challenges are appropriate for everyone, but some carry a risk of significant injury. Content is ineligible for the For You feed if it involves activities that are likely to lead to moderate physical harm, or includes professionals who are performing extreme sports and stunts that may endanger others.We proactively enforce our Community Guidelines through a mix of technology and human moderation. We have detected this policy violation using automated measures. We have used automated measures in making this decision.",,STATEMENT_CATEGORY_NEGATIVE_EFFECTS_ON_CIVIC_DISCOURSE_OR_ELECTIONS,,,,"[""CONTENT_TYPE_IMAGE""]",,,"2024-11-23 00:00:00","[""AT"",""BE"",""BG"",""CY"",""CZ"",""DE"",""DK"",""EE"",""ES"",""FI"",""FR"",""GR"",""HR"",""HU"",""IE"",""IT"",""LI"",""LT"",""LU"",""LV"",""MT"",""NL"",""NO"",""PL"",""PT"",""RO"",""SE"",""SI"",""SK""]","2024-11-23 00:00:00","The decision was taken pursuant to own-initiative investigations.",SOURCE_VOLUNTARY,,Yes,AUTOMATED_DECISION_FULLY,TikTok,7440322316153740064,"2024-11-23 04:10:48"
d809ea38-0a6e-4f3a-9d26-79fd81e531f6,"[""DECISION_VISIBILITY_OTHER""]","Video not eligible for recommendation in the For You feed",,,,,,,,,,DECISION_GROUND_INCOMPATIBLE_CONTENT,,,,"Community Guidelines","We maintain content eligibility standards for the For You feed (FYF) that prioritize safety and are informed by the diversity of our community and cultural norms. We make ineligible for the FYF certain content that may not be appropriate for a broad audience related to: (1) Behavioral Health, (2) Sensitive and Mature Themes, (3) Integrity and Authenticity, and (4) Regulated Goods. Content that is ineligible for the FYF can still be discovered in other ways, such as through search tools or by following an account.We proactively enforce our Community Guidelines through a mix of technology and human moderation. We have detected this policy violation using automated measures. We have used automated measures in making this decision.",,STATEMENT_CATEGORY_SCOPE_OF_PLATFORM_SERVICE,,,,"[""CONTENT_TYPE_VIDEO""]",,,"2024-11-23 00:00:00","[""AT"",""BE"",""BG"",""CY"",""CZ"",""DE"",""DK"",""EE"",""ES"",""FI"",""FR"",""GR"",""HR"",""HU"",""IE"",""IT"",""LI"",""LT"",""LU"",""LV"",""MT"",""NL"",""NO"",""PL"",""PT"",""RO"",""SE"",""SI"",""SK""]","2024-11-23 00:00:00","The decision was taken pursuant to own-initiative investigations.",SOURCE_VOLUNTARY,,Yes,AUTOMATED_DECISION_FULLY,TikTok,7440322328589818656,"2024-11-23 04:10:48"
ca418c85-fbfb-4bbb-a45d-3540dca2d3ff,"[""DECISION_VISIBILITY_CONTENT_REMOVED""]",,,,,,,,,,,DECISION_GROUND_INCOMPATIBLE_CONTENT,,,,"Harassment and Bullying","We welcome the respectful expression of different viewpoints, but not toxicity or trolling. We do not allow language or behavior that harasses, humiliates, threatens, or doxes anyone. This also includes responding to such acts with retaliatory harassment (but excludes non-harassing counterspeech).We proactively enforce our Community Guidelines through a mix of technology and human moderation. We have detected this policy violation using automated measures. We have used automated measures in making this decision.",,STATEMENT_CATEGORY_ILLEGAL_OR_HARMFUL_SPEECH,,,,"[""CONTENT_TYPE_TEXT""]",,,"2024-11-23 00:00:00","[""AT"",""BE"",""BG"",""CY"",""CZ"",""DE"",""DK"",""EE"",""ES"",""FI"",""FR"",""GR"",""HR"",""HU"",""IE"",""IT"",""LI"",""LT"",""LU"",""LV"",""MT"",""NL"",""NO"",""PL"",""PT"",""RO"",""SE"",""SI"",""SK""]","2024-11-23 00:00:00","The decision was taken pursuant to own-initiative investigations.",SOURCE_VOLUNTARY,,Yes,AUTOMATED_DECISION_FULLY,TikTok,7440322328589835040,"2024-11-23 04:10:48"
8dfe15c1-3023-4fda-91b9-8d0cbcddb8da,"[""DECISION_VISIBILITY_CONTENT_REMOVED""]",,,,,,,,,,,DECISION_GROUND_INCOMPATIBLE_CONTENT,,,,"Hate Speech and Hateful Behaviors","TikTok is enriched by the various backgrounds of our community members. Our differences should be respected, rather than a cause for division. We do not allow any hateful behavior, hate speech, or promotion of hateful ideologies. This includes content that attacks a person or group because of protected attributes.We proactively enforce our Community Guidelines through a mix of technology and human moderation. We have detected this policy violation using automated measures. We have used automated measures in making this decision.",,STATEMENT_CATEGORY_ILLEGAL_OR_HARMFUL_SPEECH,,,,"[""CONTENT_TYPE_TEXT""]",,,"2024-11-23 00:00:00","[""AT"",""BE"",""BG"",""CY"",""CZ"",""DE"",""DK"",""EE"",""ES"",""FI"",""FR"",""GR"",""HR"",""HU"",""IE"",""IT"",""LI"",""LT"",""LU"",""LV"",""MT"",""NL"",""NO"",""PL"",""PT"",""RO"",""SE"",""SI"",""SK""]","2024-11-23 00:00:00","The decision was taken pursuant to own-initiative investigations.",SOURCE_VOLUNTARY,,Yes,AUTOMATED_DECISION_FULLY,TikTok,7440322316153756448,"2024-11-23 04:10:48"
2206e466-ed6c-463b-a217-eebbe5b94714,"[""DECISION_VISIBILITY_CONTENT_REMOVED""]",,,,,,,,,,,DECISION_GROUND_INCOMPATIBLE_CONTENT,,,,"Harassment and Bullying","We welcome the respectful expression of different viewpoints but not toxicity or trolling. We do not allow language or behavior that harasses, humiliates, threatens, or doxxes anyone. This also includes responding to such acts with retaliatory harassment (but excludes non-harassing counter speech).We proactively enforce our Community Guidelines through a mix of technology and human moderation. We have detected this policy violation using automated measures.",,STATEMENT_CATEGORY_ILLEGAL_OR_HARMFUL_SPEECH,,,,"[""CONTENT_TYPE_VIDEO""]",,,"2024-11-23 00:00:00","[""AT"",""BE"",""BG"",""CY"",""CZ"",""DE"",""DK"",""EE"",""ES"",""FI"",""FR"",""GR"",""HR"",""HU"",""IE"",""IT"",""LI"",""LT"",""LU"",""LV"",""MT"",""NL"",""NO"",""PL"",""PT"",""RO"",""SE"",""SI"",""SK""]","2024-11-23 00:00:00","The decision was taken pursuant to own-initiative investigations.",SOURCE_VOLUNTARY,,Yes,AUTOMATED_DECISION_NOT_AUTOMATED,TikTok,7440322328589851424,"2024-11-23 04:10:48"
d5fc1aa6-a606-4246-b1b0-f2685cf5c5ae,"[""DECISION_VISIBILITY_CONTENT_REMOVED""]",,,,,,,,,,,DECISION_GROUND_INCOMPATIBLE_CONTENT,,,,"Harassment and Bullying","We welcome the respectful expression of different viewpoints, but not toxicity or trolling. We do not allow language or behavior that harasses, humiliates, threatens, or doxes anyone. This also includes responding to such acts with retaliatory harassment (but excludes non-harassing counterspeech).We proactively enforce our Community Guidelines through a mix of technology and human moderation. We have detected this policy violation using automated measures. We have used automated measures in making this decision.",,STATEMENT_CATEGORY_ILLEGAL_OR_HARMFUL_SPEECH,,,,"[""CONTENT_TYPE_TEXT""]",,,"2024-11-23 00:00:00","[""AT"",""BE"",""BG"",""CY"",""CZ"",""DE"",""DK"",""EE"",""ES"",""FI"",""FR"",""GR"",""HR"",""HU"",""IE"",""IT"",""LI"",""LT"",""LU"",""LV"",""MT"",""NL"",""NO"",""PL"",""PT"",""RO"",""SE"",""SI"",""SK""]","2024-11-23 00:00:00","The decision was taken pursuant to own-initiative investigations.",SOURCE_VOLUNTARY,,Yes,AUTOMATED_DECISION_FULLY,TikTok,7440322328589867808,"2024-11-23 04:10:48"
716f0d23-a408-4de0-bdc5-e037df2a637c,"[""DECISION_VISIBILITY_CONTENT_REMOVED""]",,,,,,,,,,,DECISION_GROUND_INCOMPATIBLE_CONTENT,,,,"Harassment and Bullying","We welcome the respectful expression of different viewpoints, but not toxicity or trolling. We do not allow language or behavior that harasses, humiliates, threatens, or doxes anyone. This also includes responding to such acts with retaliatory harassment (but excludes non-harassing counterspeech).We proactively enforce our Community Guidelines through a mix of technology and human moderation. We have detected this policy violation using automated measures. We have used automated measures in making this decision.",,STATEMENT_CATEGORY_ILLEGAL_OR_HARMFUL_SPEECH,,,,"[""CONTENT_TYPE_TEXT""]",,,"2024-11-23 00:00:00","[""AT"",""BE"",""BG"",""CY"",""CZ"",""DE"",""DK"",""EE"",""ES"",""FI"",""FR"",""GR"",""HR"",""HU"",""IE"",""IT"",""LI"",""LT"",""LU"",""LV"",""MT"",""NL"",""NO"",""PL"",""PT"",""RO"",""SE"",""SI"",""SK""]","2024-11-23 00:00:00","The decision was taken pursuant to own-initiative investigations.",SOURCE_VOLUNTARY,,Yes,AUTOMATED_DECISION_FULLY,TikTok,7440322316153772832,"2024-11-23 04:10:48"
613b5e5c-16b0-4821-bf77-c930182ae2f4,"[""DECISION_VISIBILITY_OTHER""]","Video not eligible for recommendation in the For You feed",,,,,,,,,,DECISION_GROUND_INCOMPATIBLE_CONTENT,,,,"Community Guidelines","We maintain content eligibility standards for the For You feed (FYF) that prioritize safety and are informed by the diversity of our community and cultural norms. We make ineligible for the FYF certain content that may not be appropriate for a broad audience related to: (1) Behavioral Health, (2) Sensitive and Mature Themes, (3) Integrity and Authenticity, and (4) Regulated Goods. Content that is ineligible for the FYF can still be discovered in other ways, such as through search tools or by following an account.We proactively enforce our Community Guidelines through a mix of technology and human moderation. We have detected this policy violation using automated measures. We have used automated measures in making this decision.",,STATEMENT_CATEGORY_SCOPE_OF_PLATFORM_SERVICE,,,,"[""CONTENT_TYPE_VIDEO""]",,,"2023-03-18 00:00:00","[""AT"",""BE"",""BG"",""CY"",""CZ"",""DE"",""DK"",""EE"",""ES"",""FI"",""FR"",""GR"",""HR"",""HU"",""IE"",""IT"",""LI"",""LT"",""LU"",""LV"",""MT"",""NL"",""NO"",""PL"",""PT"",""RO"",""SE"",""SI"",""SK""]","2024-11-23 00:00:00","The decision was taken pursuant to own-initiative investigations.",SOURCE_VOLUNTARY,,Yes,AUTOMATED_DECISION_FULLY,TikTok,7440322328589884192,"2024-11-23 04:10:50"
86a02103-2cf4-47f5-9d18-e9203397eed5,"[""DECISION_VISIBILITY_CONTENT_REMOVED""]",,,,,,,,,,,DECISION_GROUND_INCOMPATIBLE_CONTENT,,,,"Harassment and Bullying","We welcome the respectful expression of different viewpoints, but not toxicity or trolling. We do not allow language or behavior that harasses, humiliates, threatens, or doxes anyone. This also includes responding to such acts with retaliatory harassment (but excludes non-harassing counterspeech).We proactively enforce our Community Guidelines through a mix of technology and human moderation. We have detected this policy violation using automated measures. We have used automated measures in making this decision.",,STATEMENT_CATEGORY_ILLEGAL_OR_HARMFUL_SPEECH,,,,"[""CONTENT_TYPE_TEXT""]",,,"2024-11-23 00:00:00","[""AT"",""BE"",""BG"",""CY"",""CZ"",""DE"",""DK"",""EE"",""ES"",""FI"",""FR"",""GR"",""HR"",""HU"",""IE"",""IT"",""LI"",""LT"",""LU"",""LV"",""MT"",""NL"",""NO"",""PL"",""PT"",""RO"",""SE"",""SI"",""SK""]","2024-11-23 00:00:00","The decision was taken pursuant to own-initiative investigations.",SOURCE_VOLUNTARY,,Yes,AUTOMATED_DECISION_FULLY,TikTok,7440322333371276064,"2024-11-23 04:10:50"
3c6d47f0-50ad-4fdd-b2e8-80a4928c9d3b,"[""DECISION_VISIBILITY_OTHER""]","Photo not eligible for recommendation in the For You feed, and visibility restricted in search results",,,,,,,,,,DECISION_GROUND_INCOMPATIBLE_CONTENT,,,,"Community Guidelines","We maintain content eligibility standards for the For You feed (FYF) that prioritize safety and are informed by the diversity of our community and cultural norms. We make ineligible for the FYF certain content that may not be appropriate for a broad audience related to: (1) Behavioral Health, (2) Sensitive and Mature Themes, (3) Integrity and Authenticity, and (4) Regulated Goods. Content that is ineligible for the FYF can still be discovered in other ways, such as through search tools or by following an account.We proactively enforce our Community Guidelines through a mix of technology and human moderation. We have detected this policy violation using automated measures. We have used automated measures in making this decision.",,STATEMENT_CATEGORY_SCOPE_OF_PLATFORM_SERVICE,,,,"[""CONTENT_TYPE_IMAGE""]",,,"2024-11-23 00:00:00","[""AT"",""BE"",""BG"",""CY"",""CZ"",""DE"",""DK"",""EE"",""ES"",""FI"",""FR"",""GR"",""HR"",""HU"",""IE"",""IT"",""LI"",""LT"",""LU"",""LV"",""MT"",""NL"",""NO"",""PL"",""PT"",""RO"",""SE"",""SI"",""SK""]","2024-11-23 00:00:00","The decision was taken pursuant to own-initiative investigations.",SOURCE_VOLUNTARY,,Yes,AUTOMATED_DECISION_FULLY,TikTok,7440322333371292448,"2024-11-23 04:10:50"
17b7dfd3-110b-441a-be8d-2609cec31d7f,"[""DECISION_VISIBILITY_OTHER""]","Video not eligible for recommendation in the For You feed",,,,,,,,,,DECISION_GROUND_INCOMPATIBLE_CONTENT,,,,"Nudity and Body Exposure","We celebrate all shapes and sizes and want people to feel comfortable in how they present themselves and their bodies. Content is ineligible for the For You feed and harder to find in search if it shows moderate body exposure of a young person, or significant body exposure of an adult. We allow regional exceptions for body exposure in limited situations, such as common cultural practices.We proactively enforce our Community Guidelines through a mix of technology and human moderation. We have detected this policy violation using automated measures. We have used automated measures in making this decision.",,STATEMENT_CATEGORY_SCOPE_OF_PLATFORM_SERVICE,,,,"[""CONTENT_TYPE_VIDEO""]",,,"2024-11-23 00:00:00","[""AT"",""BE"",""BG"",""CY"",""CZ"",""DE"",""DK"",""EE"",""ES"",""FI"",""FR"",""GR"",""HR"",""HU"",""IE"",""IT"",""LI"",""LT"",""LU"",""LV"",""MT"",""NL"",""NO"",""PL"",""PT"",""RO"",""SE"",""SI"",""SK""]","2024-11-23 00:00:00","The decision was taken pursuant to own-initiative investigations.",SOURCE_VOLUNTARY,,Yes,AUTOMATED_DECISION_FULLY,TikTok,7440322333371308832,"2024-11-23 04:10:50"
67d0fb3a-f6dc-4fba-953d-956fbf4dd851,"[""DECISION_VISIBILITY_OTHER""]","Photo not eligible for recommendation in the For You feed",,,,,,,,,,DECISION_GROUND_INCOMPATIBLE_CONTENT,,,,"Community Guidelines","Your content is against our Community Guidelines. The guidelines include rules and standards for using TikTok that apply to everyone and everything on our platform.",,STATEMENT_CATEGORY_SCOPE_OF_PLATFORM_SERVICE,,,,"[""CONTENT_TYPE_IMAGE""]",,,"2024-11-23 00:00:00","[""AT"",""BE"",""BG"",""CY"",""CZ"",""DE"",""DK"",""EE"",""ES"",""FI"",""FR"",""GR"",""HR"",""HU"",""IE"",""IT"",""LI"",""LT"",""LU"",""LV"",""MT"",""NL"",""NO"",""PL"",""PT"",""RO"",""SE"",""SI"",""SK""]","2024-11-23 00:00:00","The decision was taken pursuant to own-initiative investigations.",SOURCE_VOLUNTARY,,Yes,AUTOMATED_DECISION_FULLY,TikTok,7440322328589900576,"2024-11-23 04:10:50"
a7fa21ec-49d9-4653-bf84-8e3089fbb051,"[""DECISION_VISIBILITY_CONTENT_REMOVED""]",,,,,,,,,,,DECISION_GROUND_INCOMPATIBLE_CONTENT,,,,"Harassment and Bullying","We welcome the respectful expression of different viewpoints, but not toxicity or trolling. We do not allow language or behavior that harasses, humiliates, threatens, or doxes anyone. This also includes responding to such acts with retaliatory harassment (but excludes non-harassing counterspeech).We proactively enforce our Community Guidelines through a mix of technology and human moderation. We have detected this policy violation using automated measures. We have used automated measures in making this decision.",,STATEMENT_CATEGORY_ILLEGAL_OR_HARMFUL_SPEECH,,,,"[""CONTENT_TYPE_TEXT""]",,,"2024-11-23 00:00:00","[""AT"",""BE"",""BG"",""CY"",""CZ"",""DE"",""DK"",""EE"",""ES"",""FI"",""FR"",""GR"",""HR"",""HU"",""IE"",""IT"",""LI"",""LT"",""LU"",""LV"",""MT"",""NL"",""NO"",""PL"",""PT"",""RO"",""SE"",""SI"",""SK""]","2024-11-23 00:00:00","The decision was taken pursuant to own-initiative investigations.",SOURCE_VOLUNTARY,,Yes,AUTOMATED_DECISION_FULLY,TikTok,7440322328589916960,"2024-11-23 04:10:50"
033029ef-3d5c-43cd-8ed1-1eb893913590,"[""DECISION_VISIBILITY_OTHER""]","Ad is not eligible for posting.",,,,,,,,,,DECISION_GROUND_INCOMPATIBLE_CONTENT,,,,"Our review indicates that your advertising content may violate TikTok's advertising policies by promoting prohibited products or services in the targeted locations. Our review indicates that your advertising content may violate TikTok's advertising policies by featuring a product/service which belongs to a prohibited industry of the targeted location(s) in your ad. For more policy details, please refer to ""TikTok Advertising Policies - Industry Entry"" (https://ads.tiktok.com/help/article?aid=668","For more policy details, please refer to """"TikTok Advertising Policies - Industry Entry"" (https://ads.tiktok.com/help/article?aid=6685586866860720134).Please change the promoted product/service in your ad or change the targeted location(s) in your ad group settings according to our policy. For more policy details, please refer to ""TikTok Advertising Policies - Industry Entry"" (https://ads.tiktok.com/help/article?aid=6685586866860720134).",,STATEMENT_CATEGORY_SCOPE_OF_PLATFORM_SERVICE,,,,"[""CONTENT_TYPE_VIDEO""]",,,"2024-11-22 00:00:00","[""AT"",""DE""]","2024-11-23 00:00:00","The decision was taken pursuant to own-initiative investigations.",SOURCE_VOLUNTARY,,Yes,AUTOMATED_DECISION_FULLY,TikTok,7440322333371325216,"2024-11-23 04:10:50"
a97cd30d-50f7-4158-b662-b889e13cbe6d,"[""DECISION_VISIBILITY_OTHER""]","Video not eligible for recommendation in the For You feed",,,,,,,,,,DECISION_GROUND_INCOMPATIBLE_CONTENT,,,,"Community Guidelines","We maintain content eligibility standards for the For You feed (FYF) that prioritize safety and are informed by the diversity of our community and cultural norms. We make ineligible for the FYF certain content that may not be appropriate for a broad audience related to: (1) Behavioral Health, (2) Sensitive and Mature Themes, (3) Integrity and Authenticity, and (4) Regulated Goods. Content that is ineligible for the FYF can still be discovered in other ways, such as through search tools or by following an account.We proactively enforce our Community Guidelines through a mix of technology and human moderation. We have detected this policy violation using automated measures.",,STATEMENT_CATEGORY_SCOPE_OF_PLATFORM_SERVICE,,,,"[""CONTENT_TYPE_VIDEO""]",,,"2022-06-03 00:00:00","[""AT"",""BE"",""BG"",""CY"",""CZ"",""DE"",""DK"",""EE"",""ES"",""FI"",""FR"",""GR"",""HR"",""HU"",""IE"",""IT"",""LI"",""LT"",""LU"",""LV"",""MT"",""NL"",""NO"",""PL"",""PT"",""RO"",""SE"",""SI"",""SK""]","2024-11-23 00:00:00","The decision was taken pursuant to own-initiative investigations.",SOURCE_VOLUNTARY,,Yes,AUTOMATED_DECISION_NOT_AUTOMATED,TikTok,7440322142010399521,"2024-11-23 04:11:08"
e77e9720-843f-4d22-b05a-ddc4c158cc54,"[""DECISION_VISIBILITY_CONTENT_REMOVED""]",,,,,,,,,,,DECISION_GROUND_INCOMPATIBLE_CONTENT,,,,"Harassment and Bullying","We welcome the respectful expression of different viewpoints, but not toxicity or trolling. We do not allow language or behavior that harasses, humiliates, threatens, or doxes anyone. This also includes responding to such acts with retaliatory harassment (but excludes non-harassing counterspeech).We proactively enforce our Community Guidelines through a mix of technology and human moderation. We have detected this policy violation using automated measures. We have used automated measures in making this decision.",,STATEMENT_CATEGORY_ILLEGAL_OR_HARMFUL_SPEECH,,,,"[""CONTENT_TYPE_TEXT""]",,,"2024-11-23 00:00:00","[""AT"",""BE"",""BG"",""CY"",""CZ"",""DE"",""DK"",""EE"",""ES"",""FI"",""FR"",""GR"",""HR"",""HU"",""IE"",""IT"",""LI"",""LT"",""LU"",""LV"",""MT"",""NL"",""NO"",""PL"",""PT"",""RO"",""SE"",""SI"",""SK""]","2024-11-23 00:00:00","The decision was taken pursuant to own-initiative investigations.",SOURCE_VOLUNTARY,,Yes,AUTOMATED_DECISION_FULLY,TikTok,7440322242816301857,"2024-11-23 04:11:08"
f1199fb2-b47f-44be-b7d7-b164090cb4c8,"[""DECISION_VISIBILITY_CONTENT_REMOVED""]",,,,,,,,,,,DECISION_GROUND_INCOMPATIBLE_CONTENT,,,,"Harassment and Bullying","We welcome the respectful expression of different viewpoints, but not toxicity or trolling. We do not allow language or behavior that harasses, humiliates, threatens, or doxes anyone. This also includes responding to such acts with retaliatory harassment (but excludes non-harassing counterspeech).We proactively enforce our Community Guidelines through a mix of technology and human moderation. We have detected this policy violation using automated measures. We have used automated measures in making this decision.",,STATEMENT_CATEGORY_ILLEGAL_OR_HARMFUL_SPEECH,,,,"[""CONTENT_TYPE_TEXT""]",,,"2024-11-23 00:00:00","[""AT"",""BE"",""BG"",""CY"",""CZ"",""DE"",""DK"",""EE"",""ES"",""FI"",""FR"",""GR"",""HR"",""HU"",""IE"",""IT"",""LI"",""LT"",""LU"",""LV"",""MT"",""NL"",""NO"",""PL"",""PT"",""RO"",""SE"",""SI"",""SK""]","2024-11-23 00:00:00","The decision was taken pursuant to own-initiative investigations.",SOURCE_VOLUNTARY,,Yes,AUTOMATED_DECISION_FULLY,TikTok,7440322242816318241,"2024-11-23 04:11:08"
1f95671e-af4c-4e20-bec0-5be45709a97f,"[""DECISION_VISIBILITY_OTHER""]","Video not eligible for recommendation in the For You feed",,,,,,,,,,DECISION_GROUND_INCOMPATIBLE_CONTENT,,,,"Community Guidelines","We maintain content eligibility standards for the For You feed (FYF) that prioritize safety and are informed by the diversity of our community and cultural norms. We make ineligible for the FYF certain content that may not be appropriate for a broad audience related to: (1) Behavioral Health, (2) Sensitive and Mature Themes, (3) Integrity and Authenticity, and (4) Regulated Goods. Content that is ineligible for the FYF can still be discovered in other ways, such as through search tools or by following an account.We proactively enforce our Community Guidelines through a mix of technology and human moderation. We have detected this policy violation using automated measures. We have used automated measures in making this decision.",,STATEMENT_CATEGORY_SCOPE_OF_PLATFORM_SERVICE,,,,"[""CONTENT_TYPE_VIDEO""]",,,"2024-11-23 00:00:00","[""AT"",""BE"",""BG"",""CY"",""CZ"",""DE"",""DK"",""EE"",""ES"",""FI"",""FR"",""GR"",""HR"",""HU"",""IE"",""IT"",""LI"",""LT"",""LU"",""LV"",""MT"",""NL"",""NO"",""PL"",""PT"",""RO"",""SE"",""SI"",""SK""]","2024-11-23 00:00:00","The decision was taken pursuant to own-initiative investigations.",SOURCE_VOLUNTARY,,Yes,AUTOMATED_DECISION_FULLY,TikTok,7440322243315391264,"2024-11-23 04:11:08"
29776ed7-39b0-48e1-9fc1-344105ac6ae7,"[""DECISION_VISIBILITY_OTHER""]","Video not eligible for recommendation in the For You feed",,,,,,,,,,DECISION_GROUND_INCOMPATIBLE_CONTENT,,,,"Alcohol, Tobacco, and Drugs","While adults make personal choices about how they engage with alcohol, drugs, and tobacco, we recognize that there are risks connected to trading and using these substances. Content is ineligible for the For You feed and harder to find in search if it shows adults consuming excessive amounts of alcohol or tobacco products.We proactively enforce our Community Guidelines through a mix of technology and human moderation. We have detected this policy violation using automated measures. We have used automated measures in making this decision.",,STATEMENT_CATEGORY_SCOPE_OF_PLATFORM_SERVICE,,,,"[""CONTENT_TYPE_VIDEO""]",,,"2024-11-23 00:00:00","[""AT"",""BE"",""BG"",""CY"",""CZ"",""DE"",""DK"",""EE"",""ES"",""FI"",""FR"",""GR"",""HR"",""HU"",""IE"",""IT"",""LI"",""LT"",""LU"",""LV"",""MT"",""NL"",""NO"",""PL"",""PT"",""RO"",""SE"",""SI"",""SK""]","2024-11-23 00:00:00","The decision was taken pursuant to own-initiative investigations.",SOURCE_VOLUNTARY,,Yes,AUTOMATED_DECISION_FULLY,TikTok,7440322242816334625,"2024-11-23 04:11:08"
f627fca8-5f50-4f7a-8fbb-8ed55b85bb5a,"[""DECISION_VISIBILITY_CONTENT_REMOVED""]",,,,,,,,,,,DECISION_GROUND_INCOMPATIBLE_CONTENT,,,,"Personal Information","We are committed to making sure that any personal information shared intentionally or accidentally on TikTok does not lead to harm. We do not allow content that includes personal information that may create a risk of stalking, violence, phishing, fraud, identity theft, or financial exploitation, including content that someone has posted themselves or that they consented to being shared by others.We proactively enforce our Community Guidelines through a mix of technology and human moderation. We have detected this policy violation using automated measures. We have used automated measures in making this decision.",,STATEMENT_CATEGORY_DATA_PROTECTION_AND_PRIVACY_VIOLATIONS,,,,"[""CONTENT_TYPE_VIDEO""]",,,"2024-11-23 00:00:00","[""AT"",""BE"",""BG"",""CY"",""CZ"",""DE"",""DK"",""EE"",""ES"",""FI"",""FR"",""GR"",""HR"",""HU"",""IE"",""IT"",""LI"",""LT"",""LU"",""LV"",""MT"",""NL"",""NO"",""PL"",""PT"",""RO"",""SE"",""SI"",""SK""]","2024-11-23 00:00:00","The decision was taken pursuant to own-initiative investigations.",SOURCE_VOLUNTARY,,Yes,AUTOMATED_DECISION_FULLY,TikTok,7440322243315407648,"2024-11-23 04:11:08"
deaa86a8-91d7-45d3-820b-a187269d2224,"[""DECISION_VISIBILITY_OTHER""]","Photo not eligible for recommendation in the For You feed, and visibility restricted in search results",,,,,,,,,,DECISION_GROUND_INCOMPATIBLE_CONTENT,,,,"Community Guidelines","We maintain content eligibility standards for the For You feed (FYF) that prioritize safety and are informed by the diversity of our community and cultural norms. We make ineligible for the FYF certain content that may not be appropriate for a broad audience related to: (1) Behavioral Health, (2) Sensitive and Mature Themes, (3) Integrity and Authenticity, and (4) Regulated Goods. Content that is ineligible for the FYF can still be discovered in other ways, such as through search tools or by following an account.We proactively enforce our Community Guidelines through a mix of technology and human moderation. We have detected this policy violation using automated measures. We have used automated measures in making this decision.",,STATEMENT_CATEGORY_SCOPE_OF_PLATFORM_SERVICE,,,,"[""CONTENT_TYPE_IMAGE""]",,,"2024-11-23 00:00:00","[""AT"",""BE"",""BG"",""CY"",""CZ"",""DE"",""DK"",""EE"",""ES"",""FI"",""FR"",""GR"",""HR"",""HU"",""IE"",""IT"",""LI"",""LT"",""LU"",""LV"",""MT"",""NL"",""NO"",""PL"",""PT"",""RO"",""SE"",""SI"",""SK""]","2024-11-23 00:00:00","The decision was taken pursuant to own-initiative investigations.",SOURCE_VOLUNTARY,,Yes,AUTOMATED_DECISION_FULLY,TikTok,7440322242816351009,"2024-11-23 04:11:08"
325baaaf-d991-40d7-b8cb-311976041e92,"[""DECISION_VISIBILITY_CONTENT_REMOVED""]",,,,,,,,,,,DECISION_GROUND_INCOMPATIBLE_CONTENT,,,,"Harassment and Bullying","We welcome the respectful expression of different viewpoints, but not toxicity or trolling. We do not allow language or behavior that harasses, humiliates, threatens, or doxes anyone. This also includes responding to such acts with retaliatory harassment (but excludes non-harassing counterspeech).We proactively enforce our Community Guidelines through a mix of technology and human moderation. We have detected this policy violation using automated measures. We have used automated measures in making this decision.",,STATEMENT_CATEGORY_ILLEGAL_OR_HARMFUL_SPEECH,,,,"[""CONTENT_TYPE_TEXT""]",,,"2024-11-23 00:00:00","[""AT"",""BE"",""BG"",""CY"",""CZ"",""DE"",""DK"",""EE"",""ES"",""FI"",""FR"",""GR"",""HR"",""HU"",""IE"",""IT"",""LI"",""LT"",""LU"",""LV"",""MT"",""NL"",""NO"",""PL"",""PT"",""RO"",""SE"",""SI"",""SK""]","2024-11-23 00:00:00","The decision was taken pursuant to own-initiative investigations.",SOURCE_VOLUNTARY,,Yes,AUTOMATED_DECISION_FULLY,TikTok,7440322243315424032,"2024-11-23 04:11:08"
840871b3-e98a-4881-bf25-1028397c5666,"[""DECISION_VISIBILITY_OTHER""]","Photo not eligible for recommendation in the For You feed",,,,,,,,,,DECISION_GROUND_INCOMPATIBLE_CONTENT,,,,"Community Guidelines","Your content is against our Community Guidelines. The guidelines include rules and standards for using TikTok that apply to everyone and everything on our platform.",,STATEMENT_CATEGORY_DATA_PROTECTION_AND_PRIVACY_VIOLATIONS,,,,"[""CONTENT_TYPE_IMAGE""]",,,"2024-11-23 00:00:00","[""AT"",""BE"",""BG"",""CY"",""CZ"",""DE"",""DK"",""EE"",""ES"",""FI"",""FR"",""GR"",""HR"",""HU"",""IE"",""IT"",""LI"",""LT"",""LU"",""LV"",""MT"",""NL"",""NO"",""PL"",""PT"",""RO"",""SE"",""SI"",""SK""]","2024-11-23 00:00:00","The decision was taken pursuant to own-initiative investigations.",SOURCE_VOLUNTARY,,Yes,AUTOMATED_DECISION_FULLY,TikTok,7440322243315440416,"2024-11-23 04:11:08"
278287ac-6423-4845-84c6-53d50937332e,"[""DECISION_VISIBILITY_CONTENT_REMOVED""]",,,,,,,,,,,DECISION_GROUND_INCOMPATIBLE_CONTENT,,,,"Harassment and Bullying","We welcome the respectful expression of different viewpoints, but not toxicity or trolling. We do not allow language or behavior that harasses, humiliates, threatens, or doxes anyone. This also includes responding to such acts with retaliatory harassment (but excludes non-harassing counterspeech).We proactively enforce our Community Guidelines through a mix of technology and human moderation. We have detected this policy violation using automated measures. We have used automated measures in making this decision.",,STATEMENT_CATEGORY_ILLEGAL_OR_HARMFUL_SPEECH,,,,"[""CONTENT_TYPE_TEXT""]",,,"2024-11-23 00:00:00","[""AT"",""BE"",""BG"",""CY"",""CZ"",""DE"",""DK"",""EE"",""ES"",""FI"",""FR"",""GR"",""HR"",""HU"",""IE"",""IT"",""LI"",""LT"",""LU"",""LV"",""MT"",""NL"",""NO"",""PL"",""PT"",""RO"",""SE"",""SI"",""SK""]","2024-11-23 00:00:00","The decision was taken pursuant to own-initiative investigations.",SOURCE_VOLUNTARY,,Yes,AUTOMATED_DECISION_FULLY,TikTok,7440322243315522336,"2024-11-23 04:11:08"
260daa05-a865-4161-b920-4b263e76ef83,"[""DECISION_VISIBILITY_OTHER""]","Video not eligible for recommendation in the For You feed, and visibility restricted in search results",,,,,,,,,,DECISION_GROUND_INCOMPATIBLE_CONTENT,,,,"Community Guidelines","We maintain content eligibility standards for the For You feed (FYF) that prioritize safety and are informed by the diversity of our community and cultural norms. We make ineligible for the FYF certain content that may not be appropriate for a broad audience related to: (1) Behavioral Health, (2) Sensitive and Mature Themes, (3) Integrity and Authenticity, and (4) Regulated Goods. Content that is ineligible for the FYF can still be discovered in other ways, such as through search tools or by following an account.We proactively enforce our Community Guidelines through a mix of technology and human moderation. We have detected this policy violation using automated measures.",,STATEMENT_CATEGORY_SCOPE_OF_PLATFORM_SERVICE,,,,"[""CONTENT_TYPE_VIDEO""]",,,"2024-11-23 00:00:00","[""AT"",""BE"",""BG"",""CY"",""CZ"",""DE"",""DK"",""EE"",""ES"",""FI"",""FR"",""GR"",""HR"",""HU"",""IE"",""IT"",""LI"",""LT"",""LU"",""LV"",""MT"",""NL"",""NO"",""PL"",""PT"",""RO"",""SE"",""SI"",""SK""]","2024-11-23 00:00:00","The decision was taken pursuant to own-initiative investigations.",SOURCE_VOLUNTARY,,Yes,AUTOMATED_DECISION_NOT_AUTOMATED,TikTok,7440322256162528033,"2024-11-23 04:11:08"
e154687c-3e0e-4b4e-b17d-9d02e4948c49,"[""DECISION_VISIBILITY_CONTENT_REMOVED""]",,,,,,,,,,,DECISION_GROUND_INCOMPATIBLE_CONTENT,,,,"Harassment and Bullying","We welcome the respectful expression of different viewpoints, but not toxicity or trolling. We do not allow language or behavior that harasses, humiliates, threatens, or doxes anyone. This also includes responding to such acts with retaliatory harassment (but excludes non-harassing counterspeech).We proactively enforce our Community Guidelines through a mix of technology and human moderation. We have detected this policy violation using automated measures. We have used automated measures in making this decision.",,STATEMENT_CATEGORY_ILLEGAL_OR_HARMFUL_SPEECH,,,,"[""CONTENT_TYPE_TEXT""]",,,"2024-11-23 00:00:00","[""AT"",""BE"",""BG"",""CY"",""CZ"",""DE"",""DK"",""EE"",""ES"",""FI"",""FR"",""GR"",""HR"",""HU"",""IE"",""IT"",""LI"",""LT"",""LU"",""LV"",""MT"",""NL"",""NO"",""PL"",""PT"",""RO"",""SE"",""SI"",""SK""]","2024-11-23 00:00:00","The decision was taken pursuant to own-initiative investigations.",SOURCE_VOLUNTARY,,Yes,AUTOMATED_DECISION_FULLY,TikTok,7440322254396758817,"2024-11-23 04:11:08"
453dcfea-3f77-470c-9d3f-f55d03dc06a2,"[""DECISION_VISIBILITY_OTHER""]","Video not eligible for recommendation in the For You feed, and visibility restricted in search results",,,,,,,,,,DECISION_GROUND_INCOMPATIBLE_CONTENT,,,,"Community Guidelines","We maintain content eligibility standards for the For You feed (FYF) that prioritize safety and are informed by the diversity of our community and cultural norms. We make ineligible for the FYF certain content that may not be appropriate for a broad audience related to: (1) Behavioral Health, (2) Sensitive and Mature Themes, (3) Integrity and Authenticity, and (4) Regulated Goods. Content that is ineligible for the FYF can still be discovered in other ways, such as through search tools or by following an account.We proactively enforce our Community Guidelines through a mix of technology and human moderation. We have detected this policy violation using automated measures.",,STATEMENT_CATEGORY_SCOPE_OF_PLATFORM_SERVICE,,,,"[""CONTENT_TYPE_VIDEO""]",,,"2024-11-23 00:00:00","[""AT"",""BE"",""BG"",""CY"",""CZ"",""DE"",""DK"",""EE"",""ES"",""FI"",""FR"",""GR"",""HR"",""HU"",""IE"",""IT"",""LI"",""LT"",""LU"",""LV"",""MT"",""NL"",""NO"",""PL"",""PT"",""RO"",""SE"",""SI"",""SK""]","2024-11-23 00:00:00","The decision was taken pursuant to own-initiative investigations.",SOURCE_VOLUNTARY,,Yes,AUTOMATED_DECISION_NOT_AUTOMATED,TikTok,7440322256162544417,"2024-11-23 04:11:08"
65c087d9-6421-400f-b033-8cf4cc94ec87,"[""DECISION_VISIBILITY_CONTENT_REMOVED""]",,,,,,,,,,,DECISION_GROUND_INCOMPATIBLE_CONTENT,,,,"Harassment and Bullying","We welcome the respectful expression of different viewpoints, but not toxicity or trolling. We do not allow language or behavior that harasses, humiliates, threatens, or doxes anyone. This also includes responding to such acts with retaliatory harassment (but excludes non-harassing counterspeech).We proactively enforce our Community Guidelines through a mix of technology and human moderation. We have detected this policy violation using automated measures. We have used automated measures in making this decision.",,STATEMENT_CATEGORY_ILLEGAL_OR_HARMFUL_SPEECH,,,,"[""CONTENT_TYPE_TEXT""]",,,"2024-11-23 00:00:00","[""AT"",""BE"",""BG"",""CY"",""CZ"",""DE"",""DK"",""EE"",""ES"",""FI"",""FR"",""GR"",""HR"",""HU"",""IE"",""IT"",""LI"",""LT"",""LU"",""LV"",""MT"",""NL"",""NO"",""PL"",""PT"",""RO"",""SE"",""SI"",""SK""]","2024-11-23 00:00:00","The decision was taken pursuant to own-initiative investigations.",SOURCE_VOLUNTARY,,Yes,AUTOMATED_DECISION_FULLY,TikTok,7440322256162577185,"2024-11-23 04:11:08"
24a5c685-5f0d-4e2f-a247-7a3a2ad58718,"[""DECISION_VISIBILITY_CONTENT_AGE_RESTRICTED""]",,,,,,,,,,,DECISION_GROUND_INCOMPATIBLE_CONTENT,,,,"Minimum Age Requirement","Users must be 13 years and older to have a TikTok account. We are deeply committed to ensuring that TikTok is a safe and positive experience for people under the age of 18. This starts by being old enough to use TikTok. If we learn someone is below the minimum age on TikTok, we will ban that account. Content created by anyone under 16 is ineligible for the For You feed and harder to find in search.We proactively enforce our Community Guidelines through a mix of technology and human moderation. We have detected this policy violation using automated measures.",,STATEMENT_CATEGORY_PROTECTION_OF_MINORS,,,,"[""CONTENT_TYPE_VIDEO""]",,,"2024-11-22 00:00:00","[""AT"",""BE"",""BG"",""CY"",""CZ"",""DE"",""DK"",""EE"",""ES"",""FI"",""FR"",""GR"",""HR"",""HU"",""IE"",""IT"",""LI"",""LT"",""LU"",""LV"",""MT"",""NL"",""NO"",""PL"",""PT"",""RO"",""SE"",""SI"",""SK""]","2024-11-23 00:00:00","The decision was taken pursuant to own-initiative investigations.",SOURCE_VOLUNTARY,,Yes,AUTOMATED_DECISION_NOT_AUTOMATED,TikTok,7440322254396775201,"2024-11-23 04:11:08"
01a04671-2ef7-4b6b-9f47-0ca79e1c9a4c,,,,,,,,,DECISION_ACCOUNT_TERMINATED,,,DECISION_GROUND_INCOMPATIBLE_CONTENT,,,,"Advertising policy violation","Reasons why your account may have been suspended: - We received a report or complaint about your account from people on TikTok or other channels. - There are problems with your ad creative, or qualifications or services provided in your ads. - We suspected malicious behavior or intent during ad creation. - You made changes to your ad's landing page after launching the campaign.",,STATEMENT_CATEGORY_SCOPE_OF_PLATFORM_SERVICE,,,,"[""CONTENT_TYPE_OTHER""]","Account Suspended",,"2024-11-22 00:00:00","[""AT"",""BE"",""BG"",""CY"",""CZ"",""DE"",""DK"",""EE"",""ES"",""FI"",""FR"",""GR"",""HR"",""HU"",""IE"",""IT"",""LI"",""LT"",""LU"",""LV"",""MT"",""NL"",""NO"",""PL"",""PT"",""RO"",""SE"",""SI"",""SK""]","2024-11-23 00:00:00","The decision was taken pursuant to own-initiative investigations.",SOURCE_VOLUNTARY,,Yes,AUTOMATED_DECISION_FULLY,TikTok,7440322254396791585,"2024-11-23 04:11:08"
4792610a-eecf-4e4c-a91a-4797032bcd5a,"[""DECISION_VISIBILITY_OTHER""]","Video not eligible for recommendation in the For You feed, and visibility restricted in search results",,,,,,,,,,DECISION_GROUND_INCOMPATIBLE_CONTENT,,,,"Community Guidelines","We maintain content eligibility standards for the For You feed (FYF) that prioritize safety and are informed by the diversity of our community and cultural norms. We make ineligible for the FYF certain content that may not be appropriate for a broad audience related to: (1) Behavioral Health, (2) Sensitive and Mature Themes, (3) Integrity and Authenticity, and (4) Regulated Goods. Content that is ineligible for the FYF can still be discovered in other ways, such as through search tools or by following an account.We proactively enforce our Community Guidelines through a mix of technology and human moderation. We have detected this policy violation using automated measures.",,STATEMENT_CATEGORY_SCOPE_OF_PLATFORM_SERVICE,,,,"[""CONTENT_TYPE_VIDEO""]",,,"2024-11-23 00:00:00","[""AT"",""BE"",""BG"",""CY"",""CZ"",""DE"",""DK"",""EE"",""ES"",""FI"",""FR"",""GR"",""HR"",""HU"",""IE"",""IT"",""LI"",""LT"",""LU"",""LV"",""MT"",""NL"",""NO"",""PL"",""PT"",""RO"",""SE"",""SI"",""SK""]","2024-11-23 00:00:00","The decision was taken pursuant to own-initiative investigations.",SOURCE_VOLUNTARY,,Yes,AUTOMATED_DECISION_NOT_AUTOMATED,TikTok,7440322254396807969,"2024-11-23 04:11:08"
887361ea-6370-4014-9b06-afdfae66e898,"[""DECISION_VISIBILITY_CONTENT_AGE_RESTRICTED""]",,,,,,,,,,,DECISION_GROUND_INCOMPATIBLE_CONTENT,,,,"Minimum Age Requirement","Users must be 13 years and older to have a TikTok account. We are deeply committed to ensuring that TikTok is a safe and positive experience for people under the age of 18. This starts by being old enough to use TikTok. If we learn someone is below the minimum age on TikTok, we will ban that account. Content created by anyone under 16 is ineligible for the For You feed and harder to find in search.We proactively enforce our Community Guidelines through a mix of technology and human moderation. We have detected this policy violation using automated measures.",,STATEMENT_CATEGORY_PROTECTION_OF_MINORS,,,,"[""CONTENT_TYPE_VIDEO""]",,,"2024-11-22 00:00:00","[""AT"",""BE"",""BG"",""CY"",""CZ"",""DE"",""DK"",""EE"",""ES"",""FI"",""FR"",""GR"",""HR"",""HU"",""IE"",""IT"",""LI"",""LT"",""LU"",""LV"",""MT"",""NL"",""NO"",""PL"",""PT"",""RO"",""SE"",""SI"",""SK""]","2024-11-23 00:00:00","The decision was taken pursuant to own-initiative investigations.",SOURCE_VOLUNTARY,,Yes,AUTOMATED_DECISION_NOT_AUTOMATED,TikTok,7440322256162593569,"2024-11-23 04:11:08"
d5db99f6-6439-4929-a32f-d1caab53af46,"[""DECISION_VISIBILITY_OTHER""]","Photo not eligible for recommendation in the For You feed, and visibility restricted in search results",,,,,,,,,,DECISION_GROUND_INCOMPATIBLE_CONTENT,,,,"Community Guidelines","We maintain content eligibility standards for the For You feed (FYF) that prioritize safety and are informed by the diversity of our community and cultural norms. We make ineligible for the FYF certain content that may not be appropriate for a broad audience related to: (1) Behavioral Health, (2) Sensitive and Mature Themes, (3) Integrity and Authenticity, and (4) Regulated Goods. Content that is ineligible for the FYF can still be discovered in other ways, such as through search tools or by following an account.We proactively enforce our Community Guidelines through a mix of technology and human moderation. We have detected this policy violation using automated measures. We have used automated measures in making this decision.",,STATEMENT_CATEGORY_SCOPE_OF_PLATFORM_SERVICE,,,,"[""CONTENT_TYPE_IMAGE""]",,,"2024-11-23 00:00:00","[""AT"",""BE"",""BG"",""CY"",""CZ"",""DE"",""DK"",""EE"",""ES"",""FI"",""FR"",""GR"",""HR"",""HU"",""IE"",""IT"",""LI"",""LT"",""LU"",""LV"",""MT"",""NL"",""NO"",""PL"",""PT"",""RO"",""SE"",""SI"",""SK""]","2024-11-23 00:00:00","The decision was taken pursuant to own-initiative investigations.",SOURCE_VOLUNTARY,,Yes,AUTOMATED_DECISION_FULLY,TikTok,7440322267969510177,"2024-11-23 04:11:08"
3aedf83a-781a-4b87-ae16-4099bcee90a6,"[""DECISION_VISIBILITY_CONTENT_REMOVED""]",,,,,,,,,,,DECISION_GROUND_INCOMPATIBLE_CONTENT,,,,"Harassment and Bullying","We welcome the respectful expression of different viewpoints, but not toxicity or trolling. We do not allow language or behavior that harasses, humiliates, threatens, or doxes anyone. This also includes responding to such acts with retaliatory harassment (but excludes non-harassing counterspeech).We proactively enforce our Community Guidelines through a mix of technology and human moderation. We have detected this policy violation using automated measures. We have used automated measures in making this decision.",,STATEMENT_CATEGORY_ILLEGAL_OR_HARMFUL_SPEECH,,,,"[""CONTENT_TYPE_TEXT""]",,,"2024-11-23 00:00:00","[""AT"",""BE"",""BG"",""CY"",""CZ"",""DE"",""DK"",""EE"",""ES"",""FI"",""FR"",""GR"",""HR"",""HU"",""IE"",""IT"",""LI"",""LT"",""LU"",""LV"",""MT"",""NL"",""NO"",""PL"",""PT"",""RO"",""SE"",""SI"",""SK""]","2024-11-23 00:00:00","The decision was taken pursuant to own-initiative investigations.",SOURCE_VOLUNTARY,,Yes,AUTOMATED_DECISION_FULLY,TikTok,7440322268753828641,"2024-11-23 04:11:08"
eb1879fc-681c-4004-a656-1e13c964c86e,"[""DECISION_VISIBILITY_OTHER""]","Photo not eligible for recommendation in the For You feed, and visibility restricted in search results",,,,,,,,,,DECISION_GROUND_INCOMPATIBLE_CONTENT,,,,"Dangerous Activities and Challenges","Most activities or challenges are appropriate for everyone, but some may carry a risk of significant injury. Content is ineligible for the For You feed if it involves activities likely to lead to moderate physical harm or includes professionals performing extreme sports and stunts that may endanger others.We proactively enforce our Community Guidelines through a mix of technology and human moderation. We have detected this policy violation using automated measures. We have used automated measures in making this decision.",,STATEMENT_CATEGORY_SCOPE_OF_PLATFORM_SERVICE,,,,"[""CONTENT_TYPE_IMAGE""]",,,"2024-11-23 00:00:00","[""AT"",""BE"",""BG"",""CY"",""CZ"",""DE"",""DK"",""EE"",""ES"",""FI"",""FR"",""GR"",""HR"",""HU"",""IE"",""IT"",""LI"",""LT"",""LU"",""LV"",""MT"",""NL"",""NO"",""PL"",""PT"",""RO"",""SE"",""SI"",""SK""]","2024-11-23 00:00:00","The decision was taken pursuant to own-initiative investigations.",SOURCE_VOLUNTARY,,Yes,AUTOMATED_DECISION_FULLY,TikTok,7440322268753845025,"2024-11-23 04:11:08"
b9c0e8b0-2e06-4b27-8f0f-5ce73c9c14da,"[""DECISION_VISIBILITY_CONTENT_REMOVED""]",,,,,,,,,,,DECISION_GROUND_INCOMPATIBLE_CONTENT,,,,"Harassment and Bullying","We welcome the respectful expression of different viewpoints, but not toxicity or trolling. We do not allow language or behavior that harasses, humiliates, threatens, or doxes anyone. This also includes responding to such acts with retaliatory harassment (but excludes non-harassing counterspeech).We proactively enforce our Community Guidelines through a mix of technology and human moderation. We have detected this policy violation using automated measures. We have used automated measures in making this decision.",,STATEMENT_CATEGORY_ILLEGAL_OR_HARMFUL_SPEECH,,,,"[""CONTENT_TYPE_TEXT""]",,,"2024-11-23 00:00:00","[""AT"",""BE"",""BG"",""CY"",""CZ"",""DE"",""DK"",""EE"",""ES"",""FI"",""FR"",""GR"",""HR"",""HU"",""IE"",""IT"",""LI"",""LT"",""LU"",""LV"",""MT"",""NL"",""NO"",""PL"",""PT"",""RO"",""SE"",""SI"",""SK""]","2024-11-23 00:00:00","The decision was taken pursuant to own-initiative investigations.",SOURCE_VOLUNTARY,,Yes,AUTOMATED_DECISION_FULLY,TikTok,7440322267969526561,"2024-11-23 04:11:08"
c6e82009-5945-43de-9b8d-91f3006078ef,"[""DECISION_VISIBILITY_OTHER""]","Video not eligible for recommendation in the For You feed",,,,,,,,,,DECISION_GROUND_INCOMPATIBLE_CONTENT,,,,"Alcohol, Tobacco, and Drugs","While adults make personal choices about how they engage with alcohol, drugs, and tobacco, we recognize that there are risks connected to trading and using these substances. Content is ineligible for the For You feed and harder to find in search if it shows adults consuming excessive amounts of alcohol or tobacco products.We proactively enforce our Community Guidelines through a mix of technology and human moderation. We have detected this policy violation using automated measures. We have used automated measures in making this decision.",,STATEMENT_CATEGORY_SCOPE_OF_PLATFORM_SERVICE,,,,"[""CONTENT_TYPE_VIDEO""]",,,"2024-11-23 00:00:00","[""AT"",""BE"",""BG"",""CY"",""CZ"",""DE"",""DK"",""EE"",""ES"",""FI"",""FR"",""GR"",""HR"",""HU"",""IE"",""IT"",""LI"",""LT"",""LU"",""LV"",""MT"",""NL"",""NO"",""PL"",""PT"",""RO"",""SE"",""SI"",""SK""]","2024-11-23 00:00:00","The decision was taken pursuant to own-initiative investigations.",SOURCE_VOLUNTARY,,Yes,AUTOMATED_DECISION_FULLY,TikTok,7440322267969542945,"2024-11-23 04:11:08"
58a5296d-d14d-403d-a040-615f3b01a72d,"[""DECISION_VISIBILITY_CONTENT_REMOVED""]",,,,,,,,,,,DECISION_GROUND_INCOMPATIBLE_CONTENT,,,,"Violent Behaviors and Criminal Activities","We recognize that online content related to violence can cause real-world harm. We do not allow any violent threats, incitement to violence, or promotion of criminal activities that may harm people, animals, or property. If there is a specific, credible, and imminent threat to human life or serious physical injury, we will report it to relevant law enforcement authorities.We proactively enforce our Community Guidelines through a mix of technology and human moderation. We have detected this policy violation using automated measures. We have used automated measures in making this decision.",,STATEMENT_CATEGORY_VIOLENCE,,,,"[""CONTENT_TYPE_TEXT""]",,,"2024-11-23 00:00:00","[""AT"",""BE"",""BG"",""CY"",""CZ"",""DE"",""DK"",""EE"",""ES"",""FI"",""FR"",""GR"",""HR"",""HU"",""IE"",""IT"",""LI"",""LT"",""LU"",""LV"",""MT"",""NL"",""NO"",""PL"",""PT"",""RO"",""SE"",""SI"",""SK""]","2024-11-23 00:00:00","The decision was taken pursuant to own-initiative investigations.",SOURCE_VOLUNTARY,,Yes,AUTOMATED_DECISION_FULLY,TikTok,7440322268753861409,"2024-11-23 04:11:08"
05703dc8-d840-488f-8381-d77228889efa,"[""DECISION_VISIBILITY_CONTENT_REMOVED""]",,,,,,,,,,,DECISION_GROUND_INCOMPATIBLE_CONTENT,,,,"Hate Speech and Hateful Behaviors","TikTok is enriched by the various backgrounds of our community members. Our differences should be respected, rather than a cause for division. We do not allow any hateful behavior, hate speech, or promotion of hateful ideologies. This includes content that attacks a person or group because of protected attributes.We proactively enforce our Community Guidelines through a mix of technology and human moderation. We have detected this policy violation using automated measures. We have used automated measures in making this decision.",,STATEMENT_CATEGORY_ILLEGAL_OR_HARMFUL_SPEECH,,,,"[""CONTENT_TYPE_TEXT""]",,,"2024-11-23 00:00:00","[""AT"",""BE"",""BG"",""CY"",""CZ"",""DE"",""DK"",""EE"",""ES"",""FI"",""FR"",""GR"",""HR"",""HU"",""IE"",""IT"",""LI"",""LT"",""LU"",""LV"",""MT"",""NL"",""NO"",""PL"",""PT"",""RO"",""SE"",""SI"",""SK""]","2024-11-23 00:00:00","The decision was taken pursuant to own-initiative investigations.",SOURCE_VOLUNTARY,,Yes,AUTOMATED_DECISION_FULLY,TikTok,7440322267969608481,"2024-11-23 04:11:08"
760643e9-8be3-4fb8-84ab-2ecd3257d043,"[""DECISION_VISIBILITY_CONTENT_REMOVED""]",,,,,,,,,,,DECISION_GROUND_INCOMPATIBLE_CONTENT,,,,"Harassment and Bullying","We welcome the respectful expression of different viewpoints, but not toxicity or trolling. We do not allow language or behavior that harasses, humiliates, threatens, or doxes anyone. This also includes responding to such acts with retaliatory harassment (but excludes non-harassing counterspeech).Users and 3rd-parties can report policy violations to us. We have detected this policy violation based on a report that the content violated our Community Guidelines.",,STATEMENT_CATEGORY_ILLEGAL_OR_HARMFUL_SPEECH,,,,"[""CONTENT_TYPE_TEXT""]",,,"2024-11-22 00:00:00","[""AT"",""BE"",""BG"",""CY"",""CZ"",""DE"",""DK"",""EE"",""ES"",""FI"",""FR"",""GR"",""HR"",""HU"",""IE"",""IT"",""LI"",""LT"",""LU"",""LV"",""MT"",""NL"",""NO"",""PL"",""PT"",""RO"",""SE"",""SI"",""SK""]","2024-11-23 00:00:00","The decision was taken in response to a report alleging a violation of our Community Guidelines.",SOURCE_VOLUNTARY,,No,AUTOMATED_DECISION_NOT_AUTOMATED,TikTok,7440322268753943329,"2024-11-23 04:11:08"
b843dcbb-a540-4ce4-a490-fa537d2aa2ab,"[""DECISION_VISIBILITY_CONTENT_REMOVED""]",,,,,,,,,,,DECISION_GROUND_INCOMPATIBLE_CONTENT,,,,"Youth Exploitation and Abuse","Allowing young people to explore and learn safely during their unique phase of development is our priority. We do not allow youth exploitation and abuse, including child sexual abuse material (CSAM), nudity, grooming, sextortion, solicitation, pedophilia, and physical or psychological abuse of young people. This includes content that is real, fictional, digitally created, and shown in fine art or objects.We proactively enforce our Community Guidelines through a mix of technology and human moderation. We have detected this policy violation using automated measures.",,STATEMENT_CATEGORY_PROTECTION_OF_MINORS,,,,"[""CONTENT_TYPE_VIDEO""]",,,"2024-11-11 00:00:00","[""AT"",""BE"",""BG"",""CY"",""CZ"",""DE"",""DK"",""EE"",""ES"",""FI"",""FR"",""GR"",""HR"",""HU"",""IE"",""IT"",""LI"",""LT"",""LU"",""LV"",""MT"",""NL"",""NO"",""PL"",""PT"",""RO"",""SE"",""SI"",""SK""]","2024-11-23 00:00:00","The decision was taken pursuant to own-initiative investigations.",SOURCE_VOLUNTARY,,Yes,AUTOMATED_DECISION_NOT_AUTOMATED,TikTok,7440322274604915488,"2024-11-23 04:11:08"
e3b45ab3-ed6f-44a8-a41a-9a7b1b29d54e,"[""DECISION_VISIBILITY_CONTENT_REMOVED""]",,,,,,,,,,,DECISION_GROUND_INCOMPATIBLE_CONTENT,,,,"Suicide and Self-Harm","We want TikTok to be a place where people can discuss emotionally complex topics in a supportive way without increasing the risk of harm. We do not allow showing, promoting, or sharing plans for suicide or self-harm. If you or someone you know has had thoughts of suicide or self-harm, support is available. Tap on “Get info” to view resources.Users and 3rd-parties can report policy violations to us. We have detected this policy violation based on a report that the content violated our Community Guidelines.",,STATEMENT_CATEGORY_SELF_HARM,,,,"[""CONTENT_TYPE_TEXT""]",,,"2024-11-22 00:00:00","[""AT"",""BE"",""BG"",""CY"",""CZ"",""DE"",""DK"",""EE"",""ES"",""FI"",""FR"",""GR"",""HR"",""HU"",""IE"",""IT"",""LI"",""LT"",""LU"",""LV"",""MT"",""NL"",""NO"",""PL"",""PT"",""RO"",""SE"",""SI"",""SK""]","2024-11-23 00:00:00","The decision was taken in response to a report alleging a violation of our Community Guidelines.",SOURCE_VOLUNTARY,,No,AUTOMATED_DECISION_NOT_AUTOMATED,TikTok,7440322282490207008,"2024-11-23 04:11:08"
27d057fd-ea9a-42ae-8cd6-4e0bd368aa49,"[""DECISION_VISIBILITY_CONTENT_AGE_RESTRICTED""]",,,,,,,,,,,DECISION_GROUND_INCOMPATIBLE_CONTENT,,,,"Minimum Age Requirement","Users must be 13 years and older to have a TikTok account. We are deeply committed to ensuring that TikTok is a safe and positive experience for people under the age of 18. This starts by being old enough to use TikTok. If we learn someone is below the minimum age on TikTok, we will ban that account. Content created by anyone under 16 is ineligible for the For You feed and harder to find in search.We proactively enforce our Community Guidelines through a mix of technology and human moderation. We have detected this policy violation using automated measures.",,STATEMENT_CATEGORY_PROTECTION_OF_MINORS,,,,"[""CONTENT_TYPE_VIDEO""]",,,"2024-11-22 00:00:00","[""AT"",""BE"",""BG"",""CY"",""CZ"",""DE"",""DK"",""EE"",""ES"",""FI"",""FR"",""GR"",""HR"",""HU"",""IE"",""IT"",""LI"",""LT"",""LU"",""LV"",""MT"",""NL"",""NO"",""PL"",""PT"",""RO"",""SE"",""SI"",""SK""]","2024-11-23 00:00:00","The decision was taken pursuant to own-initiative investigations.",SOURCE_VOLUNTARY,,Yes,AUTOMATED_DECISION_NOT_AUTOMATED,TikTok,7440322274604931872,"2024-11-23 04:11:08"
a9961514-af78-44e3-ab29-33be5faaab80,"[""DECISION_VISIBILITY_OTHER""]","Video not eligible for recommendation in the For You feed",,,,,,,,,,DECISION_GROUND_INCOMPATIBLE_CONTENT,,,,"Alcohol, Tobacco, and Drugs","While adults make personal choices about how they engage with alcohol, drugs, and tobacco, we recognize that there are risks connected to trading and using these substances. Content is ineligible for the For You feed and harder to find in search if it shows adults consuming excessive amounts of alcohol or tobacco products.We proactively enforce our Community Guidelines through a mix of technology and human moderation. We have detected this policy violation using automated measures. We have used automated measures in making this decision.",,STATEMENT_CATEGORY_SCOPE_OF_PLATFORM_SERVICE,,,,"[""CONTENT_TYPE_VIDEO""]",,,"2024-11-23 00:00:00","[""AT"",""BE"",""BG"",""CY"",""CZ"",""DE"",""DK"",""EE"",""ES"",""FI"",""FR"",""GR"",""HR"",""HU"",""IE"",""IT"",""LI"",""LT"",""LU"",""LV"",""MT"",""NL"",""NO"",""PL"",""PT"",""RO"",""SE"",""SI"",""SK""]","2024-11-23 00:00:00","The decision was taken pursuant to own-initiative investigations.",SOURCE_VOLUNTARY,,Yes,AUTOMATED_DECISION_FULLY,TikTok,7440322274604948256,"2024-11-23 04:11:08"
07cfefc8-0733-40d9-a7b0-bbdbbed1ae6e,"[""DECISION_VISIBILITY_CONTENT_REMOVED""]",,,,,,,,,,,DECISION_GROUND_INCOMPATIBLE_CONTENT,,,,"Harassment and Bullying","We welcome the respectful expression of different viewpoints, but not toxicity or trolling. We do not allow language or behavior that harasses, humiliates, threatens, or doxes anyone. This also includes responding to such acts with retaliatory harassment (but excludes non-harassing counterspeech).We proactively enforce our Community Guidelines through a mix of technology and human moderation. We have detected this policy violation using automated measures. We have used automated measures in making this decision.",,STATEMENT_CATEGORY_ILLEGAL_OR_HARMFUL_SPEECH,,,,"[""CONTENT_TYPE_TEXT""]",,,"2024-11-23 00:00:00","[""AT"",""BE"",""BG"",""CY"",""CZ"",""DE"",""DK"",""EE"",""ES"",""FI"",""FR"",""GR"",""HR"",""HU"",""IE"",""IT"",""LI"",""LT"",""LU"",""LV"",""MT"",""NL"",""NO"",""PL"",""PT"",""RO"",""SE"",""SI"",""SK""]","2024-11-23 00:00:00","The decision was taken pursuant to own-initiative investigations.",SOURCE_VOLUNTARY,,Yes,AUTOMATED_DECISION_FULLY,TikTok,7440322282490305312,"2024-11-23 04:11:08"
a78073d9-3d09-459f-9c2d-0ba5580dc973,"[""DECISION_VISIBILITY_CONTENT_REMOVED""]",,,,,,,,,,,DECISION_GROUND_INCOMPATIBLE_CONTENT,,,,"Harassment and Bullying","We welcome the respectful expression of different viewpoints, but not toxicity or trolling. We do not allow language or behavior that harasses, humiliates, threatens, or doxes anyone. This also includes responding to such acts with retaliatory harassment (but excludes non-harassing counterspeech).We proactively enforce our Community Guidelines through a mix of technology and human moderation. We have detected this policy violation using automated measures. We have used automated measures in making this decision.",,STATEMENT_CATEGORY_ILLEGAL_OR_HARMFUL_SPEECH,,,,"[""CONTENT_TYPE_TEXT""]",,,"2024-11-23 00:00:00","[""AT"",""BE"",""BG"",""CY"",""CZ"",""DE"",""DK"",""EE"",""ES"",""FI"",""FR"",""GR"",""HR"",""HU"",""IE"",""IT"",""LI"",""LT"",""LU"",""LV"",""MT"",""NL"",""NO"",""PL"",""PT"",""RO"",""SE"",""SI"",""SK""]","2024-11-23 00:00:00","The decision was taken pursuant to own-initiative investigations.",SOURCE_VOLUNTARY,,Yes,AUTOMATED_DECISION_FULLY,TikTok,7440322274604997408,"2024-11-23 04:11:08"
dd16c737-62ce-4f6b-bb3c-4b6f7100c2e2,"[""DECISION_VISIBILITY_CONTENT_REMOVED""]",,,,,,,,,,,DECISION_GROUND_INCOMPATIBLE_CONTENT,,,,"Harassment and Bullying","We welcome the respectful expression of different viewpoints, but not toxicity or trolling. We do not allow language or behavior that harasses, humiliates, threatens, or doxes anyone. This also includes responding to such acts with retaliatory harassment (but excludes non-harassing counterspeech).We proactively enforce our Community Guidelines through a mix of technology and human moderation. We have detected this policy violation using automated measures. We have used automated measures in making this decision.",,STATEMENT_CATEGORY_ILLEGAL_OR_HARMFUL_SPEECH,,,,"[""CONTENT_TYPE_TEXT""]",,,"2024-11-23 00:00:00","[""AT"",""BE"",""BG"",""CY"",""CZ"",""DE"",""DK"",""EE"",""ES"",""FI"",""FR"",""GR"",""HR"",""HU"",""IE"",""IT"",""LI"",""LT"",""LU"",""LV"",""MT"",""NL"",""NO"",""PL"",""PT"",""RO"",""SE"",""SI"",""SK""]","2024-11-23 00:00:00","The decision was taken pursuant to own-initiative investigations.",SOURCE_VOLUNTARY,,Yes,AUTOMATED_DECISION_FULLY,TikTok,7440322282490321696,"2024-11-23 04:11:08"
3682d8b8-6974-47b2-b0ad-834c9e4411e3,"[""DECISION_VISIBILITY_CONTENT_REMOVED""]",,,,,,,,,,,DECISION_GROUND_INCOMPATIBLE_CONTENT,,,,"Harassment and Bullying","We welcome the respectful expression of different viewpoints, but not toxicity or trolling. We do not allow language or behavior that harasses, humiliates, threatens, or doxes anyone. This also includes responding to such acts with retaliatory harassment (but excludes non-harassing counterspeech).We proactively enforce our Community Guidelines through a mix of technology and human moderation. We have detected this policy violation using automated measures. We have used automated measures in making this decision.",,STATEMENT_CATEGORY_ILLEGAL_OR_HARMFUL_SPEECH,,,,"[""CONTENT_TYPE_TEXT""]",,,"2024-11-23 00:00:00","[""AT"",""BE"",""BG"",""CY"",""CZ"",""DE"",""DK"",""EE"",""ES"",""FI"",""FR"",""GR"",""HR"",""HU"",""IE"",""IT"",""LI"",""LT"",""LU"",""LV"",""MT"",""NL"",""NO"",""PL"",""PT"",""RO"",""SE"",""SI"",""SK""]","2024-11-23 00:00:00","The decision was taken pursuant to own-initiative investigations.",SOURCE_VOLUNTARY,,Yes,AUTOMATED_DECISION_FULLY,TikTok,7440322290845309729,"2024-11-23 04:11:08"
da531a3c-af81-463a-b09f-f6be0fe26faf,"[""DECISION_VISIBILITY_OTHER""]","Video not eligible for recommendation in the For You feed",,,,,,,,,,DECISION_GROUND_INCOMPATIBLE_CONTENT,,,,"Community Guidelines","We maintain content eligibility standards for the For You feed (FYF) that prioritize safety and are informed by the diversity of our community and cultural norms. We make ineligible for the FYF certain content that may not be appropriate for a broad audience related to: (1) Behavioral Health, (2) Sensitive and Mature Themes, (3) Integrity and Authenticity, and (4) Regulated Goods. Content that is ineligible for the FYF can still be discovered in other ways, such as through search tools or by following an account.We proactively enforce our Community Guidelines through a mix of technology and human moderation. We have detected this policy violation using automated measures. We have used automated measures in making this decision.",,STATEMENT_CATEGORY_SCOPE_OF_PLATFORM_SERVICE,,,,"[""CONTENT_TYPE_VIDEO""]",,,"2024-11-23 00:00:00","[""AT"",""BE"",""BG"",""CY"",""CZ"",""DE"",""DK"",""EE"",""ES"",""FI"",""FR"",""GR"",""HR"",""HU"",""IE"",""IT"",""LI"",""LT"",""LU"",""LV"",""MT"",""NL"",""NO"",""PL"",""PT"",""RO"",""SE"",""SI"",""SK""]","2024-11-23 00:00:00","The decision was taken pursuant to own-initiative investigations.",SOURCE_VOLUNTARY,,Yes,AUTOMATED_DECISION_FULLY,TikTok,7440322299091245856,"2024-11-23 04:11:08"
b667ec32-46fd-4802-8c23-4dfe40a399e7,"[""DECISION_VISIBILITY_OTHER""]","Photo not eligible for recommendation in the For You feed, and visibility restricted in search results",,,,,,,,,,DECISION_GROUND_INCOMPATIBLE_CONTENT,,,,"Civic and Election Integrity","We want to enable the informed exchange of civic ideas in a way that fosters productive dialogue. Your video didn’t meet our eligibility standards for the For You Feed. Please review our Community Guidelines for more information.We proactively enforce our Community Guidelines through a mix of technology and human moderation. We have detected this policy violation using automated measures. We have used automated measures in making this decision.",,STATEMENT_CATEGORY_NEGATIVE_EFFECTS_ON_CIVIC_DISCOURSE_OR_ELECTIONS,,,,"[""CONTENT_TYPE_IMAGE""]",,,"2024-11-23 00:00:00","[""AT"",""BE"",""BG"",""CY"",""CZ"",""DE"",""DK"",""EE"",""ES"",""FI"",""FR"",""GR"",""HR"",""HU"",""IE"",""IT"",""LI"",""LT"",""LU"",""LV"",""MT"",""NL"",""NO"",""PL"",""PT"",""RO"",""SE"",""SI"",""SK""]","2024-11-23 00:00:00","The decision was taken pursuant to own-initiative investigations.",SOURCE_VOLUNTARY,,Yes,AUTOMATED_DECISION_FULLY,TikTok,7440322298269145888,"2024-11-23 04:11:08"
88a597c8-e365-40dc-af76-8fd58a0ee29e,"[""DECISION_VISIBILITY_OTHER""]","Photo not eligible for recommendation in the For You feed, and visibility restricted in search results",,,,,,,,,,DECISION_GROUND_INCOMPATIBLE_CONTENT,,,,"Civic and Election Integrity","We want to enable the informed exchange of civic ideas in a way that fosters productive dialogue. Your video didn’t meet our eligibility standards for the For You Feed. Please review our Community Guidelines for more information.We proactively enforce our Community Guidelines through a mix of technology and human moderation. We have detected this policy violation using automated measures. We have used automated measures in making this decision.",,STATEMENT_CATEGORY_NEGATIVE_EFFECTS_ON_CIVIC_DISCOURSE_OR_ELECTIONS,,,,"[""CONTENT_TYPE_IMAGE""]",,,"2024-11-23 00:00:00","[""AT"",""BE"",""BG"",""CY"",""CZ"",""DE"",""DK"",""EE"",""ES"",""FI"",""FR"",""GR"",""HR"",""HU"",""IE"",""IT"",""LI"",""LT"",""LU"",""LV"",""MT"",""NL"",""NO"",""PL"",""PT"",""RO"",""SE"",""SI"",""SK""]","2024-11-23 00:00:00","The decision was taken pursuant to own-initiative investigations.",SOURCE_VOLUNTARY,,Yes,AUTOMATED_DECISION_FULLY,TikTok,7440322299091311392,"2024-11-23 04:11:08"
1cd922b5-5da0-4b3a-9e13-d43debf937ca,"[""DECISION_VISIBILITY_OTHER""]","Photo not eligible for recommendation in the For You feed",,,,,,,,,,DECISION_GROUND_INCOMPATIBLE_CONTENT,,,,"Community Guidelines","Your content is against our Community Guidelines. The guidelines include rules and standards for using TikTok that apply to everyone and everything on our platform.",,STATEMENT_CATEGORY_DATA_PROTECTION_AND_PRIVACY_VIOLATIONS,,,,"[""CONTENT_TYPE_IMAGE""]",,,"2024-11-23 00:00:00","[""AT"",""BE"",""BG"",""CY"",""CZ"",""DE"",""DK"",""EE"",""ES"",""FI"",""FR"",""GR"",""HR"",""HU"",""IE"",""IT"",""LI"",""LT"",""LU"",""LV"",""MT"",""NL"",""NO"",""PL"",""PT"",""RO"",""SE"",""SI"",""SK""]","2024-11-23 00:00:00","The decision was taken pursuant to own-initiative investigations.",SOURCE_VOLUNTARY,,Yes,AUTOMATED_DECISION_FULLY,TikTok,7440322299091327776,"2024-11-23 04:11:08"
02abf226-c7b4-49d3-ae57-f30d0f5ee3bc,"[""DECISION_VISIBILITY_CONTENT_REMOVED""]",,,,,,,,,,,DECISION_GROUND_INCOMPATIBLE_CONTENT,,,,"Dangerous Activities and Challenges","Most activities or challenges are appropriate for everyone, but some carry a risk of significant injury. We do not allow showing or promoting dangerous activities and challenges. This includes dares, games, tricks, inappropriate use of dangerous tools, eating substances that are harmful to one’s health, or similar activities that may lead to significant physical harm.Users and 3rd-parties can report policy violations to us. We have detected this policy violation based on a report that the content violated our Community Guidelines. We have used automated measures to make the decision.",,STATEMENT_CATEGORY_SCOPE_OF_PLATFORM_SERVICE,,,,"[""CONTENT_TYPE_IMAGE""]",,,"2024-11-23 00:00:00","[""AT"",""BE"",""BG"",""CY"",""CZ"",""DE"",""DK"",""EE"",""ES"",""FI"",""FR"",""GR"",""HR"",""HU"",""IE"",""IT"",""LI"",""LT"",""LU"",""LV"",""MT"",""NL"",""NO"",""PL"",""PT"",""RO"",""SE"",""SI"",""SK""]","2024-11-23 00:00:00","The decision was taken in response to a report alleging a violation of our Community Guidelines.",SOURCE_VOLUNTARY,,No,AUTOMATED_DECISION_FULLY,TikTok,7440322298269162272,"2024-11-23 04:11:08"
33b76ebf-d2ed-43a8-94ff-4d53dfa9688b,"[""DECISION_VISIBILITY_CONTENT_REMOVED""]",,,,,,,,,,,DECISION_GROUND_INCOMPATIBLE_CONTENT,,,,"Harassment and Bullying","We welcome the respectful expression of different viewpoints, but not toxicity or trolling. We do not allow language or behavior that harasses, humiliates, threatens, or doxes anyone. This also includes responding to such acts with retaliatory harassment (but excludes non-harassing counterspeech).We proactively enforce our Community Guidelines through a mix of technology and human moderation. We have detected this policy violation using automated measures. We have used automated measures in making this decision.",,STATEMENT_CATEGORY_ILLEGAL_OR_HARMFUL_SPEECH,,,,"[""CONTENT_TYPE_TEXT""]",,,"2024-11-23 00:00:00","[""AT"",""BE"",""BG"",""CY"",""CZ"",""DE"",""DK"",""EE"",""ES"",""FI"",""FR"",""GR"",""HR"",""HU"",""IE"",""IT"",""LI"",""LT"",""LU"",""LV"",""MT"",""NL"",""NO"",""PL"",""PT"",""RO"",""SE"",""SI"",""SK""]","2024-11-23 00:00:00","The decision was taken pursuant to own-initiative investigations.",SOURCE_VOLUNTARY,,Yes,AUTOMATED_DECISION_FULLY,TikTok,7440322299091344160,"2024-11-23 04:11:08"
d85716bd-27e8-43ef-bcd3-a4424a20922b,"[""DECISION_VISIBILITY_CONTENT_REMOVED""]",,,,,,,,,,,DECISION_GROUND_INCOMPATIBLE_CONTENT,,,,"Sexual Activity and Services","TikTok is a place where people can come to discuss or learn about sexuality, sex or reproductive health. We are mindful that certain content involving sexuality, sex or reproductive health may not be appropriate for young people, be considered offensive by some, or create the potential for exploitation. We do not allow sexual activity or services, including sex, sexual arousal, fetish and kink behavior, and seeking or offering sexual services.We proactively enforce our Community Guidelines through a mix of technology and human moderation. We have detected this policy violation using automated measures. We have used automated measures in making this decision.",,STATEMENT_CATEGORY_PORNOGRAPHY_OR_SEXUALIZED_CONTENT,,,,"[""CONTENT_TYPE_TEXT""]",,,"2024-11-23 00:00:00","[""AT"",""BE"",""BG"",""CY"",""CZ"",""DE"",""DK"",""EE"",""ES"",""FI"",""FR"",""GR"",""HR"",""HU"",""IE"",""IT"",""LI"",""LT"",""LU"",""LV"",""MT"",""NL"",""NO"",""PL"",""PT"",""RO"",""SE"",""SI"",""SK""]","2024-11-23 00:00:00","The decision was taken pursuant to own-initiative investigations.",SOURCE_VOLUNTARY,,Yes,AUTOMATED_DECISION_FULLY,TikTok,7440322314350140192,"2024-11-23 04:11:08"
64648335-15ba-4f6b-adc3-5ecadee00cc4,,,,,,,DECISION_PROVISION_PARTIAL_SUSPENSION,"2024-11-24 00:00:00",,,,DECISION_GROUND_INCOMPATIBLE_CONTENT,,,,"Activités et défis dangereux","La plupart des activités et des défis sont adaptés à tout le monde, mais certains comportent un risque de blessure important. Nous n'autorisons pas la présentation ou la promotion d'activités et de défis dangereux. Cela comprend les défis, les jeux, les tours, l'utilisation inappropriée d'outils dangereux, l'ingestion de substances nocives pour la santé ou d'autres activités similaires pouvant entraîner des dommages physiques importants. Consulte nos {CG_link} pour en savoir plus.",,STATEMENT_CATEGORY_SCOPE_OF_PLATFORM_SERVICE,,,,"[""CONTENT_TYPE_VIDEO""]",,,"2024-11-23 00:00:00","[""AT"",""BE"",""BG"",""CY"",""CZ"",""DE"",""DK"",""EE"",""ES"",""FI"",""FR"",""GR"",""HR"",""HU"",""IE"",""IS"",""IT"",""LI"",""LT"",""LU"",""LV"",""MT"",""NL"",""NO"",""PL"",""PT"",""RO"",""SE"",""SI"",""SK""]","2024-11-23 00:00:00","The decision was taken pursuant to own-initiative investigations",SOURCE_VOLUNTARY,,Yes,AUTOMATED_DECISION_FULLY,TikTok,7440322314350156576,"2024-11-23 04:11:08"
4cc99101-8887-473d-b0e0-33df98019df4,"[""DECISION_VISIBILITY_CONTENT_REMOVED""]",,,,,,,,,,,DECISION_GROUND_INCOMPATIBLE_CONTENT,,,,"Sexual Exploitation and Gender-Based Violence","We are committed to providing a space that embraces gender equity, supports healthy relationships, and respects intimate privacy. We do not allow sexual exploitation or gender-based violence, including non-consensual sexual acts, image-based sexual abuse, sextortion, physical abuse, and sexual harassment.We proactively enforce our Community Guidelines through a mix of technology and human moderation. We have detected this policy violation using automated measures. We have used automated measures in making this decision.",,STATEMENT_CATEGORY_VIOLENCE,,,,"[""CONTENT_TYPE_TEXT""]",,,"2024-11-23 00:00:00","[""AT"",""BE"",""BG"",""CY"",""CZ"",""DE"",""DK"",""EE"",""ES"",""FI"",""FR"",""GR"",""HR"",""HU"",""IE"",""IT"",""LI"",""LT"",""LU"",""LV"",""MT"",""NL"",""NO"",""PL"",""PT"",""RO"",""SE"",""SI"",""SK""]","2024-11-23 00:00:00","The decision was taken pursuant to own-initiative investigations.",SOURCE_VOLUNTARY,,Yes,AUTOMATED_DECISION_FULLY,TikTok,7440322298269244192,"2024-11-23 04:11:08"
c212f1eb-d11a-42d1-acad-b3d9b5477508,"[""DECISION_VISIBILITY_OTHER""]","LIVE not eligible for recommendation and restricted in search results for 10 minutes","2024-11-23 00:00:00",,,,,,,,,DECISION_GROUND_INCOMPATIBLE_CONTENT,,,,"Content with low visual quality or static imagery","Your LIVE is not eligible for recommendation and restricted in search results for the next 10 minutes, because it may contain content with low visual quality or static imagery. This is in line with the For You feed eligibility standards under our Community Guidelines.",,STATEMENT_CATEGORY_SCOPE_OF_PLATFORM_SERVICE,,,,"[""CONTENT_TYPE_VIDEO""]",,,"2024-11-23 00:00:00","[""AT"",""BE"",""BG"",""CY"",""CZ"",""DE"",""DK"",""EE"",""ES"",""FI"",""FR"",""GR"",""HR"",""HU"",""IE"",""IS"",""IT"",""LI"",""LT"",""LU"",""LV"",""MT"",""NL"",""NO"",""PL"",""PT"",""RO"",""SE"",""SI"",""SK""]","2024-11-23 00:00:00","The decision was taken pursuant to own-initiative investigations",SOURCE_VOLUNTARY,,Yes,AUTOMATED_DECISION_NOT_AUTOMATED,TikTok,7440322298269260576,"2024-11-23 04:11:08"
7c57093f-2a05-441b-a8c9-3836651ddaf3,"[""DECISION_VISIBILITY_CONTENT_REMOVED""]",,,,,,,,,,,DECISION_GROUND_INCOMPATIBLE_CONTENT,,,,"Activités et défis dangereux","La plupart des activités et des défis sont adaptés à tout le monde, mais certains comportent un risque de blessure important. Nous n'autorisons pas la présentation ou la promotion d'activités et de défis dangereux. Cela comprend les défis, les jeux, les tours, l'utilisation inappropriée d'outils dangereux, l'ingestion de substances nocives pour la santé ou d'autres activités similaires pouvant entraîner des dommages physiques importants. Consulte nos {CG_link} pour en savoir plus.",,STATEMENT_CATEGORY_SCOPE_OF_PLATFORM_SERVICE,,,,"[""CONTENT_TYPE_VIDEO""]",,,"2024-11-23 00:00:00","[""AT"",""BE"",""BG"",""CY"",""CZ"",""DE"",""DK"",""EE"",""ES"",""FI"",""FR"",""GR"",""HR"",""HU"",""IE"",""IS"",""IT"",""LI"",""LT"",""LU"",""LV"",""MT"",""NL"",""NO"",""PL"",""PT"",""RO"",""SE"",""SI"",""SK""]","2024-11-23 00:00:00","The decision was taken pursuant to own-initiative investigations",SOURCE_VOLUNTARY,,Yes,AUTOMATED_DECISION_FULLY,TikTok,7440322314350172960,"2024-11-23 04:11:08"
09bc81b9-a5ff-4d60-880c-3ce1c316bedb,"[""DECISION_VISIBILITY_OTHER""]","Video not eligible for recommendation in the For You feed",,,,,,,,,,DECISION_GROUND_INCOMPATIBLE_CONTENT,,,,"Minimum Age Requirement","Users must be 13 years and older to have a TikTok account. We are deeply committed to ensuring that TikTok is a safe and positive experience for people under the age of 18. This starts by being old enough to use TikTok. If we learn someone is below the minimum age on TikTok, we will ban that account. Content created by anyone under 16 is ineligible for the For You feed and harder to find in search.We proactively enforce our Community Guidelines through a mix of technology and human moderation. We have detected this policy violation using automated measures.",,STATEMENT_CATEGORY_PROTECTION_OF_MINORS,,,,"[""CONTENT_TYPE_VIDEO""]",,,"2024-11-22 00:00:00","[""AT"",""BE"",""BG"",""CY"",""CZ"",""DE"",""DK"",""EE"",""ES"",""FI"",""FR"",""GR"",""HR"",""HU"",""IE"",""IT"",""LI"",""LT"",""LU"",""LV"",""MT"",""NL"",""NO"",""PL"",""PT"",""RO"",""SE"",""SI"",""SK""]","2024-11-23 00:00:00","The decision was taken pursuant to own-initiative investigations.",SOURCE_VOLUNTARY,,Yes,AUTOMATED_DECISION_NOT_AUTOMATED,TikTok,7440322316153789216,"2024-11-23 04:11:08"
09d216ff-b4e9-4e9d-a12b-3aefee446471,"[""DECISION_VISIBILITY_CONTENT_REMOVED""]",,,,,,,,,,,DECISION_GROUND_INCOMPATIBLE_CONTENT,,,,"Harassment and Bullying","We welcome the respectful expression of different viewpoints, but not toxicity or trolling. We do not allow language or behavior that harasses, humiliates, threatens, or doxes anyone. This also includes responding to such acts with retaliatory harassment (but excludes non-harassing counterspeech).We proactively enforce our Community Guidelines through a mix of technology and human moderation. We have detected this policy violation using automated measures. We have used automated measures in making this decision.",,STATEMENT_CATEGORY_ILLEGAL_OR_HARMFUL_SPEECH,,,,"[""CONTENT_TYPE_TEXT""]",,,"2024-11-23 00:00:00","[""AT"",""BE"",""BG"",""CY"",""CZ"",""DE"",""DK"",""EE"",""ES"",""FI"",""FR"",""GR"",""HR"",""HU"",""IE"",""IT"",""LI"",""LT"",""LU"",""LV"",""MT"",""NL"",""NO"",""PL"",""PT"",""RO"",""SE"",""SI"",""SK""]","2024-11-23 00:00:00","The decision was taken pursuant to own-initiative investigations.",SOURCE_VOLUNTARY,,Yes,AUTOMATED_DECISION_FULLY,TikTok,7440322316153805600,"2024-11-23 04:11:08"
2f7b8661-8468-49e2-9d10-df16cb7f5d56,"[""DECISION_VISIBILITY_CONTENT_REMOVED""]",,,,,,,,,,,DECISION_GROUND_INCOMPATIBLE_CONTENT,,,,"Harassment and Bullying","We welcome the respectful expression of different viewpoints, but not toxicity or trolling. We do not allow language or behavior that harasses, humiliates, threatens, or doxes anyone. This also includes responding to such acts with retaliatory harassment (but excludes non-harassing counterspeech).We proactively enforce our Community Guidelines through a mix of technology and human moderation. We have detected this policy violation using automated measures. We have used automated measures in making this decision.",,STATEMENT_CATEGORY_ILLEGAL_OR_HARMFUL_SPEECH,,,,"[""CONTENT_TYPE_TEXT""]",,,"2024-11-23 00:00:00","[""AT"",""BE"",""BG"",""CY"",""CZ"",""DE"",""DK"",""EE"",""ES"",""FI"",""FR"",""GR"",""HR"",""HU"",""IE"",""IT"",""LI"",""LT"",""LU"",""LV"",""MT"",""NL"",""NO"",""PL"",""PT"",""RO"",""SE"",""SI"",""SK""]","2024-11-23 00:00:00","The decision was taken pursuant to own-initiative investigations.",SOURCE_VOLUNTARY,,Yes,AUTOMATED_DECISION_FULLY,TikTok,7440322333371341600,"2024-11-23 04:11:08"
08ae0812-c3d5-4b78-8d28-4d5fba729c55,"[""DECISION_VISIBILITY_OTHER""]","Photo not eligible for recommendation in the For You feed, and visibility restricted in search results",,,,,,,,,,DECISION_GROUND_INCOMPATIBLE_CONTENT,,,,"Community Guidelines","We maintain content eligibility standards for the For You feed (FYF) that prioritize safety and are informed by the diversity of our community and cultural norms. We make ineligible for the FYF certain content that may not be appropriate for a broad audience related to: (1) Behavioral Health, (2) Sensitive and Mature Themes, (3) Integrity and Authenticity, and (4) Regulated Goods. Content that is ineligible for the FYF can still be discovered in other ways, such as through search tools or by following an account.We proactively enforce our Community Guidelines through a mix of technology and human moderation. We have detected this policy violation using automated measures. We have used automated measures in making this decision.",,STATEMENT_CATEGORY_SCOPE_OF_PLATFORM_SERVICE,,,,"[""CONTENT_TYPE_IMAGE""]",,,"2024-11-23 00:00:00","[""AT"",""BE"",""BG"",""CY"",""CZ"",""DE"",""DK"",""EE"",""ES"",""FI"",""FR"",""GR"",""HR"",""HU"",""IE"",""IT"",""LI"",""LT"",""LU"",""LV"",""MT"",""NL"",""NO"",""PL"",""PT"",""RO"",""SE"",""SI"",""SK""]","2024-11-23 00:00:00","The decision was taken pursuant to own-initiative investigations.",SOURCE_VOLUNTARY,,Yes,AUTOMATED_DECISION_FULLY,TikTok,7440322333371357984,"2024-11-23 04:11:08"
3213aaba-692d-4583-b338-ba5e1fb46a18,"[""DECISION_VISIBILITY_OTHER""]","Video not eligible for recommendation in the For You feed",,,,,,,,,,DECISION_GROUND_INCOMPATIBLE_CONTENT,,,,"Alcohol, Tobacco, and Drugs","While adults make personal choices about how they engage with alcohol, drugs, and tobacco, we recognize that there are risks connected to trading and using these substances. Content is ineligible for the For You feed and harder to find in search if it shows adults consuming excessive amounts of alcohol or tobacco products.We proactively enforce our Community Guidelines through a mix of technology and human moderation. We have detected this policy violation using automated measures. We have used automated measures in making this decision.",,STATEMENT_CATEGORY_SCOPE_OF_PLATFORM_SERVICE,,,,"[""CONTENT_TYPE_VIDEO""]",,,"2024-11-23 00:00:00","[""AT"",""BE"",""BG"",""CY"",""CZ"",""DE"",""DK"",""EE"",""ES"",""FI"",""FR"",""GR"",""HR"",""HU"",""IE"",""IT"",""LI"",""LT"",""LU"",""LV"",""MT"",""NL"",""NO"",""PL"",""PT"",""RO"",""SE"",""SI"",""SK""]","2024-11-23 00:00:00","The decision was taken pursuant to own-initiative investigations.",SOURCE_VOLUNTARY,,Yes,AUTOMATED_DECISION_FULLY,TikTok,7440322343622155041,"2024-11-23 04:11:08"
734a4309-1356-42ad-b1fd-46752e4bb87b,"[""DECISION_VISIBILITY_CONTENT_REMOVED""]",,,,,,,,,,,DECISION_GROUND_INCOMPATIBLE_CONTENT,,,,"Harassment and Bullying","We welcome the respectful expression of different viewpoints, but not toxicity or trolling. We do not allow language or behavior that harasses, humiliates, threatens, or doxes anyone. This also includes responding to such acts with retaliatory harassment (but excludes non-harassing counterspeech).We proactively enforce our Community Guidelines through a mix of technology and human moderation. We have detected this policy violation using automated measures. We have used automated measures in making this decision.",,STATEMENT_CATEGORY_ILLEGAL_OR_HARMFUL_SPEECH,,,,"[""CONTENT_TYPE_TEXT""]",,,"2024-11-23 00:00:00","[""AT"",""BE"",""BG"",""CY"",""CZ"",""DE"",""DK"",""EE"",""ES"",""FI"",""FR"",""GR"",""HR"",""HU"",""IE"",""IT"",""LI"",""LT"",""LU"",""LV"",""MT"",""NL"",""NO"",""PL"",""PT"",""RO"",""SE"",""SI"",""SK""]","2024-11-23 00:00:00","The decision was taken pursuant to own-initiative investigations.",SOURCE_VOLUNTARY,,Yes,AUTOMATED_DECISION_FULLY,TikTok,7440322343622171425,"2024-11-23 04:11:08"
511adfaf-b4c4-48fc-8aa8-946bee9470a4,"[""DECISION_VISIBILITY_CONTENT_REMOVED""]",,,,,,,,,,,DECISION_GROUND_INCOMPATIBLE_CONTENT,,,,"Harassment and Bullying","We welcome the respectful expression of different viewpoints, but not toxicity or trolling. We do not allow language or behavior that harasses, humiliates, threatens, or doxes anyone. This also includes responding to such acts with retaliatory harassment (but excludes non-harassing counterspeech).We proactively enforce our Community Guidelines through a mix of technology and human moderation. We have detected this policy violation using automated measures. We have used automated measures in making this decision.",,STATEMENT_CATEGORY_ILLEGAL_OR_HARMFUL_SPEECH,,,,"[""CONTENT_TYPE_TEXT""]",,,"2024-11-23 00:00:00","[""AT"",""BE"",""BG"",""CY"",""CZ"",""DE"",""DK"",""EE"",""ES"",""FI"",""FR"",""GR"",""HR"",""HU"",""IE"",""IT"",""LI"",""LT"",""LU"",""LV"",""MT"",""NL"",""NO"",""PL"",""PT"",""RO"",""SE"",""SI"",""SK""]","2024-11-23 00:00:00","The decision was taken pursuant to own-initiative investigations.",SOURCE_VOLUNTARY,,Yes,AUTOMATED_DECISION_FULLY,TikTok,7440322343622187809,"2024-11-23 04:11:08"
cd112f13-0f74-4a0f-997a-ee97868fd585,"[""DECISION_VISIBILITY_OTHER""]","LIVE not eligible for recommendation and restricted in search results","2024-11-23 00:00:00",,,,,,,,,DECISION_GROUND_INCOMPATIBLE_CONTENT,,,,"Contenido no original","Tu LIVE no se puede recomendar y su visibilidad se restringirá en los resultados de búsqueda porque podría incluir contenido no original o reproducido. Estas medidas se adoptaron de acuerdo con los estándares de aptitud del feed «Para ti» según las Normas de la comunidad.",,STATEMENT_CATEGORY_SCOPE_OF_PLATFORM_SERVICE,,,,"[""CONTENT_TYPE_VIDEO""]",,,"2024-11-23 00:00:00","[""AT"",""BE"",""BG"",""CY"",""CZ"",""DE"",""DK"",""EE"",""ES"",""FI"",""FR"",""GR"",""HR"",""HU"",""IE"",""IS"",""IT"",""LI"",""LT"",""LU"",""LV"",""MT"",""NL"",""NO"",""PL"",""PT"",""RO"",""SE"",""SI"",""SK""]","2024-11-23 00:00:00","The decision was taken pursuant to own-initiative investigations",SOURCE_VOLUNTARY,,Yes,AUTOMATED_DECISION_NOT_AUTOMATED,TikTok,7440322343622204193,"2024-11-23 04:11:08"
4c43394e-e2e7-4a7f-8c6b-4d24b4550ef4,"[""DECISION_VISIBILITY_OTHER""]","Video not eligible for recommendation in the For You feed, and visibility restricted in search results",,,,,,,,,,DECISION_GROUND_INCOMPATIBLE_CONTENT,,,,"Community Guidelines","We maintain content eligibility standards for the For You feed (FYF) that prioritize safety and are informed by the diversity of our community and cultural norms. We make ineligible for the FYF certain content that may not be appropriate for a broad audience related to: (1) Behavioral Health, (2) Sensitive and Mature Themes, (3) Integrity and Authenticity, and (4) Regulated Goods. Content that is ineligible for the FYF can still be discovered in other ways, such as through search tools or by following an account.We proactively enforce our Community Guidelines through a mix of technology and human moderation. We have detected this policy violation using automated measures.",,STATEMENT_CATEGORY_SCOPE_OF_PLATFORM_SERVICE,,,,"[""CONTENT_TYPE_VIDEO""]",,,"2023-11-28 00:00:00","[""AT"",""BE"",""BG"",""CY"",""CZ"",""DE"",""DK"",""EE"",""ES"",""FI"",""FR"",""GR"",""HR"",""HU"",""IE"",""IT"",""LI"",""LT"",""LU"",""LV"",""MT"",""NL"",""NO"",""PL"",""PT"",""RO"",""SE"",""SI"",""SK""]","2024-11-23 00:00:00","The decision was taken pursuant to own-initiative investigations.",SOURCE_VOLUNTARY,,Yes,AUTOMATED_DECISION_NOT_AUTOMATED,TikTok,7440322333371374368,"2024-11-23 04:11:08"
3ed17b00-99de-4824-82cc-fe3572a60a3c,"[""DECISION_VISIBILITY_CONTENT_REMOVED""]",,,,,,,,,,,DECISION_GROUND_INCOMPATIBLE_CONTENT,,,,"Hate Speech and Hateful Behaviors","TikTok is enriched by the various backgrounds of our community members. Our differences should be respected, rather than a cause for division. We do not allow any hateful behavior, hate speech, or promotion of hateful ideologies. This includes content that attacks a person or group because of protected attributes.We proactively enforce our Community Guidelines through a mix of technology and human moderation. We have detected this policy violation using automated measures. We have used automated measures in making this decision.",,STATEMENT_CATEGORY_ILLEGAL_OR_HARMFUL_SPEECH,,,,"[""CONTENT_TYPE_TEXT""]",,,"2024-11-23 00:00:00","[""AT"",""BE"",""BG"",""CY"",""CZ"",""DE"",""DK"",""EE"",""ES"",""FI"",""FR"",""GR"",""HR"",""HU"",""IE"",""IT"",""LI"",""LT"",""LU"",""LV"",""MT"",""NL"",""NO"",""PL"",""PT"",""RO"",""SE"",""SI"",""SK""]","2024-11-23 00:00:00","The decision was taken pursuant to own-initiative investigations.",SOURCE_VOLUNTARY,,Yes,AUTOMATED_DECISION_FULLY,TikTok,7440322343622220577,"2024-11-23 04:11:08"
3414f87d-c879-4080-b17d-4c620c94a751,"[""DECISION_VISIBILITY_CONTENT_REMOVED""]",,,,,,,,,,,DECISION_GROUND_INCOMPATIBLE_CONTENT,,,,"Youth Exploitation and Abuse","Allowing young people to explore and learn safely during their unique phase of development is our priority. We do not allow youth exploitation and abuse, including child sexual abuse material (CSAM), nudity, grooming, sextortion, solicitation, pedophilia, and physical or psychological abuse of young people. This includes content that is real, fictional, digitally created, and shown in fine art or objects.We proactively enforce our Community Guidelines through a mix of technology and human moderation. We have detected this policy violation using automated measures.",,STATEMENT_CATEGORY_PROTECTION_OF_MINORS,,,,"[""CONTENT_TYPE_VIDEO""]",,,"2024-11-20 00:00:00","[""AT"",""BE"",""BG"",""CY"",""CZ"",""DE"",""DK"",""EE"",""ES"",""FI"",""FR"",""GR"",""HR"",""HU"",""IE"",""IT"",""LI"",""LT"",""LU"",""LV"",""MT"",""NL"",""NO"",""PL"",""PT"",""RO"",""SE"",""SI"",""SK""]","2024-11-23 00:00:00","The decision was taken pursuant to own-initiative investigations.",SOURCE_VOLUNTARY,,Yes,AUTOMATED_DECISION_NOT_AUTOMATED,TikTok,7440322333371390752,"2024-11-23 04:11:08"
0c7f19cc-d136-4fb4-99d9-613ba0b18f04,"[""DECISION_VISIBILITY_CONTENT_REMOVED""]",,,,,,,,,,,DECISION_GROUND_INCOMPATIBLE_CONTENT,,,,"Harassment and Bullying","We welcome the respectful expression of different viewpoints, but not toxicity or trolling. We do not allow language or behavior that harasses, humiliates, threatens, or doxes anyone. This also includes responding to such acts with retaliatory harassment (but excludes non-harassing counterspeech).We proactively enforce our Community Guidelines through a mix of technology and human moderation. We have detected this policy violation using automated measures. We have used automated measures in making this decision.",,STATEMENT_CATEGORY_ILLEGAL_OR_HARMFUL_SPEECH,,,,"[""CONTENT_TYPE_TEXT""]",,,"2024-11-23 00:00:00","[""AT"",""BE"",""BG"",""CY"",""CZ"",""DE"",""DK"",""EE"",""ES"",""FI"",""FR"",""GR"",""HR"",""HU"",""IE"",""IT"",""LI"",""LT"",""LU"",""LV"",""MT"",""NL"",""NO"",""PL"",""PT"",""RO"",""SE"",""SI"",""SK""]","2024-11-23 00:00:00","The decision was taken pursuant to own-initiative investigations.",SOURCE_VOLUNTARY,,Yes,AUTOMATED_DECISION_FULLY,TikTok,7440322333371407136,"2024-11-23 04:11:08"
7c9af5bb-8664-4970-b625-b4b2d021330a,"[""DECISION_VISIBILITY_CONTENT_REMOVED""]",,,,,,,,,,,DECISION_GROUND_INCOMPATIBLE_CONTENT,,,,"Personal Information","We are committed to making sure that any personal information shared intentionally or accidentally on TikTok does not lead to harm. We do not allow content that includes personal information that may create a risk of stalking, violence, phishing, fraud, identity theft, or financial exploitation, including content that someone has posted themselves or that they consented to being shared by others.We proactively enforce our Community Guidelines through a mix of technology and human moderation. We have detected this policy violation using automated measures. We have used automated measures in making this decision.",,STATEMENT_CATEGORY_DATA_PROTECTION_AND_PRIVACY_VIOLATIONS,,,,"[""CONTENT_TYPE_IMAGE""]",,,"2024-11-23 00:00:00","[""AT"",""BE"",""BG"",""CY"",""CZ"",""DE"",""DK"",""EE"",""ES"",""FI"",""FR"",""GR"",""HR"",""HU"",""IE"",""IT"",""LI"",""LT"",""LU"",""LV"",""MT"",""NL"",""NO"",""PL"",""PT"",""RO"",""SE"",""SI"",""SK""]","2024-11-23 00:00:00","The decision was taken pursuant to own-initiative investigations.",SOURCE_VOLUNTARY,,Yes,AUTOMATED_DECISION_FULLY,TikTok,7440322343622236961,"2024-11-23 04:11:08"
82ff1ca5-7606-4dec-9c0a-89a7ff40c3c0,"[""DECISION_VISIBILITY_CONTENT_REMOVED""]",,,,,,,,,,,DECISION_GROUND_INCOMPATIBLE_CONTENT,,,,"Hate Speech and Hateful Behaviors","TikTok is enriched by the various backgrounds of our community members. Our differences should be respected, rather than a cause for division. We do not allow any hateful behavior, hate speech, or promotion of hateful ideologies. This includes content that attacks a person or group because of protected attributes.We proactively enforce our Community Guidelines through a mix of technology and human moderation. We have detected this policy violation using automated measures. We have used automated measures in making this decision.",,STATEMENT_CATEGORY_ILLEGAL_OR_HARMFUL_SPEECH,,,,"[""CONTENT_TYPE_TEXT""]",,,"2024-11-23 00:00:00","[""AT"",""BE"",""BG"",""CY"",""CZ"",""DE"",""DK"",""EE"",""ES"",""FI"",""FR"",""GR"",""HR"",""HU"",""IE"",""IT"",""LI"",""LT"",""LU"",""LV"",""MT"",""NL"",""NO"",""PL"",""PT"",""RO"",""SE"",""SI"",""SK""]","2024-11-23 00:00:00","The decision was taken pursuant to own-initiative investigations.",SOURCE_VOLUNTARY,,Yes,AUTOMATED_DECISION_FULLY,TikTok,7440322333371423520,"2024-11-23 04:11:08"
60b37c08-fdd1-4833-8aa0-dea28a5d6f73,"[""DECISION_VISIBILITY_CONTENT_REMOVED""]",,,,,,,,,,,DECISION_GROUND_INCOMPATIBLE_CONTENT,,,,"Harassment and Bullying","We welcome the respectful expression of different viewpoints, but not toxicity or trolling. We do not allow language or behavior that harasses, humiliates, threatens, or doxes anyone. This also includes responding to such acts with retaliatory harassment (but excludes non-harassing counterspeech).We proactively enforce our Community Guidelines through a mix of technology and human moderation. We have detected this policy violation using automated measures. We have used automated measures in making this decision.",,STATEMENT_CATEGORY_ILLEGAL_OR_HARMFUL_SPEECH,,,,"[""CONTENT_TYPE_TEXT""]",,,"2024-11-23 00:00:00","[""AT"",""BE"",""BG"",""CY"",""CZ"",""DE"",""DK"",""EE"",""ES"",""FI"",""FR"",""GR"",""HR"",""HU"",""IE"",""IT"",""LI"",""LT"",""LU"",""LV"",""MT"",""NL"",""NO"",""PL"",""PT"",""RO"",""SE"",""SI"",""SK""]","2024-11-23 00:00:00","The decision was taken pursuant to own-initiative investigations.",SOURCE_VOLUNTARY,,Yes,AUTOMATED_DECISION_FULLY,TikTok,7440322343622253345,"2024-11-23 04:11:08"
a10c57bb-c89a-4aeb-870a-f17567affe7c,"[""DECISION_VISIBILITY_OTHER""]","Photo not eligible for recommendation in the For You feed, and visibility restricted in search results",,,,,,,,,,DECISION_GROUND_INCOMPATIBLE_CONTENT,,,,"Civic and Election Integrity","We want to enable the informed exchange of civic ideas in a way that fosters productive dialogue. Your video didn’t meet our eligibility standards for the For You Feed. Please review our Community Guidelines for more information.We proactively enforce our Community Guidelines through a mix of technology and human moderation. We have detected this policy violation using automated measures. We have used automated measures in making this decision.",,STATEMENT_CATEGORY_NEGATIVE_EFFECTS_ON_CIVIC_DISCOURSE_OR_ELECTIONS,,,,"[""CONTENT_TYPE_IMAGE""]",,,"2024-11-23 00:00:00","[""AT"",""BE"",""BG"",""CY"",""CZ"",""DE"",""DK"",""EE"",""ES"",""FI"",""FR"",""GR"",""HR"",""HU"",""IE"",""IT"",""LI"",""LT"",""LU"",""LV"",""MT"",""NL"",""NO"",""PL"",""PT"",""RO"",""SE"",""SI"",""SK""]","2024-11-23 00:00:00","The decision was taken pursuant to own-initiative investigations.",SOURCE_VOLUNTARY,,Yes,AUTOMATED_DECISION_FULLY,TikTok,7440322343622269729,"2024-11-23 04:11:08"
5d2cabe8-c485-4683-91ce-1856746a1007,"[""DECISION_VISIBILITY_OTHER""]","Video not eligible for recommendation in the For You feed",,,,,,,,,,DECISION_GROUND_INCOMPATIBLE_CONTENT,,,,"Community Guidelines","We maintain content eligibility standards for the For You feed (FYF) that prioritize safety and are informed by the diversity of our community and cultural norms. We make ineligible for the FYF certain content that may not be appropriate for a broad audience related to: (1) Behavioral Health, (2) Sensitive and Mature Themes, (3) Integrity and Authenticity, and (4) Regulated Goods. Content that is ineligible for the FYF can still be discovered in other ways, such as through search tools or by following an account.We proactively enforce our Community Guidelines through a mix of technology and human moderation. We have detected this policy violation using automated measures.",,STATEMENT_CATEGORY_SCOPE_OF_PLATFORM_SERVICE,,,,"[""CONTENT_TYPE_VIDEO""]",,,"2022-09-20 00:00:00","[""AT"",""BE"",""BG"",""CY"",""CZ"",""DE"",""DK"",""EE"",""ES"",""FI"",""FR"",""GR"",""HR"",""HU"",""IE"",""IT"",""LI"",""LT"",""LU"",""LV"",""MT"",""NL"",""NO"",""PL"",""PT"",""RO"",""SE"",""SI"",""SK""]","2024-11-23 00:00:00","The decision was taken pursuant to own-initiative investigations.",SOURCE_VOLUNTARY,,Yes,AUTOMATED_DECISION_NOT_AUTOMATED,TikTok,7440322352379861792,"2024-11-23 04:11:08"
bb20cd25-c57a-422d-91c6-88cd5c956f68,"[""DECISION_VISIBILITY_OTHER""]","Photo not eligible for recommendation in the For You feed",,,,,,,,,,DECISION_GROUND_INCOMPATIBLE_CONTENT,,,,"Community Guidelines","Your content is against our Community Guidelines. The guidelines include rules and standards for using TikTok that apply to everyone and everything on our platform.",,STATEMENT_CATEGORY_NEGATIVE_EFFECTS_ON_CIVIC_DISCOURSE_OR_ELECTIONS,,,,"[""CONTENT_TYPE_IMAGE""]",,,"2024-11-23 00:00:00","[""AT"",""BE"",""BG"",""CY"",""CZ"",""DE"",""DK"",""EE"",""ES"",""FI"",""FR"",""GR"",""HR"",""HU"",""IE"",""IT"",""LI"",""LT"",""LU"",""LV"",""MT"",""NL"",""NO"",""PL"",""PT"",""RO"",""SE"",""SI"",""SK""]","2024-11-23 00:00:00","The decision was taken pursuant to own-initiative investigations.",SOURCE_VOLUNTARY,,Yes,AUTOMATED_DECISION_FULLY,TikTok,7440322343622286113,"2024-11-23 04:11:08"
e80b9320-81b9-4160-abc3-a313c0d5c1a8,,,,,,,DECISION_PROVISION_PARTIAL_SUSPENSION,"2024-11-24 00:00:00",,,,DECISION_GROUND_INCOMPATIBLE_CONTENT,,,,"Dangerous activities and challenges","Most activities or challenges are appropriate for everyone, but some carry a risk of significant injury. We do not allow showing or promoting dangerous activities and challenges. This includes dares, games, tricks, inappropriate use of dangerous tools, eating substances that are harmful to one’s health, or similar activities that may lead to significant physical harm. Visit our {CG_link} for more information.",,STATEMENT_CATEGORY_SCOPE_OF_PLATFORM_SERVICE,,,,"[""CONTENT_TYPE_VIDEO""]",,,"2024-11-23 00:00:00","[""AT"",""BE"",""BG"",""CY"",""CZ"",""DE"",""DK"",""EE"",""ES"",""FI"",""FR"",""GR"",""HR"",""HU"",""IE"",""IS"",""IT"",""LI"",""LT"",""LU"",""LV"",""MT"",""NL"",""NO"",""PL"",""PT"",""RO"",""SE"",""SI"",""SK""]","2024-11-23 00:00:00","The decision was taken pursuant to own-initiative investigations",SOURCE_VOLUNTARY,,Yes,AUTOMATED_DECISION_NOT_AUTOMATED,TikTok,7440322343622302497,"2024-11-23 04:11:08"
33647343-8969-492f-90d7-4bb4d73a98d5,"[""DECISION_VISIBILITY_OTHER""]","Video not eligible for recommendation in the For You feed",,,,,,,,,,DECISION_GROUND_INCOMPATIBLE_CONTENT,,,,"Dangerous Activities and Challenges","Most activities or challenges are appropriate for everyone, but some carry a risk of significant injury. Content is ineligible for the For You feed if it involves activities that are likely to lead to moderate physical harm, or includes professionals who are performing extreme sports and stunts that may endanger others.We proactively enforce our Community Guidelines through a mix of technology and human moderation. We have detected this policy violation using automated measures. We have used automated measures in making this decision.",,STATEMENT_CATEGORY_SCOPE_OF_PLATFORM_SERVICE,,,,"[""CONTENT_TYPE_VIDEO""]",,,"2024-11-23 00:00:00","[""AT"",""BE"",""BG"",""CY"",""CZ"",""DE"",""DK"",""EE"",""ES"",""FI"",""FR"",""GR"",""HR"",""HU"",""IE"",""IT"",""LI"",""LT"",""LU"",""LV"",""MT"",""NL"",""NO"",""PL"",""PT"",""RO"",""SE"",""SI"",""SK""]","2024-11-23 00:00:00","The decision was taken pursuant to own-initiative investigations.",SOURCE_VOLUNTARY,,Yes,AUTOMATED_DECISION_FULLY,TikTok,7440322352379878176,"2024-11-23 04:11:08"
44207609-7565-4a2b-97dc-a4a7cc1e3a8f,"[""DECISION_VISIBILITY_CONTENT_REMOVED""]",,,,,,,,,,,DECISION_GROUND_INCOMPATIBLE_CONTENT,,,,"Dangerous activities and challenges","Most activities or challenges are appropriate for everyone, but some carry a risk of significant injury. We do not allow showing or promoting dangerous activities and challenges. This includes dares, games, tricks, inappropriate use of dangerous tools, eating substances that are harmful to one’s health, or similar activities that may lead to significant physical harm. Visit our {CG_link} for more information.",,STATEMENT_CATEGORY_SCOPE_OF_PLATFORM_SERVICE,,,,"[""CONTENT_TYPE_VIDEO""]",,,"2024-11-23 00:00:00","[""AT"",""BE"",""BG"",""CY"",""CZ"",""DE"",""DK"",""EE"",""ES"",""FI"",""FR"",""GR"",""HR"",""HU"",""IE"",""IS"",""IT"",""LI"",""LT"",""LU"",""LV"",""MT"",""NL"",""NO"",""PL"",""PT"",""RO"",""SE"",""SI"",""SK""]","2024-11-23 00:00:00","The decision was taken pursuant to own-initiative investigations",SOURCE_VOLUNTARY,,Yes,AUTOMATED_DECISION_NOT_AUTOMATED,TikTok,7440322357761153824,"2024-11-23 04:11:08"
121870a2-cb0b-4a70-9c6e-98c29d791fa2,"[""DECISION_VISIBILITY_CONTENT_REMOVED""]",,,,,,,,,,,DECISION_GROUND_INCOMPATIBLE_CONTENT,,,,"Personal Information","We are committed to making sure that any personal information shared intentionally or accidentally on TikTok does not lead to harm. We do not allow content that includes personal information that may create a risk of stalking, violence, phishing, fraud, identity theft, or financial exploitation, including content that someone has posted themselves or that they consented to being shared by others.We proactively enforce our Community Guidelines through a mix of technology and human moderation. We have detected this policy violation using automated measures. We have used automated measures in making this decision.",,STATEMENT_CATEGORY_DATA_PROTECTION_AND_PRIVACY_VIOLATIONS,,,,"[""CONTENT_TYPE_IMAGE""]",,,"2024-11-23 00:00:00","[""AT"",""BE"",""BG"",""CY"",""CZ"",""DE"",""DK"",""EE"",""ES"",""FI"",""FR"",""GR"",""HR"",""HU"",""IE"",""IT"",""LI"",""LT"",""LU"",""LV"",""MT"",""NL"",""NO"",""PL"",""PT"",""RO"",""SE"",""SI"",""SK""]","2024-11-23 00:00:00","The decision was taken pursuant to own-initiative investigations.",SOURCE_VOLUNTARY,,Yes,AUTOMATED_DECISION_FULLY,TikTok,7440322352379894560,"2024-11-23 04:11:08"
59904b0b-b72d-4308-a3e6-38658a024f9b,"[""DECISION_VISIBILITY_CONTENT_REMOVED""]",,,,,,,,,,,DECISION_GROUND_INCOMPATIBLE_CONTENT,,,,"Harassment and Bullying","We welcome the respectful expression of different viewpoints, but not toxicity or trolling. We do not allow language or behavior that harasses, humiliates, threatens, or doxes anyone. This also includes responding to such acts with retaliatory harassment (but excludes non-harassing counterspeech).We proactively enforce our Community Guidelines through a mix of technology and human moderation. We have detected this policy violation using automated measures. We have used automated measures in making this decision.",,STATEMENT_CATEGORY_ILLEGAL_OR_HARMFUL_SPEECH,,,,"[""CONTENT_TYPE_TEXT""]",,,"2024-11-23 00:00:00","[""AT"",""BE"",""BG"",""CY"",""CZ"",""DE"",""DK"",""EE"",""ES"",""FI"",""FR"",""GR"",""HR"",""HU"",""IE"",""IT"",""LI"",""LT"",""LU"",""LV"",""MT"",""NL"",""NO"",""PL"",""PT"",""RO"",""SE"",""SI"",""SK""]","2024-11-23 00:00:00","The decision was taken pursuant to own-initiative investigations.",SOURCE_VOLUNTARY,,Yes,AUTOMATED_DECISION_FULLY,TikTok,7440322352379910944,"2024-11-23 04:11:08"
f348e21f-1c3f-4475-bd6f-533ef8e0f711,"[""DECISION_VISIBILITY_CONTENT_REMOVED""]",,,,,,,,,,,DECISION_GROUND_INCOMPATIBLE_CONTENT,,,,"Harassment and Bullying","We welcome the respectful expression of different viewpoints, but not toxicity or trolling. We do not allow language or behavior that harasses, humiliates, threatens, or doxes anyone. This also includes responding to such acts with retaliatory harassment (but excludes non-harassing counterspeech).We proactively enforce our Community Guidelines through a mix of technology and human moderation. We have detected this policy violation using automated measures. We have used automated measures in making this decision.",,STATEMENT_CATEGORY_ILLEGAL_OR_HARMFUL_SPEECH,,,,"[""CONTENT_TYPE_TEXT""]",,,"2024-11-23 00:00:00","[""AT"",""BE"",""BG"",""CY"",""CZ"",""DE"",""DK"",""EE"",""ES"",""FI"",""FR"",""GR"",""HR"",""HU"",""IE"",""IT"",""LI"",""LT"",""LU"",""LV"",""MT"",""NL"",""NO"",""PL"",""PT"",""RO"",""SE"",""SI"",""SK""]","2024-11-23 00:00:00","The decision was taken pursuant to own-initiative investigations.",SOURCE_VOLUNTARY,,Yes,AUTOMATED_DECISION_FULLY,TikTok,7440322357761170208,"2024-11-23 04:11:08"
2604c56d-4360-463c-b9b6-0c220d81d000,"[""DECISION_VISIBILITY_OTHER""]","Video not eligible for recommendation in the For You feed",,,,,,,,,,DECISION_GROUND_INCOMPATIBLE_CONTENT,,,,"Community Guidelines","We maintain content eligibility standards for the For You feed (FYF) that prioritize safety and are informed by the diversity of our community and cultural norms. We make ineligible for the FYF certain content that may not be appropriate for a broad audience related to: (1) Behavioral Health, (2) Sensitive and Mature Themes, (3) Integrity and Authenticity, and (4) Regulated Goods. Content that is ineligible for the FYF can still be discovered in other ways, such as through search tools or by following an account.We proactively enforce our Community Guidelines through a mix of technology and human moderation. We have detected this policy violation using automated measures. We have used automated measures in making this decision.",,STATEMENT_CATEGORY_SCOPE_OF_PLATFORM_SERVICE,,,,"[""CONTENT_TYPE_VIDEO""]",,,"2024-11-23 00:00:00","[""AT"",""BE"",""BG"",""CY"",""CZ"",""DE"",""DK"",""EE"",""ES"",""FI"",""FR"",""GR"",""HR"",""HU"",""IE"",""IT"",""LI"",""LT"",""LU"",""LV"",""MT"",""NL"",""NO"",""PL"",""PT"",""RO"",""SE"",""SI"",""SK""]","2024-11-23 00:00:00","The decision was taken pursuant to own-initiative investigations.",SOURCE_VOLUNTARY,,Yes,AUTOMATED_DECISION_FULLY,TikTok,7440322357761186592,"2024-11-23 04:11:08"
e2125395-1626-414a-841f-166a130007f8,"[""DECISION_VISIBILITY_CONTENT_REMOVED""]",,,,,,,,,,,DECISION_GROUND_INCOMPATIBLE_CONTENT,,,,"Civic and Election Integrity","Elections are important moments of community conversation and promote the values of an open society. We do not allow misinformation about civic and electoral processes, regardless of intent. This includes misinformation about how to vote, registering to vote, eligibility requirements of  candidates, the processes to count ballots and certify elections, and the final outcome of an election.We proactively enforce our Community Guidelines through a mix of technology and human moderation. We have detected this policy violation using automated measures. We have used automated measures in making this decision.",,STATEMENT_CATEGORY_NEGATIVE_EFFECTS_ON_CIVIC_DISCOURSE_OR_ELECTIONS,,,,"[""CONTENT_TYPE_IMAGE""]",,,"2024-11-23 00:00:00","[""AT"",""BE"",""BG"",""CY"",""CZ"",""DE"",""DK"",""EE"",""ES"",""FI"",""FR"",""GR"",""HR"",""HU"",""IE"",""IT"",""LI"",""LT"",""LU"",""LV"",""MT"",""NL"",""NO"",""PL"",""PT"",""RO"",""SE"",""SI"",""SK""]","2024-11-23 00:00:00","The decision was taken pursuant to own-initiative investigations.",SOURCE_VOLUNTARY,,Yes,AUTOMATED_DECISION_FULLY,TikTok,7440322352379927328,"2024-11-23 04:11:08"
d943bdb2-b53b-44b8-bdba-fdff16d2e0ce,"[""DECISION_VISIBILITY_OTHER""]","Photo not eligible for recommendation in the For You feed, and visibility restricted in search results",,,,,,,,,,DECISION_GROUND_INCOMPATIBLE_CONTENT,,,,"Community Guidelines","We maintain content eligibility standards for the For You feed (FYF) that prioritize safety and are informed by the diversity of our community and cultural norms. We make ineligible for the FYF certain content that may not be appropriate for a broad audience related to: (1) Behavioral Health, (2) Sensitive and Mature Themes, (3) Integrity and Authenticity, and (4) Regulated Goods. Content that is ineligible for the FYF can still be discovered in other ways, such as through search tools or by following an account.We proactively enforce our Community Guidelines through a mix of technology and human moderation. We have detected this policy violation using automated measures. We have used automated measures in making this decision.",,STATEMENT_CATEGORY_SCOPE_OF_PLATFORM_SERVICE,,,,"[""CONTENT_TYPE_IMAGE""]",,,"2024-11-23 00:00:00","[""AT"",""BE"",""BG"",""CY"",""CZ"",""DE"",""DK"",""EE"",""ES"",""FI"",""FR"",""GR"",""HR"",""HU"",""IE"",""IT"",""LI"",""LT"",""LU"",""LV"",""MT"",""NL"",""NO"",""PL"",""PT"",""RO"",""SE"",""SI"",""SK""]","2024-11-23 00:00:00","The decision was taken pursuant to own-initiative investigations.",SOURCE_VOLUNTARY,,Yes,AUTOMATED_DECISION_FULLY,TikTok,7440322352379943712,"2024-11-23 04:11:08"
04daaac3-af1f-4220-944c-4d4fb441ce7e,"[""DECISION_VISIBILITY_CONTENT_REMOVED""]",,,,,,,,,,,DECISION_GROUND_INCOMPATIBLE_CONTENT,,,,"Sexual Activity and Services","TikTok is a place where people can come to discuss or learn about sexuality, sex or reproductive health. We are mindful that certain content involving sexuality, sex or reproductive health may not be appropriate for young people, be considered offensive by some, or create the potential for exploitation. We do not allow sexual activity or services, including sex, sexual arousal, fetish and kink behavior, and seeking or offering sexual services.We proactively enforce our Community Guidelines through a mix of technology and human moderation. We have detected this policy violation using automated measures.",,STATEMENT_CATEGORY_PORNOGRAPHY_OR_SEXUALIZED_CONTENT,,,,"[""CONTENT_TYPE_VIDEO""]",,,"2020-11-01 00:00:00","[""AT"",""BE"",""BG"",""CY"",""CZ"",""DE"",""DK"",""EE"",""ES"",""FI"",""FR"",""GR"",""HR"",""HU"",""IE"",""IT"",""LI"",""LT"",""LU"",""LV"",""MT"",""NL"",""NO"",""PL"",""PT"",""RO"",""SE"",""SI"",""SK""]","2024-11-23 00:00:00","The decision was taken pursuant to own-initiative investigations.",SOURCE_VOLUNTARY,,Yes,AUTOMATED_DECISION_NOT_AUTOMATED,TikTok,7440322352379960096,"2024-11-23 04:11:08"
65c1b15d-35f9-40d9-8fef-9ff960b3cf6c,"[""DECISION_VISIBILITY_OTHER""]","Ad is not eligible for posting.",,,,,,,,,,DECISION_GROUND_INCOMPATIBLE_CONTENT,,,,"This ad has been rejected because the ad creative or landing page may feature sexually suggestive content such as sexual behavior, openly sexual content, or sexualized language and movements.This ad has been rejected because the ad creative or landing page may feature sexually suggestive content such as sexual behavior, openly sexual content, or sexualized language and movements.This ad has been rejected because the ad creative or landing page may feature sexually suggestive content such as sexu","Please modify or remove the related content. You can read more about our TikTok Advertising Policies on adult and sexual content at: https://ads.tiktok.com/help/article/tiktok-advertising-policies-ad-creatives-landing-page-prohibited-content#anchor-9Please modify or remove the related content. You can read more about our TikTok Advertising Policies on adult and sexual content at: https://ads.tiktok.com/help/article/tiktok-advertising-policies-ad-creatives-landing-page-prohibited-content#anchor-9Please modify or remove the related content. You can read more about our TikTok Advertising Policies on adult and sexual content at: https://ads.tiktok.com/help/article/tiktok-advertising-policies-ad-creatives-landing-page-prohibited-content#anchor-9Please modify or remove the related content. You can read more about our TikTok Advertising Policies on adult and sexual content at: https://ads.tiktok.com/help/article/tiktok-advertising-policies-ad-creatives-landing-page-prohibited-content#anchor-9Please modify or remove the related content. You can read more about our TikTok Advertising Policies on adult and sexual content at: https://ads.tiktok.com/help/article/tiktok-advertising-policies-ad-creatives-landing-page-prohibited-content#anchor-9Please modify or remove the related content. You can read more about our TikTok Advertising Policies on adult and sexual content at: https://ads.tiktok.com/help/article/tiktok-advertising-policies-ad-creatives-landing-page-prohibited-content#anchor-9",,STATEMENT_CATEGORY_SCOPE_OF_PLATFORM_SERVICE,,,,"[""CONTENT_TYPE_VIDEO""]",,,"2024-11-22 00:00:00","[""DE"",""FR""]","2024-11-23 00:00:00","The decision was taken pursuant to own-initiative investigations.",SOURCE_VOLUNTARY,,Yes,AUTOMATED_DECISION_FULLY,TikTok,7440322352379976480,"2024-11-23 04:11:08"
81dbc450-b7f9-45a3-be9b-0574a8d57180,"[""DECISION_VISIBILITY_OTHER""]","Video not eligible for recommendation in the For You feed",,,,,,,,,,DECISION_GROUND_INCOMPATIBLE_CONTENT,,,,"Shocking and Graphic Content","Part of the joy of TikTok is coming across new and unexpected content. But the platform is not a space to intentionally shock, upset, or disgust others. Content is ineligible for the For You feed and harder to find in search if it shows fictional violence, blood, potentially distressing or mildly graphic material, animal genitalia or sexual activity between animals, or if it contains graphic footage of events that are in the public interest to view.We proactively enforce our Community Guidelines through a mix of technology and human moderation. We have detected this policy violation using automated measures. We have used automated measures in making this decision.",,STATEMENT_CATEGORY_VIOLENCE,,,,"[""CONTENT_TYPE_VIDEO""]",,,"2024-11-23 00:00:00","[""AT"",""BE"",""BG"",""CY"",""CZ"",""DE"",""DK"",""EE"",""ES"",""FI"",""FR"",""GR"",""HR"",""HU"",""IE"",""IT"",""LI"",""LT"",""LU"",""LV"",""MT"",""NL"",""NO"",""PL"",""PT"",""RO"",""SE"",""SI"",""SK""]","2024-11-23 00:00:00","The decision was taken pursuant to own-initiative investigations.",SOURCE_VOLUNTARY,,Yes,AUTOMATED_DECISION_FULLY,TikTok,7440322352379992864,"2024-11-23 04:11:08"
7b5226c6-ac59-424b-be33-1e22f44ef009,"[""DECISION_VISIBILITY_OTHER""]","Photo not eligible for recommendation in the For You feed",,,,,,,,,,DECISION_GROUND_INCOMPATIBLE_CONTENT,,,,"Dangerous Activities and Challenges","Most activities or challenges are appropriate for everyone, but some carry a risk of significant injury. Content is ineligible for the For You feed if it involves activities that are likely to lead to moderate physical harm, or includes professionals who are performing extreme sports and stunts that may endanger others.We proactively enforce our Community Guidelines through a mix of technology and human moderation. We have detected this policy violation using automated measures. We have used automated measures in making this decision.",,STATEMENT_CATEGORY_NEGATIVE_EFFECTS_ON_CIVIC_DISCOURSE_OR_ELECTIONS,,,,"[""CONTENT_TYPE_IMAGE""]",,,"2024-11-23 00:00:00","[""AT"",""BE"",""BG"",""CY"",""CZ"",""DE"",""DK"",""EE"",""ES"",""FI"",""FR"",""GR"",""HR"",""HU"",""IE"",""IT"",""LI"",""LT"",""LU"",""LV"",""MT"",""NL"",""NO"",""PL"",""PT"",""RO"",""SE"",""SI"",""SK""]","2024-11-23 00:00:00","The decision was taken pursuant to own-initiative investigations.",SOURCE_VOLUNTARY,,Yes,AUTOMATED_DECISION_FULLY,TikTok,7440322357761202976,"2024-11-23 04:11:08"
a2680d4f-fc5c-4d48-8cec-c8d119520f26,"[""DECISION_VISIBILITY_CONTENT_REMOVED""]",,,,,,,,,,,DECISION_GROUND_INCOMPATIBLE_CONTENT,,,,"Harassment and Bullying","We welcome the respectful expression of different viewpoints, but not toxicity or trolling. We do not allow language or behavior that harasses, humiliates, threatens, or doxes anyone. This also includes responding to such acts with retaliatory harassment (but excludes non-harassing counterspeech).We proactively enforce our Community Guidelines through a mix of technology and human moderation. We have detected this policy violation using automated measures. We have used automated measures in making this decision.",,STATEMENT_CATEGORY_ILLEGAL_OR_HARMFUL_SPEECH,,,,"[""CONTENT_TYPE_TEXT""]",,,"2024-11-23 00:00:00","[""AT"",""BE"",""BG"",""CY"",""CZ"",""DE"",""DK"",""EE"",""ES"",""FI"",""FR"",""GR"",""HR"",""HU"",""IE"",""IT"",""LI"",""LT"",""LU"",""LV"",""MT"",""NL"",""NO"",""PL"",""PT"",""RO"",""SE"",""SI"",""SK""]","2024-11-23 00:00:00","The decision was taken pursuant to own-initiative investigations.",SOURCE_VOLUNTARY,,Yes,AUTOMATED_DECISION_FULLY,TikTok,7440322352380009248,"2024-11-23 04:11:08"
199257c7-4d62-4765-a546-57bfd4987586,"[""DECISION_VISIBILITY_CONTENT_REMOVED""]",,,,,,,,,,,DECISION_GROUND_INCOMPATIBLE_CONTENT,,,,"Hate Speech and Hateful Behaviors","TikTok is enriched by the various backgrounds of our community members. Our differences should be respected, rather than a cause for division. We do not allow any hateful behavior, hate speech, or promotion of hateful ideologies. This includes content that attacks a person or group because of protected attributes.We proactively enforce our Community Guidelines through a mix of technology and human moderation. We have detected this policy violation using automated measures. We have used automated measures in making this decision.",,STATEMENT_CATEGORY_ILLEGAL_OR_HARMFUL_SPEECH,,,,"[""CONTENT_TYPE_TEXT""]",,,"2024-11-23 00:00:00","[""AT"",""BE"",""BG"",""CY"",""CZ"",""DE"",""DK"",""EE"",""ES"",""FI"",""FR"",""GR"",""HR"",""HU"",""IE"",""IT"",""LI"",""LT"",""LU"",""LV"",""MT"",""NL"",""NO"",""PL"",""PT"",""RO"",""SE"",""SI"",""SK""]","2024-11-23 00:00:00","The decision was taken pursuant to own-initiative investigations.",SOURCE_VOLUNTARY,,Yes,AUTOMATED_DECISION_FULLY,TikTok,7440322357761219360,"2024-11-23 04:11:08"
876e9b24-b318-4c07-a908-3e67035150d9,"[""DECISION_VISIBILITY_CONTENT_REMOVED""]",,,,,,,,,,,DECISION_GROUND_INCOMPATIBLE_CONTENT,,,,"Harassment and Bullying","We welcome the respectful expression of different viewpoints, but not toxicity or trolling. We do not allow language or behavior that harasses, humiliates, threatens, or doxes anyone. This also includes responding to such acts with retaliatory harassment (but excludes non-harassing counterspeech).We proactively enforce our Community Guidelines through a mix of technology and human moderation. We have detected this policy violation using automated measures. We have used automated measures in making this decision.",,STATEMENT_CATEGORY_ILLEGAL_OR_HARMFUL_SPEECH,,,,"[""CONTENT_TYPE_TEXT""]",,,"2024-11-23 00:00:00","[""AT"",""BE"",""BG"",""CY"",""CZ"",""DE"",""DK"",""EE"",""ES"",""FI"",""FR"",""GR"",""HR"",""HU"",""IE"",""IT"",""LI"",""LT"",""LU"",""LV"",""MT"",""NL"",""NO"",""PL"",""PT"",""RO"",""SE"",""SI"",""SK""]","2024-11-23 00:00:00","The decision was taken pursuant to own-initiative investigations.",SOURCE_VOLUNTARY,,Yes,AUTOMATED_DECISION_FULLY,TikTok,7440322357761235744,"2024-11-23 04:11:08"
bc2f388e-9303-4fc2-bb82-be585c3895c1,"[""DECISION_VISIBILITY_OTHER""]","Video not eligible for recommendation in the For You feed",,,,,,,,,,DECISION_GROUND_INCOMPATIBLE_CONTENT,,,,"Dangerous Activities and Challenges","Most activities or challenges are appropriate for everyone, but some carry a risk of significant injury. Content is ineligible for the For You feed if it involves activities that are likely to lead to moderate physical harm, or includes professionals who are performing extreme sports and stunts that may endanger others.We proactively enforce our Community Guidelines through a mix of technology and human moderation. We have detected this policy violation using automated measures. We have used automated measures in making this decision.",,STATEMENT_CATEGORY_SCOPE_OF_PLATFORM_SERVICE,,,,"[""CONTENT_TYPE_VIDEO""]",,,"2024-11-23 00:00:00","[""AT"",""BE"",""BG"",""CY"",""CZ"",""DE"",""DK"",""EE"",""ES"",""FI"",""FR"",""GR"",""HR"",""HU"",""IE"",""IT"",""LI"",""LT"",""LU"",""LV"",""MT"",""NL"",""NO"",""PL"",""PT"",""RO"",""SE"",""SI"",""SK""]","2024-11-23 00:00:00","The decision was taken pursuant to own-initiative investigations.",SOURCE_VOLUNTARY,,Yes,AUTOMATED_DECISION_FULLY,TikTok,7440322357761252128,"2024-11-23 04:11:08"
56195f0e-2a6d-403e-8a6e-18c7f8ec6dde,"[""DECISION_VISIBILITY_OTHER""]","LIVE not eligible for recommendation and restricted in search results","2024-11-23 00:00:00",,,,,,,,,DECISION_GROUND_INCOMPATIBLE_CONTENT,,,,"Go LIVE minimum age requirement","Your LIVE is not eligible for recommendation and restricted in search results, because you may be under the age of 18. This is in line with the For You feed eligibility standards under our Community Guidelines.",,STATEMENT_CATEGORY_PROTECTION_OF_MINORS,,,,"[""CONTENT_TYPE_VIDEO""]",,,"2024-11-23 00:00:00","[""AT"",""BE"",""BG"",""CY"",""CZ"",""DE"",""DK"",""EE"",""ES"",""FI"",""FR"",""GR"",""HR"",""HU"",""IE"",""IS"",""IT"",""LI"",""LT"",""LU"",""LV"",""MT"",""NL"",""NO"",""PL"",""PT"",""RO"",""SE"",""SI"",""SK""]","2024-11-23 00:00:00","The decision was taken pursuant to own-initiative investigations",SOURCE_VOLUNTARY,,Yes,AUTOMATED_DECISION_NOT_AUTOMATED,TikTok,7440322357761268512,"2024-11-23 04:11:08"
04eaff06-28c3-4732-9d12-64494dad9f4a,,,,,,,DECISION_PROVISION_PARTIAL_SUSPENSION,"2024-11-30 00:00:00",,,,DECISION_GROUND_INCOMPATIBLE_CONTENT,,,,"Sexual exploitation and gender-based violence","We are committed to providing a space that embraces gender equity, supports healthy relationships, and respects intimate privacy. We do not allow sexual exploitation or gender-based violence, including non-consensual sexual acts, image-based sexual abuse, sextortion, physical abuse, and sexual harassment. Visit our {CG_link} for more information.",,STATEMENT_CATEGORY_VIOLENCE,,,,"[""CONTENT_TYPE_VIDEO""]",,,"2024-11-23 00:00:00","[""AT"",""BE"",""BG"",""CY"",""CZ"",""DE"",""DK"",""EE"",""ES"",""FI"",""FR"",""GR"",""HR"",""HU"",""IE"",""IS"",""IT"",""LI"",""LT"",""LU"",""LV"",""MT"",""NL"",""NO"",""PL"",""PT"",""RO"",""SE"",""SI"",""SK""]","2024-11-23 00:00:00","The decision was taken pursuant to own-initiative investigations",SOURCE_VOLUNTARY,,Yes,AUTOMATED_DECISION_NOT_AUTOMATED,TikTok,7440322365201849121,"2024-11-23 04:11:08"
e5633112-5232-4ed7-984e-caa05e73f9c4,"[""DECISION_VISIBILITY_OTHER""]","LIVE not eligible for recommendation and restricted in search results for 10 minutes","2024-11-23 00:00:00",,,,,,,,,DECISION_GROUND_INCOMPATIBLE_CONTENT,,,,"Content with low visual quality or static imagery","Your LIVE is not eligible for recommendation and restricted in search results for the next 10 minutes, because it may contain content with low visual quality or static imagery. This is in line with the For You feed eligibility standards under our Community Guidelines.",,STATEMENT_CATEGORY_SCOPE_OF_PLATFORM_SERVICE,,,,"[""CONTENT_TYPE_VIDEO""]",,,"2024-11-23 00:00:00","[""AT"",""BE"",""BG"",""CY"",""CZ"",""DE"",""DK"",""EE"",""ES"",""FI"",""FR"",""GR"",""HR"",""HU"",""IE"",""IS"",""IT"",""LI"",""LT"",""LU"",""LV"",""MT"",""NL"",""NO"",""PL"",""PT"",""RO"",""SE"",""SI"",""SK""]","2024-11-23 00:00:00","The decision was taken pursuant to own-initiative investigations",SOURCE_VOLUNTARY,,Yes,AUTOMATED_DECISION_FULLY,TikTok,7440322365201865505,"2024-11-23 04:11:08"
78f55079-5a56-459a-b1c1-95d7d4cf5a19,"[""DECISION_VISIBILITY_CONTENT_REMOVED""]",,,,,,,,,,,DECISION_GROUND_INCOMPATIBLE_CONTENT,,,,"Harassment and Bullying","We welcome the respectful expression of different viewpoints, but not toxicity or trolling. We do not allow language or behavior that harasses, humiliates, threatens, or doxes anyone. This also includes responding to such acts with retaliatory harassment (but excludes non-harassing counterspeech).We proactively enforce our Community Guidelines through a mix of technology and human moderation. We have detected this policy violation using automated measures. We have used automated measures in making this decision.",,STATEMENT_CATEGORY_ILLEGAL_OR_HARMFUL_SPEECH,,,,"[""CONTENT_TYPE_TEXT""]",,,"2024-11-23 00:00:00","[""AT"",""BE"",""BG"",""CY"",""CZ"",""DE"",""DK"",""EE"",""ES"",""FI"",""FR"",""GR"",""HR"",""HU"",""IE"",""IT"",""LI"",""LT"",""LU"",""LV"",""MT"",""NL"",""NO"",""PL"",""PT"",""RO"",""SE"",""SI"",""SK""]","2024-11-23 00:00:00","The decision was taken pursuant to own-initiative investigations.",SOURCE_VOLUNTARY,,Yes,AUTOMATED_DECISION_FULLY,TikTok,7440322357761284896,"2024-11-23 04:11:08"
fd45e36a-c588-4ee3-b7e4-bf1e20c7b731,"[""DECISION_VISIBILITY_CONTENT_REMOVED""]",,,,,,,,,,,DECISION_GROUND_INCOMPATIBLE_CONTENT,,,,"Harassment and Bullying","We welcome the respectful expression of different viewpoints, but not toxicity or trolling. We do not allow language or behavior that harasses, humiliates, threatens, or doxes anyone. This also includes responding to such acts with retaliatory harassment (but excludes non-harassing counterspeech).We proactively enforce our Community Guidelines through a mix of technology and human moderation. We have detected this policy violation using automated measures. We have used automated measures in making this decision.",,STATEMENT_CATEGORY_ILLEGAL_OR_HARMFUL_SPEECH,,,,"[""CONTENT_TYPE_TEXT""]",,,"2024-11-23 00:00:00","[""AT"",""BE"",""BG"",""CY"",""CZ"",""DE"",""DK"",""EE"",""ES"",""FI"",""FR"",""GR"",""HR"",""HU"",""IE"",""IT"",""LI"",""LT"",""LU"",""LV"",""MT"",""NL"",""NO"",""PL"",""PT"",""RO"",""SE"",""SI"",""SK""]","2024-11-23 00:00:00","The decision was taken pursuant to own-initiative investigations.",SOURCE_VOLUNTARY,,Yes,AUTOMATED_DECISION_FULLY,TikTok,7440322365201881889,"2024-11-23 04:11:08"
b75143ee-f03e-48fb-af6e-48c9b89a0049,"[""DECISION_VISIBILITY_CONTENT_REMOVED""]",,,,,,,,,,,DECISION_GROUND_INCOMPATIBLE_CONTENT,,,,"Harassment and Bullying","We welcome the respectful expression of different viewpoints, but not toxicity or trolling. We do not allow language or behavior that harasses, humiliates, threatens, or doxes anyone. This also includes responding to such acts with retaliatory harassment (but excludes non-harassing counterspeech).We proactively enforce our Community Guidelines through a mix of technology and human moderation. We have detected this policy violation using automated measures. We have used automated measures in making this decision.",,STATEMENT_CATEGORY_ILLEGAL_OR_HARMFUL_SPEECH,,,,"[""CONTENT_TYPE_TEXT""]",,,"2024-11-23 00:00:00","[""AT"",""BE"",""BG"",""CY"",""CZ"",""DE"",""DK"",""EE"",""ES"",""FI"",""FR"",""GR"",""HR"",""HU"",""IE"",""IT"",""LI"",""LT"",""LU"",""LV"",""MT"",""NL"",""NO"",""PL"",""PT"",""RO"",""SE"",""SI"",""SK""]","2024-11-23 00:00:00","The decision was taken pursuant to own-initiative investigations.",SOURCE_VOLUNTARY,,Yes,AUTOMATED_DECISION_FULLY,TikTok,7440322365201898273,"2024-11-23 04:11:08"
3b879143-f0cb-4b79-ad78-323acb3283b0,"[""DECISION_VISIBILITY_OTHER""]","Photo not eligible for recommendation in the For You feed",,,,,,,,,,DECISION_GROUND_INCOMPATIBLE_CONTENT,,,,"Community Guidelines","Your content is against our Community Guidelines. The guidelines include rules and standards for using TikTok that apply to everyone and everything on our platform.",,STATEMENT_CATEGORY_NEGATIVE_EFFECTS_ON_CIVIC_DISCOURSE_OR_ELECTIONS,,,,"[""CONTENT_TYPE_IMAGE""]",,,"2024-11-23 00:00:00","[""AT"",""BE"",""BG"",""CY"",""CZ"",""DE"",""DK"",""EE"",""ES"",""FI"",""FR"",""GR"",""HR"",""HU"",""IE"",""IT"",""LI"",""LT"",""LU"",""LV"",""MT"",""NL"",""NO"",""PL"",""PT"",""RO"",""SE"",""SI"",""SK""]","2024-11-23 00:00:00","The decision was taken pursuant to own-initiative investigations.",SOURCE_VOLUNTARY,,Yes,AUTOMATED_DECISION_FULLY,TikTok,7440322365201914657,"2024-11-23 04:11:08"
d018e398-4d2e-49ec-a228-c3f8330b9632,"[""DECISION_VISIBILITY_CONTENT_REMOVED""]",,,,,,,,,,,DECISION_GROUND_INCOMPATIBLE_CONTENT,,,,"Harassment and Bullying","We welcome the respectful expression of different viewpoints, but not toxicity or trolling. We do not allow language or behavior that harasses, humiliates, threatens, or doxes anyone. This also includes responding to such acts with retaliatory harassment (but excludes non-harassing counterspeech).We proactively enforce our Community Guidelines through a mix of technology and human moderation. We have detected this policy violation using automated measures. We have used automated measures in making this decision.",,STATEMENT_CATEGORY_ILLEGAL_OR_HARMFUL_SPEECH,,,,"[""CONTENT_TYPE_TEXT""]",,,"2024-11-23 00:00:00","[""AT"",""BE"",""BG"",""CY"",""CZ"",""DE"",""DK"",""EE"",""ES"",""FI"",""FR"",""GR"",""HR"",""HU"",""IE"",""IT"",""LI"",""LT"",""LU"",""LV"",""MT"",""NL"",""NO"",""PL"",""PT"",""RO"",""SE"",""SI"",""SK""]","2024-11-23 00:00:00","The decision was taken pursuant to own-initiative investigations.",SOURCE_VOLUNTARY,,Yes,AUTOMATED_DECISION_FULLY,TikTok,7440322357761301280,"2024-11-23 04:11:08"
b6d6ff48-c7c7-4f16-938a-9768ae4ed043,"[""DECISION_VISIBILITY_CONTENT_REMOVED""]",,,,,,,,,,,DECISION_GROUND_INCOMPATIBLE_CONTENT,,,,"Harassment and Bullying","We welcome the respectful expression of different viewpoints, but not toxicity or trolling. We do not allow language or behavior that harasses, humiliates, threatens, or doxes anyone. This also includes responding to such acts with retaliatory harassment (but excludes non-harassing counterspeech).We proactively enforce our Community Guidelines through a mix of technology and human moderation. We have detected this policy violation using automated measures. We have used automated measures in making this decision.",,STATEMENT_CATEGORY_ILLEGAL_OR_HARMFUL_SPEECH,,,,"[""CONTENT_TYPE_TEXT""]",,,"2024-11-23 00:00:00","[""AT"",""BE"",""BG"",""CY"",""CZ"",""DE"",""DK"",""EE"",""ES"",""FI"",""FR"",""GR"",""HR"",""HU"",""IE"",""IT"",""LI"",""LT"",""LU"",""LV"",""MT"",""NL"",""NO"",""PL"",""PT"",""RO"",""SE"",""SI"",""SK""]","2024-11-23 00:00:00","The decision was taken pursuant to own-initiative investigations.",SOURCE_VOLUNTARY,,Yes,AUTOMATED_DECISION_FULLY,TikTok,7440322366057487137,"2024-11-23 04:11:08"
95262523-fdd1-4b69-b87d-702d2d8e34a5,"[""DECISION_VISIBILITY_CONTENT_REMOVED""]",,,,,,,,,,,DECISION_GROUND_INCOMPATIBLE_CONTENT,,,,"Harassment and Bullying","We welcome the respectful expression of different viewpoints, but not toxicity or trolling. We do not allow language or behavior that harasses, humiliates, threatens, or doxes anyone. This also includes responding to such acts with retaliatory harassment (but excludes non-harassing counterspeech).We proactively enforce our Community Guidelines through a mix of technology and human moderation. We have detected this policy violation using automated measures. We have used automated measures in making this decision.",,STATEMENT_CATEGORY_ILLEGAL_OR_HARMFUL_SPEECH,,,,"[""CONTENT_TYPE_TEXT""]",,,"2024-11-23 00:00:00","[""AT"",""BE"",""BG"",""CY"",""CZ"",""DE"",""DK"",""EE"",""ES"",""FI"",""FR"",""GR"",""HR"",""HU"",""IE"",""IT"",""LI"",""LT"",""LU"",""LV"",""MT"",""NL"",""NO"",""PL"",""PT"",""RO"",""SE"",""SI"",""SK""]","2024-11-23 00:00:00","The decision was taken pursuant to own-initiative investigations.",SOURCE_VOLUNTARY,,Yes,AUTOMATED_DECISION_FULLY,TikTok,7440322366057503521,"2024-11-23 04:11:08"
58a38ba6-8b84-4f16-9629-39102c266387,"[""DECISION_VISIBILITY_OTHER""]","Photo not eligible for recommendation in the For You feed, and visibility restricted in search results",,,,,,,,,,DECISION_GROUND_INCOMPATIBLE_CONTENT,,,,"Civic and Election Integrity","We want to enable the informed exchange of civic ideas in a way that fosters productive dialogue. Your video didn’t meet our eligibility standards for the For You Feed. Please review our Community Guidelines for more information.We proactively enforce our Community Guidelines through a mix of technology and human moderation. We have detected this policy violation using automated measures. We have used automated measures in making this decision.",,STATEMENT_CATEGORY_NEGATIVE_EFFECTS_ON_CIVIC_DISCOURSE_OR_ELECTIONS,,,,"[""CONTENT_TYPE_IMAGE""]",,,"2024-11-23 00:00:00","[""AT"",""BE"",""BG"",""CY"",""CZ"",""DE"",""DK"",""EE"",""ES"",""FI"",""FR"",""GR"",""HR"",""HU"",""IE"",""IT"",""LI"",""LT"",""LU"",""LV"",""MT"",""NL"",""NO"",""PL"",""PT"",""RO"",""SE"",""SI"",""SK""]","2024-11-23 00:00:00","The decision was taken pursuant to own-initiative investigations.",SOURCE_VOLUNTARY,,Yes,AUTOMATED_DECISION_FULLY,TikTok,7440322365201931041,"2024-11-23 04:11:08"
1de65abe-8efa-4a80-a6a7-ee9b5b1f9d98,"[""DECISION_VISIBILITY_OTHER""]","Photo not eligible for recommendation in the For You feed, and visibility restricted in search results",,,,,,,,,,DECISION_GROUND_INCOMPATIBLE_CONTENT,,,,"Dangerous Activities and Challenges","Most activities or challenges are appropriate for everyone, but some may carry a risk of significant injury. Content is ineligible for the For You feed if it involves activities likely to lead to moderate physical harm or includes professionals performing extreme sports and stunts that may endanger others.We proactively enforce our Community Guidelines through a mix of technology and human moderation. We have detected this policy violation using automated measures. We have used automated measures in making this decision.",,STATEMENT_CATEGORY_SCOPE_OF_PLATFORM_SERVICE,,,,"[""CONTENT_TYPE_IMAGE""]",,,"2024-11-23 00:00:00","[""AT"",""BE"",""BG"",""CY"",""CZ"",""DE"",""DK"",""EE"",""ES"",""FI"",""FR"",""GR"",""HR"",""HU"",""IE"",""IT"",""LI"",""LT"",""LU"",""LV"",""MT"",""NL"",""NO"",""PL"",""PT"",""RO"",""SE"",""SI"",""SK""]","2024-11-23 00:00:00","The decision was taken pursuant to own-initiative investigations.",SOURCE_VOLUNTARY,,Yes,AUTOMATED_DECISION_FULLY,TikTok,7440322365201947425,"2024-11-23 04:11:08"
939c6493-0d7a-46d4-819b-3a67730664bb,"[""DECISION_VISIBILITY_CONTENT_REMOVED""]",,,,,,,,,,,DECISION_GROUND_INCOMPATIBLE_CONTENT,,,,"Harassment and Bullying","We welcome the respectful expression of different viewpoints, but not toxicity or trolling. We do not allow language or behavior that harasses, humiliates, threatens, or doxes anyone. This also includes responding to such acts with retaliatory harassment (but excludes non-harassing counterspeech).We proactively enforce our Community Guidelines through a mix of technology and human moderation. We have detected this policy violation using automated measures. We have used automated measures in making this decision.",,STATEMENT_CATEGORY_ILLEGAL_OR_HARMFUL_SPEECH,,,,"[""CONTENT_TYPE_TEXT""]",,,"2024-11-23 00:00:00","[""AT"",""BE"",""BG"",""CY"",""CZ"",""DE"",""DK"",""EE"",""ES"",""FI"",""FR"",""GR"",""HR"",""HU"",""IE"",""IT"",""LI"",""LT"",""LU"",""LV"",""MT"",""NL"",""NO"",""PL"",""PT"",""RO"",""SE"",""SI"",""SK""]","2024-11-23 00:00:00","The decision was taken pursuant to own-initiative investigations.",SOURCE_VOLUNTARY,,Yes,AUTOMATED_DECISION_FULLY,TikTok,7440322366057519905,"2024-11-23 04:11:08"
3bae013e-cb3d-4371-b936-49da634d12c2,"[""DECISION_VISIBILITY_CONTENT_REMOVED""]",,,,,,,,,,,DECISION_GROUND_INCOMPATIBLE_CONTENT,,,,"Harassment and Bullying","We welcome the respectful expression of different viewpoints, but not toxicity or trolling. We do not allow language or behavior that harasses, humiliates, threatens, or doxes anyone. This also includes responding to such acts with retaliatory harassment (but excludes non-harassing counterspeech).We proactively enforce our Community Guidelines through a mix of technology and human moderation. We have detected this policy violation using automated measures. We have used automated measures in making this decision.",,STATEMENT_CATEGORY_ILLEGAL_OR_HARMFUL_SPEECH,,,,"[""CONTENT_TYPE_TEXT""]",,,"2024-11-23 00:00:00","[""AT"",""BE"",""BG"",""CY"",""CZ"",""DE"",""DK"",""EE"",""ES"",""FI"",""FR"",""GR"",""HR"",""HU"",""IE"",""IT"",""LI"",""LT"",""LU"",""LV"",""MT"",""NL"",""NO"",""PL"",""PT"",""RO"",""SE"",""SI"",""SK""]","2024-11-23 00:00:00","The decision was taken pursuant to own-initiative investigations.",SOURCE_VOLUNTARY,,Yes,AUTOMATED_DECISION_FULLY,TikTok,7440322366057536289,"2024-11-23 04:11:08"
d4c8834e-50dd-45c5-be13-548573feb56a,"[""DECISION_VISIBILITY_CONTENT_REMOVED""]",,,,,,,,,,,DECISION_GROUND_INCOMPATIBLE_CONTENT,,,,"Harassment and Bullying","We welcome the respectful expression of different viewpoints, but not toxicity or trolling. We do not allow language or behavior that harasses, humiliates, threatens, or doxes anyone. This also includes responding to such acts with retaliatory harassment (but excludes non-harassing counterspeech).We proactively enforce our Community Guidelines through a mix of technology and human moderation. We have detected this policy violation using automated measures. We have used automated measures in making this decision.",,STATEMENT_CATEGORY_ILLEGAL_OR_HARMFUL_SPEECH,,,,"[""CONTENT_TYPE_TEXT""]",,,"2024-11-23 00:00:00","[""AT"",""BE"",""BG"",""CY"",""CZ"",""DE"",""DK"",""EE"",""ES"",""FI"",""FR"",""GR"",""HR"",""HU"",""IE"",""IT"",""LI"",""LT"",""LU"",""LV"",""MT"",""NL"",""NO"",""PL"",""PT"",""RO"",""SE"",""SI"",""SK""]","2024-11-23 00:00:00","The decision was taken pursuant to own-initiative investigations.",SOURCE_VOLUNTARY,,Yes,AUTOMATED_DECISION_FULLY,TikTok,7440322365201963809,"2024-11-23 04:11:08"
811ff50c-b126-4114-963c-ebc195516425,"[""DECISION_VISIBILITY_OTHER""]","Photo not eligible for recommendation in the For You feed, and visibility restricted in search results",,,,,,,,,,DECISION_GROUND_INCOMPATIBLE_CONTENT,,,,"Civic and Election Integrity","We want to enable the informed exchange of civic ideas in a way that fosters productive dialogue. Your video didn’t meet our eligibility standards for the For You Feed. Please review our Community Guidelines for more information.We proactively enforce our Community Guidelines through a mix of technology and human moderation. We have detected this policy violation using automated measures. We have used automated measures in making this decision.",,STATEMENT_CATEGORY_NEGATIVE_EFFECTS_ON_CIVIC_DISCOURSE_OR_ELECTIONS,,,,"[""CONTENT_TYPE_IMAGE""]",,,"2024-11-23 00:00:00","[""AT"",""BE"",""BG"",""CY"",""CZ"",""DE"",""DK"",""EE"",""ES"",""FI"",""FR"",""GR"",""HR"",""HU"",""IE"",""IT"",""LI"",""LT"",""LU"",""LV"",""MT"",""NL"",""NO"",""PL"",""PT"",""RO"",""SE"",""SI"",""SK""]","2024-11-23 00:00:00","The decision was taken pursuant to own-initiative investigations.",SOURCE_VOLUNTARY,,Yes,AUTOMATED_DECISION_FULLY,TikTok,7440322365201980193,"2024-11-23 04:11:08"
fae5d7c9-4129-47f0-a9a1-78502a05ed23,"[""DECISION_VISIBILITY_CONTENT_REMOVED""]",,,,,,,,,,,DECISION_GROUND_INCOMPATIBLE_CONTENT,,,,"Alcohol, Tobacco, and Drugs","While adults make personal choices about how they engage with alcohol, drugs, and tobacco, we recognize that there are risks connected to trading and using these substances. We do not allow showing or promoting recreational drug use, or the trade of alcohol, tobacco products, and drugs.We proactively enforce our Community Guidelines through a mix of technology and human moderation. We have detected this policy violation using automated measures.",,STATEMENT_CATEGORY_SCOPE_OF_PLATFORM_SERVICE,,,,"[""CONTENT_TYPE_VIDEO""]",,,"2024-11-18 00:00:00","[""AT"",""BE"",""BG"",""CY"",""CZ"",""DE"",""DK"",""EE"",""ES"",""FI"",""FR"",""GR"",""HR"",""HU"",""IE"",""IT"",""LI"",""LT"",""LU"",""LV"",""MT"",""NL"",""NO"",""PL"",""PT"",""RO"",""SE"",""SI"",""SK""]","2024-11-23 00:00:00","The decision was taken pursuant to own-initiative investigations.",SOURCE_VOLUNTARY,,Yes,AUTOMATED_DECISION_NOT_AUTOMATED,TikTok,7440322366057552673,"2024-11-23 04:11:08"
190d0c3c-6498-433e-a4ba-5128249af335,"[""DECISION_VISIBILITY_CONTENT_REMOVED""]",,,,,,,,,,,DECISION_GROUND_INCOMPATIBLE_CONTENT,,,,"Hate Speech and Hateful Behaviors","TikTok is enriched by the various backgrounds of our community members. Our differences should be respected, rather than a cause for division. We do not allow any hateful behavior, hate speech, or promotion of hateful ideologies. This includes content that attacks a person or group because of protected attributes.We proactively enforce our Community Guidelines through a mix of technology and human moderation. We have detected this policy violation using automated measures. We have used automated measures in making this decision.",,STATEMENT_CATEGORY_ILLEGAL_OR_HARMFUL_SPEECH,,,,"[""CONTENT_TYPE_TEXT""]",,,"2024-11-23 00:00:00","[""AT"",""BE"",""BG"",""CY"",""CZ"",""DE"",""DK"",""EE"",""ES"",""FI"",""FR"",""GR"",""HR"",""HU"",""IE"",""IT"",""LI"",""LT"",""LU"",""LV"",""MT"",""NL"",""NO"",""PL"",""PT"",""RO"",""SE"",""SI"",""SK""]","2024-11-23 00:00:00","The decision was taken pursuant to own-initiative investigations.",SOURCE_VOLUNTARY,,Yes,AUTOMATED_DECISION_FULLY,TikTok,7440322366057569057,"2024-11-23 04:11:08"
527c7770-befb-4af6-a9d0-77e0997ea974,"[""DECISION_VISIBILITY_OTHER""]","Photo not eligible for recommendation in the For You feed",,,,,,,,,,DECISION_GROUND_INCOMPATIBLE_CONTENT,,,,"Dangerous Activities and Challenges","Most activities or challenges are appropriate for everyone, but some carry a risk of significant injury. Content is ineligible for the For You feed if it involves activities that are likely to lead to moderate physical harm, or includes professionals who are performing extreme sports and stunts that may endanger others.We proactively enforce our Community Guidelines through a mix of technology and human moderation. We have detected this policy violation using automated measures. We have used automated measures in making this decision.",,STATEMENT_CATEGORY_NEGATIVE_EFFECTS_ON_CIVIC_DISCOURSE_OR_ELECTIONS,,,,"[""CONTENT_TYPE_IMAGE""]",,,"2024-11-23 00:00:00","[""AT"",""BE"",""BG"",""CY"",""CZ"",""DE"",""DK"",""EE"",""ES"",""FI"",""FR"",""GR"",""HR"",""HU"",""IE"",""IT"",""LI"",""LT"",""LU"",""LV"",""MT"",""NL"",""NO"",""PL"",""PT"",""RO"",""SE"",""SI"",""SK""]","2024-11-23 00:00:00","The decision was taken pursuant to own-initiative investigations.",SOURCE_VOLUNTARY,,Yes,AUTOMATED_DECISION_FULLY,TikTok,7440322366057585441,"2024-11-23 04:11:08"
034973ad-ea3d-4c57-986f-4bcb7d4e67d4,"[""DECISION_VISIBILITY_CONTENT_REMOVED""]",,,,,,,,,,,DECISION_GROUND_INCOMPATIBLE_CONTENT,,,,"Community Guidelines","Your content is against our Community Guidelines. The guidelines include rules and standards for using TikTok that apply to everyone and everything on our platform.We proactively enforce our Community Guidelines through a mix of technology and human moderation. We have detected this policy violation using automated measures. We have used automated measures in making this decision.",,STATEMENT_CATEGORY_SCOPE_OF_PLATFORM_SERVICE,,,,"[""CONTENT_TYPE_VIDEO""]",,,"2024-11-23 00:00:00","[""AT"",""BE"",""BG"",""CY"",""CZ"",""DE"",""DK"",""EE"",""ES"",""FI"",""FR"",""GR"",""HR"",""HU"",""IE"",""IT"",""LI"",""LT"",""LU"",""LV"",""MT"",""NL"",""NO"",""PL"",""PT"",""RO"",""SE"",""SI"",""SK""]","2024-11-23 00:00:00","The decision was taken pursuant to own-initiative investigations.",SOURCE_VOLUNTARY,,Yes,AUTOMATED_DECISION_FULLY,TikTok,7440322365201996577,"2024-11-23 04:11:08"
f2484145-2ebd-4131-a94d-c4efa2954709,"[""DECISION_VISIBILITY_CONTENT_REMOVED""]",,,,,,,,,,,DECISION_GROUND_INCOMPATIBLE_CONTENT,,,,"Personal Information","We are committed to making sure that any personal information shared intentionally or accidentally on TikTok does not lead to harm. We do not allow content that includes personal information that may create a risk of stalking, violence, phishing, fraud, identity theft, or financial exploitation, including content that someone has posted themselves or that they consented to being shared by others.We proactively enforce our Community Guidelines through a mix of technology and human moderation. We have detected this policy violation using automated measures.",,STATEMENT_CATEGORY_DATA_PROTECTION_AND_PRIVACY_VIOLATIONS,,,,"[""CONTENT_TYPE_OTHER""]","Profile information",,"2024-11-23 00:00:00","[""AT"",""BE"",""BG"",""CY"",""CZ"",""DE"",""DK"",""EE"",""ES"",""FI"",""FR"",""GR"",""HR"",""HU"",""IE"",""IT"",""LI"",""LT"",""LU"",""LV"",""MT"",""NL"",""NO"",""PL"",""PT"",""RO"",""SE"",""SI"",""SK""]","2024-11-23 00:00:00","The decision was taken pursuant to own-initiative investigations.",SOURCE_VOLUNTARY,,Yes,AUTOMATED_DECISION_NOT_AUTOMATED,TikTok,7440322400601873185,"2024-11-23 04:11:08"
e82f84a5-891a-4f53-82dc-0a16b7eb86e5,"[""DECISION_VISIBILITY_CONTENT_REMOVED""]",,,,,,,,,,,DECISION_GROUND_INCOMPATIBLE_CONTENT,,,,"Harassment and Bullying","We welcome the respectful expression of different viewpoints, but not toxicity or trolling. We do not allow language or behavior that harasses, humiliates, threatens, or doxes anyone. This also includes responding to such acts with retaliatory harassment (but excludes non-harassing counterspeech).We proactively enforce our Community Guidelines through a mix of technology and human moderation. We have detected this policy violation using automated measures. We have used automated measures in making this decision.",,STATEMENT_CATEGORY_ILLEGAL_OR_HARMFUL_SPEECH,,,,"[""CONTENT_TYPE_TEXT""]",,,"2024-11-23 00:00:00","[""AT"",""BE"",""BG"",""CY"",""CZ"",""DE"",""DK"",""EE"",""ES"",""FI"",""FR"",""GR"",""HR"",""HU"",""IE"",""IT"",""LI"",""LT"",""LU"",""LV"",""MT"",""NL"",""NO"",""PL"",""PT"",""RO"",""SE"",""SI"",""SK""]","2024-11-23 00:00:00","The decision was taken pursuant to own-initiative investigations.",SOURCE_VOLUNTARY,,Yes,AUTOMATED_DECISION_FULLY,TikTok,7440322408302517024,"2024-11-23 04:11:08"
f7a4ab83-7da1-4afc-a40d-e4fe740de3b9,"[""DECISION_VISIBILITY_CONTENT_REMOVED""]",,,,,,,,,,,DECISION_GROUND_INCOMPATIBLE_CONTENT,,,,"Harassment and Bullying","We welcome the respectful expression of different viewpoints, but not toxicity or trolling. We do not allow language or behavior that harasses, humiliates, threatens, or doxes anyone. This also includes responding to such acts with retaliatory harassment (but excludes non-harassing counterspeech).We proactively enforce our Community Guidelines through a mix of technology and human moderation. We have detected this policy violation using automated measures. We have used automated measures in making this decision.",,STATEMENT_CATEGORY_ILLEGAL_OR_HARMFUL_SPEECH,,,,"[""CONTENT_TYPE_TEXT""]",,,"2024-11-23 00:00:00","[""AT"",""BE"",""BG"",""CY"",""CZ"",""DE"",""DK"",""EE"",""ES"",""FI"",""FR"",""GR"",""HR"",""HU"",""IE"",""IT"",""LI"",""LT"",""LU"",""LV"",""MT"",""NL"",""NO"",""PL"",""PT"",""RO"",""SE"",""SI"",""SK""]","2024-11-23 00:00:00","The decision was taken pursuant to own-initiative investigations.",SOURCE_VOLUNTARY,,Yes,AUTOMATED_DECISION_FULLY,TikTok,7440322400601889569,"2024-11-23 04:11:08"
4d5a8a3a-00ad-4417-b5a8-f592d8052c29,,,,,,,,,DECISION_ACCOUNT_TERMINATED,,,DECISION_GROUND_INCOMPATIBLE_CONTENT,,,,"Advertising policy violation","Reasons why your account may have been suspended: - We received a report or complaint about your account from people on TikTok or other channels. - There are problems with your ad creative, or qualifications or services provided in your ads. - We suspected malicious behavior or intent during ad creation. - You made changes to your ad's landing page after launching the campaign.",,STATEMENT_CATEGORY_SCOPE_OF_PLATFORM_SERVICE,,,,"[""CONTENT_TYPE_OTHER""]","Account Suspended",,"2024-11-14 00:00:00","[""AT"",""BE"",""BG"",""CY"",""CZ"",""DE"",""DK"",""EE"",""ES"",""FI"",""FR"",""GR"",""HR"",""HU"",""IE"",""IT"",""LI"",""LT"",""LU"",""LV"",""MT"",""NL"",""NO"",""PL"",""PT"",""RO"",""SE"",""SI"",""SK""]","2024-11-23 00:00:00","The decision was taken pursuant to own-initiative investigations.",SOURCE_VOLUNTARY,,No,AUTOMATED_DECISION_NOT_AUTOMATED,TikTok,7440322408302533408,"2024-11-23 04:11:08"
426088de-d3eb-4d97-b0ea-79c0eaf9a82e,"[""DECISION_VISIBILITY_CONTENT_REMOVED""]",,,,,,,,,,,DECISION_GROUND_INCOMPATIBLE_CONTENT,,,,"Harassment and Bullying","We welcome the respectful expression of different viewpoints, but not toxicity or trolling. We do not allow language or behavior that harasses, humiliates, threatens, or doxes anyone. This also includes responding to such acts with retaliatory harassment (but excludes non-harassing counterspeech).We proactively enforce our Community Guidelines through a mix of technology and human moderation. We have detected this policy violation using automated measures. We have used automated measures in making this decision.",,STATEMENT_CATEGORY_ILLEGAL_OR_HARMFUL_SPEECH,,,,"[""CONTENT_TYPE_TEXT""]",,,"2024-11-23 00:00:00","[""AT"",""BE"",""BG"",""CY"",""CZ"",""DE"",""DK"",""EE"",""ES"",""FI"",""FR"",""GR"",""HR"",""HU"",""IE"",""IT"",""LI"",""LT"",""LU"",""LV"",""MT"",""NL"",""NO"",""PL"",""PT"",""RO"",""SE"",""SI"",""SK""]","2024-11-23 00:00:00","The decision was taken pursuant to own-initiative investigations.",SOURCE_VOLUNTARY,,Yes,AUTOMATED_DECISION_FULLY,TikTok,7440322400601905953,"2024-11-23 04:11:08"
7b1b6954-265a-4850-8ea2-3ed28021736c,"[""DECISION_VISIBILITY_CONTENT_REMOVED""]",,,,,,,,,,,DECISION_GROUND_INCOMPATIBLE_CONTENT,,,,"Community Guidelines","Your content is against our Community Guidelines. The guidelines include rules and standards for using TikTok that apply to everyone and everything on our platform.We proactively enforce our Community Guidelines through a mix of technology and human moderation. We have detected this policy violation using automated measures. We have used automated measures in making this decision.",,STATEMENT_CATEGORY_SCOPE_OF_PLATFORM_SERVICE,,,,"[""CONTENT_TYPE_TEXT""]",,,"2024-11-23 00:00:00","[""AT"",""BE"",""BG"",""CY"",""CZ"",""DE"",""DK"",""EE"",""ES"",""FI"",""FR"",""GR"",""HR"",""HU"",""IE"",""IT"",""LI"",""LT"",""LU"",""LV"",""MT"",""NL"",""NO"",""PL"",""PT"",""RO"",""SE"",""SI"",""SK""]","2024-11-23 00:00:00","The decision was taken pursuant to own-initiative investigations.",SOURCE_VOLUNTARY,,Yes,AUTOMATED_DECISION_FULLY,TikTok,7440322400601922337,"2024-11-23 04:11:08"
b2d33428-76d2-4b57-a687-b7afbd4251ca,"[""DECISION_VISIBILITY_OTHER""]","Video not eligible for recommendation in the For You feed",,,,,,,,,,DECISION_GROUND_INCOMPATIBLE_CONTENT,,,,"Community Guidelines","We maintain content eligibility standards for the For You feed (FYF) that prioritize safety and are informed by the diversity of our community and cultural norms. We make ineligible for the FYF certain content that may not be appropriate for a broad audience related to: (1) Behavioral Health, (2) Sensitive and Mature Themes, (3) Integrity and Authenticity, and (4) Regulated Goods. Content that is ineligible for the FYF can still be discovered in other ways, such as through search tools or by following an account.We proactively enforce our Community Guidelines through a mix of technology and human moderation. We have detected this policy violation using automated measures. We have used automated measures in making this decision.",,STATEMENT_CATEGORY_SCOPE_OF_PLATFORM_SERVICE,,,,"[""CONTENT_TYPE_VIDEO""]",,,"2024-11-23 00:00:00","[""AT"",""BE"",""BG"",""CY"",""CZ"",""DE"",""DK"",""EE"",""ES"",""FI"",""FR"",""GR"",""HR"",""HU"",""IE"",""IT"",""LI"",""LT"",""LU"",""LV"",""MT"",""NL"",""NO"",""PL"",""PT"",""RO"",""SE"",""SI"",""SK""]","2024-11-23 00:00:00","The decision was taken pursuant to own-initiative investigations.",SOURCE_VOLUNTARY,,Yes,AUTOMATED_DECISION_FULLY,TikTok,7440322419509697312,"2024-11-23 04:11:08"
4d9e3120-8764-49b4-8933-c130ee478a02,"[""DECISION_VISIBILITY_CONTENT_REMOVED""]",,,,,,,,,,,DECISION_GROUND_INCOMPATIBLE_CONTENT,,,,"Harassment and Bullying","We welcome the respectful expression of different viewpoints, but not toxicity or trolling. We do not allow language or behavior that harasses, humiliates, threatens, or doxes anyone. This also includes responding to such acts with retaliatory harassment (but excludes non-harassing counterspeech).We proactively enforce our Community Guidelines through a mix of technology and human moderation. We have detected this policy violation using automated measures. We have used automated measures in making this decision.",,STATEMENT_CATEGORY_ILLEGAL_OR_HARMFUL_SPEECH,,,,"[""CONTENT_TYPE_TEXT""]",,,"2024-11-23 00:00:00","[""AT"",""BE"",""BG"",""CY"",""CZ"",""DE"",""DK"",""EE"",""ES"",""FI"",""FR"",""GR"",""HR"",""HU"",""IE"",""IT"",""LI"",""LT"",""LU"",""LV"",""MT"",""NL"",""NO"",""PL"",""PT"",""RO"",""SE"",""SI"",""SK""]","2024-11-23 00:00:00","The decision was taken pursuant to own-initiative investigations.",SOURCE_VOLUNTARY,,Yes,AUTOMATED_DECISION_FULLY,TikTok,7440322419509713696,"2024-11-23 04:11:10"
74874936-7a56-4cea-ac96-db4be689dde6,"[""DECISION_VISIBILITY_CONTENT_REMOVED""]",,,,,,,,,,,DECISION_GROUND_INCOMPATIBLE_CONTENT,,,,"Hate Speech and Hateful Behaviors","TikTok is enriched by the various backgrounds of our community members. Our differences should be respected, rather than a cause for division. We do not allow any hateful behavior, hate speech, or promotion of hateful ideologies. This includes content that attacks a person or group because of protected attributes.We proactively enforce our Community Guidelines through a mix of technology and human moderation. We have detected this policy violation using automated measures. We have used automated measures in making this decision.",,STATEMENT_CATEGORY_ILLEGAL_OR_HARMFUL_SPEECH,,,,"[""CONTENT_TYPE_TEXT""]",,,"2024-11-23 00:00:00","[""AT"",""BE"",""BG"",""CY"",""CZ"",""DE"",""DK"",""EE"",""ES"",""FI"",""FR"",""GR"",""HR"",""HU"",""IE"",""IT"",""LI"",""LT"",""LU"",""LV"",""MT"",""NL"",""NO"",""PL"",""PT"",""RO"",""SE"",""SI"",""SK""]","2024-11-23 00:00:00","The decision was taken pursuant to own-initiative investigations.",SOURCE_VOLUNTARY,,Yes,AUTOMATED_DECISION_FULLY,TikTok,7440322408302549792,"2024-11-23 04:11:10"
2dd867cd-c351-41e2-9062-0aeeccd167c0,"[""DECISION_VISIBILITY_CONTENT_REMOVED""]",,,,,,,,,,,DECISION_GROUND_INCOMPATIBLE_CONTENT,,,,"Hate Speech and Hateful Behaviors","TikTok is enriched by the various backgrounds of our community members. Our differences should be respected, rather than a cause for division. We do not allow any hateful behavior, hate speech, or promotion of hateful ideologies. This includes content that attacks a person or group because of protected attributes.We proactively enforce our Community Guidelines through a mix of technology and human moderation. We have detected this policy violation using automated measures. We have used automated measures in making this decision.",,STATEMENT_CATEGORY_ILLEGAL_OR_HARMFUL_SPEECH,,,,"[""CONTENT_TYPE_TEXT""]",,,"2024-11-23 00:00:00","[""AT"",""BE"",""BG"",""CY"",""CZ"",""DE"",""DK"",""EE"",""ES"",""FI"",""FR"",""GR"",""HR"",""HU"",""IE"",""IT"",""LI"",""LT"",""LU"",""LV"",""MT"",""NL"",""NO"",""PL"",""PT"",""RO"",""SE"",""SI"",""SK""]","2024-11-23 00:00:00","The decision was taken pursuant to own-initiative investigations.",SOURCE_VOLUNTARY,,Yes,AUTOMATED_DECISION_FULLY,TikTok,7440322408302566176,"2024-11-23 04:11:10"
7b61f279-8d8c-4fe6-975f-b96b35d934ad,"[""DECISION_VISIBILITY_OTHER""]","Video not eligible for recommendation in the For You feed",,,,,,,,,,DECISION_GROUND_INCOMPATIBLE_CONTENT,,,,"Community Guidelines","Your content is against our Community Guidelines. The guidelines include rules and standards for using TikTok that apply to everyone and everything on our platform.We proactively enforce our Community Guidelines through a mix of technology and human moderation. We have detected this policy violation using automated measures. We have used automated measures in making this decision.",,STATEMENT_CATEGORY_SCOPE_OF_PLATFORM_SERVICE,,,,"[""CONTENT_TYPE_OTHER""]","Video Sticker",,"2024-11-23 00:00:00","[""AT"",""BE"",""BG"",""CY"",""CZ"",""DE"",""DK"",""EE"",""ES"",""FI"",""FR"",""GR"",""HR"",""HU"",""IE"",""IT"",""LI"",""LT"",""LU"",""LV"",""MT"",""NL"",""NO"",""PL"",""PT"",""RO"",""SE"",""SI"",""SK""]","2024-11-23 00:00:00","The decision was taken pursuant to own-initiative investigations.",SOURCE_VOLUNTARY,,Yes,AUTOMATED_DECISION_FULLY,TikTok,7440322419509730080,"2024-11-23 04:11:10"
fb6e6091-f7f6-489f-ba89-c1c26d3dafdb,"[""DECISION_VISIBILITY_OTHER""]","Photo not eligible for recommendation in the For You feed, and visibility restricted in search results",,,,,,,,,,DECISION_GROUND_INCOMPATIBLE_CONTENT,,,,"Dangerous Activities and Challenges","Most activities or challenges are appropriate for everyone, but some may carry a risk of significant injury. Content is ineligible for the For You feed if it involves activities likely to lead to moderate physical harm or includes professionals performing extreme sports and stunts that may endanger others.We proactively enforce our Community Guidelines through a mix of technology and human moderation. We have detected this policy violation using automated measures. We have used automated measures in making this decision.",,STATEMENT_CATEGORY_SCOPE_OF_PLATFORM_SERVICE,,,,"[""CONTENT_TYPE_IMAGE""]",,,"2024-11-23 00:00:00","[""AT"",""BE"",""BG"",""CY"",""CZ"",""DE"",""DK"",""EE"",""ES"",""FI"",""FR"",""GR"",""HR"",""HU"",""IE"",""IT"",""LI"",""LT"",""LU"",""LV"",""MT"",""NL"",""NO"",""PL"",""PT"",""RO"",""SE"",""SI"",""SK""]","2024-11-23 00:00:00","The decision was taken pursuant to own-initiative investigations.",SOURCE_VOLUNTARY,,Yes,AUTOMATED_DECISION_FULLY,TikTok,7440322419509746464,"2024-11-23 04:11:10"
a9442b08-d75f-4b21-a690-31ac43cd25ab,"[""DECISION_VISIBILITY_CONTENT_REMOVED""]",,,,,,,,,,,DECISION_GROUND_INCOMPATIBLE_CONTENT,,,,"Harassment and Bullying","We welcome the respectful expression of different viewpoints, but not toxicity or trolling. We do not allow language or behavior that harasses, humiliates, threatens, or doxes anyone. This also includes responding to such acts with retaliatory harassment (but excludes non-harassing counterspeech).We proactively enforce our Community Guidelines through a mix of technology and human moderation. We have detected this policy violation using automated measures. We have used automated measures in making this decision.",,STATEMENT_CATEGORY_ILLEGAL_OR_HARMFUL_SPEECH,,,,"[""CONTENT_TYPE_TEXT""]",,,"2024-11-23 00:00:00","[""AT"",""BE"",""BG"",""CY"",""CZ"",""DE"",""DK"",""EE"",""ES"",""FI"",""FR"",""GR"",""HR"",""HU"",""IE"",""IT"",""LI"",""LT"",""LU"",""LV"",""MT"",""NL"",""NO"",""PL"",""PT"",""RO"",""SE"",""SI"",""SK""]","2024-11-23 00:00:00","The decision was taken pursuant to own-initiative investigations.",SOURCE_VOLUNTARY,,Yes,AUTOMATED_DECISION_FULLY,TikTok,7440322408302582560,"2024-11-23 04:11:10"
fc1921e6-4352-4517-a11a-9dfd3e17c2f7,"[""DECISION_VISIBILITY_OTHER""]","Video not eligible for recommendation in the For You feed",,,,,,,,,,DECISION_GROUND_INCOMPATIBLE_CONTENT,,,,"Community Guidelines","We maintain content eligibility standards for the For You feed (FYF) that prioritize safety and are informed by the diversity of our community and cultural norms. We make ineligible for the FYF certain content that may not be appropriate for a broad audience related to: (1) Behavioral Health, (2) Sensitive and Mature Themes, (3) Integrity and Authenticity, and (4) Regulated Goods. Content that is ineligible for the FYF can still be discovered in other ways, such as through search tools or by following an account.We proactively enforce our Community Guidelines through a mix of technology and human moderation. We have detected this policy violation using automated measures. We have used automated measures in making this decision.",,STATEMENT_CATEGORY_SCOPE_OF_PLATFORM_SERVICE,,,,"[""CONTENT_TYPE_VIDEO""]",,,"2024-11-23 00:00:00","[""AT"",""BE"",""BG"",""CY"",""CZ"",""DE"",""DK"",""EE"",""ES"",""FI"",""FR"",""GR"",""HR"",""HU"",""IE"",""IT"",""LI"",""LT"",""LU"",""LV"",""MT"",""NL"",""NO"",""PL"",""PT"",""RO"",""SE"",""SI"",""SK""]","2024-11-23 00:00:00","The decision was taken pursuant to own-initiative investigations.",SOURCE_VOLUNTARY,,Yes,AUTOMATED_DECISION_FULLY,TikTok,7440322408302598944,"2024-11-23 04:11:10"
ddb84526-69e8-4a44-a031-15862a3b6275,"[""DECISION_VISIBILITY_CONTENT_REMOVED""]",,,,,,,,,,,DECISION_GROUND_INCOMPATIBLE_CONTENT,,,,"Harassment and Bullying","We welcome the respectful expression of different viewpoints, but not toxicity or trolling. We do not allow language or behavior that harasses, humiliates, threatens, or doxes anyone. This also includes responding to such acts with retaliatory harassment (but excludes non-harassing counterspeech).We proactively enforce our Community Guidelines through a mix of technology and human moderation. We have detected this policy violation using automated measures. We have used automated measures in making this decision.",,STATEMENT_CATEGORY_ILLEGAL_OR_HARMFUL_SPEECH,,,,"[""CONTENT_TYPE_TEXT""]",,,"2024-11-23 00:00:00","[""AT"",""BE"",""BG"",""CY"",""CZ"",""DE"",""DK"",""EE"",""ES"",""FI"",""FR"",""GR"",""HR"",""HU"",""IE"",""IT"",""LI"",""LT"",""LU"",""LV"",""MT"",""NL"",""NO"",""PL"",""PT"",""RO"",""SE"",""SI"",""SK""]","2024-11-23 00:00:00","The decision was taken pursuant to own-initiative investigations.",SOURCE_VOLUNTARY,,Yes,AUTOMATED_DECISION_FULLY,TikTok,7440322408302615328,"2024-11-23 04:11:12"
fdebbb29-20b1-4c32-9c74-e01bcfaf182f,"[""DECISION_VISIBILITY_OTHER""]","Photo not eligible for recommendation in the For You feed, and visibility restricted in search results",,,,,,,,,,DECISION_GROUND_INCOMPATIBLE_CONTENT,,,,"Community Guidelines","We maintain content eligibility standards for the For You feed (FYF) that prioritize safety and are informed by the diversity of our community and cultural norms. We make ineligible for the FYF certain content that may not be appropriate for a broad audience related to: (1) Behavioral Health, (2) Sensitive and Mature Themes, (3) Integrity and Authenticity, and (4) Regulated Goods. Content that is ineligible for the FYF can still be discovered in other ways, such as through search tools or by following an account.We proactively enforce our Community Guidelines through a mix of technology and human moderation. We have detected this policy violation using automated measures. We have used automated measures in making this decision.",,STATEMENT_CATEGORY_SCOPE_OF_PLATFORM_SERVICE,,,,"[""CONTENT_TYPE_IMAGE""]",,,"2024-11-23 00:00:00","[""AT"",""BE"",""BG"",""CY"",""CZ"",""DE"",""DK"",""EE"",""ES"",""FI"",""FR"",""GR"",""HR"",""HU"",""IE"",""IT"",""LI"",""LT"",""LU"",""LV"",""MT"",""NL"",""NO"",""PL"",""PT"",""RO"",""SE"",""SI"",""SK""]","2024-11-23 00:00:00","The decision was taken pursuant to own-initiative investigations.",SOURCE_VOLUNTARY,,Yes,AUTOMATED_DECISION_FULLY,TikTok,7440322408302631712,"2024-11-23 04:11:12"
c95203b9-9440-4c2f-8564-68a60ad28500,"[""DECISION_VISIBILITY_CONTENT_REMOVED""]",,,,,,,,,,,DECISION_GROUND_INCOMPATIBLE_CONTENT,,,,"Harassment and Bullying","We welcome the respectful expression of different viewpoints, but not toxicity or trolling. We do not allow language or behavior that harasses, humiliates, threatens, or doxes anyone. This also includes responding to such acts with retaliatory harassment (but excludes non-harassing counterspeech).We proactively enforce our Community Guidelines through a mix of technology and human moderation. We have detected this policy violation using automated measures. We have used automated measures in making this decision.",,STATEMENT_CATEGORY_ILLEGAL_OR_HARMFUL_SPEECH,,,,"[""CONTENT_TYPE_TEXT""]",,,"2024-11-23 00:00:00","[""AT"",""BE"",""BG"",""CY"",""CZ"",""DE"",""DK"",""EE"",""ES"",""FI"",""FR"",""GR"",""HR"",""HU"",""IE"",""IT"",""LI"",""LT"",""LU"",""LV"",""MT"",""NL"",""NO"",""PL"",""PT"",""RO"",""SE"",""SI"",""SK""]","2024-11-23 00:00:00","The decision was taken pursuant to own-initiative investigations.",SOURCE_VOLUNTARY,,Yes,AUTOMATED_DECISION_FULLY,TikTok,7440322408302648096,"2024-11-23 04:11:12"
75e8f560-ea4f-4f11-8404-052dfdd5cda5,"[""DECISION_VISIBILITY_OTHER""]","Video not eligible for recommendation in the For You feed",,,,,,,,,,DECISION_GROUND_INCOMPATIBLE_CONTENT,,,,"Dangerous Activities and Challenges","Most activities or challenges are appropriate for everyone, but some carry a risk of significant injury. Content is ineligible for the For You feed if it involves activities that are likely to lead to moderate physical harm, or includes professionals who are performing extreme sports and stunts that may endanger others.We proactively enforce our Community Guidelines through a mix of technology and human moderation. We have detected this policy violation using automated measures. We have used automated measures in making this decision.",,STATEMENT_CATEGORY_SCOPE_OF_PLATFORM_SERVICE,,,,"[""CONTENT_TYPE_VIDEO""]",,,"2024-11-23 00:00:00","[""AT"",""BE"",""BG"",""CY"",""CZ"",""DE"",""DK"",""EE"",""ES"",""FI"",""FR"",""GR"",""HR"",""HU"",""IE"",""IT"",""LI"",""LT"",""LU"",""LV"",""MT"",""NL"",""NO"",""PL"",""PT"",""RO"",""SE"",""SI"",""SK""]","2024-11-23 00:00:00","The decision was taken pursuant to own-initiative investigations.",SOURCE_VOLUNTARY,,Yes,AUTOMATED_DECISION_FULLY,TikTok,7440322419509795616,"2024-11-23 04:11:12"
1869ac05-4dff-404d-9eb5-9b0d65a607b0,"[""DECISION_VISIBILITY_OTHER""]","Video not eligible for recommendation in the For You feed",,,,,,,,,,DECISION_GROUND_INCOMPATIBLE_CONTENT,,,,"Community Guidelines","We maintain content eligibility standards for the For You feed (FYF) that prioritize safety and are informed by the diversity of our community and cultural norms. We make ineligible for the FYF certain content that may not be appropriate for a broad audience related to: (1) Behavioral Health, (2) Sensitive and Mature Themes, (3) Integrity and Authenticity, and (4) Regulated Goods. Content that is ineligible for the FYF can still be discovered in other ways, such as through search tools or by following an account.We proactively enforce our Community Guidelines through a mix of technology and human moderation. We have detected this policy violation using automated measures. We have used automated measures in making this decision.",,STATEMENT_CATEGORY_SCOPE_OF_PLATFORM_SERVICE,,,,"[""CONTENT_TYPE_VIDEO""]",,,"2024-11-23 00:00:00","[""AT"",""BE"",""BG"",""CY"",""CZ"",""DE"",""DK"",""EE"",""ES"",""FI"",""FR"",""GR"",""HR"",""HU"",""IE"",""IT"",""LI"",""LT"",""LU"",""LV"",""MT"",""NL"",""NO"",""PL"",""PT"",""RO"",""SE"",""SI"",""SK""]","2024-11-23 00:00:00","The decision was taken pursuant to own-initiative investigations.",SOURCE_VOLUNTARY,,Yes,AUTOMATED_DECISION_FULLY,TikTok,7440322419509812000,"2024-11-23 04:11:12"
b5b4f12f-7b14-4117-849a-f38a21ef4df1,"[""DECISION_VISIBILITY_OTHER""]","Photo not eligible for recommendation in the For You feed, and visibility restricted in search results",,,,,,,,,,DECISION_GROUND_INCOMPATIBLE_CONTENT,,,,"Dangerous Activities and Challenges","Most activities or challenges are appropriate for everyone, but some may carry a risk of significant injury. Content is ineligible for the For You feed if it involves activities likely to lead to moderate physical harm or includes professionals performing extreme sports and stunts that may endanger others.We proactively enforce our Community Guidelines through a mix of technology and human moderation. We have detected this policy violation using automated measures. We have used automated measures in making this decision.",,STATEMENT_CATEGORY_SCOPE_OF_PLATFORM_SERVICE,,,,"[""CONTENT_TYPE_IMAGE""]",,,"2024-11-23 00:00:00","[""AT"",""BE"",""BG"",""CY"",""CZ"",""DE"",""DK"",""EE"",""ES"",""FI"",""FR"",""GR"",""HR"",""HU"",""IE"",""IT"",""LI"",""LT"",""LU"",""LV"",""MT"",""NL"",""NO"",""PL"",""PT"",""RO"",""SE"",""SI"",""SK""]","2024-11-23 00:00:00","The decision was taken pursuant to own-initiative investigations.",SOURCE_VOLUNTARY,,Yes,AUTOMATED_DECISION_FULLY,TikTok,7440322408302664480,"2024-11-23 04:11:12"
9521c88f-01d0-494f-b2a2-905fe1b52024,"[""DECISION_VISIBILITY_CONTENT_REMOVED""]",,,,,,,,,,,DECISION_GROUND_INCOMPATIBLE_CONTENT,,,,"Harassment and Bullying","We welcome the respectful expression of different viewpoints, but not toxicity or trolling. We do not allow language or behavior that harasses, humiliates, threatens, or doxes anyone. This also includes responding to such acts with retaliatory harassment (but excludes non-harassing counterspeech).We proactively enforce our Community Guidelines through a mix of technology and human moderation. We have detected this policy violation using automated measures. We have used automated measures in making this decision.",,STATEMENT_CATEGORY_ILLEGAL_OR_HARMFUL_SPEECH,,,,"[""CONTENT_TYPE_TEXT""]",,,"2024-11-23 00:00:00","[""AT"",""BE"",""BG"",""CY"",""CZ"",""DE"",""DK"",""EE"",""ES"",""FI"",""FR"",""GR"",""HR"",""HU"",""IE"",""IT"",""LI"",""LT"",""LU"",""LV"",""MT"",""NL"",""NO"",""PL"",""PT"",""RO"",""SE"",""SI"",""SK""]","2024-11-23 00:00:00","The decision was taken pursuant to own-initiative investigations.",SOURCE_VOLUNTARY,,Yes,AUTOMATED_DECISION_FULLY,TikTok,7440322427390794528,"2024-11-23 04:11:12"
6640b64c-6051-411a-b42b-1fa8df0ef8c1,"[""DECISION_VISIBILITY_OTHER""]","Photo not eligible for recommendation in the For You feed, and visibility restricted in search results",,,,,,,,,,DECISION_GROUND_INCOMPATIBLE_CONTENT,,,,"Community Guidelines","We maintain content eligibility standards for the For You feed (FYF) that prioritize safety and are informed by the diversity of our community and cultural norms. We make ineligible for the FYF certain content that may not be appropriate for a broad audience related to: (1) Behavioral Health, (2) Sensitive and Mature Themes, (3) Integrity and Authenticity, and (4) Regulated Goods. Content that is ineligible for the FYF can still be discovered in other ways, such as through search tools or by following an account.We proactively enforce our Community Guidelines through a mix of technology and human moderation. We have detected this policy violation using automated measures. We have used automated measures in making this decision.",,STATEMENT_CATEGORY_SCOPE_OF_PLATFORM_SERVICE,,,,"[""CONTENT_TYPE_IMAGE""]",,,"2024-11-23 00:00:00","[""AT"",""BE"",""BG"",""CY"",""CZ"",""DE"",""DK"",""EE"",""ES"",""FI"",""FR"",""GR"",""HR"",""HU"",""IE"",""IT"",""LI"",""LT"",""LU"",""LV"",""MT"",""NL"",""NO"",""PL"",""PT"",""RO"",""SE"",""SI"",""SK""]","2024-11-23 00:00:00","The decision was taken pursuant to own-initiative investigations.",SOURCE_VOLUNTARY,,Yes,AUTOMATED_DECISION_FULLY,TikTok,7440322419509828384,"2024-11-23 04:11:12"
6f1717ab-da83-48fc-bd41-7bedcbca1b79,"[""DECISION_VISIBILITY_CONTENT_REMOVED""]",,,,,,,,,,,DECISION_GROUND_INCOMPATIBLE_CONTENT,,,,"Violent Behaviors and Criminal Activities","We recognize that online content related to violence can cause real-world harm. We do not allow any violent threats, incitement to violence, or promotion of criminal activities that may harm people, animals, or property. If there is a specific, credible, and imminent threat to human life or serious physical injury, we will report it to relevant law enforcement authorities.We proactively enforce our Community Guidelines through a mix of technology and human moderation. We have detected this policy violation using automated measures. We have used automated measures in making this decision.",,STATEMENT_CATEGORY_VIOLENCE,,,,"[""CONTENT_TYPE_TEXT""]",,,"2024-11-23 00:00:00","[""AT"",""BE"",""BG"",""CY"",""CZ"",""DE"",""DK"",""EE"",""ES"",""FI"",""FR"",""GR"",""HR"",""HU"",""IE"",""IT"",""LI"",""LT"",""LU"",""LV"",""MT"",""NL"",""NO"",""PL"",""PT"",""RO"",""SE"",""SI"",""SK""]","2024-11-23 00:00:00","The decision was taken pursuant to own-initiative investigations.",SOURCE_VOLUNTARY,,Yes,AUTOMATED_DECISION_FULLY,TikTok,7440322427390810912,"2024-11-23 04:11:12"
86565bc2-1639-4403-bc27-e799f0935646,"[""DECISION_VISIBILITY_OTHER""]","Photo not eligible for recommendation in the For You feed, and visibility restricted in search results",,,,,,,,,,DECISION_GROUND_INCOMPATIBLE_CONTENT,,,,"Civic and Election Integrity","We want to enable the informed exchange of civic ideas in a way that fosters productive dialogue. Your video didn’t meet our eligibility standards for the For You Feed. Please review our Community Guidelines for more information.We proactively enforce our Community Guidelines through a mix of technology and human moderation. We have detected this policy violation using automated measures. We have used automated measures in making this decision.",,STATEMENT_CATEGORY_NEGATIVE_EFFECTS_ON_CIVIC_DISCOURSE_OR_ELECTIONS,,,,"[""CONTENT_TYPE_IMAGE""]",,,"2024-11-23 00:00:00","[""AT"",""BE"",""BG"",""CY"",""CZ"",""DE"",""DK"",""EE"",""ES"",""FI"",""FR"",""GR"",""HR"",""HU"",""IE"",""IT"",""LI"",""LT"",""LU"",""LV"",""MT"",""NL"",""NO"",""PL"",""PT"",""RO"",""SE"",""SI"",""SK""]","2024-11-23 00:00:00","The decision was taken pursuant to own-initiative investigations.",SOURCE_VOLUNTARY,,Yes,AUTOMATED_DECISION_FULLY,TikTok,7440322427390827296,"2024-11-23 04:11:12"
8bdfba6f-6bea-49ab-a370-36223e830d8f,"[""DECISION_VISIBILITY_CONTENT_REMOVED""]",,,,,,,,,,,DECISION_GROUND_INCOMPATIBLE_CONTENT,,,,"Harassment and Bullying","We welcome the respectful expression of different viewpoints, but not toxicity or trolling. We do not allow language or behavior that harasses, humiliates, threatens, or doxes anyone. This also includes responding to such acts with retaliatory harassment (but excludes non-harassing counterspeech).We proactively enforce our Community Guidelines through a mix of technology and human moderation. We have detected this policy violation using automated measures. We have used automated measures in making this decision.",,STATEMENT_CATEGORY_ILLEGAL_OR_HARMFUL_SPEECH,,,,"[""CONTENT_TYPE_TEXT""]",,,"2024-11-23 00:00:00","[""AT"",""BE"",""BG"",""CY"",""CZ"",""DE"",""DK"",""EE"",""ES"",""FI"",""FR"",""GR"",""HR"",""HU"",""IE"",""IT"",""LI"",""LT"",""LU"",""LV"",""MT"",""NL"",""NO"",""PL"",""PT"",""RO"",""SE"",""SI"",""SK""]","2024-11-23 00:00:00","The decision was taken pursuant to own-initiative investigations.",SOURCE_VOLUNTARY,,Yes,AUTOMATED_DECISION_FULLY,TikTok,7440322427390843680,"2024-11-23 04:11:12"
ef5e6622-67d2-4b7c-b4b6-80bef252ea84,"[""DECISION_VISIBILITY_CONTENT_REMOVED""]",,,,,,,,,,,DECISION_GROUND_INCOMPATIBLE_CONTENT,,,,"Community Guidelines","Your content is against our Community Guidelines. The guidelines include rules and standards for using TikTok that apply to everyone and everything on our platform.We proactively enforce our Community Guidelines through a mix of technology and human moderation. We have detected this policy violation using automated measures. We have used automated measures in making this decision.",,STATEMENT_CATEGORY_SCOPE_OF_PLATFORM_SERVICE,,,,"[""CONTENT_TYPE_VIDEO""]",,,"2024-11-23 00:00:00","[""AT"",""BE"",""BG"",""CY"",""CZ"",""DE"",""DK"",""EE"",""ES"",""FI"",""FR"",""GR"",""HR"",""HU"",""IE"",""IT"",""LI"",""LT"",""LU"",""LV"",""MT"",""NL"",""NO"",""PL"",""PT"",""RO"",""SE"",""SI"",""SK""]","2024-11-23 00:00:00","The decision was taken pursuant to own-initiative investigations.",SOURCE_VOLUNTARY,,Yes,AUTOMATED_DECISION_FULLY,TikTok,7440322419509844768,"2024-11-23 04:11:12"
4d8c5041-8f27-4cb7-b16a-91e725cb07a5,"[""DECISION_VISIBILITY_CONTENT_REMOVED""]",,,,,,,,,,,DECISION_GROUND_INCOMPATIBLE_CONTENT,,,,"Sexually Suggestive Content","We welcome performances and dances where people can creatively express themselves, celebrate their culture, or seek to entertain. We are mindful that certain behaviors related to sexual arousal or suggestiveness may be offensive to some people and may put young people at risk of exploitation. We do not allow seductive performances or allusions to sexual activity by young people, or the use of sexually explicit narratives by anyone.We proactively enforce our Community Guidelines through a mix of technology and human moderation. We have detected this policy violation using automated measures. We have used automated measures in making this decision.",,STATEMENT_CATEGORY_SCOPE_OF_PLATFORM_SERVICE,,,,"[""CONTENT_TYPE_TEXT""]",,,"2024-11-23 00:00:00","[""AT"",""BE"",""BG"",""CY"",""CZ"",""DE"",""DK"",""EE"",""ES"",""FI"",""FR"",""GR"",""HR"",""HU"",""IE"",""IT"",""LI"",""LT"",""LU"",""LV"",""MT"",""NL"",""NO"",""PL"",""PT"",""RO"",""SE"",""SI"",""SK""]","2024-11-23 00:00:00","The decision was taken pursuant to own-initiative investigations.",SOURCE_VOLUNTARY,,Yes,AUTOMATED_DECISION_FULLY,TikTok,7440322366057601825,"2024-11-23 04:11:12"
09c8bcd8-0565-46d2-a800-37c3f2824341,"[""DECISION_VISIBILITY_OTHER""]","Photo not eligible for recommendation in the For You feed, and visibility restricted in search results",,,,,,,,,,DECISION_GROUND_INCOMPATIBLE_CONTENT,,,,"Civic and Election Integrity","We want to enable the informed exchange of civic ideas in a way that fosters productive dialogue. Your video didn’t meet our eligibility standards for the For You Feed. Please review our Community Guidelines for more information.We proactively enforce our Community Guidelines through a mix of technology and human moderation. We have detected this policy violation using automated measures. We have used automated measures in making this decision.",,STATEMENT_CATEGORY_NEGATIVE_EFFECTS_ON_CIVIC_DISCOURSE_OR_ELECTIONS,,,,"[""CONTENT_TYPE_IMAGE""]",,,"2024-11-23 00:00:00","[""AT"",""BE"",""BG"",""CY"",""CZ"",""DE"",""DK"",""EE"",""ES"",""FI"",""FR"",""GR"",""HR"",""HU"",""IE"",""IT"",""LI"",""LT"",""LU"",""LV"",""MT"",""NL"",""NO"",""PL"",""PT"",""RO"",""SE"",""SI"",""SK""]","2024-11-23 00:00:00","The decision was taken pursuant to own-initiative investigations.",SOURCE_VOLUNTARY,,Yes,AUTOMATED_DECISION_FULLY,TikTok,7440322379542174496,"2024-11-23 04:11:12"
919f978f-b30d-4252-9f98-095ad8299a30,"[""DECISION_VISIBILITY_OTHER""]","LIVE not eligible for recommendation and restricted in search results for 10 minutes","2024-11-23 00:00:00",,,,,,,,,DECISION_GROUND_INCOMPATIBLE_CONTENT,,,,"Content with low visual quality or static imagery","Your LIVE is not eligible for recommendation and restricted in search results for the next 10 minutes, because it may contain content with low visual quality or static imagery. This is in line with the For You feed eligibility standards under our Community Guidelines.",,STATEMENT_CATEGORY_SCOPE_OF_PLATFORM_SERVICE,,,,"[""CONTENT_TYPE_VIDEO""]",,,"2024-11-22 00:00:00","[""AT"",""BE"",""BG"",""CY"",""CZ"",""DE"",""DK"",""EE"",""ES"",""FI"",""FR"",""GR"",""HR"",""HU"",""IE"",""IS"",""IT"",""LI"",""LT"",""LU"",""LV"",""MT"",""NL"",""NO"",""PL"",""PT"",""RO"",""SE"",""SI"",""SK""]","2024-11-23 00:00:00","The decision was taken pursuant to own-initiative investigations",SOURCE_VOLUNTARY,,Yes,AUTOMATED_DECISION_FULLY,TikTok,7440322366057618209,"2024-11-23 04:11:12"
bac040d7-ab15-441c-9298-051edb5530d8,"[""DECISION_VISIBILITY_CONTENT_REMOVED""]",,,,,,,,,,,DECISION_GROUND_INCOMPATIBLE_CONTENT,,,,"Hate Speech and Hateful Behaviors","TikTok is enriched by the various backgrounds of our community members. Our differences should be respected, rather than a cause for division. We do not allow any hateful behavior, hate speech, or promotion of hateful ideologies. This includes content that attacks a person or group because of protected attributes.We proactively enforce our Community Guidelines through a mix of technology and human moderation. We have detected this policy violation using automated measures. We have used automated measures in making this decision.",,STATEMENT_CATEGORY_ILLEGAL_OR_HARMFUL_SPEECH,,,,"[""CONTENT_TYPE_TEXT""]",,,"2024-11-23 00:00:00","[""AT"",""BE"",""BG"",""CY"",""CZ"",""DE"",""DK"",""EE"",""ES"",""FI"",""FR"",""GR"",""HR"",""HU"",""IE"",""IT"",""LI"",""LT"",""LU"",""LV"",""MT"",""NL"",""NO"",""PL"",""PT"",""RO"",""SE"",""SI"",""SK""]","2024-11-23 00:00:00","The decision was taken pursuant to own-initiative investigations.",SOURCE_VOLUNTARY,,Yes,AUTOMATED_DECISION_FULLY,TikTok,7440322379542190880,"2024-11-23 04:11:12"
ba6a5539-de43-4d6c-a4cb-d535c81d675b,"[""DECISION_VISIBILITY_OTHER""]","Video not eligible for recommendation in the For You feed",,,,,,,,,,DECISION_GROUND_INCOMPATIBLE_CONTENT,,,,"Nudity and Body Exposure","We celebrate all shapes and sizes and want people to feel comfortable in how they present themselves and their bodies. Content is ineligible for the For You feed and harder to find in search if it shows moderate body exposure of a young person, or significant body exposure of an adult. We allow regional exceptions for body exposure in limited situations, such as common cultural practices.We proactively enforce our Community Guidelines through a mix of technology and human moderation. We have detected this policy violation using automated measures. We have used automated measures in making this decision.",,STATEMENT_CATEGORY_SCOPE_OF_PLATFORM_SERVICE,,,,"[""CONTENT_TYPE_VIDEO""]",,,"2024-11-23 00:00:00","[""AT"",""BE"",""BG"",""CY"",""CZ"",""DE"",""DK"",""EE"",""ES"",""FI"",""FR"",""GR"",""HR"",""HU"",""IE"",""IT"",""LI"",""LT"",""LU"",""LV"",""MT"",""NL"",""NO"",""PL"",""PT"",""RO"",""SE"",""SI"",""SK""]","2024-11-23 00:00:00","The decision was taken pursuant to own-initiative investigations.",SOURCE_VOLUNTARY,,Yes,AUTOMATED_DECISION_FULLY,TikTok,7440322366057634593,"2024-11-23 04:11:12"
06600474-ea2d-4630-98df-70b0b1ee211e,"[""DECISION_VISIBILITY_CONTENT_REMOVED""]",,,,,,,,,,,DECISION_GROUND_INCOMPATIBLE_CONTENT,,,,"Harassment and Bullying","We welcome the respectful expression of different viewpoints, but not toxicity or trolling. We do not allow language or behavior that harasses, humiliates, threatens, or doxes anyone. This also includes responding to such acts with retaliatory harassment (but excludes non-harassing counterspeech).We proactively enforce our Community Guidelines through a mix of technology and human moderation. We have detected this policy violation using automated measures. We have used automated measures in making this decision.",,STATEMENT_CATEGORY_ILLEGAL_OR_HARMFUL_SPEECH,,,,"[""CONTENT_TYPE_TEXT""]",,,"2024-11-23 00:00:00","[""AT"",""BE"",""BG"",""CY"",""CZ"",""DE"",""DK"",""EE"",""ES"",""FI"",""FR"",""GR"",""HR"",""HU"",""IE"",""IT"",""LI"",""LT"",""LU"",""LV"",""MT"",""NL"",""NO"",""PL"",""PT"",""RO"",""SE"",""SI"",""SK""]","2024-11-23 00:00:00","The decision was taken pursuant to own-initiative investigations.",SOURCE_VOLUNTARY,,Yes,AUTOMATED_DECISION_FULLY,TikTok,7440322379542207264,"2024-11-23 04:11:12"
1ebf8758-d909-4d73-a532-5a65595e80b7,,,,,,,DECISION_PROVISION_PARTIAL_SUSPENSION,"2024-11-30 00:00:00",,,,DECISION_GROUND_INCOMPATIBLE_CONTENT,,,,"Actos y servicios sexuales","TikTok es un lugar donde las personas pueden debatir o aprender sobre la sexualidad, el sexo o la salud reproductiva. Somos conscientes de que cierto contenido relacionado con la sexualidad, el sexo o la salud reproductiva puede ser poco apropiado para la juventud, considerarse ofensivo por parte de algunas personas o crear un riesgo de explotación. No permitimos actividades ni servicios sexuales, incluido el sexo, la excitación sexual, el comportamiento fetichista y perverso, ni la búsqueda u oferta de servicios sexuales. Consulta las {CG_link} para obtener más información.",,STATEMENT_CATEGORY_PORNOGRAPHY_OR_SEXUALIZED_CONTENT,,,,"[""CONTENT_TYPE_VIDEO""]",,,"2024-11-23 00:00:00","[""AT"",""BE"",""BG"",""CY"",""CZ"",""DE"",""DK"",""EE"",""ES"",""FI"",""FR"",""GR"",""HR"",""HU"",""IE"",""IS"",""IT"",""LI"",""LT"",""LU"",""LV"",""MT"",""NL"",""NO"",""PL"",""PT"",""RO"",""SE"",""SI"",""SK""]","2024-11-23 00:00:00","The decision was taken pursuant to own-initiative investigations",SOURCE_VOLUNTARY,,Yes,AUTOMATED_DECISION_NOT_AUTOMATED,TikTok,7440322385741355808,"2024-11-23 04:11:12"
f03ec394-9bb9-4afe-9769-c4f15b026bdc,"[""DECISION_VISIBILITY_CONTENT_REMOVED""]",,,,,,,,,,,DECISION_GROUND_INCOMPATIBLE_CONTENT,,,,"Harassment and Bullying","We welcome the respectful expression of different viewpoints, but not toxicity or trolling. We do not allow language or behavior that harasses, humiliates, threatens, or doxes anyone. This also includes responding to such acts with retaliatory harassment (but excludes non-harassing counterspeech).We proactively enforce our Community Guidelines through a mix of technology and human moderation. We have detected this policy violation using automated measures. We have used automated measures in making this decision.",,STATEMENT_CATEGORY_ILLEGAL_OR_HARMFUL_SPEECH,,,,"[""CONTENT_TYPE_TEXT""]",,,"2024-11-23 00:00:00","[""AT"",""BE"",""BG"",""CY"",""CZ"",""DE"",""DK"",""EE"",""ES"",""FI"",""FR"",""GR"",""HR"",""HU"",""IE"",""IT"",""LI"",""LT"",""LU"",""LV"",""MT"",""NL"",""NO"",""PL"",""PT"",""RO"",""SE"",""SI"",""SK""]","2024-11-23 00:00:00","The decision was taken pursuant to own-initiative investigations.",SOURCE_VOLUNTARY,,Yes,AUTOMATED_DECISION_FULLY,TikTok,7440322385741372192,"2024-11-23 04:11:12"
0a59bef3-8ffb-4c67-884f-3621e070e234,"[""DECISION_VISIBILITY_CONTENT_REMOVED""]",,,,,,,,,,,DECISION_GROUND_INCOMPATIBLE_CONTENT,,,,"Harassment and Bullying","We welcome the respectful expression of different viewpoints, but not toxicity or trolling. We do not allow language or behavior that harasses, humiliates, threatens, or doxes anyone. This also includes responding to such acts with retaliatory harassment (but excludes non-harassing counterspeech).We proactively enforce our Community Guidelines through a mix of technology and human moderation. We have detected this policy violation using automated measures. We have used automated measures in making this decision.",,STATEMENT_CATEGORY_ILLEGAL_OR_HARMFUL_SPEECH,,,,"[""CONTENT_TYPE_TEXT""]",,,"2024-11-23 00:00:00","[""AT"",""BE"",""BG"",""CY"",""CZ"",""DE"",""DK"",""EE"",""ES"",""FI"",""FR"",""GR"",""HR"",""HU"",""IE"",""IT"",""LI"",""LT"",""LU"",""LV"",""MT"",""NL"",""NO"",""PL"",""PT"",""RO"",""SE"",""SI"",""SK""]","2024-11-23 00:00:00","The decision was taken pursuant to own-initiative investigations.",SOURCE_VOLUNTARY,,Yes,AUTOMATED_DECISION_FULLY,TikTok,7440322379542223648,"2024-11-23 04:11:12"
8d70f8c0-0723-4a2d-90b5-508b1b14acc5,,,,,,,,,DECISION_ACCOUNT_TERMINATED,,,DECISION_GROUND_INCOMPATIBLE_CONTENT,,,,"Advertising policy violation","Reasons why your account may have been suspended: - We received a report or complaint about your account from people on TikTok or other channels. - There are problems with your ad creative, or qualifications or services provided in your ads. - We suspected malicious behavior or intent during ad creation. - You made changes to your ad's landing page after launching the campaign.",,STATEMENT_CATEGORY_SCOPE_OF_PLATFORM_SERVICE,,,,"[""CONTENT_TYPE_OTHER""]","Account Suspended",,"2024-11-12 00:00:00","[""AT"",""BE"",""BG"",""CY"",""CZ"",""DE"",""DK"",""EE"",""ES"",""FI"",""FR"",""GR"",""HR"",""HU"",""IE"",""IT"",""LI"",""LT"",""LU"",""LV"",""MT"",""NL"",""NO"",""PL"",""PT"",""RO"",""SE"",""SI"",""SK""]","2024-11-23 00:00:00","The decision was taken pursuant to own-initiative investigations.",SOURCE_VOLUNTARY,,Yes,AUTOMATED_DECISION_FULLY,TikTok,7440322379542240032,"2024-11-23 04:11:12"
d03eb33d-ecd2-4d44-8049-6494f09f4742,"[""DECISION_VISIBILITY_CONTENT_REMOVED""]",,,,,,,,,,,DECISION_GROUND_INCOMPATIBLE_CONTENT,,,,"Sexual Exploitation and Gender-Based Violence","We are committed to providing a space that embraces gender equity, supports healthy relationships, and respects intimate privacy. We do not allow sexual exploitation or gender-based violence, including non-consensual sexual acts, image-based sexual abuse, sextortion, physical abuse, and sexual harassment.We proactively enforce our Community Guidelines through a mix of technology and human moderation. We have detected this policy violation using automated measures. We have used automated measures in making this decision.",,STATEMENT_CATEGORY_VIOLENCE,,,,"[""CONTENT_TYPE_TEXT""]",,,"2024-11-23 00:00:00","[""AT"",""BE"",""BG"",""CY"",""CZ"",""DE"",""DK"",""EE"",""ES"",""FI"",""FR"",""GR"",""HR"",""HU"",""IE"",""IT"",""LI"",""LT"",""LU"",""LV"",""MT"",""NL"",""NO"",""PL"",""PT"",""RO"",""SE"",""SI"",""SK""]","2024-11-23 00:00:00","The decision was taken pursuant to own-initiative investigations.",SOURCE_VOLUNTARY,,Yes,AUTOMATED_DECISION_FULLY,TikTok,7440322379542256416,"2024-11-23 04:11:12"
10647d92-b9e5-4a1e-962b-e8668f3bd250,"[""DECISION_VISIBILITY_CONTENT_REMOVED""]",,,,,,,,,,,DECISION_GROUND_INCOMPATIBLE_CONTENT,,,,"Sexual Exploitation and Gender-Based Violence","We are committed to providing a space that embraces gender equity, supports healthy relationships, and respects intimate privacy. We do not allow sexual exploitation or gender-based violence, including non-consensual sexual acts, image-based sexual abuse, sextortion, physical abuse, and sexual harassment.We proactively enforce our Community Guidelines through a mix of technology and human moderation. We have detected this policy violation using automated measures. We have used automated measures in making this decision.",,STATEMENT_CATEGORY_VIOLENCE,,,,"[""CONTENT_TYPE_TEXT""]",,,"2024-11-23 00:00:00","[""AT"",""BE"",""BG"",""CY"",""CZ"",""DE"",""DK"",""EE"",""ES"",""FI"",""FR"",""GR"",""HR"",""HU"",""IE"",""IT"",""LI"",""LT"",""LU"",""LV"",""MT"",""NL"",""NO"",""PL"",""PT"",""RO"",""SE"",""SI"",""SK""]","2024-11-23 00:00:00","The decision was taken pursuant to own-initiative investigations.",SOURCE_VOLUNTARY,,Yes,AUTOMATED_DECISION_FULLY,TikTok,7440322379542272800,"2024-11-23 04:11:12"
fb973db2-6676-48fe-886c-aef4c09f2048,"[""DECISION_VISIBILITY_CONTENT_REMOVED""]",,,,,,,,,,,DECISION_GROUND_INCOMPATIBLE_CONTENT,,,,"Harassment and Bullying","We welcome the respectful expression of different viewpoints, but not toxicity or trolling. We do not allow language or behavior that harasses, humiliates, threatens, or doxes anyone. This also includes responding to such acts with retaliatory harassment (but excludes non-harassing counterspeech).We proactively enforce our Community Guidelines through a mix of technology and human moderation. We have detected this policy violation using automated measures. We have used automated measures in making this decision.",,STATEMENT_CATEGORY_ILLEGAL_OR_HARMFUL_SPEECH,,,,"[""CONTENT_TYPE_TEXT""]",,,"2024-11-23 00:00:00","[""AT"",""BE"",""BG"",""CY"",""CZ"",""DE"",""DK"",""EE"",""ES"",""FI"",""FR"",""GR"",""HR"",""HU"",""IE"",""IT"",""LI"",""LT"",""LU"",""LV"",""MT"",""NL"",""NO"",""PL"",""PT"",""RO"",""SE"",""SI"",""SK""]","2024-11-23 00:00:00","The decision was taken pursuant to own-initiative investigations.",SOURCE_VOLUNTARY,,Yes,AUTOMATED_DECISION_FULLY,TikTok,7440322379542289184,"2024-11-23 04:11:12"
588aa311-a479-4bc3-b06b-02811d199804,"[""DECISION_VISIBILITY_OTHER""]","Video not eligible for recommendation in the For You feed",,,,,,,,,,DECISION_GROUND_INCOMPATIBLE_CONTENT,,,,"Community Guidelines","We maintain content eligibility standards for the For You feed (FYF) that prioritize safety and are informed by the diversity of our community and cultural norms. We make ineligible for the FYF certain content that may not be appropriate for a broad audience related to: (1) Behavioral Health, (2) Sensitive and Mature Themes, (3) Integrity and Authenticity, and (4) Regulated Goods. Content that is ineligible for the FYF can still be discovered in other ways, such as through search tools or by following an account.We proactively enforce our Community Guidelines through a mix of technology and human moderation. We have detected this policy violation using automated measures. We have used automated measures in making this decision.",,STATEMENT_CATEGORY_SCOPE_OF_PLATFORM_SERVICE,,,,"[""CONTENT_TYPE_VIDEO""]",,,"2024-11-23 00:00:00","[""AT"",""BE"",""BG"",""CY"",""CZ"",""DE"",""DK"",""EE"",""ES"",""FI"",""FR"",""GR"",""HR"",""HU"",""IE"",""IT"",""LI"",""LT"",""LU"",""LV"",""MT"",""NL"",""NO"",""PL"",""PT"",""RO"",""SE"",""SI"",""SK""]","2024-11-23 00:00:00","The decision was taken pursuant to own-initiative investigations.",SOURCE_VOLUNTARY,,Yes,AUTOMATED_DECISION_FULLY,TikTok,7440322385741388576,"2024-11-23 04:11:12"
e99a5d38-4dde-4cee-af2b-7b972c59cfe0,"[""DECISION_VISIBILITY_CONTENT_REMOVED""]",,,,,,,,,,,DECISION_GROUND_INCOMPATIBLE_CONTENT,,,,"Minimum Age Requirement","Users must be 13 years and older to have a TikTok account. We are deeply committed to ensuring that TikTok is a safe and positive experience for people under the age of 18. This starts by being old enough to use TikTok. If we learn someone is below the minimum age on TikTok, we will ban that account.We proactively enforce our Community Guidelines through a mix of technology and human moderation. We have detected this policy violation using automated measures. We have used automated measures in making this decision.",,STATEMENT_CATEGORY_PROTECTION_OF_MINORS,,,,"[""CONTENT_TYPE_TEXT""]",,,"2024-11-23 00:00:00","[""AT"",""BE"",""BG"",""CY"",""CZ"",""DE"",""DK"",""EE"",""ES"",""FI"",""FR"",""GR"",""HR"",""HU"",""IE"",""IT"",""LI"",""LT"",""LU"",""LV"",""MT"",""NL"",""NO"",""PL"",""PT"",""RO"",""SE"",""SI"",""SK""]","2024-11-23 00:00:00","The decision was taken pursuant to own-initiative investigations.",SOURCE_VOLUNTARY,,Yes,AUTOMATED_DECISION_FULLY,TikTok,7440322385741404960,"2024-11-23 04:11:12"
2ca6ea2a-1a8a-446f-898a-76e39410337d,"[""DECISION_VISIBILITY_OTHER""]","Photo not eligible for recommendation in the For You feed, and visibility restricted in search results",,,,,,,,,,DECISION_GROUND_INCOMPATIBLE_CONTENT,,,,"Civic and Election Integrity","We want to enable the informed exchange of civic ideas in a way that fosters productive dialogue. Your video didn’t meet our eligibility standards for the For You Feed. Please review our Community Guidelines for more information.We proactively enforce our Community Guidelines through a mix of technology and human moderation. We have detected this policy violation using automated measures. We have used automated measures in making this decision.",,STATEMENT_CATEGORY_NEGATIVE_EFFECTS_ON_CIVIC_DISCOURSE_OR_ELECTIONS,,,,"[""CONTENT_TYPE_IMAGE""]",,,"2024-11-23 00:00:00","[""AT"",""BE"",""BG"",""CY"",""CZ"",""DE"",""DK"",""EE"",""ES"",""FI"",""FR"",""GR"",""HR"",""HU"",""IE"",""IT"",""LI"",""LT"",""LU"",""LV"",""MT"",""NL"",""NO"",""PL"",""PT"",""RO"",""SE"",""SI"",""SK""]","2024-11-23 00:00:00","The decision was taken pursuant to own-initiative investigations.",SOURCE_VOLUNTARY,,Yes,AUTOMATED_DECISION_FULLY,TikTok,7440322385741421344,"2024-11-23 04:11:12"
51b00577-0ef2-42e3-9fec-6b0be35ae7ba,"[""DECISION_VISIBILITY_CONTENT_REMOVED""]",,,,,,,,,,,DECISION_GROUND_INCOMPATIBLE_CONTENT,,,,"Harassment and Bullying","We welcome the respectful expression of different viewpoints, but not toxicity or trolling. We do not allow language or behavior that harasses, humiliates, threatens, or doxes anyone. This also includes responding to such acts with retaliatory harassment (but excludes non-harassing counterspeech).We proactively enforce our Community Guidelines through a mix of technology and human moderation. We have detected this policy violation using automated measures. We have used automated measures in making this decision.",,STATEMENT_CATEGORY_ILLEGAL_OR_HARMFUL_SPEECH,,,,"[""CONTENT_TYPE_TEXT""]",,,"2024-11-23 00:00:00","[""AT"",""BE"",""BG"",""CY"",""CZ"",""DE"",""DK"",""EE"",""ES"",""FI"",""FR"",""GR"",""HR"",""HU"",""IE"",""IT"",""LI"",""LT"",""LU"",""LV"",""MT"",""NL"",""NO"",""PL"",""PT"",""RO"",""SE"",""SI"",""SK""]","2024-11-23 00:00:00","The decision was taken pursuant to own-initiative investigations.",SOURCE_VOLUNTARY,,Yes,AUTOMATED_DECISION_FULLY,TikTok,7440322385741437728,"2024-11-23 04:11:12"
ea01e73c-793e-4aae-855b-9223a08e7bf5,"[""DECISION_VISIBILITY_CONTENT_REMOVED""]",,,,,,,,,,,DECISION_GROUND_INCOMPATIBLE_CONTENT,,,,"Harassment and Bullying","We welcome the respectful expression of different viewpoints, but not toxicity or trolling. We do not allow language or behavior that harasses, humiliates, threatens, or doxes anyone. This also includes responding to such acts with retaliatory harassment (but excludes non-harassing counterspeech).We proactively enforce our Community Guidelines through a mix of technology and human moderation. We have detected this policy violation using automated measures. We have used automated measures in making this decision.",,STATEMENT_CATEGORY_ILLEGAL_OR_HARMFUL_SPEECH,,,,"[""CONTENT_TYPE_TEXT""]",,,"2024-11-23 00:00:00","[""AT"",""BE"",""BG"",""CY"",""CZ"",""DE"",""DK"",""EE"",""ES"",""FI"",""FR"",""GR"",""HR"",""HU"",""IE"",""IT"",""LI"",""LT"",""LU"",""LV"",""MT"",""NL"",""NO"",""PL"",""PT"",""RO"",""SE"",""SI"",""SK""]","2024-11-23 00:00:00","The decision was taken pursuant to own-initiative investigations.",SOURCE_VOLUNTARY,,Yes,AUTOMATED_DECISION_FULLY,TikTok,7440322379542305568,"2024-11-23 04:11:12"
604f07e5-54e7-49ea-afa7-8feaee71b6c2,"[""DECISION_VISIBILITY_CONTENT_REMOVED""]",,,,,,,,,,,DECISION_GROUND_INCOMPATIBLE_CONTENT,,,,"Harassment and Bullying","We welcome the respectful expression of different viewpoints, but not toxicity or trolling. We do not allow language or behavior that harasses, humiliates, threatens, or doxes anyone. This also includes responding to such acts with retaliatory harassment (but excludes non-harassing counterspeech).We proactively enforce our Community Guidelines through a mix of technology and human moderation. We have detected this policy violation using automated measures. We have used automated measures in making this decision.",,STATEMENT_CATEGORY_ILLEGAL_OR_HARMFUL_SPEECH,,,,"[""CONTENT_TYPE_TEXT""]",,,"2024-11-23 00:00:00","[""AT"",""BE"",""BG"",""CY"",""CZ"",""DE"",""DK"",""EE"",""ES"",""FI"",""FR"",""GR"",""HR"",""HU"",""IE"",""IT"",""LI"",""LT"",""LU"",""LV"",""MT"",""NL"",""NO"",""PL"",""PT"",""RO"",""SE"",""SI"",""SK""]","2024-11-23 00:00:00","The decision was taken pursuant to own-initiative investigations.",SOURCE_VOLUNTARY,,Yes,AUTOMATED_DECISION_FULLY,TikTok,7440322379542321952,"2024-11-23 04:11:12"
5a56d4f5-2913-42b5-9334-1ebfcd2334ef,"[""DECISION_VISIBILITY_OTHER""]","LIVE not eligible for recommendation and restricted in search results for 10 minutes","2024-11-23 00:00:00",,,,,,,,,DECISION_GROUND_INCOMPATIBLE_CONTENT,,,,"Contenido de baja calidad visual o imágenes estáticas","Tu LIVE no se puede recomendar y su visibilidad se restringirá en los resultados de búsqueda durante los próximos 10 minutos porque podría incluir contenido de baja calidad visual o imágenes estáticas. Estas medidas se adoptaron de acuerdo con los estándares de aptitud del feed «Para ti» según las Normas de la comunidad.",,STATEMENT_CATEGORY_SCOPE_OF_PLATFORM_SERVICE,,,,"[""CONTENT_TYPE_VIDEO""]",,,"2024-11-23 00:00:00","[""AT"",""BE"",""BG"",""CY"",""CZ"",""DE"",""DK"",""EE"",""ES"",""FI"",""FR"",""GR"",""HR"",""HU"",""IE"",""IS"",""IT"",""LI"",""LT"",""LU"",""LV"",""MT"",""NL"",""NO"",""PL"",""PT"",""RO"",""SE"",""SI"",""SK""]","2024-11-23 00:00:00","The decision was taken pursuant to own-initiative investigations",SOURCE_VOLUNTARY,,Yes,AUTOMATED_DECISION_FULLY,TikTok,7440322396961119009,"2024-11-23 04:11:12"
d123074a-742d-4e10-aa92-429bb6fe7865,"[""DECISION_VISIBILITY_OTHER""]","Video not eligible for recommendation in the For You feed",,,,,,,,,,DECISION_GROUND_INCOMPATIBLE_CONTENT,,,,"Community Guidelines","We maintain content eligibility standards for the For You feed (FYF) that prioritize safety and are informed by the diversity of our community and cultural norms. We make ineligible for the FYF certain content that may not be appropriate for a broad audience related to: (1) Behavioral Health, (2) Sensitive and Mature Themes, (3) Integrity and Authenticity, and (4) Regulated Goods. Content that is ineligible for the FYF can still be discovered in other ways, such as through search tools or by following an account.We proactively enforce our Community Guidelines through a mix of technology and human moderation. We have detected this policy violation using automated measures. We have used automated measures in making this decision.",,STATEMENT_CATEGORY_SCOPE_OF_PLATFORM_SERVICE,,,,"[""CONTENT_TYPE_VIDEO""]",,,"2024-11-23 00:00:00","[""AT"",""BE"",""BG"",""CY"",""CZ"",""DE"",""DK"",""EE"",""ES"",""FI"",""FR"",""GR"",""HR"",""HU"",""IE"",""IT"",""LI"",""LT"",""LU"",""LV"",""MT"",""NL"",""NO"",""PL"",""PT"",""RO"",""SE"",""SI"",""SK""]","2024-11-23 00:00:00","The decision was taken pursuant to own-initiative investigations.",SOURCE_VOLUNTARY,,Yes,AUTOMATED_DECISION_FULLY,TikTok,7440322385741454112,"2024-11-23 04:11:12"
9682b407-fe40-4277-9a7b-cbc171cb5baf,"[""DECISION_VISIBILITY_CONTENT_REMOVED""]",,,,,,,,,,,DECISION_GROUND_INCOMPATIBLE_CONTENT,,,,"Harassment and Bullying","We welcome the respectful expression of different viewpoints, but not toxicity or trolling. We do not allow language or behavior that harasses, humiliates, threatens, or doxes anyone. This also includes responding to such acts with retaliatory harassment (but excludes non-harassing counterspeech).We proactively enforce our Community Guidelines through a mix of technology and human moderation. We have detected this policy violation using automated measures. We have used automated measures in making this decision.",,STATEMENT_CATEGORY_ILLEGAL_OR_HARMFUL_SPEECH,,,,"[""CONTENT_TYPE_TEXT""]",,,"2024-11-23 00:00:00","[""AT"",""BE"",""BG"",""CY"",""CZ"",""DE"",""DK"",""EE"",""ES"",""FI"",""FR"",""GR"",""HR"",""HU"",""IE"",""IT"",""LI"",""LT"",""LU"",""LV"",""MT"",""NL"",""NO"",""PL"",""PT"",""RO"",""SE"",""SI"",""SK""]","2024-11-23 00:00:00","The decision was taken pursuant to own-initiative investigations.",SOURCE_VOLUNTARY,,Yes,AUTOMATED_DECISION_FULLY,TikTok,7440322385741470496,"2024-11-23 04:11:12"
873dafd5-c0af-4182-a7df-2dd4914ecc6e,"[""DECISION_VISIBILITY_CONTENT_REMOVED""]",,,,,,,,,,,DECISION_GROUND_INCOMPATIBLE_CONTENT,,,,"Shocking and Graphic Content","Part of the joy of TikTok is coming across new and unexpected content. But the platform is not a place to intentionally shock, upset, or disgust others. We recognize this type of content may be triggering, cause psychological harm, or lead to extreme discomfort. We do not allow gory, gruesome, disturbing, or extremely violent content.We proactively enforce our Community Guidelines through a mix of technology and human moderation. We have detected this policy violation using automated measures.",,STATEMENT_CATEGORY_VIOLENCE,,,,"[""CONTENT_TYPE_VIDEO""]",,,"2024-07-14 00:00:00","[""AT"",""BE"",""BG"",""CY"",""CZ"",""DE"",""DK"",""EE"",""ES"",""FI"",""FR"",""GR"",""HR"",""HU"",""IE"",""IT"",""LI"",""LT"",""LU"",""LV"",""MT"",""NL"",""NO"",""PL"",""PT"",""RO"",""SE"",""SI"",""SK""]","2024-11-23 00:00:00","The decision was taken pursuant to own-initiative investigations.",SOURCE_VOLUNTARY,,Yes,AUTOMATED_DECISION_NOT_AUTOMATED,TikTok,7440322396961135393,"2024-11-23 04:11:12"
fce08add-77c1-4d7c-a3a1-1728beb3e487,"[""DECISION_VISIBILITY_CONTENT_REMOVED""]",,,,,,,,,,,DECISION_GROUND_INCOMPATIBLE_CONTENT,,,,"Harassment and Bullying","We welcome the respectful expression of different viewpoints, but not toxicity or trolling. We do not allow language or behavior that harasses, humiliates, threatens, or doxes anyone. This also includes responding to such acts with retaliatory harassment (but excludes non-harassing counterspeech).We proactively enforce our Community Guidelines through a mix of technology and human moderation. We have detected this policy violation using automated measures. We have used automated measures in making this decision.",,STATEMENT_CATEGORY_ILLEGAL_OR_HARMFUL_SPEECH,,,,"[""CONTENT_TYPE_TEXT""]",,,"2024-11-23 00:00:00","[""AT"",""BE"",""BG"",""CY"",""CZ"",""DE"",""DK"",""EE"",""ES"",""FI"",""FR"",""GR"",""HR"",""HU"",""IE"",""IT"",""LI"",""LT"",""LU"",""LV"",""MT"",""NL"",""NO"",""PL"",""PT"",""RO"",""SE"",""SI"",""SK""]","2024-11-23 00:00:00","The decision was taken pursuant to own-initiative investigations.",SOURCE_VOLUNTARY,,Yes,AUTOMATED_DECISION_FULLY,TikTok,7440322385741486880,"2024-11-23 04:11:12"
9249e63c-e8c0-4580-8078-1d622238b71a,"[""DECISION_VISIBILITY_OTHER""]","Video not eligible for recommendation in the For You feed",,,,,,,,,,DECISION_GROUND_INCOMPATIBLE_CONTENT,,,,"Alcohol, Tobacco, and Drugs","While adults make personal choices about how they engage with alcohol, drugs, and tobacco, we recognize that there are risks connected to trading and using these substances. Content is ineligible for the For You feed and harder to find in search if it shows adults consuming excessive amounts of alcohol or tobacco products.We proactively enforce our Community Guidelines through a mix of technology and human moderation. We have detected this policy violation using automated measures. We have used automated measures in making this decision.",,STATEMENT_CATEGORY_SCOPE_OF_PLATFORM_SERVICE,,,,"[""CONTENT_TYPE_VIDEO""]",,,"2024-11-23 00:00:00","[""AT"",""BE"",""BG"",""CY"",""CZ"",""DE"",""DK"",""EE"",""ES"",""FI"",""FR"",""GR"",""HR"",""HU"",""IE"",""IT"",""LI"",""LT"",""LU"",""LV"",""MT"",""NL"",""NO"",""PL"",""PT"",""RO"",""SE"",""SI"",""SK""]","2024-11-23 00:00:00","The decision was taken pursuant to own-initiative investigations.",SOURCE_VOLUNTARY,,Yes,AUTOMATED_DECISION_FULLY,TikTok,7440322396961151777,"2024-11-23 04:11:12"
382d58b8-e34d-4140-bd9e-7c0cce63ee41,"[""DECISION_VISIBILITY_CONTENT_REMOVED""]",,,,,,,,,,,DECISION_GROUND_INCOMPATIBLE_CONTENT,,,,"Harassment and Bullying","We welcome the respectful expression of different viewpoints, but not toxicity or trolling. We do not allow language or behavior that harasses, humiliates, threatens, or doxes anyone. This also includes responding to such acts with retaliatory harassment (but excludes non-harassing counterspeech).We proactively enforce our Community Guidelines through a mix of technology and human moderation. We have detected this policy violation using automated measures. We have used automated measures in making this decision.",,STATEMENT_CATEGORY_ILLEGAL_OR_HARMFUL_SPEECH,,,,"[""CONTENT_TYPE_TEXT""]",,,"2024-11-23 00:00:00","[""AT"",""BE"",""BG"",""CY"",""CZ"",""DE"",""DK"",""EE"",""ES"",""FI"",""FR"",""GR"",""HR"",""HU"",""IE"",""IT"",""LI"",""LT"",""LU"",""LV"",""MT"",""NL"",""NO"",""PL"",""PT"",""RO"",""SE"",""SI"",""SK""]","2024-11-23 00:00:00","The decision was taken pursuant to own-initiative investigations.",SOURCE_VOLUNTARY,,Yes,AUTOMATED_DECISION_FULLY,TikTok,7440322385741503264,"2024-11-23 04:11:12"
97335ca2-3085-4c8b-a16a-0682c3a8c40c,"[""DECISION_VISIBILITY_CONTENT_REMOVED""]",,,,,,,,,,,DECISION_GROUND_INCOMPATIBLE_CONTENT,,,,"Harassment and Bullying","We welcome the respectful expression of different viewpoints, but not toxicity or trolling. We do not allow language or behavior that harasses, humiliates, threatens, or doxes anyone. This also includes responding to such acts with retaliatory harassment (but excludes non-harassing counterspeech).We proactively enforce our Community Guidelines through a mix of technology and human moderation. We have detected this policy violation using automated measures. We have used automated measures in making this decision.",,STATEMENT_CATEGORY_ILLEGAL_OR_HARMFUL_SPEECH,,,,"[""CONTENT_TYPE_TEXT""]",,,"2024-11-23 00:00:00","[""AT"",""BE"",""BG"",""CY"",""CZ"",""DE"",""DK"",""EE"",""ES"",""FI"",""FR"",""GR"",""HR"",""HU"",""IE"",""IT"",""LI"",""LT"",""LU"",""LV"",""MT"",""NL"",""NO"",""PL"",""PT"",""RO"",""SE"",""SI"",""SK""]","2024-11-23 00:00:00","The decision was taken pursuant to own-initiative investigations.",SOURCE_VOLUNTARY,,Yes,AUTOMATED_DECISION_FULLY,TikTok,7440322396961168161,"2024-11-23 04:11:12"
41f748c6-48b5-4b56-8cbf-119d7d680607,"[""DECISION_VISIBILITY_CONTENT_REMOVED""]",,,,,,,,,,,DECISION_GROUND_INCOMPATIBLE_CONTENT,,,,"Harassment and Bullying","We welcome the respectful expression of different viewpoints, but not toxicity or trolling. We do not allow language or behavior that harasses, humiliates, threatens, or doxes anyone. This also includes responding to such acts with retaliatory harassment (but excludes non-harassing counterspeech).We proactively enforce our Community Guidelines through a mix of technology and human moderation. We have detected this policy violation using automated measures. We have used automated measures in making this decision.",,STATEMENT_CATEGORY_ILLEGAL_OR_HARMFUL_SPEECH,,,,"[""CONTENT_TYPE_TEXT""]",,,"2024-11-23 00:00:00","[""AT"",""BE"",""BG"",""CY"",""CZ"",""DE"",""DK"",""EE"",""ES"",""FI"",""FR"",""GR"",""HR"",""HU"",""IE"",""IT"",""LI"",""LT"",""LU"",""LV"",""MT"",""NL"",""NO"",""PL"",""PT"",""RO"",""SE"",""SI"",""SK""]","2024-11-23 00:00:00","The decision was taken pursuant to own-initiative investigations.",SOURCE_VOLUNTARY,,Yes,AUTOMATED_DECISION_FULLY,TikTok,7440322400601774881,"2024-11-23 04:11:12"
46457417-e2d1-47d0-a8aa-b48de8d008c9,,,,,,,DECISION_PROVISION_PARTIAL_SUSPENSION,"2024-11-30 00:00:00",,,,DECISION_GROUND_INCOMPATIBLE_CONTENT,,,,"Sexual exploitation and gender-based violence","We are committed to providing a space that embraces gender equity, supports healthy relationships, and respects intimate privacy. We do not allow sexual exploitation or gender-based violence, including non-consensual sexual acts, image-based sexual abuse, sextortion, physical abuse, and sexual harassment. Visit our {CG_link} for more information.",,STATEMENT_CATEGORY_VIOLENCE,,,,"[""CONTENT_TYPE_VIDEO""]",,,"2024-11-23 00:00:00","[""AT"",""BE"",""BG"",""CY"",""CZ"",""DE"",""DK"",""EE"",""ES"",""FI"",""FR"",""GR"",""HR"",""HU"",""IE"",""IS"",""IT"",""LI"",""LT"",""LU"",""LV"",""MT"",""NL"",""NO"",""PL"",""PT"",""RO"",""SE"",""SI"",""SK""]","2024-11-23 00:00:00","The decision was taken pursuant to own-initiative investigations",SOURCE_VOLUNTARY,,Yes,AUTOMATED_DECISION_NOT_AUTOMATED,TikTok,7440322396961184545,"2024-11-23 04:11:12"
f626fd11-6743-4690-a6b8-f3ee1b6c940a,"[""DECISION_VISIBILITY_CONTENT_REMOVED""]",,,,,,,,,,,DECISION_GROUND_INCOMPATIBLE_CONTENT,,,,"Harassment and Bullying","We welcome the respectful expression of different viewpoints, but not toxicity or trolling. We do not allow language or behavior that harasses, humiliates, threatens, or doxes anyone. This also includes responding to such acts with retaliatory harassment (but excludes non-harassing counterspeech).We proactively enforce our Community Guidelines through a mix of technology and human moderation. We have detected this policy violation using automated measures. We have used automated measures in making this decision.",,STATEMENT_CATEGORY_ILLEGAL_OR_HARMFUL_SPEECH,,,,"[""CONTENT_TYPE_TEXT""]",,,"2024-11-23 00:00:00","[""AT"",""BE"",""BG"",""CY"",""CZ"",""DE"",""DK"",""EE"",""ES"",""FI"",""FR"",""GR"",""HR"",""HU"",""IE"",""IT"",""LI"",""LT"",""LU"",""LV"",""MT"",""NL"",""NO"",""PL"",""PT"",""RO"",""SE"",""SI"",""SK""]","2024-11-23 00:00:00","The decision was taken pursuant to own-initiative investigations.",SOURCE_VOLUNTARY,,Yes,AUTOMATED_DECISION_FULLY,TikTok,7440322400601791265,"2024-11-23 04:11:12"
9d3ed823-16c9-4a52-979b-c05989a4360f,"[""DECISION_VISIBILITY_CONTENT_REMOVED""]",,,,,,,,,,,DECISION_GROUND_INCOMPATIBLE_CONTENT,,,,"Harassment and Bullying","We welcome the respectful expression of different viewpoints, but not toxicity or trolling. We do not allow language or behavior that harasses, humiliates, threatens, or doxes anyone. This also includes responding to such acts with retaliatory harassment (but excludes non-harassing counterspeech).We proactively enforce our Community Guidelines through a mix of technology and human moderation. We have detected this policy violation using automated measures. We have used automated measures in making this decision.",,STATEMENT_CATEGORY_ILLEGAL_OR_HARMFUL_SPEECH,,,,"[""CONTENT_TYPE_TEXT""]",,,"2024-11-23 00:00:00","[""AT"",""BE"",""BG"",""CY"",""CZ"",""DE"",""DK"",""EE"",""ES"",""FI"",""FR"",""GR"",""HR"",""HU"",""IE"",""IT"",""LI"",""LT"",""LU"",""LV"",""MT"",""NL"",""NO"",""PL"",""PT"",""RO"",""SE"",""SI"",""SK""]","2024-11-23 00:00:00","The decision was taken pursuant to own-initiative investigations.",SOURCE_VOLUNTARY,,Yes,AUTOMATED_DECISION_FULLY,TikTok,7440322400601807649,"2024-11-23 04:11:12"
9820b2e6-aae1-43f2-9881-ab97c96fe8f1,"[""DECISION_VISIBILITY_CONTENT_REMOVED""]",,,,,,,,,,,DECISION_GROUND_INCOMPATIBLE_CONTENT,,,,"Harassment and Bullying","We welcome the respectful expression of different viewpoints, but not toxicity or trolling. We do not allow language or behavior that harasses, humiliates, threatens, or doxes anyone. This also includes responding to such acts with retaliatory harassment (but excludes non-harassing counterspeech).We proactively enforce our Community Guidelines through a mix of technology and human moderation. We have detected this policy violation using automated measures. We have used automated measures in making this decision.",,STATEMENT_CATEGORY_ILLEGAL_OR_HARMFUL_SPEECH,,,,"[""CONTENT_TYPE_TEXT""]",,,"2024-11-23 00:00:00","[""AT"",""BE"",""BG"",""CY"",""CZ"",""DE"",""DK"",""EE"",""ES"",""FI"",""FR"",""GR"",""HR"",""HU"",""IE"",""IT"",""LI"",""LT"",""LU"",""LV"",""MT"",""NL"",""NO"",""PL"",""PT"",""RO"",""SE"",""SI"",""SK""]","2024-11-23 00:00:00","The decision was taken pursuant to own-initiative investigations.",SOURCE_VOLUNTARY,,Yes,AUTOMATED_DECISION_FULLY,TikTok,7440322400601824033,"2024-11-23 04:11:12"
33254757-d70a-4726-bca5-ee6f239ca79e,"[""DECISION_VISIBILITY_CONTENT_REMOVED""]",,,,,,,,,,,DECISION_GROUND_INCOMPATIBLE_CONTENT,,,,"Harassment and Bullying","We welcome the respectful expression of different viewpoints, but not toxicity or trolling. We do not allow language or behavior that harasses, humiliates, threatens, or doxes anyone. This also includes responding to such acts with retaliatory harassment (but excludes non-harassing counterspeech).We proactively enforce our Community Guidelines through a mix of technology and human moderation. We have detected this policy violation using automated measures. We have used automated measures in making this decision.",,STATEMENT_CATEGORY_ILLEGAL_OR_HARMFUL_SPEECH,,,,"[""CONTENT_TYPE_TEXT""]",,,"2024-11-23 00:00:00","[""AT"",""BE"",""BG"",""CY"",""CZ"",""DE"",""DK"",""EE"",""ES"",""FI"",""FR"",""GR"",""HR"",""HU"",""IE"",""IT"",""LI"",""LT"",""LU"",""LV"",""MT"",""NL"",""NO"",""PL"",""PT"",""RO"",""SE"",""SI"",""SK""]","2024-11-23 00:00:00","The decision was taken pursuant to own-initiative investigations.",SOURCE_VOLUNTARY,,Yes,AUTOMATED_DECISION_FULLY,TikTok,7440322396961200929,"2024-11-23 04:11:12"
e6a1649e-797e-4256-b552-89a66fc77374,"[""DECISION_VISIBILITY_CONTENT_REMOVED""]",,,,,,,,,,,DECISION_GROUND_INCOMPATIBLE_CONTENT,,,,"Trade of Regulated Goods and Services","Regulated goods and services often play an important and essential role in people’s lives. However, these items are regulated for a reason. TikTok is not a place for illegal traffic or trade, or an unofficial market. We do not allow facilitating the trade of regulated, prohibited, or high-risk goods and services, such as alcohol, tobacco products, regulated substances, firearms and other dangerous weapons, sexual services, animals, or counterfeit goods.We proactively enforce our Community Guidelines through a mix of technology and human moderation. We have detected this policy violation using automated measures. We have used automated measures in making this decision.",,STATEMENT_CATEGORY_SCOPE_OF_PLATFORM_SERVICE,,,,"[""CONTENT_TYPE_IMAGE""]",,,"2024-11-23 00:00:00","[""AT"",""BE"",""BG"",""CY"",""CZ"",""DE"",""DK"",""EE"",""ES"",""FI"",""FR"",""GR"",""HR"",""HU"",""IE"",""IT"",""LI"",""LT"",""LU"",""LV"",""MT"",""NL"",""NO"",""PL"",""PT"",""RO"",""SE"",""SI"",""SK""]","2024-11-23 00:00:00","The decision was taken pursuant to own-initiative investigations.",SOURCE_VOLUNTARY,,Yes,AUTOMATED_DECISION_FULLY,TikTok,7440322400601840417,"2024-11-23 04:11:12"
b4f2fc51-adfb-4074-938a-0be6ad0daa97,"[""DECISION_VISIBILITY_CONTENT_REMOVED""]",,,,,,,,,,,DECISION_GROUND_INCOMPATIBLE_CONTENT,,,,"Hate Speech and Hateful Behaviors","TikTok is enriched by the various backgrounds of our community members. Our differences should be respected, rather than a cause for division. We do not allow any hateful behavior, hate speech, or promotion of hateful ideologies. This includes content that attacks a person or group because of protected attributes.We proactively enforce our Community Guidelines through a mix of technology and human moderation. We have detected this policy violation using automated measures. We have used automated measures in making this decision.",,STATEMENT_CATEGORY_ILLEGAL_OR_HARMFUL_SPEECH,,,,"[""CONTENT_TYPE_TEXT""]",,,"2024-11-23 00:00:00","[""AT"",""BE"",""BG"",""CY"",""CZ"",""DE"",""DK"",""EE"",""ES"",""FI"",""FR"",""GR"",""HR"",""HU"",""IE"",""IT"",""LI"",""LT"",""LU"",""LV"",""MT"",""NL"",""NO"",""PL"",""PT"",""RO"",""SE"",""SI"",""SK""]","2024-11-23 00:00:00","The decision was taken pursuant to own-initiative investigations.",SOURCE_VOLUNTARY,,Yes,AUTOMATED_DECISION_FULLY,TikTok,7440322396961217313,"2024-11-23 04:11:12"
d3eb3cca-c155-4125-9099-b8e84674972a,"[""DECISION_VISIBILITY_CONTENT_REMOVED""]",,,,,,,,,,,DECISION_GROUND_INCOMPATIBLE_CONTENT,,,,"Hate Speech and Hateful Behaviors","TikTok is enriched by the various backgrounds of our community members. Our differences should be respected, rather than a cause for division. We do not allow any hateful behavior, hate speech, or promotion of hateful ideologies. This includes content that attacks a person or group because of protected attributes.We proactively enforce our Community Guidelines through a mix of technology and human moderation. We have detected this policy violation using automated measures. We have used automated measures in making this decision.",,STATEMENT_CATEGORY_ILLEGAL_OR_HARMFUL_SPEECH,,,,"[""CONTENT_TYPE_TEXT""]",,,"2024-11-23 00:00:00","[""AT"",""BE"",""BG"",""CY"",""CZ"",""DE"",""DK"",""EE"",""ES"",""FI"",""FR"",""GR"",""HR"",""HU"",""IE"",""IT"",""LI"",""LT"",""LU"",""LV"",""MT"",""NL"",""NO"",""PL"",""PT"",""RO"",""SE"",""SI"",""SK""]","2024-11-23 00:00:00","The decision was taken pursuant to own-initiative investigations.",SOURCE_VOLUNTARY,,Yes,AUTOMATED_DECISION_FULLY,TikTok,7440322396961233697,"2024-11-23 04:11:12"
94ac4c74-1c80-42ee-be4c-dd6f862388df,"[""DECISION_VISIBILITY_CONTENT_REMOVED""]",,,,,,,,,,,DECISION_GROUND_INCOMPATIBLE_CONTENT,,,,"Harassment and Bullying","We welcome the respectful expression of different viewpoints, but not toxicity or trolling. We do not allow language or behavior that harasses, humiliates, threatens, or doxes anyone. This also includes responding to such acts with retaliatory harassment (but excludes non-harassing counterspeech).We proactively enforce our Community Guidelines through a mix of technology and human moderation. We have detected this policy violation using automated measures. We have used automated measures in making this decision.",,STATEMENT_CATEGORY_ILLEGAL_OR_HARMFUL_SPEECH,,,,"[""CONTENT_TYPE_TEXT""]",,,"2024-11-23 00:00:00","[""AT"",""BE"",""BG"",""CY"",""CZ"",""DE"",""DK"",""EE"",""ES"",""FI"",""FR"",""GR"",""HR"",""HU"",""IE"",""IT"",""LI"",""LT"",""LU"",""LV"",""MT"",""NL"",""NO"",""PL"",""PT"",""RO"",""SE"",""SI"",""SK""]","2024-11-23 00:00:00","The decision was taken pursuant to own-initiative investigations.",SOURCE_VOLUNTARY,,Yes,AUTOMATED_DECISION_FULLY,TikTok,7440322396961250081,"2024-11-23 04:11:12"
dd9cceb4-821f-4505-83de-496d2f4f5561,,,,,,,,,DECISION_ACCOUNT_TERMINATED,,,DECISION_GROUND_INCOMPATIBLE_CONTENT,,,,"Advertising policy violation","Reasons why your account may have been suspended: - We received a report or complaint about your account from people on TikTok or other channels. - There are problems with your ad creative, or qualifications or services provided in your ads. - We suspected malicious behavior or intent during ad creation. - You made changes to your ad's landing page after launching the campaign.",,STATEMENT_CATEGORY_SCOPE_OF_PLATFORM_SERVICE,,,,"[""CONTENT_TYPE_OTHER""]","Account Suspended",,"2024-11-15 00:00:00","[""AT"",""BE"",""BG"",""CY"",""CZ"",""DE"",""DK"",""EE"",""ES"",""FI"",""FR"",""GR"",""HR"",""HU"",""IE"",""IT"",""LI"",""LT"",""LU"",""LV"",""MT"",""NL"",""NO"",""PL"",""PT"",""RO"",""SE"",""SI"",""SK""]","2024-11-23 00:00:00","The decision was taken pursuant to own-initiative investigations.",SOURCE_VOLUNTARY,,Yes,AUTOMATED_DECISION_FULLY,TikTok,7440322427390860064,"2024-11-23 04:11:14"
663056bc-886c-45f7-8fa7-191155b3b0ce,,,,,,,DECISION_PROVISION_PARTIAL_SUSPENSION,"2024-11-26 00:00:00",,,,DECISION_GROUND_INCOMPATIBLE_CONTENT,,,,"Alcohol, tabaco y drogas","Si bien la gente adulta toma decisiones personales sobre cómo actuar frente al alcohol, las drogas y el tabaco, sabemos que existen riesgos relacionados con el comercio y el uso de estas sustancias. No permitimos que se muestre ni se promueva el uso de drogas recreativas, o el comercio de alcohol, productos de tabaco y drogas. Consulta las {CG_link} para obtener más información.",,STATEMENT_CATEGORY_SCOPE_OF_PLATFORM_SERVICE,,,,"[""CONTENT_TYPE_VIDEO""]",,,"2024-11-23 00:00:00","[""AT"",""BE"",""BG"",""CY"",""CZ"",""DE"",""DK"",""EE"",""ES"",""FI"",""FR"",""GR"",""HR"",""HU"",""IE"",""IS"",""IT"",""LI"",""LT"",""LU"",""LV"",""MT"",""NL"",""NO"",""PL"",""PT"",""RO"",""SE"",""SI"",""SK""]","2024-11-23 00:00:00","The decision was taken pursuant to own-initiative investigations",SOURCE_VOLUNTARY,,Yes,AUTOMATED_DECISION_NOT_AUTOMATED,TikTok,7440322427390876448,"2024-11-23 04:11:14"
c6b0518c-937e-4a14-86dc-5bebef1d7c37,"[""DECISION_VISIBILITY_OTHER""]","Photo not eligible for recommendation in the For You feed, and visibility restricted in search results",,,,,,,,,,DECISION_GROUND_INCOMPATIBLE_CONTENT,,,,"Civic and Election Integrity","We want to enable the informed exchange of civic ideas in a way that fosters productive dialogue. Your video didn’t meet our eligibility standards for the For You Feed. Please review our Community Guidelines for more information.We proactively enforce our Community Guidelines through a mix of technology and human moderation. We have detected this policy violation using automated measures. We have used automated measures in making this decision.",,STATEMENT_CATEGORY_NEGATIVE_EFFECTS_ON_CIVIC_DISCOURSE_OR_ELECTIONS,,,,"[""CONTENT_TYPE_IMAGE""]",,,"2024-11-23 00:00:00","[""AT"",""BE"",""BG"",""CY"",""CZ"",""DE"",""DK"",""EE"",""ES"",""FI"",""FR"",""GR"",""HR"",""HU"",""IE"",""IT"",""LI"",""LT"",""LU"",""LV"",""MT"",""NL"",""NO"",""PL"",""PT"",""RO"",""SE"",""SI"",""SK""]","2024-11-23 00:00:00","The decision was taken pursuant to own-initiative investigations.",SOURCE_VOLUNTARY,,Yes,AUTOMATED_DECISION_FULLY,TikTok,7440322429253065505,"2024-11-23 04:11:14"
7dc63eda-76bb-4391-84fb-ab025135b710,"[""DECISION_VISIBILITY_CONTENT_REMOVED""]",,,,,,,,,,,DECISION_GROUND_INCOMPATIBLE_CONTENT,,,,"Harassment and Bullying","We welcome the respectful expression of different viewpoints, but not toxicity or trolling. We do not allow language or behavior that harasses, humiliates, threatens, or doxes anyone. This also includes responding to such acts with retaliatory harassment (but excludes non-harassing counterspeech).We proactively enforce our Community Guidelines through a mix of technology and human moderation. We have detected this policy violation using automated measures. We have used automated measures in making this decision.",,STATEMENT_CATEGORY_ILLEGAL_OR_HARMFUL_SPEECH,,,,"[""CONTENT_TYPE_TEXT""]",,,"2024-11-23 00:00:00","[""AT"",""BE"",""BG"",""CY"",""CZ"",""DE"",""DK"",""EE"",""ES"",""FI"",""FR"",""GR"",""HR"",""HU"",""IE"",""IT"",""LI"",""LT"",""LU"",""LV"",""MT"",""NL"",""NO"",""PL"",""PT"",""RO"",""SE"",""SI"",""SK""]","2024-11-23 00:00:00","The decision was taken pursuant to own-initiative investigations.",SOURCE_VOLUNTARY,,Yes,AUTOMATED_DECISION_FULLY,TikTok,7440322429253081889,"2024-11-23 04:11:14"
6b629892-a421-416e-930e-ed42847e6542,"[""DECISION_VISIBILITY_OTHER""]","LIVE not eligible for recommendation and restricted in search results for 10 minutes","2024-11-23 00:00:00",,,,,,,,,DECISION_GROUND_INCOMPATIBLE_CONTENT,,,,"محتوى ذو جودة عرض سيئة أو يعرض صورًا ثابتة","بثك المباشر غير مؤهل للتوصية وأصبح مقيَّدًا ومحصورًا في نتائج البحث لمدة 10 دقائق من الآن، لأنه ربما يضم محتوى ذا جودة عرض سيئة أو يعرض صورًا ثابتة. لقد حدث هذا الأمر وفقًا لمعايير التأهل لصفحة ""لك"" ضمن إرشادات المجتمع لدينا.",,STATEMENT_CATEGORY_SCOPE_OF_PLATFORM_SERVICE,,,,"[""CONTENT_TYPE_VIDEO""]",,,"2024-11-23 00:00:00","[""AT"",""BE"",""BG"",""CY"",""CZ"",""DE"",""DK"",""EE"",""ES"",""FI"",""FR"",""GR"",""HR"",""HU"",""IE"",""IS"",""IT"",""LI"",""LT"",""LU"",""LV"",""MT"",""NL"",""NO"",""PL"",""PT"",""RO"",""SE"",""SI"",""SK""]","2024-11-23 00:00:00","The decision was taken pursuant to own-initiative investigations",SOURCE_VOLUNTARY,,Yes,AUTOMATED_DECISION_FULLY,TikTok,7440322429253098273,"2024-11-23 04:11:14"
ea843ed3-9c9e-4a08-807f-3ef27b9330a2,"[""DECISION_VISIBILITY_OTHER""]","Photo not eligible for recommendation in the For You feed, and visibility restricted in search results",,,,,,,,,,DECISION_GROUND_INCOMPATIBLE_CONTENT,,,,"Civic and Election Integrity","We want to enable the informed exchange of civic ideas in a way that fosters productive dialogue. Your video didn’t meet our eligibility standards for the For You Feed. Please review our Community Guidelines for more information.We proactively enforce our Community Guidelines through a mix of technology and human moderation. We have detected this policy violation using automated measures. We have used automated measures in making this decision.",,STATEMENT_CATEGORY_NEGATIVE_EFFECTS_ON_CIVIC_DISCOURSE_OR_ELECTIONS,,,,"[""CONTENT_TYPE_IMAGE""]",,,"2024-11-23 00:00:00","[""AT"",""BE"",""BG"",""CY"",""CZ"",""DE"",""DK"",""EE"",""ES"",""FI"",""FR"",""GR"",""HR"",""HU"",""IE"",""IT"",""LI"",""LT"",""LU"",""LV"",""MT"",""NL"",""NO"",""PL"",""PT"",""RO"",""SE"",""SI"",""SK""]","2024-11-23 00:00:00","The decision was taken pursuant to own-initiative investigations.",SOURCE_VOLUNTARY,,Yes,AUTOMATED_DECISION_FULLY,TikTok,7440322427390892832,"2024-11-23 04:11:14"
59ab2c3a-86d5-4c0d-bfc0-5b0733cf1552,"[""DECISION_VISIBILITY_OTHER""]","Video not eligible for recommendation in the For You feed",,,,,,,,,,DECISION_GROUND_INCOMPATIBLE_CONTENT,,,,"Dangerous Activities and Challenges","Most activities or challenges are appropriate for everyone, but some carry a risk of significant injury. Content is ineligible for the For You feed if it involves activities that are likely to lead to moderate physical harm, or includes professionals who are performing extreme sports and stunts that may endanger others.We proactively enforce our Community Guidelines through a mix of technology and human moderation. We have detected this policy violation using automated measures. We have used automated measures in making this decision.",,STATEMENT_CATEGORY_SCOPE_OF_PLATFORM_SERVICE,,,,"[""CONTENT_TYPE_VIDEO""]",,,"2024-11-23 00:00:00","[""AT"",""BE"",""BG"",""CY"",""CZ"",""DE"",""DK"",""EE"",""ES"",""FI"",""FR"",""GR"",""HR"",""HU"",""IE"",""IT"",""LI"",""LT"",""LU"",""LV"",""MT"",""NL"",""NO"",""PL"",""PT"",""RO"",""SE"",""SI"",""SK""]","2024-11-23 00:00:00","The decision was taken pursuant to own-initiative investigations.",SOURCE_VOLUNTARY,,Yes,AUTOMATED_DECISION_FULLY,TikTok,7440322427390909216,"2024-11-23 04:11:14"
c376326f-058d-4af4-9ea1-0d4cd6a7c78d,"[""DECISION_VISIBILITY_CONTENT_REMOVED""]",,,,,,,,,,,DECISION_GROUND_INCOMPATIBLE_CONTENT,,,,"Harassment and Bullying","We welcome the respectful expression of different viewpoints, but not toxicity or trolling. We do not allow language or behavior that harasses, humiliates, threatens, or doxes anyone. This also includes responding to such acts with retaliatory harassment (but excludes non-harassing counterspeech).We proactively enforce our Community Guidelines through a mix of technology and human moderation. We have detected this policy violation using automated measures. We have used automated measures in making this decision.",,STATEMENT_CATEGORY_ILLEGAL_OR_HARMFUL_SPEECH,,,,"[""CONTENT_TYPE_TEXT""]",,,"2024-11-23 00:00:00","[""AT"",""BE"",""BG"",""CY"",""CZ"",""DE"",""DK"",""EE"",""ES"",""FI"",""FR"",""GR"",""HR"",""HU"",""IE"",""IT"",""LI"",""LT"",""LU"",""LV"",""MT"",""NL"",""NO"",""PL"",""PT"",""RO"",""SE"",""SI"",""SK""]","2024-11-23 00:00:00","The decision was taken pursuant to own-initiative investigations.",SOURCE_VOLUNTARY,,Yes,AUTOMATED_DECISION_FULLY,TikTok,7440322429253114657,"2024-11-23 04:11:14"
601b2f0e-7060-4e6b-aba3-194395a30581,"[""DECISION_VISIBILITY_CONTENT_REMOVED""]",,,,,,,,,,,DECISION_GROUND_INCOMPATIBLE_CONTENT,,,,"Harassment and Bullying","We welcome the respectful expression of different viewpoints, but not toxicity or trolling. We do not allow language or behavior that harasses, humiliates, threatens, or doxes anyone. This also includes responding to such acts with retaliatory harassment (but excludes non-harassing counterspeech).We proactively enforce our Community Guidelines through a mix of technology and human moderation. We have detected this policy violation using automated measures. We have used automated measures in making this decision.",,STATEMENT_CATEGORY_ILLEGAL_OR_HARMFUL_SPEECH,,,,"[""CONTENT_TYPE_TEXT""]",,,"2024-11-23 00:00:00","[""AT"",""BE"",""BG"",""CY"",""CZ"",""DE"",""DK"",""EE"",""ES"",""FI"",""FR"",""GR"",""HR"",""HU"",""IE"",""IT"",""LI"",""LT"",""LU"",""LV"",""MT"",""NL"",""NO"",""PL"",""PT"",""RO"",""SE"",""SI"",""SK""]","2024-11-23 00:00:00","The decision was taken pursuant to own-initiative investigations.",SOURCE_VOLUNTARY,,Yes,AUTOMATED_DECISION_FULLY,TikTok,7440322429253131041,"2024-11-23 04:11:14"
66e96b4a-e144-40fd-8c7a-77f8b0246f2a,"[""DECISION_VISIBILITY_CONTENT_REMOVED""]",,,,,,,,,,,DECISION_GROUND_INCOMPATIBLE_CONTENT,,,,"Community Guidelines","Your content is against our Community Guidelines. The guidelines include rules and standards for using TikTok that apply to everyone and everything on our platform.We proactively enforce our Community Guidelines through a mix of technology and human moderation. We have detected this policy violation using automated measures. We have used automated measures in making this decision.",,STATEMENT_CATEGORY_SCOPE_OF_PLATFORM_SERVICE,,,,"[""CONTENT_TYPE_TEXT""]",,,"2024-11-23 00:00:00","[""AT"",""BE"",""BG"",""CY"",""CZ"",""DE"",""DK"",""EE"",""ES"",""FI"",""FR"",""GR"",""HR"",""HU"",""IE"",""IT"",""LI"",""LT"",""LU"",""LV"",""MT"",""NL"",""NO"",""PL"",""PT"",""RO"",""SE"",""SI"",""SK""]","2024-11-23 00:00:00","The decision was taken pursuant to own-initiative investigations.",SOURCE_VOLUNTARY,,Yes,AUTOMATED_DECISION_FULLY,TikTok,7440322427390925600,"2024-11-23 04:11:16"
43dc41a4-c1b9-47ed-ae55-86c5c1f6a67e,"[""DECISION_VISIBILITY_CONTENT_REMOVED""]",,,,,,,,,,,DECISION_GROUND_INCOMPATIBLE_CONTENT,,,,"Harassment and Bullying","We welcome the respectful expression of different viewpoints, but not toxicity or trolling. We do not allow language or behavior that harasses, humiliates, threatens, or doxes anyone. This also includes responding to such acts with retaliatory harassment (but excludes non-harassing counterspeech).We proactively enforce our Community Guidelines through a mix of technology and human moderation. We have detected this policy violation using automated measures. We have used automated measures in making this decision.",,STATEMENT_CATEGORY_ILLEGAL_OR_HARMFUL_SPEECH,,,,"[""CONTENT_TYPE_TEXT""]",,,"2024-11-23 00:00:00","[""AT"",""BE"",""BG"",""CY"",""CZ"",""DE"",""DK"",""EE"",""ES"",""FI"",""FR"",""GR"",""HR"",""HU"",""IE"",""IT"",""LI"",""LT"",""LU"",""LV"",""MT"",""NL"",""NO"",""PL"",""PT"",""RO"",""SE"",""SI"",""SK""]","2024-11-23 00:00:00","The decision was taken pursuant to own-initiative investigations.",SOURCE_VOLUNTARY,,Yes,AUTOMATED_DECISION_FULLY,TikTok,7440322427390941984,"2024-11-23 04:11:16"
1d966d37-7ad4-41a0-b6bb-eef236da3a37,"[""DECISION_VISIBILITY_CONTENT_REMOVED""]",,,,,,,,,,,DECISION_GROUND_INCOMPATIBLE_CONTENT,,,,"Community Guidelines","Your content is against our Community Guidelines. The guidelines include rules and standards for using TikTok that apply to everyone and everything on our platform.Users and 3rd-parties can report policy violations to us. We have detected this policy violation based on a report that the content violated our Community Guidelines. We have used automated measures to make the decision.",,STATEMENT_CATEGORY_SCOPE_OF_PLATFORM_SERVICE,,,,"[""CONTENT_TYPE_VIDEO""]",,,"2024-11-23 00:00:00","[""AT"",""BE"",""BG"",""CY"",""CZ"",""DE"",""DK"",""EE"",""ES"",""FI"",""FR"",""GR"",""HR"",""HU"",""IE"",""IT"",""LI"",""LT"",""LU"",""LV"",""MT"",""NL"",""NO"",""PL"",""PT"",""RO"",""SE"",""SI"",""SK""]","2024-11-23 00:00:00","The decision was taken in response to a report alleging a violation of our Community Guidelines.",SOURCE_VOLUNTARY,,No,AUTOMATED_DECISION_FULLY,TikTok,7440322429253147425,"2024-11-23 04:11:16"
40332867-2c17-4f31-8ace-c0999b01e9e1,"[""DECISION_VISIBILITY_OTHER""]","Photo not eligible for recommendation in the For You feed",,,,,,,,,,DECISION_GROUND_INCOMPATIBLE_CONTENT,,,,"Dangerous Activities and Challenges","Most activities or challenges are appropriate for everyone, but some carry a risk of significant injury. Content is ineligible for the For You feed if it involves activities that are likely to lead to moderate physical harm, or includes professionals who are performing extreme sports and stunts that may endanger others.We proactively enforce our Community Guidelines through a mix of technology and human moderation. We have detected this policy violation using automated measures. We have used automated measures in making this decision.",,STATEMENT_CATEGORY_NEGATIVE_EFFECTS_ON_CIVIC_DISCOURSE_OR_ELECTIONS,,,,"[""CONTENT_TYPE_IMAGE""]",,,"2024-11-23 00:00:00","[""AT"",""BE"",""BG"",""CY"",""CZ"",""DE"",""DK"",""EE"",""ES"",""FI"",""FR"",""GR"",""HR"",""HU"",""IE"",""IT"",""LI"",""LT"",""LU"",""LV"",""MT"",""NL"",""NO"",""PL"",""PT"",""RO"",""SE"",""SI"",""SK""]","2024-11-23 00:00:00","The decision was taken pursuant to own-initiative investigations.",SOURCE_VOLUNTARY,,Yes,AUTOMATED_DECISION_FULLY,TikTok,7440322438719609633,"2024-11-23 04:11:16"
d2c5281e-2bc7-40a9-9c44-bd4abecbf4aa,"[""DECISION_VISIBILITY_OTHER""]","LIVE not eligible for recommendation and restricted in search results for 10 minutes","2024-11-23 00:00:00",,,,,,,,,DECISION_GROUND_INCOMPATIBLE_CONTENT,,,,"Content with low visual quality or static imagery","Your LIVE is not eligible for recommendation and restricted in search results for the next 10 minutes, because it may contain content with low visual quality or static imagery. This is in line with the For You feed eligibility standards under our Community Guidelines.",,STATEMENT_CATEGORY_SCOPE_OF_PLATFORM_SERVICE,,,,"[""CONTENT_TYPE_VIDEO""]",,,"2024-11-23 00:00:00","[""AT"",""BE"",""BG"",""CY"",""CZ"",""DE"",""DK"",""EE"",""ES"",""FI"",""FR"",""GR"",""HR"",""HU"",""IE"",""IS"",""IT"",""LI"",""LT"",""LU"",""LV"",""MT"",""NL"",""NO"",""PL"",""PT"",""RO"",""SE"",""SI"",""SK""]","2024-11-23 00:00:00","The decision was taken pursuant to own-initiative investigations",SOURCE_VOLUNTARY,,Yes,AUTOMATED_DECISION_NOT_AUTOMATED,TikTok,7440322429253163809,"2024-11-23 04:11:16"
6a8e73fe-58c9-4800-b039-c2729488823f,,,,,,,,,DECISION_ACCOUNT_TERMINATED,,,DECISION_GROUND_INCOMPATIBLE_CONTENT,,,,"Advertising policy violation","Reasons why your account may have been suspended: - We received a report or complaint about your account from people on TikTok or other channels. - There are problems with your ad creative, or qualifications or services provided in your ads. - We suspected malicious behavior or intent during ad creation. - You made changes to your ad's landing page after launching the campaign.",,STATEMENT_CATEGORY_SCOPE_OF_PLATFORM_SERVICE,,,,"[""CONTENT_TYPE_OTHER""]","Account Suspended",,"2024-11-23 00:00:00","[""AT"",""BE"",""BG"",""CY"",""CZ"",""DE"",""DK"",""EE"",""ES"",""FI"",""FR"",""GR"",""HR"",""HU"",""IE"",""IT"",""LI"",""LT"",""LU"",""LV"",""MT"",""NL"",""NO"",""PL"",""PT"",""RO"",""SE"",""SI"",""SK""]","2024-11-23 00:00:00","The decision was taken pursuant to own-initiative investigations.",SOURCE_VOLUNTARY,,Yes,AUTOMATED_DECISION_FULLY,TikTok,7440322438719626017,"2024-11-23 04:11:16"
899a7821-ce35-46d9-8761-826d6deb5ef2,"[""DECISION_VISIBILITY_CONTENT_REMOVED""]",,,,,,,,,,,DECISION_GROUND_INCOMPATIBLE_CONTENT,,,,"Harassment and Bullying","We welcome the respectful expression of different viewpoints, but not toxicity or trolling. We do not allow language or behavior that harasses, humiliates, threatens, or doxes anyone. This also includes responding to such acts with retaliatory harassment (but excludes non-harassing counterspeech).We proactively enforce our Community Guidelines through a mix of technology and human moderation. We have detected this policy violation using automated measures. We have used automated measures in making this decision.",,STATEMENT_CATEGORY_ILLEGAL_OR_HARMFUL_SPEECH,,,,"[""CONTENT_TYPE_TEXT""]",,,"2024-11-23 00:00:00","[""AT"",""BE"",""BG"",""CY"",""CZ"",""DE"",""DK"",""EE"",""ES"",""FI"",""FR"",""GR"",""HR"",""HU"",""IE"",""IT"",""LI"",""LT"",""LU"",""LV"",""MT"",""NL"",""NO"",""PL"",""PT"",""RO"",""SE"",""SI"",""SK""]","2024-11-23 00:00:00","The decision was taken pursuant to own-initiative investigations.",SOURCE_VOLUNTARY,,Yes,AUTOMATED_DECISION_FULLY,TikTok,7440322429253180193,"2024-11-23 04:11:16"
4b447e67-9419-4fa0-bc4f-c53a51ff9acf,"[""DECISION_VISIBILITY_CONTENT_REMOVED""]",,,,,,,,,,,DECISION_GROUND_INCOMPATIBLE_CONTENT,,,,"Harassment and Bullying","We welcome the respectful expression of different viewpoints, but not toxicity or trolling. We do not allow language or behavior that harasses, humiliates, threatens, or doxes anyone. This also includes responding to such acts with retaliatory harassment (but excludes non-harassing counterspeech).We proactively enforce our Community Guidelines through a mix of technology and human moderation. We have detected this policy violation using automated measures. We have used automated measures in making this decision.",,STATEMENT_CATEGORY_ILLEGAL_OR_HARMFUL_SPEECH,,,,"[""CONTENT_TYPE_TEXT""]",,,"2024-11-23 00:00:00","[""AT"",""BE"",""BG"",""CY"",""CZ"",""DE"",""DK"",""EE"",""ES"",""FI"",""FR"",""GR"",""HR"",""HU"",""IE"",""IT"",""LI"",""LT"",""LU"",""LV"",""MT"",""NL"",""NO"",""PL"",""PT"",""RO"",""SE"",""SI"",""SK""]","2024-11-23 00:00:00","The decision was taken pursuant to own-initiative investigations.",SOURCE_VOLUNTARY,,Yes,AUTOMATED_DECISION_FULLY,TikTok,7440322429253196577,"2024-11-23 04:11:16"
10e171cc-b7ea-4725-addf-692167157299,"[""DECISION_VISIBILITY_CONTENT_REMOVED""]",,,,,,,,,,,DECISION_GROUND_INCOMPATIBLE_CONTENT,,,,"This ad has been rejected because the ad creative or landing page may feature sexually suggestive content such as sexual behavior, openly sexual content, or sexualized language and movements.This ad has been rejected because the ad creative or landing page may feature sexually suggestive content such as sexual behavior, openly sexual content, or sexualized language and movements.This ad has been rejected because the ad creative or landing page may feature sexually suggestive content such as sexu","Please modify or remove the related content. You can read more about our TikTok Advertising Policies on adult and sexual content at: https://ads.tiktok.com/help/article/tiktok-advertising-policies-ad-creatives-landing-page-prohibited-content#anchor-9Please modify or remove the related content. You can read more about our TikTok Advertising Policies on adult and sexual content at: https://ads.tiktok.com/help/article/tiktok-advertising-policies-ad-creatives-landing-page-prohibited-content#anchor-9Please modify or remove the related content. You can read more about our TikTok Advertising Policies on adult and sexual content at: https://ads.tiktok.com/help/article/tiktok-advertising-policies-ad-creatives-landing-page-prohibited-content#anchor-9Please modify or remove the related content. You can read more about our TikTok Advertising Policies on adult and sexual content at: https://ads.tiktok.com/help/article/tiktok-advertising-policies-ad-creatives-landing-page-prohibited-content#anchor-9Please modify or remove the related content. You can read more about our TikTok Advertising Policies on adult and sexual content at: https://ads.tiktok.com/help/article/tiktok-advertising-policies-ad-creatives-landing-page-prohibited-content#anchor-9Please modify or remove the related content. You can read more about our TikTok Advertising Policies on adult and sexual content at: https://ads.tiktok.com/help/article/tiktok-advertising-policies-ad-creatives-landing-page-prohibited-content#anchor-9Please modify or remove the related content. You can read more about our TikTok Advertising Policies on adult and sexual content at: https://ads.tiktok.com/help/article/tiktok-advertising-policies-ad-creatives-landing-page-prohibited-content#anchor-9Please modify or remove the related content. You can read more about our TikTok Advertising Policies on adult and sexual content at: https://ads.tiktok.com/help/article/tiktok-advertising-policies-ad-creatives-landing-page-prohibited-content#anchor-9",,STATEMENT_CATEGORY_SCOPE_OF_PLATFORM_SERVICE,,,,"[""CONTENT_TYPE_VIDEO""]",,,"2024-11-17 00:00:00","[""DE""]","2024-11-23 00:00:00","The decision was taken pursuant to own-initiative investigations.",SOURCE_VOLUNTARY,,Yes,AUTOMATED_DECISION_FULLY,TikTok,7440322438719642401,"2024-11-23 04:11:16"
9a723edc-3545-4687-aa55-715684c08f1e,"[""DECISION_VISIBILITY_CONTENT_REMOVED""]",,,,,,,,,,,DECISION_GROUND_INCOMPATIBLE_CONTENT,,,,"Harassment and Bullying","We welcome the respectful expression of different viewpoints, but not toxicity or trolling. We do not allow language or behavior that harasses, humiliates, threatens, or doxes anyone. This also includes responding to such acts with retaliatory harassment (but excludes non-harassing counterspeech).We proactively enforce our Community Guidelines through a mix of technology and human moderation. We have detected this policy violation using automated measures. We have used automated measures in making this decision.",,STATEMENT_CATEGORY_ILLEGAL_OR_HARMFUL_SPEECH,,,,"[""CONTENT_TYPE_TEXT""]",,,"2024-11-23 00:00:00","[""AT"",""BE"",""BG"",""CY"",""CZ"",""DE"",""DK"",""EE"",""ES"",""FI"",""FR"",""GR"",""HR"",""HU"",""IE"",""IT"",""LI"",""LT"",""LU"",""LV"",""MT"",""NL"",""NO"",""PL"",""PT"",""RO"",""SE"",""SI"",""SK""]","2024-11-23 00:00:00","The decision was taken pursuant to own-initiative investigations.",SOURCE_VOLUNTARY,,Yes,AUTOMATED_DECISION_FULLY,TikTok,7440322429253212961,"2024-11-23 04:11:16"
5d193e06-e062-48a8-8c59-a677725cc3a8,"[""DECISION_VISIBILITY_CONTENT_REMOVED""]",,,,,,,,,,,DECISION_GROUND_INCOMPATIBLE_CONTENT,,,,"Sexual Exploitation and Gender-Based Violence","We are committed to providing a space that embraces gender equity, supports healthy relationships, and respects intimate privacy. We do not allow sexual exploitation or gender-based violence, including non-consensual sexual acts, image-based sexual abuse, sextortion, physical abuse, and sexual harassment.We proactively enforce our Community Guidelines through a mix of technology and human moderation. We have detected this policy violation using automated measures. We have used automated measures in making this decision.",,STATEMENT_CATEGORY_VIOLENCE,,,,"[""CONTENT_TYPE_TEXT""]",,,"2024-11-23 00:00:00","[""AT"",""BE"",""BG"",""CY"",""CZ"",""DE"",""DK"",""EE"",""ES"",""FI"",""FR"",""GR"",""HR"",""HU"",""IE"",""IT"",""LI"",""LT"",""LU"",""LV"",""MT"",""NL"",""NO"",""PL"",""PT"",""RO"",""SE"",""SI"",""SK""]","2024-11-23 00:00:00","The decision was taken pursuant to own-initiative investigations.",SOURCE_VOLUNTARY,,Yes,AUTOMATED_DECISION_FULLY,TikTok,7440322438719658785,"2024-11-23 04:11:16"
c1ecfe0d-cb37-4896-95f2-8da972e124f2,"[""DECISION_VISIBILITY_CONTENT_REMOVED""]",,,,,,,,,,,DECISION_GROUND_INCOMPATIBLE_CONTENT,,,,"Firearms and Dangerous Weapons","TikTok can be a place that educates people on the responsible use and ownership of weapons, as well as the associated potential for serious harm. Firearms and explosive weapons can cause severe injury or death, especially when used in an unsafe manner. We do not allow the trade of firearms or explosive weapons, or content showing or promoting them if they are not used in a safe or appropriate setting.We proactively enforce our Community Guidelines through a mix of technology and human moderation. We have detected this policy violation using automated measures. We have used automated measures in making this decision.",,STATEMENT_CATEGORY_SCOPE_OF_PLATFORM_SERVICE,,,,"[""CONTENT_TYPE_VIDEO""]",,,"2024-11-23 00:00:00","[""AT"",""BE"",""BG"",""CY"",""CZ"",""DE"",""DK"",""EE"",""ES"",""FI"",""FR"",""GR"",""HR"",""HU"",""IE"",""IT"",""LI"",""LT"",""LU"",""LV"",""MT"",""NL"",""NO"",""PL"",""PT"",""RO"",""SE"",""SI"",""SK""]","2024-11-23 00:00:00","The decision was taken pursuant to own-initiative investigations.",SOURCE_VOLUNTARY,,Yes,AUTOMATED_DECISION_FULLY,TikTok,7440322447909329696,"2024-11-23 04:11:16"
e24d5d41-b369-4c9f-9c67-e425a8ce95fe,"[""DECISION_VISIBILITY_OTHER""]","LIVE not eligible for recommendation and restricted in search results for 10 minutes","2024-11-23 00:00:00",,,,,,,,,DECISION_GROUND_INCOMPATIBLE_CONTENT,,,,"Content with low visual quality or static imagery","Your LIVE is not eligible for recommendation and restricted in search results for the next 10 minutes, because it may contain content with low visual quality or static imagery. This is in line with the For You feed eligibility standards under our Community Guidelines.",,STATEMENT_CATEGORY_SCOPE_OF_PLATFORM_SERVICE,,,,"[""CONTENT_TYPE_VIDEO""]",,,"2024-11-23 00:00:00","[""AT"",""BE"",""BG"",""CY"",""CZ"",""DE"",""DK"",""EE"",""ES"",""FI"",""FR"",""GR"",""HR"",""HU"",""IE"",""IS"",""IT"",""LI"",""LT"",""LU"",""LV"",""MT"",""NL"",""NO"",""PL"",""PT"",""RO"",""SE"",""SI"",""SK""]","2024-11-23 00:00:00","The decision was taken pursuant to own-initiative investigations",SOURCE_VOLUNTARY,,Yes,AUTOMATED_DECISION_NOT_AUTOMATED,TikTok,7440322438719675169,"2024-11-23 04:11:16"
14a1a59f-a1c0-4348-a858-b49b004d1243,"[""DECISION_VISIBILITY_OTHER""]","Video not eligible for recommendation in the For You feed",,,,,,,,,,DECISION_GROUND_INCOMPATIBLE_CONTENT,,,,"Alcohol, Tobacco, and Drugs","While adults make personal choices about how they engage with alcohol, drugs, and tobacco, we recognize that there are risks connected to trading and using these substances. Content is ineligible for the For You feed and harder to find in search if it shows adults consuming excessive amounts of alcohol or tobacco products.We proactively enforce our Community Guidelines through a mix of technology and human moderation. We have detected this policy violation using automated measures. We have used automated measures in making this decision.",,STATEMENT_CATEGORY_SCOPE_OF_PLATFORM_SERVICE,,,,"[""CONTENT_TYPE_VIDEO""]",,,"2024-11-23 00:00:00","[""AT"",""BE"",""BG"",""CY"",""CZ"",""DE"",""DK"",""EE"",""ES"",""FI"",""FR"",""GR"",""HR"",""HU"",""IE"",""IT"",""LI"",""LT"",""LU"",""LV"",""MT"",""NL"",""NO"",""PL"",""PT"",""RO"",""SE"",""SI"",""SK""]","2024-11-23 00:00:00","The decision was taken pursuant to own-initiative investigations.",SOURCE_VOLUNTARY,,Yes,AUTOMATED_DECISION_FULLY,TikTok,7440322438719691553,"2024-11-23 04:11:16"
71bc1f63-083d-4827-babf-9aa845ce1d21,"[""DECISION_VISIBILITY_OTHER""]","Photo not eligible for recommendation in the For You feed, and visibility restricted in search results",,,,,,,,,,DECISION_GROUND_INCOMPATIBLE_CONTENT,,,,"Civic and Election Integrity","We want to enable the informed exchange of civic ideas in a way that fosters productive dialogue. Your video didn’t meet our eligibility standards for the For You Feed. Please review our Community Guidelines for more information.We proactively enforce our Community Guidelines through a mix of technology and human moderation. We have detected this policy violation using automated measures. We have used automated measures in making this decision.",,STATEMENT_CATEGORY_NEGATIVE_EFFECTS_ON_CIVIC_DISCOURSE_OR_ELECTIONS,,,,"[""CONTENT_TYPE_IMAGE""]",,,"2024-11-23 00:00:00","[""AT"",""BE"",""BG"",""CY"",""CZ"",""DE"",""DK"",""EE"",""ES"",""FI"",""FR"",""GR"",""HR"",""HU"",""IE"",""IT"",""LI"",""LT"",""LU"",""LV"",""MT"",""NL"",""NO"",""PL"",""PT"",""RO"",""SE"",""SI"",""SK""]","2024-11-23 00:00:00","The decision was taken pursuant to own-initiative investigations.",SOURCE_VOLUNTARY,,Yes,AUTOMATED_DECISION_FULLY,TikTok,7440322447909346080,"2024-11-23 04:11:16"
533abd9d-6f04-4a23-b307-0c37411c690a,,,,,,,,,DECISION_ACCOUNT_TERMINATED,,,DECISION_GROUND_INCOMPATIBLE_CONTENT,,,,"Advertising policy violation","Reasons why your account may have been suspended: - We received a report or complaint about your account from people on TikTok or other channels. - There are problems with your ad creative, or qualifications or services provided in your ads. - We suspected malicious behavior or intent during ad creation. - You made changes to your ad's landing page after launching the campaign.",,STATEMENT_CATEGORY_SCOPE_OF_PLATFORM_SERVICE,,,,"[""CONTENT_TYPE_OTHER""]","Account Suspended",,"2024-11-22 00:00:00","[""AT"",""BE"",""BG"",""CY"",""CZ"",""DE"",""DK"",""EE"",""ES"",""FI"",""FR"",""GR"",""HR"",""HU"",""IE"",""IT"",""LI"",""LT"",""LU"",""LV"",""MT"",""NL"",""NO"",""PL"",""PT"",""RO"",""SE"",""SI"",""SK""]","2024-11-23 00:00:00","The decision was taken pursuant to own-initiative investigations.",SOURCE_VOLUNTARY,,Yes,AUTOMATED_DECISION_FULLY,TikTok,7440322447909362464,"2024-11-23 04:11:18"
5d05cfe5-e37e-4363-aa77-3612c98cae01,"[""DECISION_VISIBILITY_CONTENT_REMOVED""]",,,,,,,,,,,DECISION_GROUND_INCOMPATIBLE_CONTENT,,,,"Harassment and Bullying","We welcome the respectful expression of different viewpoints, but not toxicity or trolling. We do not allow language or behavior that harasses, humiliates, threatens, or doxes anyone. This also includes responding to such acts with retaliatory harassment (but excludes non-harassing counterspeech).We proactively enforce our Community Guidelines through a mix of technology and human moderation. We have detected this policy violation using automated measures. We have used automated measures in making this decision.",,STATEMENT_CATEGORY_ILLEGAL_OR_HARMFUL_SPEECH,,,,"[""CONTENT_TYPE_TEXT""]",,,"2024-11-23 00:00:00","[""AT"",""BE"",""BG"",""CY"",""CZ"",""DE"",""DK"",""EE"",""ES"",""FI"",""FR"",""GR"",""HR"",""HU"",""IE"",""IT"",""LI"",""LT"",""LU"",""LV"",""MT"",""NL"",""NO"",""PL"",""PT"",""RO"",""SE"",""SI"",""SK""]","2024-11-23 00:00:00","The decision was taken pursuant to own-initiative investigations.",SOURCE_VOLUNTARY,,Yes,AUTOMATED_DECISION_FULLY,TikTok,7440322447909378848,"2024-11-23 04:11:18"
f2924b43-f2a8-47e4-89d7-4c19a1416fd2,,,,,,,DECISION_PROVISION_PARTIAL_SUSPENSION,"2024-11-30 00:00:00",,,,DECISION_GROUND_INCOMPATIBLE_CONTENT,,,,"Explotación sexual y violencia de género","Estamos comprometidos a proporcionar un espacio que fomente la igualdad de género, apoye las relaciones saludables y respete la intimidad y la privacidad. No permitimos la explotación sexual ni la violencia de género, incluidos los actos sexuales no consentidos, el abuso sexual basado en imágenes, la sextorsión, el abuso físico y el acoso sexual. Consulta las {CG_link} para obtener más información.",,STATEMENT_CATEGORY_VIOLENCE,,,,"[""CONTENT_TYPE_VIDEO""]",,,"2024-11-23 00:00:00","[""AT"",""BE"",""BG"",""CY"",""CZ"",""DE"",""DK"",""EE"",""ES"",""FI"",""FR"",""GR"",""HR"",""HU"",""IE"",""IS"",""IT"",""LI"",""LT"",""LU"",""LV"",""MT"",""NL"",""NO"",""PL"",""PT"",""RO"",""SE"",""SI"",""SK""]","2024-11-23 00:00:00","The decision was taken pursuant to own-initiative investigations",SOURCE_VOLUNTARY,,Yes,AUTOMATED_DECISION_NOT_AUTOMATED,TikTok,7440322447909395232,"2024-11-23 04:11:18"
bfc96b5f-88b0-40ee-bbf0-11bb6b4cea26,"[""DECISION_VISIBILITY_OTHER""]","Video not eligible for recommendation in the For You feed",,,,,,,,,,DECISION_GROUND_INCOMPATIBLE_CONTENT,,,,"Community Guidelines","We maintain content eligibility standards for the For You feed (FYF) that prioritize safety and are informed by the diversity of our community and cultural norms. We make ineligible for the FYF certain content that may not be appropriate for a broad audience related to: (1) Behavioral Health, (2) Sensitive and Mature Themes, (3) Integrity and Authenticity, and (4) Regulated Goods. Content that is ineligible for the FYF can still be discovered in other ways, such as through search tools or by following an account.We proactively enforce our Community Guidelines through a mix of technology and human moderation. We have detected this policy violation using automated measures. We have used automated measures in making this decision.",,STATEMENT_CATEGORY_SCOPE_OF_PLATFORM_SERVICE,,,,"[""CONTENT_TYPE_VIDEO""]",,,"2023-08-18 00:00:00","[""AT"",""BE"",""BG"",""CY"",""CZ"",""DE"",""DK"",""EE"",""ES"",""FI"",""FR"",""GR"",""HR"",""HU"",""IE"",""IT"",""LI"",""LT"",""LU"",""LV"",""MT"",""NL"",""NO"",""PL"",""PT"",""RO"",""SE"",""SI"",""SK""]","2024-11-23 00:00:00","The decision was taken pursuant to own-initiative investigations.",SOURCE_VOLUNTARY,,Yes,AUTOMATED_DECISION_FULLY,TikTok,7440322438719707937,"2024-11-23 04:11:18"
e79e21d0-4709-4a1d-a44a-186b5987ec44,"[""DECISION_VISIBILITY_CONTENT_REMOVED""]",,,,,,,,,,,DECISION_GROUND_INCOMPATIBLE_CONTENT,,,,"Youth Exploitation and Abuse","Allowing young people to explore and learn safely during their unique phase of development is our priority. We do not allow youth exploitation and abuse, including child sexual abuse material (CSAM), nudity, grooming, sextortion, solicitation, pedophilia, and physical or psychological abuse of young people. This includes content that is real, fictional, digitally created, and shown in fine art or objects.We proactively enforce our Community Guidelines through a mix of technology and human moderation. We have detected this policy violation using automated measures. We have used automated measures in making this decision.",,STATEMENT_CATEGORY_PROTECTION_OF_MINORS,,,,"[""CONTENT_TYPE_TEXT""]",,,"2024-11-23 00:00:00","[""AT"",""BE"",""BG"",""CY"",""CZ"",""DE"",""DK"",""EE"",""ES"",""FI"",""FR"",""GR"",""HR"",""HU"",""IE"",""IT"",""LI"",""LT"",""LU"",""LV"",""MT"",""NL"",""NO"",""PL"",""PT"",""RO"",""SE"",""SI"",""SK""]","2024-11-23 00:00:00","The decision was taken pursuant to own-initiative investigations.",SOURCE_VOLUNTARY,,Yes,AUTOMATED_DECISION_FULLY,TikTok,7440322438719724321,"2024-11-23 04:11:18"
3ac8b001-2d65-4586-9e1a-8e4a46e95351,"[""DECISION_VISIBILITY_CONTENT_REMOVED""]",,,,,,,,,,,DECISION_GROUND_INCOMPATIBLE_CONTENT,,,,"Explotación sexual y violencia de género","Estamos comprometidos a proporcionar un espacio que fomente la igualdad de género, apoye las relaciones saludables y respete la intimidad y la privacidad. No permitimos la explotación sexual ni la violencia de género, incluidos los actos sexuales no consentidos, el abuso sexual basado en imágenes, la sextorsión, el abuso físico y el acoso sexual. Consulta las {CG_link} para obtener más información.",,STATEMENT_CATEGORY_VIOLENCE,,,,"[""CONTENT_TYPE_VIDEO""]",,,"2024-11-23 00:00:00","[""AT"",""BE"",""BG"",""CY"",""CZ"",""DE"",""DK"",""EE"",""ES"",""FI"",""FR"",""GR"",""HR"",""HU"",""IE"",""IS"",""IT"",""LI"",""LT"",""LU"",""LV"",""MT"",""NL"",""NO"",""PL"",""PT"",""RO"",""SE"",""SI"",""SK""]","2024-11-23 00:00:00","The decision was taken pursuant to own-initiative investigations",SOURCE_VOLUNTARY,,Yes,AUTOMATED_DECISION_NOT_AUTOMATED,TikTok,7440322438719740705,"2024-11-23 04:11:18"
6bc907ce-ed76-4f71-9fa2-129b353437df,"[""DECISION_VISIBILITY_OTHER""]","Video not eligible for recommendation in the For You feed",,,,,,,,,,DECISION_GROUND_INCOMPATIBLE_CONTENT,,,,"Community Guidelines","Your content is against our Community Guidelines. The guidelines include rules and standards for using TikTok that apply to everyone and everything on our platform.We proactively enforce our Community Guidelines through a mix of technology and human moderation. We have detected this policy violation using automated measures. We have used automated measures in making this decision.",,STATEMENT_CATEGORY_SCOPE_OF_PLATFORM_SERVICE,,,,"[""CONTENT_TYPE_OTHER""]","Video Sticker",,"2024-11-23 00:00:00","[""AT"",""BE"",""BG"",""CY"",""CZ"",""DE"",""DK"",""EE"",""ES"",""FI"",""FR"",""GR"",""HR"",""HU"",""IE"",""IT"",""LI"",""LT"",""LU"",""LV"",""MT"",""NL"",""NO"",""PL"",""PT"",""RO"",""SE"",""SI"",""SK""]","2024-11-23 00:00:00","The decision was taken pursuant to own-initiative investigations.",SOURCE_VOLUNTARY,,Yes,AUTOMATED_DECISION_FULLY,TikTok,7440322447909411616,"2024-11-23 04:11:18"
c3f1a409-55a4-449f-ac79-3f5e5d0bf8f3,"[""DECISION_VISIBILITY_CONTENT_REMOVED""]",,,,,,,,,,,DECISION_GROUND_INCOMPATIBLE_CONTENT,,,,"Harassment and Bullying","We welcome the respectful expression of different viewpoints, but not toxicity or trolling. We do not allow language or behavior that harasses, humiliates, threatens, or doxes anyone. This also includes responding to such acts with retaliatory harassment (but excludes non-harassing counterspeech).We proactively enforce our Community Guidelines through a mix of technology and human moderation. We have detected this policy violation using automated measures. We have used automated measures in making this decision.",,STATEMENT_CATEGORY_ILLEGAL_OR_HARMFUL_SPEECH,,,,"[""CONTENT_TYPE_TEXT""]",,,"2024-11-23 00:00:00","[""AT"",""BE"",""BG"",""CY"",""CZ"",""DE"",""DK"",""EE"",""ES"",""FI"",""FR"",""GR"",""HR"",""HU"",""IE"",""IT"",""LI"",""LT"",""LU"",""LV"",""MT"",""NL"",""NO"",""PL"",""PT"",""RO"",""SE"",""SI"",""SK""]","2024-11-23 00:00:00","The decision was taken pursuant to own-initiative investigations.",SOURCE_VOLUNTARY,,Yes,AUTOMATED_DECISION_FULLY,TikTok,7440322438719757089,"2024-11-23 04:11:18"
d138db59-32b9-41a9-a870-2dfe96f89a05,"[""DECISION_VISIBILITY_CONTENT_REMOVED""]",,,,,,,,,,,DECISION_GROUND_INCOMPATIBLE_CONTENT,,,,"Harassment and Bullying","We welcome the respectful expression of different viewpoints, but not toxicity or trolling. We do not allow language or behavior that harasses, humiliates, threatens, or doxes anyone. This also includes responding to such acts with retaliatory harassment (but excludes non-harassing counterspeech).We proactively enforce our Community Guidelines through a mix of technology and human moderation. We have detected this policy violation using automated measures. We have used automated measures in making this decision.",,STATEMENT_CATEGORY_ILLEGAL_OR_HARMFUL_SPEECH,,,,"[""CONTENT_TYPE_TEXT""]",,,"2024-11-23 00:00:00","[""AT"",""BE"",""BG"",""CY"",""CZ"",""DE"",""DK"",""EE"",""ES"",""FI"",""FR"",""GR"",""HR"",""HU"",""IE"",""IT"",""LI"",""LT"",""LU"",""LV"",""MT"",""NL"",""NO"",""PL"",""PT"",""RO"",""SE"",""SI"",""SK""]","2024-11-23 00:00:00","The decision was taken pursuant to own-initiative investigations.",SOURCE_VOLUNTARY,,Yes,AUTOMATED_DECISION_FULLY,TikTok,7440322453974293280,"2024-11-23 04:11:18"
e65e56fa-d430-4cf1-9e3a-c8d383d8f98b,"[""DECISION_VISIBILITY_CONTENT_REMOVED""]",,,,,,,,,,,DECISION_GROUND_INCOMPATIBLE_CONTENT,,,,"Hate Speech and Hateful Behaviors","TikTok is enriched by the various backgrounds of our community members. Our differences should be respected, rather than a cause for division. We do not allow any hateful behavior, hate speech, or promotion of hateful ideologies. This includes content that attacks a person or group because of protected attributes.We proactively enforce our Community Guidelines through a mix of technology and human moderation. We have detected this policy violation using automated measures. We have used automated measures in making this decision.",,STATEMENT_CATEGORY_ILLEGAL_OR_HARMFUL_SPEECH,,,,"[""CONTENT_TYPE_TEXT""]",,,"2024-11-23 00:00:00","[""AT"",""BE"",""BG"",""CY"",""CZ"",""DE"",""DK"",""EE"",""ES"",""FI"",""FR"",""GR"",""HR"",""HU"",""IE"",""IT"",""LI"",""LT"",""LU"",""LV"",""MT"",""NL"",""NO"",""PL"",""PT"",""RO"",""SE"",""SI"",""SK""]","2024-11-23 00:00:00","The decision was taken pursuant to own-initiative investigations.",SOURCE_VOLUNTARY,,Yes,AUTOMATED_DECISION_FULLY,TikTok,7440322453974309664,"2024-11-23 04:11:18"
e16720e7-cabe-41c8-9c71-305be8f5dc07,,,,,,,,,DECISION_ACCOUNT_TERMINATED,,,DECISION_GROUND_INCOMPATIBLE_CONTENT,,,,"Advertising policy violation","Reasons why your account may have been suspended: - We received a report or complaint about your account from people on TikTok or other channels. - There are problems with your ad creative, or qualifications or services provided in your ads. - We suspected malicious behavior or intent during ad creation. - You made changes to your ad's landing page after launching the campaign.",,STATEMENT_CATEGORY_SCOPE_OF_PLATFORM_SERVICE,,,,"[""CONTENT_TYPE_OTHER""]","Account Suspended",,"2024-11-23 00:00:00","[""AT"",""BE"",""BG"",""CY"",""CZ"",""DE"",""DK"",""EE"",""ES"",""FI"",""FR"",""GR"",""HR"",""HU"",""IE"",""IT"",""LI"",""LT"",""LU"",""LV"",""MT"",""NL"",""NO"",""PL"",""PT"",""RO"",""SE"",""SI"",""SK""]","2024-11-23 00:00:00","The decision was taken pursuant to own-initiative investigations.",SOURCE_VOLUNTARY,,Yes,AUTOMATED_DECISION_FULLY,TikTok,7440322447909428000,"2024-11-23 04:11:18"
86519152-233a-4d85-8cce-a05bb6d5d13e,"[""DECISION_VISIBILITY_CONTENT_REMOVED""]",,,,,,,,,,,DECISION_GROUND_INCOMPATIBLE_CONTENT,,,,"Hate Speech and Hateful Behaviors","TikTok is enriched by the various backgrounds of our community members. Our differences should be respected, rather than a cause for division. We do not allow any hateful behavior, hate speech, or promotion of hateful ideologies. This includes content that attacks a person or group because of protected attributes.We proactively enforce our Community Guidelines through a mix of technology and human moderation. We have detected this policy violation using automated measures. We have used automated measures in making this decision.",,STATEMENT_CATEGORY_ILLEGAL_OR_HARMFUL_SPEECH,,,,"[""CONTENT_TYPE_TEXT""]",,,"2024-11-23 00:00:00","[""AT"",""BE"",""BG"",""CY"",""CZ"",""DE"",""DK"",""EE"",""ES"",""FI"",""FR"",""GR"",""HR"",""HU"",""IE"",""IT"",""LI"",""LT"",""LU"",""LV"",""MT"",""NL"",""NO"",""PL"",""PT"",""RO"",""SE"",""SI"",""SK""]","2024-11-23 00:00:00","The decision was taken pursuant to own-initiative investigations.",SOURCE_VOLUNTARY,,Yes,AUTOMATED_DECISION_FULLY,TikTok,7440322453974326048,"2024-11-23 04:11:18"
a96b0107-93fe-4d01-838c-768371dbca87,"[""DECISION_VISIBILITY_OTHER""]","Video not eligible for recommendation in the For You feed",,,,,,,,,,DECISION_GROUND_INCOMPATIBLE_CONTENT,,,,"Community Guidelines","We maintain content eligibility standards for the For You feed (FYF) that prioritize safety and are informed by the diversity of our community and cultural norms. We make ineligible for the FYF certain content that may not be appropriate for a broad audience related to: (1) Behavioral Health, (2) Sensitive and Mature Themes, (3) Integrity and Authenticity, and (4) Regulated Goods. Content that is ineligible for the FYF can still be discovered in other ways, such as through search tools or by following an account.Users and 3rd-parties can report policy violations to us. We have detected this policy violation based on a report that the content violated our Community Guidelines. We have used automated measures to make the decision.",,STATEMENT_CATEGORY_SCOPE_OF_PLATFORM_SERVICE,,,,"[""CONTENT_TYPE_VIDEO""]",,,"2021-06-25 00:00:00","[""AT"",""BE"",""BG"",""CY"",""CZ"",""DE"",""DK"",""EE"",""ES"",""FI"",""FR"",""GR"",""HR"",""HU"",""IE"",""IT"",""LI"",""LT"",""LU"",""LV"",""MT"",""NL"",""NO"",""PL"",""PT"",""RO"",""SE"",""SI"",""SK""]","2024-11-23 00:00:00","The decision was taken in response to a report alleging a violation of our Community Guidelines.",SOURCE_VOLUNTARY,,No,AUTOMATED_DECISION_FULLY,TikTok,7440322447909444384,"2024-11-23 04:11:18"
31d77a60-5753-4653-8ced-ef7dcffabef4,"[""DECISION_VISIBILITY_CONTENT_REMOVED""]",,,,,,,,,,,DECISION_GROUND_INCOMPATIBLE_CONTENT,,,,"Harassment and Bullying","We welcome the respectful expression of different viewpoints, but not toxicity or trolling. We do not allow language or behavior that harasses, humiliates, threatens, or doxes anyone. This also includes responding to such acts with retaliatory harassment (but excludes non-harassing counterspeech).We proactively enforce our Community Guidelines through a mix of technology and human moderation. We have detected this policy violation using automated measures. We have used automated measures in making this decision.",,STATEMENT_CATEGORY_ILLEGAL_OR_HARMFUL_SPEECH,,,,"[""CONTENT_TYPE_TEXT""]",,,"2024-11-23 00:00:00","[""AT"",""BE"",""BG"",""CY"",""CZ"",""DE"",""DK"",""EE"",""ES"",""FI"",""FR"",""GR"",""HR"",""HU"",""IE"",""IT"",""LI"",""LT"",""LU"",""LV"",""MT"",""NL"",""NO"",""PL"",""PT"",""RO"",""SE"",""SI"",""SK""]","2024-11-23 00:00:00","The decision was taken pursuant to own-initiative investigations.",SOURCE_VOLUNTARY,,Yes,AUTOMATED_DECISION_FULLY,TikTok,7440322453974342432,"2024-11-23 04:11:18"
db37d1e6-e717-4f3e-9602-93fb9f63f570,"[""DECISION_VISIBILITY_CONTENT_REMOVED""]",,,,,,,,,,,DECISION_GROUND_INCOMPATIBLE_CONTENT,,,,"Sexually Suggestive Content","We welcome performances and dances where people can creatively express themselves, celebrate their culture, or seek to entertain. We are mindful that certain behaviors related to sexual arousal or suggestiveness may be offensive to some people and may put young people at risk of exploitation. We do not allow seductive performances or allusions to sexual activity by young people, or the use of sexually explicit narratives by anyone.We proactively enforce our Community Guidelines through a mix of technology and human moderation. We have detected this policy violation using automated measures. We have used automated measures in making this decision.",,STATEMENT_CATEGORY_SCOPE_OF_PLATFORM_SERVICE,,,,"[""CONTENT_TYPE_TEXT""]",,,"2024-11-23 00:00:00","[""AT"",""BE"",""BG"",""CY"",""CZ"",""DE"",""DK"",""EE"",""ES"",""FI"",""FR"",""GR"",""HR"",""HU"",""IE"",""IT"",""LI"",""LT"",""LU"",""LV"",""MT"",""NL"",""NO"",""PL"",""PT"",""RO"",""SE"",""SI"",""SK""]","2024-11-23 00:00:00","The decision was taken pursuant to own-initiative investigations.",SOURCE_VOLUNTARY,,Yes,AUTOMATED_DECISION_FULLY,TikTok,7440322453974358816,"2024-11-23 04:11:18"
e1e11c4d-e3b2-4e01-85ff-e0ce6f08bfa1,"[""DECISION_VISIBILITY_CONTENT_REMOVED""]",,,,,,,,,,,DECISION_GROUND_INCOMPATIBLE_CONTENT,,,,"Hate Speech and Hateful Behaviors","TikTok is enriched by the various backgrounds of our community members. Our differences should be respected, rather than a cause for division. We do not allow any hateful behavior, hate speech, or promotion of hateful ideologies. This includes content that attacks a person or group because of protected attributes.We proactively enforce our Community Guidelines through a mix of technology and human moderation. We have detected this policy violation using automated measures. We have used automated measures in making this decision.",,STATEMENT_CATEGORY_ILLEGAL_OR_HARMFUL_SPEECH,,,,"[""CONTENT_TYPE_TEXT""]",,,"2024-11-23 00:00:00","[""AT"",""BE"",""BG"",""CY"",""CZ"",""DE"",""DK"",""EE"",""ES"",""FI"",""FR"",""GR"",""HR"",""HU"",""IE"",""IT"",""LI"",""LT"",""LU"",""LV"",""MT"",""NL"",""NO"",""PL"",""PT"",""RO"",""SE"",""SI"",""SK""]","2024-11-23 00:00:00","The decision was taken pursuant to own-initiative investigations.",SOURCE_VOLUNTARY,,Yes,AUTOMATED_DECISION_FULLY,TikTok,7440322447909460768,"2024-11-23 04:11:18"
4f059355-8209-47da-8614-6ba2af0bfd72,"[""DECISION_VISIBILITY_CONTENT_REMOVED""]",,,,,,,,,,,DECISION_GROUND_INCOMPATIBLE_CONTENT,,,,"Harassment and Bullying","We welcome the respectful expression of different viewpoints, but not toxicity or trolling. We do not allow language or behavior that harasses, humiliates, threatens, or doxes anyone. This also includes responding to such acts with retaliatory harassment (but excludes non-harassing counterspeech).We proactively enforce our Community Guidelines through a mix of technology and human moderation. We have detected this policy violation using automated measures. We have used automated measures in making this decision.",,STATEMENT_CATEGORY_ILLEGAL_OR_HARMFUL_SPEECH,,,,"[""CONTENT_TYPE_TEXT""]",,,"2024-11-23 00:00:00","[""AT"",""BE"",""BG"",""CY"",""CZ"",""DE"",""DK"",""EE"",""ES"",""FI"",""FR"",""GR"",""HR"",""HU"",""IE"",""IT"",""LI"",""LT"",""LU"",""LV"",""MT"",""NL"",""NO"",""PL"",""PT"",""RO"",""SE"",""SI"",""SK""]","2024-11-23 00:00:00","The decision was taken pursuant to own-initiative investigations.",SOURCE_VOLUNTARY,,Yes,AUTOMATED_DECISION_FULLY,TikTok,7440322453974375200,"2024-11-23 04:11:20"
a6929abe-5a12-4597-bbbb-a12ea34b63c5,"[""DECISION_VISIBILITY_CONTENT_REMOVED""]",,,,,,,,,,,DECISION_GROUND_INCOMPATIBLE_CONTENT,,,,"Harassment and Bullying","We welcome the respectful expression of different viewpoints, but not toxicity or trolling. We do not allow language or behavior that harasses, humiliates, threatens, or doxes anyone. This also includes responding to such acts with retaliatory harassment (but excludes non-harassing counterspeech).We proactively enforce our Community Guidelines through a mix of technology and human moderation. We have detected this policy violation using automated measures. We have used automated measures in making this decision.",,STATEMENT_CATEGORY_ILLEGAL_OR_HARMFUL_SPEECH,,,,"[""CONTENT_TYPE_TEXT""]",,,"2024-11-23 00:00:00","[""AT"",""BE"",""BG"",""CY"",""CZ"",""DE"",""DK"",""EE"",""ES"",""FI"",""FR"",""GR"",""HR"",""HU"",""IE"",""IT"",""LI"",""LT"",""LU"",""LV"",""MT"",""NL"",""NO"",""PL"",""PT"",""RO"",""SE"",""SI"",""SK""]","2024-11-23 00:00:00","The decision was taken pursuant to own-initiative investigations.",SOURCE_VOLUNTARY,,Yes,AUTOMATED_DECISION_FULLY,TikTok,7440322453974391584,"2024-11-23 04:11:20"
d880e7ab-a496-40fd-bc42-9c3428bad921,"[""DECISION_VISIBILITY_OTHER""]","Video not eligible for recommendation in the For You feed",,,,,,,,,,DECISION_GROUND_INCOMPATIBLE_CONTENT,,,,"Community Guidelines","We maintain content eligibility standards for the For You feed (FYF) that prioritize safety and are informed by the diversity of our community and cultural norms. We make ineligible for the FYF certain content that may not be appropriate for a broad audience related to: (1) Behavioral Health, (2) Sensitive and Mature Themes, (3) Integrity and Authenticity, and (4) Regulated Goods. Content that is ineligible for the FYF can still be discovered in other ways, such as through search tools or by following an account.We proactively enforce our Community Guidelines through a mix of technology and human moderation. We have detected this policy violation using automated measures. We have used automated measures in making this decision.",,STATEMENT_CATEGORY_SCOPE_OF_PLATFORM_SERVICE,,,,"[""CONTENT_TYPE_VIDEO""]",,,"2024-11-23 00:00:00","[""AT"",""BE"",""BG"",""CY"",""CZ"",""DE"",""DK"",""EE"",""ES"",""FI"",""FR"",""GR"",""HR"",""HU"",""IE"",""IT"",""LI"",""LT"",""LU"",""LV"",""MT"",""NL"",""NO"",""PL"",""PT"",""RO"",""SE"",""SI"",""SK""]","2024-11-23 00:00:00","The decision was taken pursuant to own-initiative investigations.",SOURCE_VOLUNTARY,,Yes,AUTOMATED_DECISION_FULLY,TikTok,7440322447909477152,"2024-11-23 04:11:20"
4fc82834-6221-4fa0-a739-eda3ff75e42e,"[""DECISION_VISIBILITY_OTHER""]","Video not eligible for recommendation in the For You feed",,,,,,,,,,DECISION_GROUND_INCOMPATIBLE_CONTENT,,,,"Sexually Suggestive Content","We are mindful that certain behaviors related to sexual arousal or suggestiveness may be offensive to some people and may put young people at risk of exploitation. Content is ineligible for the For You feed and harder to find in search if it shows sex products or intends to sexually arouse (such as intimate kissing, sexualized posing, and seductive performances or allusions to sexual activity by adults). We proactively enforce our Community Guidelines through a mix of technology and human moderation. We have detected this policy violation using automated measures. We have used automated measures in making this decision.",,STATEMENT_CATEGORY_SCOPE_OF_PLATFORM_SERVICE,,,,"[""CONTENT_TYPE_VIDEO""]",,,"2024-11-23 00:00:00","[""AT"",""BE"",""BG"",""CY"",""CZ"",""DE"",""DK"",""EE"",""ES"",""FI"",""FR"",""GR"",""HR"",""HU"",""IE"",""IT"",""LI"",""LT"",""LU"",""LV"",""MT"",""NL"",""NO"",""PL"",""PT"",""RO"",""SE"",""SI"",""SK""]","2024-11-23 00:00:00","The decision was taken pursuant to own-initiative investigations.",SOURCE_VOLUNTARY,,Yes,AUTOMATED_DECISION_FULLY,TikTok,7440322460932643616,"2024-11-23 04:11:20"
f307a36d-87b4-40f9-9901-ae6b9030ad35,"[""DECISION_VISIBILITY_OTHER""]","Photo not eligible for recommendation in the For You feed, and visibility restricted in search results",,,,,,,,,,DECISION_GROUND_INCOMPATIBLE_CONTENT,,,,"Dangerous Activities and Challenges","Most activities or challenges are appropriate for everyone, but some may carry a risk of significant injury. Content is ineligible for the For You feed if it involves activities likely to lead to moderate physical harm or includes professionals performing extreme sports and stunts that may endanger others.We proactively enforce our Community Guidelines through a mix of technology and human moderation. We have detected this policy violation using automated measures. We have used automated measures in making this decision.",,STATEMENT_CATEGORY_SCOPE_OF_PLATFORM_SERVICE,,,,"[""CONTENT_TYPE_IMAGE""]",,,"2024-11-23 00:00:00","[""AT"",""BE"",""BG"",""CY"",""CZ"",""DE"",""DK"",""EE"",""ES"",""FI"",""FR"",""GR"",""HR"",""HU"",""IE"",""IT"",""LI"",""LT"",""LU"",""LV"",""MT"",""NL"",""NO"",""PL"",""PT"",""RO"",""SE"",""SI"",""SK""]","2024-11-23 00:00:00","The decision was taken pursuant to own-initiative investigations.",SOURCE_VOLUNTARY,,Yes,AUTOMATED_DECISION_FULLY,TikTok,7440322460932660000,"2024-11-23 04:11:20"
437eb598-d2d5-4d25-a696-d2d725840bcb,"[""DECISION_VISIBILITY_OTHER""]","Video not eligible for recommendation in the For You feed",,,,,,,,,,DECISION_GROUND_INCOMPATIBLE_CONTENT,,,,"Nudity and Body Exposure","We celebrate all shapes and sizes and want people to feel comfortable in how they present themselves and their bodies. Content is ineligible for the For You feed and harder to find in search if it shows moderate body exposure of a young person, or significant body exposure of an adult. We allow regional exceptions for body exposure in limited situations, such as common cultural practices.We proactively enforce our Community Guidelines through a mix of technology and human moderation. We have detected this policy violation using automated measures. We have used automated measures in making this decision.",,STATEMENT_CATEGORY_SCOPE_OF_PLATFORM_SERVICE,,,,"[""CONTENT_TYPE_VIDEO""]",,,"2024-11-23 00:00:00","[""AT"",""BE"",""BG"",""CY"",""CZ"",""DE"",""DK"",""EE"",""ES"",""FI"",""FR"",""GR"",""HR"",""HU"",""IE"",""IT"",""LI"",""LT"",""LU"",""LV"",""MT"",""NL"",""NO"",""PL"",""PT"",""RO"",""SE"",""SI"",""SK""]","2024-11-23 00:00:00","The decision was taken pursuant to own-initiative investigations.",SOURCE_VOLUNTARY,,Yes,AUTOMATED_DECISION_FULLY,TikTok,7440322460932676384,"2024-11-23 04:11:20"
78dc9e1f-2245-4505-8ec3-bd7a822c6803,"[""DECISION_VISIBILITY_CONTENT_REMOVED""]",,,,,,,,,,,DECISION_GROUND_INCOMPATIBLE_CONTENT,,,,"Sexual Exploitation and Gender-Based Violence","We are committed to providing a space that embraces gender equity, supports healthy relationships, and respects intimate privacy. We do not allow sexual exploitation or gender-based violence, including non-consensual sexual acts, image-based sexual abuse, sextortion, physical abuse, and sexual harassment.We proactively enforce our Community Guidelines through a mix of technology and human moderation. We have detected this policy violation using automated measures. We have used automated measures in making this decision.",,STATEMENT_CATEGORY_VIOLENCE,,,,"[""CONTENT_TYPE_TEXT""]",,,"2024-11-23 00:00:00","[""AT"",""BE"",""BG"",""CY"",""CZ"",""DE"",""DK"",""EE"",""ES"",""FI"",""FR"",""GR"",""HR"",""HU"",""IE"",""IT"",""LI"",""LT"",""LU"",""LV"",""MT"",""NL"",""NO"",""PL"",""PT"",""RO"",""SE"",""SI"",""SK""]","2024-11-23 00:00:00","The decision was taken pursuant to own-initiative investigations.",SOURCE_VOLUNTARY,,Yes,AUTOMATED_DECISION_FULLY,TikTok,7440322453974407968,"2024-11-23 04:11:20"
fe101beb-a57c-4a6b-b8a0-2a47f99bce37,"[""DECISION_VISIBILITY_CONTENT_REMOVED""]",,,,,,,,,,,DECISION_GROUND_INCOMPATIBLE_CONTENT,,,,"Youth Exploitation and Abuse","Allowing young people to explore and learn safely during their unique phase of development is our priority. We do not allow youth exploitation and abuse, including child sexual abuse material (CSAM), nudity, grooming, sextortion, solicitation, pedophilia, and physical or psychological abuse of young people. This includes content that is real, fictional, digitally created, and shown in fine art or objects.We proactively enforce our Community Guidelines through a mix of technology and human moderation. We have detected this policy violation using automated measures. We have used automated measures in making this decision.",,STATEMENT_CATEGORY_PROTECTION_OF_MINORS,,,,"[""CONTENT_TYPE_TEXT""]",,,"2024-11-23 00:00:00","[""AT"",""BE"",""BG"",""CY"",""CZ"",""DE"",""DK"",""EE"",""ES"",""FI"",""FR"",""GR"",""HR"",""HU"",""IE"",""IT"",""LI"",""LT"",""LU"",""LV"",""MT"",""NL"",""NO"",""PL"",""PT"",""RO"",""SE"",""SI"",""SK""]","2024-11-23 00:00:00","The decision was taken pursuant to own-initiative investigations.",SOURCE_VOLUNTARY,,Yes,AUTOMATED_DECISION_FULLY,TikTok,7440322460932692768,"2024-11-23 04:11:20"
49e57f23-6a1b-4a7d-9921-49cd06bdf9a1,"[""DECISION_VISIBILITY_CONTENT_REMOVED""]",,,,,,,,,,,DECISION_GROUND_INCOMPATIBLE_CONTENT,,,,"Harassment and Bullying","We welcome the respectful expression of different viewpoints, but not toxicity or trolling. We do not allow language or behavior that harasses, humiliates, threatens, or doxes anyone. This also includes responding to such acts with retaliatory harassment (but excludes non-harassing counterspeech).We proactively enforce our Community Guidelines through a mix of technology and human moderation. We have detected this policy violation using automated measures. We have used automated measures in making this decision.",,STATEMENT_CATEGORY_ILLEGAL_OR_HARMFUL_SPEECH,,,,"[""CONTENT_TYPE_TEXT""]",,,"2024-11-23 00:00:00","[""AT"",""BE"",""BG"",""CY"",""CZ"",""DE"",""DK"",""EE"",""ES"",""FI"",""FR"",""GR"",""HR"",""HU"",""IE"",""IT"",""LI"",""LT"",""LU"",""LV"",""MT"",""NL"",""NO"",""PL"",""PT"",""RO"",""SE"",""SI"",""SK""]","2024-11-23 00:00:00","The decision was taken pursuant to own-initiative investigations.",SOURCE_VOLUNTARY,,Yes,AUTOMATED_DECISION_FULLY,TikTok,7440322460932709152,"2024-11-23 04:11:20"
dcde8a98-5aed-430c-883b-419be25b43c1,"[""DECISION_VISIBILITY_CONTENT_REMOVED""]",,,,,,,,,,,DECISION_GROUND_INCOMPATIBLE_CONTENT,,,,"Harassment and Bullying","We welcome the respectful expression of different viewpoints, but not toxicity or trolling. We do not allow language or behavior that harasses, humiliates, threatens, or doxes anyone. This also includes responding to such acts with retaliatory harassment (but excludes non-harassing counterspeech).We proactively enforce our Community Guidelines through a mix of technology and human moderation. We have detected this policy violation using automated measures. We have used automated measures in making this decision.",,STATEMENT_CATEGORY_ILLEGAL_OR_HARMFUL_SPEECH,,,,"[""CONTENT_TYPE_TEXT""]",,,"2024-11-23 00:00:00","[""AT"",""BE"",""BG"",""CY"",""CZ"",""DE"",""DK"",""EE"",""ES"",""FI"",""FR"",""GR"",""HR"",""HU"",""IE"",""IT"",""LI"",""LT"",""LU"",""LV"",""MT"",""NL"",""NO"",""PL"",""PT"",""RO"",""SE"",""SI"",""SK""]","2024-11-23 00:00:00","The decision was taken pursuant to own-initiative investigations.",SOURCE_VOLUNTARY,,Yes,AUTOMATED_DECISION_FULLY,TikTok,7440322460932725536,"2024-11-23 04:11:20"
2e7beae9-3850-4fb1-9415-52e6e36e602c,,,,,,,DECISION_PROVISION_PARTIAL_SUSPENSION,"2024-11-30 00:00:00",,,,DECISION_GROUND_INCOMPATIBLE_CONTENT,,,,"Activité et services sexuels","TikTok est un lieu où l'on peut venir discuter ou s'informer sur la sexualité, le sexe ou la santé reproductive. Nous sommes conscients que certains contenus relatifs à la sexualité, au sexe ou à la santé reproductive peuvent ne pas convenir aux jeunes, être considérés comme choquants par certains ou créer un risque d'exploitation. Nous n'autorisons pas les activités ou services sexuels, y compris le sexe, l'excitation sexuelle, les comportements fétichistes et pervers, et la recherche et l'offre de services sexuels. Consulte nos {CG_link} pour en savoir plus.",,STATEMENT_CATEGORY_PORNOGRAPHY_OR_SEXUALIZED_CONTENT,,,,"[""CONTENT_TYPE_VIDEO""]",,,"2024-11-23 00:00:00","[""AT"",""BE"",""BG"",""CY"",""CZ"",""DE"",""DK"",""EE"",""ES"",""FI"",""FR"",""GR"",""HR"",""HU"",""IE"",""IS"",""IT"",""LI"",""LT"",""LU"",""LV"",""MT"",""NL"",""NO"",""PL"",""PT"",""RO"",""SE"",""SI"",""SK""]","2024-11-23 00:00:00","The decision was taken pursuant to own-initiative investigations",SOURCE_VOLUNTARY,,Yes,AUTOMATED_DECISION_NOT_AUTOMATED,TikTok,7440322453974424352,"2024-11-23 04:11:20"
c6bbeb0f-cf80-4cf4-942a-2ff0743bfd8c,"[""DECISION_VISIBILITY_OTHER""]","Video not eligible for recommendation in the For You feed",,,,,,,,,,DECISION_GROUND_INCOMPATIBLE_CONTENT,,,,"Nudity and Body Exposure","We celebrate all shapes and sizes and want people to feel comfortable in how they present themselves and their bodies. Content is ineligible for the For You feed and harder to find in search if it shows moderate body exposure of a young person, or significant body exposure of an adult. We allow regional exceptions for body exposure in limited situations, such as common cultural practices.We proactively enforce our Community Guidelines through a mix of technology and human moderation. We have detected this policy violation using automated measures. We have used automated measures in making this decision.",,STATEMENT_CATEGORY_SCOPE_OF_PLATFORM_SERVICE,,,,"[""CONTENT_TYPE_VIDEO""]",,,"2024-11-23 00:00:00","[""AT"",""BE"",""BG"",""CY"",""CZ"",""DE"",""DK"",""EE"",""ES"",""FI"",""FR"",""GR"",""HR"",""HU"",""IE"",""IT"",""LI"",""LT"",""LU"",""LV"",""MT"",""NL"",""NO"",""PL"",""PT"",""RO"",""SE"",""SI"",""SK""]","2024-11-23 00:00:00","The decision was taken pursuant to own-initiative investigations.",SOURCE_VOLUNTARY,,Yes,AUTOMATED_DECISION_FULLY,TikTok,7440322453974440736,"2024-11-23 04:11:20"
820d8f72-9e4b-4b3e-9c4f-e13d3aae70c8,"[""DECISION_VISIBILITY_CONTENT_REMOVED""]",,,,,,,,,,,DECISION_GROUND_INCOMPATIBLE_CONTENT,,,,"Civic and Election Integrity","Elections are important moments of community conversation and promote the values of an open society. We do not allow misinformation about civic and electoral processes, regardless of intent. This includes misinformation about how to vote, registering to vote, eligibility requirements of  candidates, the processes to count ballots and certify elections, and the final outcome of an election.We proactively enforce our Community Guidelines through a mix of technology and human moderation. We have detected this policy violation using automated measures. We have used automated measures in making this decision.",,STATEMENT_CATEGORY_NEGATIVE_EFFECTS_ON_CIVIC_DISCOURSE_OR_ELECTIONS,,,,"[""CONTENT_TYPE_IMAGE""]",,,"2024-11-23 00:00:00","[""AT"",""BE"",""BG"",""CY"",""CZ"",""DE"",""DK"",""EE"",""ES"",""FI"",""FR"",""GR"",""HR"",""HU"",""IE"",""IT"",""LI"",""LT"",""LU"",""LV"",""MT"",""NL"",""NO"",""PL"",""PT"",""RO"",""SE"",""SI"",""SK""]","2024-11-23 00:00:00","The decision was taken pursuant to own-initiative investigations.",SOURCE_VOLUNTARY,,Yes,AUTOMATED_DECISION_FULLY,TikTok,7440322473632996128,"2024-11-23 04:11:20"
831ac25b-781c-4e3f-9722-e012a6d33ae2,"[""DECISION_VISIBILITY_CONTENT_REMOVED""]",,,,,,,,,,,DECISION_GROUND_INCOMPATIBLE_CONTENT,,,,"Hate Speech and Hateful Behaviors","TikTok is enriched by the various backgrounds of our community members. Our differences should be respected, rather than a cause for division. We do not allow any hateful behavior, hate speech, or promotion of hateful ideologies. This includes content that attacks a person or group because of protected attributes.We proactively enforce our Community Guidelines through a mix of technology and human moderation. We have detected this policy violation using automated measures. We have used automated measures in making this decision.",,STATEMENT_CATEGORY_ILLEGAL_OR_HARMFUL_SPEECH,,,,"[""CONTENT_TYPE_TEXT""]",,,"2024-11-23 00:00:00","[""AT"",""BE"",""BG"",""CY"",""CZ"",""DE"",""DK"",""EE"",""ES"",""FI"",""FR"",""GR"",""HR"",""HU"",""IE"",""IT"",""LI"",""LT"",""LU"",""LV"",""MT"",""NL"",""NO"",""PL"",""PT"",""RO"",""SE"",""SI"",""SK""]","2024-11-23 00:00:00","The decision was taken pursuant to own-initiative investigations.",SOURCE_VOLUNTARY,,Yes,AUTOMATED_DECISION_FULLY,TikTok,7440322460932741920,"2024-11-23 04:11:20"
c774959d-5b7a-4c45-8457-5faf15d021e1,"[""DECISION_VISIBILITY_OTHER""]","Video not eligible for recommendation in the For You feed",,,,,,,,,,DECISION_GROUND_INCOMPATIBLE_CONTENT,,,,"Alcohol, Tobacco, and Drugs","While adults make personal choices about how they engage with alcohol, drugs, and tobacco, we recognize that there are risks connected to trading and using these substances. Content is ineligible for the For You feed and harder to find in search if it shows adults consuming excessive amounts of alcohol or tobacco products.We proactively enforce our Community Guidelines through a mix of technology and human moderation. We have detected this policy violation using automated measures. We have used automated measures in making this decision.",,STATEMENT_CATEGORY_SCOPE_OF_PLATFORM_SERVICE,,,,"[""CONTENT_TYPE_VIDEO""]",,,"2024-11-23 00:00:00","[""AT"",""BE"",""BG"",""CY"",""CZ"",""DE"",""DK"",""EE"",""ES"",""FI"",""FR"",""GR"",""HR"",""HU"",""IE"",""IT"",""LI"",""LT"",""LU"",""LV"",""MT"",""NL"",""NO"",""PL"",""PT"",""RO"",""SE"",""SI"",""SK""]","2024-11-23 00:00:00","The decision was taken pursuant to own-initiative investigations.",SOURCE_VOLUNTARY,,Yes,AUTOMATED_DECISION_FULLY,TikTok,7440322473633012512,"2024-11-23 04:11:20"
68669a21-e07a-4914-901b-74b41712cd65,,,,,,,,,DECISION_ACCOUNT_TERMINATED,,,DECISION_GROUND_INCOMPATIBLE_CONTENT,,,,"Advertising policy violation","Reasons why your account may have been suspended: - We received a report or complaint about your account from people on TikTok or other channels. - There are problems with your ad creative, or qualifications or services provided in your ads. - We suspected malicious behavior or intent during ad creation. - You made changes to your ad's landing page after launching the campaign.",,STATEMENT_CATEGORY_SCOPE_OF_PLATFORM_SERVICE,,,,"[""CONTENT_TYPE_OTHER""]","Account Suspended",,"2024-11-22 00:00:00","[""AT"",""BE"",""BG"",""CY"",""CZ"",""DE"",""DK"",""EE"",""ES"",""FI"",""FR"",""GR"",""HR"",""HU"",""IE"",""IT"",""LI"",""LT"",""LU"",""LV"",""MT"",""NL"",""NO"",""PL"",""PT"",""RO"",""SE"",""SI"",""SK""]","2024-11-23 00:00:00","The decision was taken pursuant to own-initiative investigations.",SOURCE_VOLUNTARY,,Yes,AUTOMATED_DECISION_FULLY,TikTok,7440322473633028896,"2024-11-23 04:11:20"
105d7483-5f65-4d6d-993b-acad0e3fa5f8,"[""DECISION_VISIBILITY_CONTENT_REMOVED""]",,,,,,,,,,,DECISION_GROUND_INCOMPATIBLE_CONTENT,,,,"Harassment and Bullying","We welcome the respectful expression of different viewpoints, but not toxicity or trolling. We do not allow language or behavior that harasses, humiliates, threatens, or doxes anyone. This also includes responding to such acts with retaliatory harassment (but excludes non-harassing counterspeech).We proactively enforce our Community Guidelines through a mix of technology and human moderation. We have detected this policy violation using automated measures. We have used automated measures in making this decision.",,STATEMENT_CATEGORY_ILLEGAL_OR_HARMFUL_SPEECH,,,,"[""CONTENT_TYPE_TEXT""]",,,"2024-11-23 00:00:00","[""AT"",""BE"",""BG"",""CY"",""CZ"",""DE"",""DK"",""EE"",""ES"",""FI"",""FR"",""GR"",""HR"",""HU"",""IE"",""IT"",""LI"",""LT"",""LU"",""LV"",""MT"",""NL"",""NO"",""PL"",""PT"",""RO"",""SE"",""SI"",""SK""]","2024-11-23 00:00:00","The decision was taken pursuant to own-initiative investigations.",SOURCE_VOLUNTARY,,Yes,AUTOMATED_DECISION_FULLY,TikTok,7440322460932758304,"2024-11-23 04:11:20"
3789768d-b242-439b-b353-b643a43ac462,"[""DECISION_VISIBILITY_OTHER""]","Video not eligible for recommendation in the For You feed",,,,,,,,,,DECISION_GROUND_INCOMPATIBLE_CONTENT,,,,"Community Guidelines","We maintain content eligibility standards for the For You feed (FYF) that prioritize safety and are informed by the diversity of our community and cultural norms. We make ineligible for the FYF certain content that may not be appropriate for a broad audience related to: (1) Behavioral Health, (2) Sensitive and Mature Themes, (3) Integrity and Authenticity, and (4) Regulated Goods. Content that is ineligible for the FYF can still be discovered in other ways, such as through search tools or by following an account.We proactively enforce our Community Guidelines through a mix of technology and human moderation. We have detected this policy violation using automated measures. We have used automated measures in making this decision.",,STATEMENT_CATEGORY_SCOPE_OF_PLATFORM_SERVICE,,,,"[""CONTENT_TYPE_VIDEO""]",,,"2024-11-23 00:00:00","[""AT"",""BE"",""BG"",""CY"",""CZ"",""DE"",""DK"",""EE"",""ES"",""FI"",""FR"",""GR"",""HR"",""HU"",""IE"",""IT"",""LI"",""LT"",""LU"",""LV"",""MT"",""NL"",""NO"",""PL"",""PT"",""RO"",""SE"",""SI"",""SK""]","2024-11-23 00:00:00","The decision was taken pursuant to own-initiative investigations.",SOURCE_VOLUNTARY,,Yes,AUTOMATED_DECISION_FULLY,TikTok,7440322460932774688,"2024-11-23 04:11:20"
81c7bfb0-86bb-4f82-8522-7df3bf81824c,"[""DECISION_VISIBILITY_CONTENT_REMOVED""]",,,,,,,,,,,DECISION_GROUND_INCOMPATIBLE_CONTENT,,,,"Harassment and Bullying","We welcome the respectful expression of different viewpoints, but not toxicity or trolling. We do not allow language or behavior that harasses, humiliates, threatens, or doxes anyone. This also includes responding to such acts with retaliatory harassment (but excludes non-harassing counterspeech).We proactively enforce our Community Guidelines through a mix of technology and human moderation. We have detected this policy violation using automated measures. We have used automated measures in making this decision.",,STATEMENT_CATEGORY_ILLEGAL_OR_HARMFUL_SPEECH,,,,"[""CONTENT_TYPE_TEXT""]",,,"2024-11-23 00:00:00","[""AT"",""BE"",""BG"",""CY"",""CZ"",""DE"",""DK"",""EE"",""ES"",""FI"",""FR"",""GR"",""HR"",""HU"",""IE"",""IT"",""LI"",""LT"",""LU"",""LV"",""MT"",""NL"",""NO"",""PL"",""PT"",""RO"",""SE"",""SI"",""SK""]","2024-11-23 00:00:00","The decision was taken pursuant to own-initiative investigations.",SOURCE_VOLUNTARY,,Yes,AUTOMATED_DECISION_FULLY,TikTok,7440322473633045280,"2024-11-23 04:11:22"
678c7066-5cc2-496c-b51f-1d086bc0e951,"[""DECISION_VISIBILITY_CONTENT_REMOVED""]",,,,,,,,,,,DECISION_GROUND_INCOMPATIBLE_CONTENT,,,,"Hate Speech and Hateful Behaviors","TikTok is enriched by the various backgrounds of our community members. Our differences should be respected, rather than a cause for division. We do not allow any hateful behavior, hate speech, or promotion of hateful ideologies. This includes content that attacks a person or group because of protected attributes.We proactively enforce our Community Guidelines through a mix of technology and human moderation. We have detected this policy violation using automated measures. We have used automated measures in making this decision.",,STATEMENT_CATEGORY_ILLEGAL_OR_HARMFUL_SPEECH,,,,"[""CONTENT_TYPE_TEXT""]",,,"2024-11-23 00:00:00","[""AT"",""BE"",""BG"",""CY"",""CZ"",""DE"",""DK"",""EE"",""ES"",""FI"",""FR"",""GR"",""HR"",""HU"",""IE"",""IT"",""LI"",""LT"",""LU"",""LV"",""MT"",""NL"",""NO"",""PL"",""PT"",""RO"",""SE"",""SI"",""SK""]","2024-11-23 00:00:00","The decision was taken pursuant to own-initiative investigations.",SOURCE_VOLUNTARY,,Yes,AUTOMATED_DECISION_FULLY,TikTok,7440322473633061664,"2024-11-23 04:11:22"
36fc25d4-719d-4a4f-b248-0b081445c295,"[""DECISION_VISIBILITY_CONTENT_REMOVED""]",,,,,,,,,,,DECISION_GROUND_INCOMPATIBLE_CONTENT,,,,"Harassment and Bullying","We welcome the respectful expression of different viewpoints, but not toxicity or trolling. We do not allow language or behavior that harasses, humiliates, threatens, or doxes anyone. This also includes responding to such acts with retaliatory harassment (but excludes non-harassing counterspeech).We proactively enforce our Community Guidelines through a mix of technology and human moderation. We have detected this policy violation using automated measures. We have used automated measures in making this decision.",,STATEMENT_CATEGORY_ILLEGAL_OR_HARMFUL_SPEECH,,,,"[""CONTENT_TYPE_TEXT""]",,,"2024-11-23 00:00:00","[""AT"",""BE"",""BG"",""CY"",""CZ"",""DE"",""DK"",""EE"",""ES"",""FI"",""FR"",""GR"",""HR"",""HU"",""IE"",""IT"",""LI"",""LT"",""LU"",""LV"",""MT"",""NL"",""NO"",""PL"",""PT"",""RO"",""SE"",""SI"",""SK""]","2024-11-23 00:00:00","The decision was taken pursuant to own-initiative investigations.",SOURCE_VOLUNTARY,,Yes,AUTOMATED_DECISION_FULLY,TikTok,7440322460932791072,"2024-11-23 04:11:22"
b7ece345-3e73-4292-b4ac-0022051a6904,"[""DECISION_VISIBILITY_CONTENT_REMOVED""]",,,,,,,,,,,DECISION_GROUND_INCOMPATIBLE_CONTENT,,,,"Community Guidelines","Your content is against our Community Guidelines. The guidelines include rules and standards for using TikTok that apply to everyone and everything on our platform.We proactively enforce our Community Guidelines through a mix of technology and human moderation. We have detected this policy violation using automated measures. We have used automated measures in making this decision.",,STATEMENT_CATEGORY_SCOPE_OF_PLATFORM_SERVICE,,,,"[""CONTENT_TYPE_VIDEO""]",,,"2024-11-23 00:00:00","[""AT"",""BE"",""BG"",""CY"",""CZ"",""DE"",""DK"",""EE"",""ES"",""FI"",""FR"",""GR"",""HR"",""HU"",""IE"",""IT"",""LI"",""LT"",""LU"",""LV"",""MT"",""NL"",""NO"",""PL"",""PT"",""RO"",""SE"",""SI"",""SK""]","2024-11-23 00:00:00","The decision was taken pursuant to own-initiative investigations.",SOURCE_VOLUNTARY,,Yes,AUTOMATED_DECISION_FULLY,TikTok,7440322473633078048,"2024-11-23 04:11:22"
42fe120d-2445-40b8-b176-bd2a272db626,,,,,,,,,DECISION_ACCOUNT_TERMINATED,,,DECISION_GROUND_INCOMPATIBLE_CONTENT,,,,"Advertising policy violation","Reasons why your account may have been suspended: - We received a report or complaint about your account from people on TikTok or other channels. - There are problems with your ad creative, or qualifications or services provided in your ads. - We suspected malicious behavior or intent during ad creation. - You made changes to your ad's landing page after launching the campaign.",,STATEMENT_CATEGORY_SCOPE_OF_PLATFORM_SERVICE,,,,"[""CONTENT_TYPE_OTHER""]","Account Suspended",,"2024-10-24 00:00:00","[""AT"",""BE"",""BG"",""CY"",""CZ"",""DE"",""DK"",""EE"",""ES"",""FI"",""FR"",""GR"",""HR"",""HU"",""IE"",""IT"",""LI"",""LT"",""LU"",""LV"",""MT"",""NL"",""NO"",""PL"",""PT"",""RO"",""SE"",""SI"",""SK""]","2024-11-23 00:00:00","The decision was taken pursuant to own-initiative investigations.",SOURCE_VOLUNTARY,,Yes,AUTOMATED_DECISION_FULLY,TikTok,7440322477957323553,"2024-11-23 04:11:22"
b4440974-0690-496f-b63d-df9360a5a2de,"[""DECISION_VISIBILITY_CONTENT_REMOVED""]",,,,,,,,,,,DECISION_GROUND_INCOMPATIBLE_CONTENT,,,,"Hate Speech and Hateful Behaviors","TikTok is enriched by the various backgrounds of our community members. Our differences should be respected, rather than a cause for division. We do not allow any hateful behavior, hate speech, or promotion of hateful ideologies. This includes content that attacks a person or group because of protected attributes.We proactively enforce our Community Guidelines through a mix of technology and human moderation. We have detected this policy violation using automated measures. We have used automated measures in making this decision.",,STATEMENT_CATEGORY_ILLEGAL_OR_HARMFUL_SPEECH,,,,"[""CONTENT_TYPE_TEXT""]",,,"2024-11-23 00:00:00","[""AT"",""BE"",""BG"",""CY"",""CZ"",""DE"",""DK"",""EE"",""ES"",""FI"",""FR"",""GR"",""HR"",""HU"",""IE"",""IT"",""LI"",""LT"",""LU"",""LV"",""MT"",""NL"",""NO"",""PL"",""PT"",""RO"",""SE"",""SI"",""SK""]","2024-11-23 00:00:00","The decision was taken pursuant to own-initiative investigations.",SOURCE_VOLUNTARY,,Yes,AUTOMATED_DECISION_FULLY,TikTok,7440322477957339937,"2024-11-23 04:11:22"
babf4015-7dbb-4dcc-ab50-d54b40acbba0,"[""DECISION_VISIBILITY_CONTENT_REMOVED""]",,,,,,,,,,,DECISION_GROUND_INCOMPATIBLE_CONTENT,,,,"Hate Speech and Hateful Behaviors","TikTok is enriched by the various backgrounds of our community members. Our differences should be respected, rather than a cause for division. We do not allow any hateful behavior, hate speech, or promotion of hateful ideologies. This includes content that attacks a person or group because of protected attributes.We proactively enforce our Community Guidelines through a mix of technology and human moderation. We have detected this policy violation using automated measures. We have used automated measures in making this decision.",,STATEMENT_CATEGORY_ILLEGAL_OR_HARMFUL_SPEECH,,,,"[""CONTENT_TYPE_TEXT""]",,,"2024-11-23 00:00:00","[""AT"",""BE"",""BG"",""CY"",""CZ"",""DE"",""DK"",""EE"",""ES"",""FI"",""FR"",""GR"",""HR"",""HU"",""IE"",""IT"",""LI"",""LT"",""LU"",""LV"",""MT"",""NL"",""NO"",""PL"",""PT"",""RO"",""SE"",""SI"",""SK""]","2024-11-23 00:00:00","The decision was taken pursuant to own-initiative investigations.",SOURCE_VOLUNTARY,,Yes,AUTOMATED_DECISION_FULLY,TikTok,7440322473633094432,"2024-11-23 04:11:22"
0c1416e3-d8c0-403d-8eb3-99c3598eda7a,"[""DECISION_VISIBILITY_OTHER""]","Photo not eligible for recommendation in the For You feed, and visibility restricted in search results",,,,,,,,,,DECISION_GROUND_INCOMPATIBLE_CONTENT,,,,"Dangerous Activities and Challenges","Most activities or challenges are appropriate for everyone, but some may carry a risk of significant injury. Content is ineligible for the For You feed if it involves activities likely to lead to moderate physical harm or includes professionals performing extreme sports and stunts that may endanger others.We proactively enforce our Community Guidelines through a mix of technology and human moderation. We have detected this policy violation using automated measures. We have used automated measures in making this decision.",,STATEMENT_CATEGORY_SCOPE_OF_PLATFORM_SERVICE,,,,"[""CONTENT_TYPE_IMAGE""]",,,"2024-11-23 00:00:00","[""AT"",""BE"",""BG"",""CY"",""CZ"",""DE"",""DK"",""EE"",""ES"",""FI"",""FR"",""GR"",""HR"",""HU"",""IE"",""IT"",""LI"",""LT"",""LU"",""LV"",""MT"",""NL"",""NO"",""PL"",""PT"",""RO"",""SE"",""SI"",""SK""]","2024-11-23 00:00:00","The decision was taken pursuant to own-initiative investigations.",SOURCE_VOLUNTARY,,Yes,AUTOMATED_DECISION_FULLY,TikTok,7440322477957356321,"2024-11-23 04:11:22"
7966839c-ef53-47f2-8a37-dad8731aacb6,"[""DECISION_VISIBILITY_OTHER""]","Video not eligible for recommendation in the For You feed",,,,,,,,,,DECISION_GROUND_INCOMPATIBLE_CONTENT,,,,"Community Guidelines","We maintain content eligibility standards for the For You feed (FYF) that prioritize safety and are informed by the diversity of our community and cultural norms. We make ineligible for the FYF certain content that may not be appropriate for a broad audience related to: (1) Behavioral Health, (2) Sensitive and Mature Themes, (3) Integrity and Authenticity, and (4) Regulated Goods. Content that is ineligible for the FYF can still be discovered in other ways, such as through search tools or by following an account.We proactively enforce our Community Guidelines through a mix of technology and human moderation. We have detected this policy violation using automated measures. We have used automated measures in making this decision.",,STATEMENT_CATEGORY_SCOPE_OF_PLATFORM_SERVICE,,,,"[""CONTENT_TYPE_VIDEO""]",,,"2024-11-23 00:00:00","[""AT"",""BE"",""BG"",""CY"",""CZ"",""DE"",""DK"",""EE"",""ES"",""FI"",""FR"",""GR"",""HR"",""HU"",""IE"",""IT"",""LI"",""LT"",""LU"",""LV"",""MT"",""NL"",""NO"",""PL"",""PT"",""RO"",""SE"",""SI"",""SK""]","2024-11-23 00:00:00","The decision was taken pursuant to own-initiative investigations.",SOURCE_VOLUNTARY,,Yes,AUTOMATED_DECISION_FULLY,TikTok,7440322477957372705,"2024-11-23 04:11:22"
0726288b-3e3e-4043-8602-6c0fc4422792,"[""DECISION_VISIBILITY_CONTENT_REMOVED""]",,,,,,,,,,,DECISION_GROUND_INCOMPATIBLE_CONTENT,,,,"Harassment and Bullying","We welcome the respectful expression of different viewpoints, but not toxicity or trolling. We do not allow language or behavior that harasses, humiliates, threatens, or doxes anyone. This also includes responding to such acts with retaliatory harassment (but excludes non-harassing counterspeech).We proactively enforce our Community Guidelines through a mix of technology and human moderation. We have detected this policy violation using automated measures. We have used automated measures in making this decision.",,STATEMENT_CATEGORY_ILLEGAL_OR_HARMFUL_SPEECH,,,,"[""CONTENT_TYPE_TEXT""]",,,"2024-11-23 00:00:00","[""AT"",""BE"",""BG"",""CY"",""CZ"",""DE"",""DK"",""EE"",""ES"",""FI"",""FR"",""GR"",""HR"",""HU"",""IE"",""IT"",""LI"",""LT"",""LU"",""LV"",""MT"",""NL"",""NO"",""PL"",""PT"",""RO"",""SE"",""SI"",""SK""]","2024-11-23 00:00:00","The decision was taken pursuant to own-initiative investigations.",SOURCE_VOLUNTARY,,Yes,AUTOMATED_DECISION_FULLY,TikTok,7440322477957389089,"2024-11-23 04:11:22"
68aca501-fe3f-48d8-9dd8-b08e18e928f2,"[""DECISION_VISIBILITY_OTHER""]","Video not eligible for recommendation in the For You feed",,,,,,,,,,DECISION_GROUND_INCOMPATIBLE_CONTENT,,,,"Alcohol, Tobacco, and Drugs","While adults make personal choices about how they engage with alcohol, drugs, and tobacco, we recognize that there are risks connected to trading and using these substances. Content is ineligible for the For You feed and harder to find in search if it shows adults consuming excessive amounts of alcohol or tobacco products.We proactively enforce our Community Guidelines through a mix of technology and human moderation. We have detected this policy violation using automated measures. We have used automated measures in making this decision.",,STATEMENT_CATEGORY_SCOPE_OF_PLATFORM_SERVICE,,,,"[""CONTENT_TYPE_VIDEO""]",,,"2024-11-23 00:00:00","[""AT"",""BE"",""BG"",""CY"",""CZ"",""DE"",""DK"",""EE"",""ES"",""FI"",""FR"",""GR"",""HR"",""HU"",""IE"",""IT"",""LI"",""LT"",""LU"",""LV"",""MT"",""NL"",""NO"",""PL"",""PT"",""RO"",""SE"",""SI"",""SK""]","2024-11-23 00:00:00","The decision was taken pursuant to own-initiative investigations.",SOURCE_VOLUNTARY,,Yes,AUTOMATED_DECISION_FULLY,TikTok,7440322473633110816,"2024-11-23 04:11:22"
acdc4c21-cb46-4c92-939d-b61718638f76,"[""DECISION_VISIBILITY_CONTENT_REMOVED""]",,,,,,,,,,,DECISION_GROUND_INCOMPATIBLE_CONTENT,,,,"Harassment and Bullying","We welcome the respectful expression of different viewpoints, but not toxicity or trolling. We do not allow language or behavior that harasses, humiliates, threatens, or doxes anyone. This also includes responding to such acts with retaliatory harassment (but excludes non-harassing counterspeech).We proactively enforce our Community Guidelines through a mix of technology and human moderation. We have detected this policy violation using automated measures. We have used automated measures in making this decision.",,STATEMENT_CATEGORY_ILLEGAL_OR_HARMFUL_SPEECH,,,,"[""CONTENT_TYPE_TEXT""]",,,"2024-11-23 00:00:00","[""AT"",""BE"",""BG"",""CY"",""CZ"",""DE"",""DK"",""EE"",""ES"",""FI"",""FR"",""GR"",""HR"",""HU"",""IE"",""IT"",""LI"",""LT"",""LU"",""LV"",""MT"",""NL"",""NO"",""PL"",""PT"",""RO"",""SE"",""SI"",""SK""]","2024-11-23 00:00:00","The decision was taken pursuant to own-initiative investigations.",SOURCE_VOLUNTARY,,Yes,AUTOMATED_DECISION_FULLY,TikTok,7440322477957405473,"2024-11-23 04:11:24"
a4b3916d-5891-40fd-a469-e6f39ac35f23,"[""DECISION_VISIBILITY_CONTENT_REMOVED""]",,,,,,,,,,,DECISION_GROUND_INCOMPATIBLE_CONTENT,,,,"Harassment and Bullying","We welcome the respectful expression of different viewpoints, but not toxicity or trolling. We do not allow language or behavior that harasses, humiliates, threatens, or doxes anyone. This also includes responding to such acts with retaliatory harassment (but excludes non-harassing counterspeech).We proactively enforce our Community Guidelines through a mix of technology and human moderation. We have detected this policy violation using automated measures. We have used automated measures in making this decision.",,STATEMENT_CATEGORY_ILLEGAL_OR_HARMFUL_SPEECH,,,,"[""CONTENT_TYPE_TEXT""]",,,"2024-11-23 00:00:00","[""AT"",""BE"",""BG"",""CY"",""CZ"",""DE"",""DK"",""EE"",""ES"",""FI"",""FR"",""GR"",""HR"",""HU"",""IE"",""IT"",""LI"",""LT"",""LU"",""LV"",""MT"",""NL"",""NO"",""PL"",""PT"",""RO"",""SE"",""SI"",""SK""]","2024-11-23 00:00:00","The decision was taken pursuant to own-initiative investigations.",SOURCE_VOLUNTARY,,Yes,AUTOMATED_DECISION_FULLY,TikTok,7440322473633127200,"2024-11-23 04:11:24"
4c829a09-dc29-4525-b778-dd80d9039dca,"[""DECISION_VISIBILITY_OTHER""]","Photo not eligible for recommendation in the For You feed, and visibility restricted in search results",,,,,,,,,,DECISION_GROUND_INCOMPATIBLE_CONTENT,,,,"Dangerous Activities and Challenges","Most activities or challenges are appropriate for everyone, but some may carry a risk of significant injury. Content is ineligible for the For You feed if it involves activities likely to lead to moderate physical harm or includes professionals performing extreme sports and stunts that may endanger others.We proactively enforce our Community Guidelines through a mix of technology and human moderation. We have detected this policy violation using automated measures. We have used automated measures in making this decision.",,STATEMENT_CATEGORY_SCOPE_OF_PLATFORM_SERVICE,,,,"[""CONTENT_TYPE_IMAGE""]",,,"2024-11-23 00:00:00","[""AT"",""BE"",""BG"",""CY"",""CZ"",""DE"",""DK"",""EE"",""ES"",""FI"",""FR"",""GR"",""HR"",""HU"",""IE"",""IT"",""LI"",""LT"",""LU"",""LV"",""MT"",""NL"",""NO"",""PL"",""PT"",""RO"",""SE"",""SI"",""SK""]","2024-11-23 00:00:00","The decision was taken pursuant to own-initiative investigations.",SOURCE_VOLUNTARY,,Yes,AUTOMATED_DECISION_FULLY,TikTok,7440322473633143584,"2024-11-23 04:11:24"
a438948a-7734-4a5b-bdef-36ac7d4de784,"[""DECISION_VISIBILITY_CONTENT_REMOVED""]",,,,,,,,,,,DECISION_GROUND_INCOMPATIBLE_CONTENT,,,,"Harassment and Bullying","We welcome the respectful expression of different viewpoints, but not toxicity or trolling. We do not allow language or behavior that harasses, humiliates, threatens, or doxes anyone. This also includes responding to such acts with retaliatory harassment (but excludes non-harassing counterspeech).We proactively enforce our Community Guidelines through a mix of technology and human moderation. We have detected this policy violation using automated measures. We have used automated measures in making this decision.",,STATEMENT_CATEGORY_ILLEGAL_OR_HARMFUL_SPEECH,,,,"[""CONTENT_TYPE_TEXT""]",,,"2024-11-23 00:00:00","[""AT"",""BE"",""BG"",""CY"",""CZ"",""DE"",""DK"",""EE"",""ES"",""FI"",""FR"",""GR"",""HR"",""HU"",""IE"",""IT"",""LI"",""LT"",""LU"",""LV"",""MT"",""NL"",""NO"",""PL"",""PT"",""RO"",""SE"",""SI"",""SK""]","2024-11-23 00:00:00","The decision was taken pursuant to own-initiative investigations.",SOURCE_VOLUNTARY,,Yes,AUTOMATED_DECISION_FULLY,TikTok,7440322489240001313,"2024-11-23 04:11:24"
5f7e8d09-5129-4b54-bd21-520598fa34f9,"[""DECISION_VISIBILITY_CONTENT_REMOVED""]",,,,,,,,,,,DECISION_GROUND_INCOMPATIBLE_CONTENT,,,,"Harassment and Bullying","We welcome the respectful expression of different viewpoints, but not toxicity or trolling. We do not allow language or behavior that harasses, humiliates, threatens, or doxes anyone. This also includes responding to such acts with retaliatory harassment (but excludes non-harassing counterspeech).We proactively enforce our Community Guidelines through a mix of technology and human moderation. We have detected this policy violation using automated measures. We have used automated measures in making this decision.",,STATEMENT_CATEGORY_ILLEGAL_OR_HARMFUL_SPEECH,,,,"[""CONTENT_TYPE_TEXT""]",,,"2024-11-23 00:00:00","[""AT"",""BE"",""BG"",""CY"",""CZ"",""DE"",""DK"",""EE"",""ES"",""FI"",""FR"",""GR"",""HR"",""HU"",""IE"",""IT"",""LI"",""LT"",""LU"",""LV"",""MT"",""NL"",""NO"",""PL"",""PT"",""RO"",""SE"",""SI"",""SK""]","2024-11-23 00:00:00","The decision was taken pursuant to own-initiative investigations.",SOURCE_VOLUNTARY,,Yes,AUTOMATED_DECISION_FULLY,TikTok,7440322489240017697,"2024-11-23 04:11:24"
6692df7f-eaba-4cd0-885d-94c699ad353c,"[""DECISION_VISIBILITY_CONTENT_REMOVED""]",,,,,,,,,,,DECISION_GROUND_INCOMPATIBLE_CONTENT,,,,"Alcohol, Tobacco, and Drugs","While adults make personal choices about how they engage with alcohol, drugs, and tobacco, we recognize that there are risks connected to trading and using these substances. We do not allow showing or promoting recreational drug use, or the trade of alcohol, tobacco products, and drugs.We proactively enforce our Community Guidelines through a mix of technology and human moderation. We have detected this policy violation using automated measures. We have used automated measures in making this decision.",,STATEMENT_CATEGORY_SCOPE_OF_PLATFORM_SERVICE,,,,"[""CONTENT_TYPE_VIDEO""]",,,"2024-11-23 00:00:00","[""AT"",""BE"",""BG"",""CY"",""CZ"",""DE"",""DK"",""EE"",""ES"",""FI"",""FR"",""GR"",""HR"",""HU"",""IE"",""IT"",""LI"",""LT"",""LU"",""LV"",""MT"",""NL"",""NO"",""PL"",""PT"",""RO"",""SE"",""SI"",""SK""]","2024-11-23 00:00:00","The decision was taken pursuant to own-initiative investigations.",SOURCE_VOLUNTARY,,Yes,AUTOMATED_DECISION_FULLY,TikTok,7440322477957421857,"2024-11-23 04:11:24"
9847958b-96f1-439b-b8ef-d7815d094815,"[""DECISION_VISIBILITY_CONTENT_REMOVED""]",,,,,,,,,,,DECISION_GROUND_INCOMPATIBLE_CONTENT,,,,"Harassment and Bullying","We welcome the respectful expression of different viewpoints, but not toxicity or trolling. We do not allow language or behavior that harasses, humiliates, threatens, or doxes anyone. This also includes responding to such acts with retaliatory harassment (but excludes non-harassing counterspeech).We proactively enforce our Community Guidelines through a mix of technology and human moderation. We have detected this policy violation using automated measures. We have used automated measures in making this decision.",,STATEMENT_CATEGORY_ILLEGAL_OR_HARMFUL_SPEECH,,,,"[""CONTENT_TYPE_TEXT""]",,,"2024-11-23 00:00:00","[""AT"",""BE"",""BG"",""CY"",""CZ"",""DE"",""DK"",""EE"",""ES"",""FI"",""FR"",""GR"",""HR"",""HU"",""IE"",""IT"",""LI"",""LT"",""LU"",""LV"",""MT"",""NL"",""NO"",""PL"",""PT"",""RO"",""SE"",""SI"",""SK""]","2024-11-23 00:00:00","The decision was taken pursuant to own-initiative investigations.",SOURCE_VOLUNTARY,,Yes,AUTOMATED_DECISION_FULLY,TikTok,7440322489240034081,"2024-11-23 04:11:24"
b513fe93-b173-45bc-be73-d6523e5d1128,"[""DECISION_VISIBILITY_OTHER""]","Video not eligible for recommendation in the For You feed",,,,,,,,,,DECISION_GROUND_INCOMPATIBLE_CONTENT,,,,Misinformation,"In a global community, it is natural for people to have different opinions, but we seek to operate on a shared set of facts and reality. Content is ineligible for the For You feed and harder to find in search if it contains general conspiracy theories or unverified information related to emergencies. Content sent for fact checking may also be temporarily ineligible for the For You feed while it is undergoing review.We proactively enforce our Community Guidelines through a mix of technology and human moderation. We have detected this policy violation using automated measures.",,STATEMENT_CATEGORY_NEGATIVE_EFFECTS_ON_CIVIC_DISCOURSE_OR_ELECTIONS,,,,"[""CONTENT_TYPE_VIDEO""]",,,"2024-11-22 00:00:00","[""AT"",""BE"",""BG"",""CY"",""CZ"",""DE"",""DK"",""EE"",""ES"",""FI"",""FR"",""GR"",""HR"",""HU"",""IE"",""IT"",""LI"",""LT"",""LU"",""LV"",""MT"",""NL"",""NO"",""PL"",""PT"",""RO"",""SE"",""SI"",""SK""]","2024-11-23 00:00:00","The decision was taken pursuant to own-initiative investigations.",SOURCE_VOLUNTARY,,Yes,AUTOMATED_DECISION_NOT_AUTOMATED,TikTok,7440322477957438241,"2024-11-23 04:11:24"
e45be65f-22a6-4570-92b9-f7bd8892212c,"[""DECISION_VISIBILITY_CONTENT_REMOVED""]",,,,,,,,,,,DECISION_GROUND_INCOMPATIBLE_CONTENT,,,,"Hate Speech and Hateful Behaviors","TikTok is enriched by the various backgrounds of our community members. Our differences should be respected, rather than a cause for division. We do not allow any hateful behavior, hate speech, or promotion of hateful ideologies. This includes content that attacks a person or group because of protected attributes.We proactively enforce our Community Guidelines through a mix of technology and human moderation. We have detected this policy violation using automated measures. We have used automated measures in making this decision.",,STATEMENT_CATEGORY_ILLEGAL_OR_HARMFUL_SPEECH,,,,"[""CONTENT_TYPE_TEXT""]",,,"2024-11-23 00:00:00","[""AT"",""BE"",""BG"",""CY"",""CZ"",""DE"",""DK"",""EE"",""ES"",""FI"",""FR"",""GR"",""HR"",""HU"",""IE"",""IT"",""LI"",""LT"",""LU"",""LV"",""MT"",""NL"",""NO"",""PL"",""PT"",""RO"",""SE"",""SI"",""SK""]","2024-11-23 00:00:00","The decision was taken pursuant to own-initiative investigations.",SOURCE_VOLUNTARY,,Yes,AUTOMATED_DECISION_FULLY,TikTok,7440322477957454625,"2024-11-23 04:11:24"
23523ca1-3bb6-4765-b8ed-41bf5edb6642,"[""DECISION_VISIBILITY_OTHER""]","Video not eligible for recommendation in the For You feed",,,,,,,,,,DECISION_GROUND_INCOMPATIBLE_CONTENT,,,,"Community Guidelines","We maintain content eligibility standards for the For You feed (FYF) that prioritize safety and are informed by the diversity of our community and cultural norms. We make ineligible for the FYF certain content that may not be appropriate for a broad audience related to: (1) Behavioral Health, (2) Sensitive and Mature Themes, (3) Integrity and Authenticity, and (4) Regulated Goods. Content that is ineligible for the FYF can still be discovered in other ways, such as through search tools or by following an account.We proactively enforce our Community Guidelines through a mix of technology and human moderation. We have detected this policy violation using automated measures. We have used automated measures in making this decision.",,STATEMENT_CATEGORY_SCOPE_OF_PLATFORM_SERVICE,,,,"[""CONTENT_TYPE_VIDEO""]",,,"2024-11-23 00:00:00","[""AT"",""BE"",""BG"",""CY"",""CZ"",""DE"",""DK"",""EE"",""ES"",""FI"",""FR"",""GR"",""HR"",""HU"",""IE"",""IT"",""LI"",""LT"",""LU"",""LV"",""MT"",""NL"",""NO"",""PL"",""PT"",""RO"",""SE"",""SI"",""SK""]","2024-11-23 00:00:00","The decision was taken pursuant to own-initiative investigations.",SOURCE_VOLUNTARY,,Yes,AUTOMATED_DECISION_FULLY,TikTok,7440322489240050465,"2024-11-23 04:11:24"
bb58b57a-6d3e-43a4-a7ab-ce27533248f8,"[""DECISION_VISIBILITY_CONTENT_REMOVED""]",,,,,,,,,,,DECISION_GROUND_INCOMPATIBLE_CONTENT,,,,"Hate Speech and Hateful Behaviors","TikTok is enriched by the various backgrounds of our community members. Our differences should be respected, rather than a cause for division. We do not allow any hateful behavior, hate speech, or promotion of hateful ideologies. This includes content that attacks a person or group because of protected attributes.We proactively enforce our Community Guidelines through a mix of technology and human moderation. We have detected this policy violation using automated measures. We have used automated measures in making this decision.",,STATEMENT_CATEGORY_ILLEGAL_OR_HARMFUL_SPEECH,,,,"[""CONTENT_TYPE_TEXT""]",,,"2024-11-23 00:00:00","[""AT"",""BE"",""BG"",""CY"",""CZ"",""DE"",""DK"",""EE"",""ES"",""FI"",""FR"",""GR"",""HR"",""HU"",""IE"",""IT"",""LI"",""LT"",""LU"",""LV"",""MT"",""NL"",""NO"",""PL"",""PT"",""RO"",""SE"",""SI"",""SK""]","2024-11-23 00:00:00","The decision was taken pursuant to own-initiative investigations.",SOURCE_VOLUNTARY,,Yes,AUTOMATED_DECISION_FULLY,TikTok,7440322477957471009,"2024-11-23 04:11:26"
c8897861-6b65-4666-9e34-18c56f2fef5a,"[""DECISION_VISIBILITY_CONTENT_REMOVED""]",,,,,,,,,,,DECISION_GROUND_INCOMPATIBLE_CONTENT,,,,"Community Guidelines","Your content is against our Community Guidelines. The guidelines include rules and standards for using TikTok that apply to everyone and everything on our platform.Users and 3rd-parties can report policy violations to us. We have detected this policy violation based on a report that the content violated our Community Guidelines.",,STATEMENT_CATEGORY_SCOPE_OF_PLATFORM_SERVICE,,,,"[""CONTENT_TYPE_TEXT""]",,,"2024-11-23 00:00:00","[""AT"",""BE"",""BG"",""CY"",""CZ"",""DE"",""DK"",""EE"",""ES"",""FI"",""FR"",""GR"",""HR"",""HU"",""IE"",""IT"",""LI"",""LT"",""LU"",""LV"",""MT"",""NL"",""NO"",""PL"",""PT"",""RO"",""SE"",""SI"",""SK""]","2024-11-23 00:00:00","The decision was taken in response to a report alleging a violation of our Community Guidelines.",SOURCE_VOLUNTARY,,No,AUTOMATED_DECISION_NOT_AUTOMATED,TikTok,7440322495304964897,"2024-11-23 04:11:26"
7aefc21b-22d6-4348-b0fd-29eb95fce955,"[""DECISION_VISIBILITY_OTHER""]","Photo not eligible for recommendation in the For You feed, and visibility restricted in search results",,,,,,,,,,DECISION_GROUND_INCOMPATIBLE_CONTENT,,,,"Dangerous Activities and Challenges","Most activities or challenges are appropriate for everyone, but some may carry a risk of significant injury. Content is ineligible for the For You feed if it involves activities likely to lead to moderate physical harm or includes professionals performing extreme sports and stunts that may endanger others.We proactively enforce our Community Guidelines through a mix of technology and human moderation. We have detected this policy violation using automated measures. We have used automated measures in making this decision.",,STATEMENT_CATEGORY_SCOPE_OF_PLATFORM_SERVICE,,,,"[""CONTENT_TYPE_IMAGE""]",,,"2024-11-23 00:00:00","[""AT"",""BE"",""BG"",""CY"",""CZ"",""DE"",""DK"",""EE"",""ES"",""FI"",""FR"",""GR"",""HR"",""HU"",""IE"",""IT"",""LI"",""LT"",""LU"",""LV"",""MT"",""NL"",""NO"",""PL"",""PT"",""RO"",""SE"",""SI"",""SK""]","2024-11-23 00:00:00","The decision was taken pursuant to own-initiative investigations.",SOURCE_VOLUNTARY,,Yes,AUTOMATED_DECISION_FULLY,TikTok,7440322489240066849,"2024-11-23 04:11:26"
80e6af0d-5e92-490e-98f4-241bde22e35e,"[""DECISION_VISIBILITY_CONTENT_REMOVED""]",,,,,,,,,,,DECISION_GROUND_INCOMPATIBLE_CONTENT,,,,"Hate Speech and Hateful Behaviors","TikTok is enriched by the various backgrounds of our community members. Our differences should be respected, rather than a cause for division. We do not allow any hateful behavior, hate speech, or promotion of hateful ideologies. This includes content that attacks a person or group because of protected attributes.We proactively enforce our Community Guidelines through a mix of technology and human moderation. We have detected this policy violation using automated measures. We have used automated measures in making this decision.",,STATEMENT_CATEGORY_ILLEGAL_OR_HARMFUL_SPEECH,,,,"[""CONTENT_TYPE_TEXT""]",,,"2024-11-23 00:00:00","[""AT"",""BE"",""BG"",""CY"",""CZ"",""DE"",""DK"",""EE"",""ES"",""FI"",""FR"",""GR"",""HR"",""HU"",""IE"",""IT"",""LI"",""LT"",""LU"",""LV"",""MT"",""NL"",""NO"",""PL"",""PT"",""RO"",""SE"",""SI"",""SK""]","2024-11-23 00:00:00","The decision was taken pursuant to own-initiative investigations.",SOURCE_VOLUNTARY,,Yes,AUTOMATED_DECISION_FULLY,TikTok,7440322489240083233,"2024-11-23 04:11:26"
68c43330-839d-43a8-bdee-a303abee58d6,"[""DECISION_VISIBILITY_OTHER""]","Photo not eligible for recommendation in the For You feed, and visibility restricted in search results",,,,,,,,,,DECISION_GROUND_INCOMPATIBLE_CONTENT,,,,"Civic and Election Integrity","We want to enable the informed exchange of civic ideas in a way that fosters productive dialogue. Your video didn’t meet our eligibility standards for the For You Feed. Please review our Community Guidelines for more information.We proactively enforce our Community Guidelines through a mix of technology and human moderation. We have detected this policy violation using automated measures. We have used automated measures in making this decision.",,STATEMENT_CATEGORY_NEGATIVE_EFFECTS_ON_CIVIC_DISCOURSE_OR_ELECTIONS,,,,"[""CONTENT_TYPE_IMAGE""]",,,"2024-11-23 00:00:00","[""AT"",""BE"",""BG"",""CY"",""CZ"",""DE"",""DK"",""EE"",""ES"",""FI"",""FR"",""GR"",""HR"",""HU"",""IE"",""IT"",""LI"",""LT"",""LU"",""LV"",""MT"",""NL"",""NO"",""PL"",""PT"",""RO"",""SE"",""SI"",""SK""]","2024-11-23 00:00:00","The decision was taken pursuant to own-initiative investigations.",SOURCE_VOLUNTARY,,Yes,AUTOMATED_DECISION_FULLY,TikTok,7440322489240099617,"2024-11-23 04:11:26"
a67e1e9a-40ae-48f3-90e3-ae95d0019328,"[""DECISION_VISIBILITY_OTHER""]",CL4,"2024-11-23 00:00:00",,,,,,,,,DECISION_GROUND_INCOMPATIBLE_CONTENT,,,,"Contenido sexualmente provocativo","Tu LIVE no se puede recomendar y su visibilidad se restringirá en los resultados de búsqueda porque tu LIVE no cumple con los estándares del feed «Para ti» que se recogen en las Normas de la comunidad. Motivo: comportamientos sexualmente provocativos",,STATEMENT_CATEGORY_SCOPE_OF_PLATFORM_SERVICE,,,,"[""CONTENT_TYPE_VIDEO""]",,,"2024-11-23 00:00:00","[""AT"",""BE"",""BG"",""CY"",""CZ"",""DE"",""DK"",""EE"",""ES"",""FI"",""FR"",""GR"",""HR"",""HU"",""IE"",""IS"",""IT"",""LI"",""LT"",""LU"",""LV"",""MT"",""NL"",""NO"",""PL"",""PT"",""RO"",""SE"",""SI"",""SK""]","2024-11-23 00:00:00","The decision was taken pursuant to own-initiative investigations",SOURCE_VOLUNTARY,,Yes,AUTOMATED_DECISION_NOT_AUTOMATED,TikTok,7440322489240116001,"2024-11-23 04:11:26"
e94361e7-1972-4c5d-9385-09e7897760ef,"[""DECISION_VISIBILITY_OTHER""]","Video not eligible for recommendation in the For You feed",,,,,,,,,,DECISION_GROUND_INCOMPATIBLE_CONTENT,,,,"Alcohol, Tobacco, and Drugs","While adults make personal choices about how they engage with alcohol, drugs, and tobacco, we recognize that there are risks connected to trading and using these substances. Content is ineligible for the For You feed and harder to find in search if it shows adults consuming excessive amounts of alcohol or tobacco products.We proactively enforce our Community Guidelines through a mix of technology and human moderation. We have detected this policy violation using automated measures. We have used automated measures in making this decision.",,STATEMENT_CATEGORY_SCOPE_OF_PLATFORM_SERVICE,,,,"[""CONTENT_TYPE_VIDEO""]",,,"2024-11-23 00:00:00","[""AT"",""BE"",""BG"",""CY"",""CZ"",""DE"",""DK"",""EE"",""ES"",""FI"",""FR"",""GR"",""HR"",""HU"",""IE"",""IT"",""LI"",""LT"",""LU"",""LV"",""MT"",""NL"",""NO"",""PL"",""PT"",""RO"",""SE"",""SI"",""SK""]","2024-11-23 00:00:00","The decision was taken pursuant to own-initiative investigations.",SOURCE_VOLUNTARY,,Yes,AUTOMATED_DECISION_FULLY,TikTok,7440322489240132385,"2024-11-23 04:11:26"
bef3b0ec-75d9-45a9-92e5-1a822c79b992,"[""DECISION_VISIBILITY_OTHER""]","Video not eligible for recommendation in the For You feed",,,,,,,,,,DECISION_GROUND_INCOMPATIBLE_CONTENT,,,,"Alcohol, Tobacco, and Drugs","While adults make personal choices about how they engage with alcohol, drugs, and tobacco, we recognize that there are risks connected to trading and using these substances. Content is ineligible for the For You feed and harder to find in search if it shows adults consuming excessive amounts of alcohol or tobacco products.We proactively enforce our Community Guidelines through a mix of technology and human moderation. We have detected this policy violation using automated measures. We have used automated measures in making this decision.",,STATEMENT_CATEGORY_SCOPE_OF_PLATFORM_SERVICE,,,,"[""CONTENT_TYPE_VIDEO""]",,,"2024-11-23 00:00:00","[""AT"",""BE"",""BG"",""CY"",""CZ"",""DE"",""DK"",""EE"",""ES"",""FI"",""FR"",""GR"",""HR"",""HU"",""IE"",""IT"",""LI"",""LT"",""LU"",""LV"",""MT"",""NL"",""NO"",""PL"",""PT"",""RO"",""SE"",""SI"",""SK""]","2024-11-23 00:00:00","The decision was taken pursuant to own-initiative investigations.",SOURCE_VOLUNTARY,,Yes,AUTOMATED_DECISION_FULLY,TikTok,7440322495304981281,"2024-11-23 04:11:26"
986c40a1-bcc7-437e-a39f-6cc5b877c118,"[""DECISION_VISIBILITY_CONTENT_REMOVED""]",,,,,,,,,,,DECISION_GROUND_INCOMPATIBLE_CONTENT,,,,"Harassment and Bullying","We welcome the respectful expression of different viewpoints, but not toxicity or trolling. We do not allow language or behavior that harasses, humiliates, threatens, or doxes anyone. This also includes responding to such acts with retaliatory harassment (but excludes non-harassing counterspeech).We proactively enforce our Community Guidelines through a mix of technology and human moderation. We have detected this policy violation using automated measures. We have used automated measures in making this decision.",,STATEMENT_CATEGORY_ILLEGAL_OR_HARMFUL_SPEECH,,,,"[""CONTENT_TYPE_TEXT""]",,,"2024-11-23 00:00:00","[""AT"",""BE"",""BG"",""CY"",""CZ"",""DE"",""DK"",""EE"",""ES"",""FI"",""FR"",""GR"",""HR"",""HU"",""IE"",""IT"",""LI"",""LT"",""LU"",""LV"",""MT"",""NL"",""NO"",""PL"",""PT"",""RO"",""SE"",""SI"",""SK""]","2024-11-23 00:00:00","The decision was taken pursuant to own-initiative investigations.",SOURCE_VOLUNTARY,,Yes,AUTOMATED_DECISION_FULLY,TikTok,7440322495304997665,"2024-11-23 04:11:26"
f88fb788-5916-434b-8aba-182a1245a822,"[""DECISION_VISIBILITY_CONTENT_AGE_RESTRICTED""]",,,,,,,,,,,DECISION_GROUND_INCOMPATIBLE_CONTENT,,,,"Minimum Age Requirement","Users must be 13 years and older to have a TikTok account. We are deeply committed to ensuring that TikTok is a safe and positive experience for people under the age of 18. This starts by being old enough to use TikTok. If we learn someone is below the minimum age on TikTok, we will ban that account. Content created by anyone under 16 is ineligible for the For You feed and harder to find in search.We proactively enforce our Community Guidelines through a mix of technology and human moderation. We have detected this policy violation using automated measures.",,STATEMENT_CATEGORY_PROTECTION_OF_MINORS,,,,"[""CONTENT_TYPE_VIDEO""]",,,"2024-10-08 00:00:00","[""AT"",""BE"",""BG"",""CY"",""CZ"",""DE"",""DK"",""EE"",""ES"",""FI"",""FR"",""GR"",""HR"",""HU"",""IE"",""IT"",""LI"",""LT"",""LU"",""LV"",""MT"",""NL"",""NO"",""PL"",""PT"",""RO"",""SE"",""SI"",""SK""]","2024-11-23 00:00:00","The decision was taken pursuant to own-initiative investigations.",SOURCE_VOLUNTARY,,Yes,AUTOMATED_DECISION_NOT_AUTOMATED,TikTok,7440322489240148769,"2024-11-23 04:11:28"
e265fa71-b9f4-4e1a-bea0-0ab42b9cbf11,"[""DECISION_VISIBILITY_CONTENT_REMOVED""]",,,,,,,,,,,DECISION_GROUND_INCOMPATIBLE_CONTENT,,,,"Harassment and Bullying","We welcome the respectful expression of different viewpoints but not toxicity or trolling. We do not allow language or behavior that harasses, humiliates, threatens, or doxxes anyone. This also includes responding to such acts with retaliatory harassment (but excludes non-harassing counter speech).We proactively enforce our Community Guidelines through a mix of technology and human moderation. We have detected this policy violation using automated measures.",,STATEMENT_CATEGORY_ILLEGAL_OR_HARMFUL_SPEECH,,,,"[""CONTENT_TYPE_VIDEO""]",,,"2024-11-23 00:00:00","[""AT"",""BE"",""BG"",""CY"",""CZ"",""DE"",""DK"",""EE"",""ES"",""FI"",""FR"",""GR"",""HR"",""HU"",""IE"",""IT"",""LI"",""LT"",""LU"",""LV"",""MT"",""NL"",""NO"",""PL"",""PT"",""RO"",""SE"",""SI"",""SK""]","2024-11-23 00:00:00","The decision was taken pursuant to own-initiative investigations.",SOURCE_VOLUNTARY,,Yes,AUTOMATED_DECISION_NOT_AUTOMATED,TikTok,7440322495305014049,"2024-11-23 04:11:28"
fc69954e-c939-4e1d-86bd-9ac946c2b4eb,"[""DECISION_VISIBILITY_CONTENT_REMOVED""]",,,,,,,,,,,DECISION_GROUND_INCOMPATIBLE_CONTENT,,,,"Harassment and Bullying","We welcome the respectful expression of different viewpoints, but not toxicity or trolling. We do not allow language or behavior that harasses, humiliates, threatens, or doxes anyone. This also includes responding to such acts with retaliatory harassment (but excludes non-harassing counterspeech).We proactively enforce our Community Guidelines through a mix of technology and human moderation. We have detected this policy violation using automated measures. We have used automated measures in making this decision.",,STATEMENT_CATEGORY_ILLEGAL_OR_HARMFUL_SPEECH,,,,"[""CONTENT_TYPE_TEXT""]",,,"2024-11-23 00:00:00","[""AT"",""BE"",""BG"",""CY"",""CZ"",""DE"",""DK"",""EE"",""ES"",""FI"",""FR"",""GR"",""HR"",""HU"",""IE"",""IT"",""LI"",""LT"",""LU"",""LV"",""MT"",""NL"",""NO"",""PL"",""PT"",""RO"",""SE"",""SI"",""SK""]","2024-11-23 00:00:00","The decision was taken pursuant to own-initiative investigations.",SOURCE_VOLUNTARY,,Yes,AUTOMATED_DECISION_FULLY,TikTok,7440322495305030433,"2024-11-23 04:11:28"
e6aafc46-778d-41aa-8375-0752578fecbb,"[""DECISION_VISIBILITY_CONTENT_REMOVED""]",,,,,,,,,,,DECISION_GROUND_INCOMPATIBLE_CONTENT,,,,"Harassment and Bullying","We welcome the respectful expression of different viewpoints, but not toxicity or trolling. We do not allow language or behavior that harasses, humiliates, threatens, or doxes anyone. This also includes responding to such acts with retaliatory harassment (but excludes non-harassing counterspeech).We proactively enforce our Community Guidelines through a mix of technology and human moderation. We have detected this policy violation using automated measures. We have used automated measures in making this decision.",,STATEMENT_CATEGORY_ILLEGAL_OR_HARMFUL_SPEECH,,,,"[""CONTENT_TYPE_TEXT""]",,,"2024-11-23 00:00:00","[""AT"",""BE"",""BG"",""CY"",""CZ"",""DE"",""DK"",""EE"",""ES"",""FI"",""FR"",""GR"",""HR"",""HU"",""IE"",""IT"",""LI"",""LT"",""LU"",""LV"",""MT"",""NL"",""NO"",""PL"",""PT"",""RO"",""SE"",""SI"",""SK""]","2024-11-23 00:00:00","The decision was taken pursuant to own-initiative investigations.",SOURCE_VOLUNTARY,,Yes,AUTOMATED_DECISION_FULLY,TikTok,7440322495305046817,"2024-11-23 04:11:28"
5ee5c509-edf8-4479-9dab-1dca49f041a4,"[""DECISION_VISIBILITY_CONTENT_REMOVED""]",,,,,,,,,,,DECISION_GROUND_INCOMPATIBLE_CONTENT,,,,"Harassment and Bullying","We welcome the respectful expression of different viewpoints, but not toxicity or trolling. We do not allow language or behavior that harasses, humiliates, threatens, or doxes anyone. This also includes responding to such acts with retaliatory harassment (but excludes non-harassing counterspeech).We proactively enforce our Community Guidelines through a mix of technology and human moderation. We have detected this policy violation using automated measures. We have used automated measures in making this decision.",,STATEMENT_CATEGORY_ILLEGAL_OR_HARMFUL_SPEECH,,,,"[""CONTENT_TYPE_TEXT""]",,,"2024-11-23 00:00:00","[""AT"",""BE"",""BG"",""CY"",""CZ"",""DE"",""DK"",""EE"",""ES"",""FI"",""FR"",""GR"",""HR"",""HU"",""IE"",""IT"",""LI"",""LT"",""LU"",""LV"",""MT"",""NL"",""NO"",""PL"",""PT"",""RO"",""SE"",""SI"",""SK""]","2024-11-23 00:00:00","The decision was taken pursuant to own-initiative investigations.",SOURCE_VOLUNTARY,,Yes,AUTOMATED_DECISION_FULLY,TikTok,7440322495305063201,"2024-11-23 04:11:28"
b2c597d0-e6de-4d98-bc79-67beefe4aec9,"[""DECISION_VISIBILITY_OTHER""]","Video not eligible for recommendation in the For You feed",,,,,,,,,,DECISION_GROUND_INCOMPATIBLE_CONTENT,,,,"Community Guidelines","We maintain content eligibility standards for the For You feed (FYF) that prioritize safety and are informed by the diversity of our community and cultural norms. We make ineligible for the FYF certain content that may not be appropriate for a broad audience related to: (1) Behavioral Health, (2) Sensitive and Mature Themes, (3) Integrity and Authenticity, and (4) Regulated Goods. Content that is ineligible for the FYF can still be discovered in other ways, such as through search tools or by following an account.We proactively enforce our Community Guidelines through a mix of technology and human moderation. We have detected this policy violation using automated measures. We have used automated measures in making this decision.",,STATEMENT_CATEGORY_SCOPE_OF_PLATFORM_SERVICE,,,,"[""CONTENT_TYPE_VIDEO""]",,,"2024-11-23 00:00:00","[""AT"",""BE"",""BG"",""CY"",""CZ"",""DE"",""DK"",""EE"",""ES"",""FI"",""FR"",""GR"",""HR"",""HU"",""IE"",""IT"",""LI"",""LT"",""LU"",""LV"",""MT"",""NL"",""NO"",""PL"",""PT"",""RO"",""SE"",""SI"",""SK""]","2024-11-23 00:00:00","The decision was taken pursuant to own-initiative investigations.",SOURCE_VOLUNTARY,,Yes,AUTOMATED_DECISION_FULLY,TikTok,7440322500036139808,"2024-11-23 04:11:28"
e1ad3843-0e01-49b2-8278-6cad1e3f3da7,"[""DECISION_VISIBILITY_CONTENT_REMOVED""]",,,,,,,,,,,DECISION_GROUND_INCOMPATIBLE_CONTENT,,,,"Harassment and Bullying","We welcome the respectful expression of different viewpoints, but not toxicity or trolling. We do not allow language or behavior that harasses, humiliates, threatens, or doxes anyone. This also includes responding to such acts with retaliatory harassment (but excludes non-harassing counterspeech).We proactively enforce our Community Guidelines through a mix of technology and human moderation. We have detected this policy violation using automated measures. We have used automated measures in making this decision.",,STATEMENT_CATEGORY_ILLEGAL_OR_HARMFUL_SPEECH,,,,"[""CONTENT_TYPE_TEXT""]",,,"2024-11-23 00:00:00","[""AT"",""BE"",""BG"",""CY"",""CZ"",""DE"",""DK"",""EE"",""ES"",""FI"",""FR"",""GR"",""HR"",""HU"",""IE"",""IT"",""LI"",""LT"",""LU"",""LV"",""MT"",""NL"",""NO"",""PL"",""PT"",""RO"",""SE"",""SI"",""SK""]","2024-11-23 00:00:00","The decision was taken pursuant to own-initiative investigations.",SOURCE_VOLUNTARY,,Yes,AUTOMATED_DECISION_FULLY,TikTok,7440322500036156192,"2024-11-23 04:11:28"
8e4ba198-7534-47a0-99cd-de1e35a48160,"[""DECISION_VISIBILITY_CONTENT_REMOVED""]",,,,,,,,,,,DECISION_GROUND_INCOMPATIBLE_CONTENT,,,,"Harassment and Bullying","We welcome the respectful expression of different viewpoints, but not toxicity or trolling. We do not allow language or behavior that harasses, humiliates, threatens, or doxes anyone. This also includes responding to such acts with retaliatory harassment (but excludes non-harassing counterspeech).We proactively enforce our Community Guidelines through a mix of technology and human moderation. We have detected this policy violation using automated measures. We have used automated measures in making this decision.",,STATEMENT_CATEGORY_ILLEGAL_OR_HARMFUL_SPEECH,,,,"[""CONTENT_TYPE_TEXT""]",,,"2024-11-23 00:00:00","[""AT"",""BE"",""BG"",""CY"",""CZ"",""DE"",""DK"",""EE"",""ES"",""FI"",""FR"",""GR"",""HR"",""HU"",""IE"",""IT"",""LI"",""LT"",""LU"",""LV"",""MT"",""NL"",""NO"",""PL"",""PT"",""RO"",""SE"",""SI"",""SK""]","2024-11-23 00:00:00","The decision was taken pursuant to own-initiative investigations.",SOURCE_VOLUNTARY,,Yes,AUTOMATED_DECISION_FULLY,TikTok,7440322495305079585,"2024-11-23 04:11:28"
14eb7224-a9f4-419f-a42d-906368b14cb8,"[""DECISION_VISIBILITY_OTHER""]","Photo not eligible for recommendation in the For You feed, and visibility restricted in search results",,,,,,,,,,DECISION_GROUND_INCOMPATIBLE_CONTENT,,,,"Civic and Election Integrity","We want to enable the informed exchange of civic ideas in a way that fosters productive dialogue. Your video didn’t meet our eligibility standards for the For You Feed. Please review our Community Guidelines for more information.We proactively enforce our Community Guidelines through a mix of technology and human moderation. We have detected this policy violation using automated measures. We have used automated measures in making this decision.",,STATEMENT_CATEGORY_NEGATIVE_EFFECTS_ON_CIVIC_DISCOURSE_OR_ELECTIONS,,,,"[""CONTENT_TYPE_IMAGE""]",,,"2024-11-23 00:00:00","[""AT"",""BE"",""BG"",""CY"",""CZ"",""DE"",""DK"",""EE"",""ES"",""FI"",""FR"",""GR"",""HR"",""HU"",""IE"",""IT"",""LI"",""LT"",""LU"",""LV"",""MT"",""NL"",""NO"",""PL"",""PT"",""RO"",""SE"",""SI"",""SK""]","2024-11-23 00:00:00","The decision was taken pursuant to own-initiative investigations.",SOURCE_VOLUNTARY,,Yes,AUTOMATED_DECISION_FULLY,TikTok,7440322500036221728,"2024-11-23 04:11:30"
4b336173-60fa-4d1a-8f1d-fa4105a69e6f,"[""DECISION_VISIBILITY_CONTENT_REMOVED""]",,,,,,,,,,,DECISION_GROUND_INCOMPATIBLE_CONTENT,,,,"Harassment and Bullying","We welcome the respectful expression of different viewpoints, but not toxicity or trolling. We do not allow language or behavior that harasses, humiliates, threatens, or doxes anyone. This also includes responding to such acts with retaliatory harassment (but excludes non-harassing counterspeech).We proactively enforce our Community Guidelines through a mix of technology and human moderation. We have detected this policy violation using automated measures. We have used automated measures in making this decision.",,STATEMENT_CATEGORY_ILLEGAL_OR_HARMFUL_SPEECH,,,,"[""CONTENT_TYPE_TEXT""]",,,"2024-11-23 00:00:00","[""AT"",""BE"",""BG"",""CY"",""CZ"",""DE"",""DK"",""EE"",""ES"",""FI"",""FR"",""GR"",""HR"",""HU"",""IE"",""IT"",""LI"",""LT"",""LU"",""LV"",""MT"",""NL"",""NO"",""PL"",""PT"",""RO"",""SE"",""SI"",""SK""]","2024-11-23 00:00:00","The decision was taken pursuant to own-initiative investigations.",SOURCE_VOLUNTARY,,Yes,AUTOMATED_DECISION_FULLY,TikTok,7440322508064054048,"2024-11-23 04:11:30"
ead8b250-ed6d-4525-8fdc-b81e763e041f,"[""DECISION_VISIBILITY_CONTENT_REMOVED""]",,,,,,,,,,,DECISION_GROUND_INCOMPATIBLE_CONTENT,,,,"Harassment and Bullying","We welcome the respectful expression of different viewpoints, but not toxicity or trolling. We do not allow language or behavior that harasses, humiliates, threatens, or doxes anyone. This also includes responding to such acts with retaliatory harassment (but excludes non-harassing counterspeech).We proactively enforce our Community Guidelines through a mix of technology and human moderation. We have detected this policy violation using automated measures. We have used automated measures in making this decision.",,STATEMENT_CATEGORY_ILLEGAL_OR_HARMFUL_SPEECH,,,,"[""CONTENT_TYPE_TEXT""]",,,"2024-11-23 00:00:00","[""AT"",""BE"",""BG"",""CY"",""CZ"",""DE"",""DK"",""EE"",""ES"",""FI"",""FR"",""GR"",""HR"",""HU"",""IE"",""IT"",""LI"",""LT"",""LU"",""LV"",""MT"",""NL"",""NO"",""PL"",""PT"",""RO"",""SE"",""SI"",""SK""]","2024-11-23 00:00:00","The decision was taken pursuant to own-initiative investigations.",SOURCE_VOLUNTARY,,Yes,AUTOMATED_DECISION_FULLY,TikTok,7440322500036238112,"2024-11-23 04:11:30"
29c9fc66-3e69-4860-8849-f82a44484ffb,"[""DECISION_VISIBILITY_OTHER""]","Video not eligible for recommendation in the For You feed",,,,,,,,,,DECISION_GROUND_INCOMPATIBLE_CONTENT,,,,"Community Guidelines","We maintain content eligibility standards for the For You feed (FYF) that prioritize safety and are informed by the diversity of our community and cultural norms. We make ineligible for the FYF certain content that may not be appropriate for a broad audience related to: (1) Behavioral Health, (2) Sensitive and Mature Themes, (3) Integrity and Authenticity, and (4) Regulated Goods. Content that is ineligible for the FYF can still be discovered in other ways, such as through search tools or by following an account.We proactively enforce our Community Guidelines through a mix of technology and human moderation. We have detected this policy violation using automated measures. We have used automated measures in making this decision.",,STATEMENT_CATEGORY_SCOPE_OF_PLATFORM_SERVICE,,,,"[""CONTENT_TYPE_VIDEO""]",,,"2024-11-23 00:00:00","[""AT"",""BE"",""BG"",""CY"",""CZ"",""DE"",""DK"",""EE"",""ES"",""FI"",""FR"",""GR"",""HR"",""HU"",""IE"",""IT"",""LI"",""LT"",""LU"",""LV"",""MT"",""NL"",""NO"",""PL"",""PT"",""RO"",""SE"",""SI"",""SK""]","2024-11-23 00:00:00","The decision was taken pursuant to own-initiative investigations.",SOURCE_VOLUNTARY,,Yes,AUTOMATED_DECISION_FULLY,TikTok,7440322500036254496,"2024-11-23 04:11:30"
03ab777c-83c1-4b02-ac13-e1c17ba144fd,"[""DECISION_VISIBILITY_CONTENT_REMOVED""]",,,,,,,,,,,DECISION_GROUND_INCOMPATIBLE_CONTENT,,,,"Hate Speech and Hateful Behaviors","TikTok is enriched by the various backgrounds of our community members. Our differences should be respected, rather than a cause for division. We do not allow any hateful behavior, hate speech, or promotion of hateful ideologies. This includes content that attacks a person or group because of protected attributes.We proactively enforce our Community Guidelines through a mix of technology and human moderation. We have detected this policy violation using automated measures.",,STATEMENT_CATEGORY_ILLEGAL_OR_HARMFUL_SPEECH,,,,"[""CONTENT_TYPE_VIDEO""]",,,"2024-11-22 00:00:00","[""AT"",""BE"",""BG"",""CY"",""CZ"",""DE"",""DK"",""EE"",""ES"",""FI"",""FR"",""GR"",""HR"",""HU"",""IE"",""IT"",""LI"",""LT"",""LU"",""LV"",""MT"",""NL"",""NO"",""PL"",""PT"",""RO"",""SE"",""SI"",""SK""]","2024-11-23 00:00:00","The decision was taken pursuant to own-initiative investigations.",SOURCE_VOLUNTARY,,Yes,AUTOMATED_DECISION_NOT_AUTOMATED,TikTok,7440322508064070432,"2024-11-23 04:11:30"
cdd837d9-52de-456c-80c2-5b5f96798ab9,"[""DECISION_VISIBILITY_OTHER""]","Video not eligible for recommendation in the For You feed",,,,,,,,,,DECISION_GROUND_INCOMPATIBLE_CONTENT,,,,"Alcohol, Tobacco, and Drugs","While adults make personal choices about how they engage with alcohol, drugs, and tobacco, we recognize that there are risks connected to trading and using these substances. Content is ineligible for the For You feed and harder to find in search if it shows adults consuming excessive amounts of alcohol or tobacco products.We proactively enforce our Community Guidelines through a mix of technology and human moderation. We have detected this policy violation using automated measures. We have used automated measures in making this decision.",,STATEMENT_CATEGORY_SCOPE_OF_PLATFORM_SERVICE,,,,"[""CONTENT_TYPE_VIDEO""]",,,"2024-11-23 00:00:00","[""AT"",""BE"",""BG"",""CY"",""CZ"",""DE"",""DK"",""EE"",""ES"",""FI"",""FR"",""GR"",""HR"",""HU"",""IE"",""IT"",""LI"",""LT"",""LU"",""LV"",""MT"",""NL"",""NO"",""PL"",""PT"",""RO"",""SE"",""SI"",""SK""]","2024-11-23 00:00:00","The decision was taken pursuant to own-initiative investigations.",SOURCE_VOLUNTARY,,Yes,AUTOMATED_DECISION_FULLY,TikTok,7440322500036270880,"2024-11-23 04:11:30"
211c1f0c-5e36-4a0f-b82f-8e46f3cabbf3,"[""DECISION_VISIBILITY_CONTENT_REMOVED""]",,,,,,,,,,,DECISION_GROUND_INCOMPATIBLE_CONTENT,,,,"Violent Behaviors and Criminal Activities","We recognize that online content related to violence can cause real-world harm. We do not allow any violent threats, incitement to violence, or promotion of criminal activities that may harm people, animals, or property. If there is a specific, credible, and imminent threat to human life or serious physical injury, we will report it to relevant law enforcement authorities.We proactively enforce our Community Guidelines through a mix of technology and human moderation. We have detected this policy violation using automated measures. We have used automated measures in making this decision.",,STATEMENT_CATEGORY_VIOLENCE,,,,"[""CONTENT_TYPE_TEXT""]",,,"2024-11-23 00:00:00","[""AT"",""BE"",""BG"",""CY"",""CZ"",""DE"",""DK"",""EE"",""ES"",""FI"",""FR"",""GR"",""HR"",""HU"",""IE"",""IT"",""LI"",""LT"",""LU"",""LV"",""MT"",""NL"",""NO"",""PL"",""PT"",""RO"",""SE"",""SI"",""SK""]","2024-11-23 00:00:00","The decision was taken pursuant to own-initiative investigations.",SOURCE_VOLUNTARY,,Yes,AUTOMATED_DECISION_FULLY,TikTok,7440322500036287264,"2024-11-23 04:11:30"
c451e36f-70fe-4a6b-aab4-95f13f35f1ee,,,,,,,DECISION_PROVISION_PARTIAL_SUSPENSION,"2024-11-24 00:00:00",,,,DECISION_GROUND_INCOMPATIBLE_CONTENT,,,,"Discurso de odio o muestras de odio","TikTok se enriquece gracias a la diversa procedencia de los miembros de nuestra comunidad. Nuestras diferencias se deben respetar en lugar de ser motivo de división. No permitimos comportamientos de odio, el discurso de odio ni la promoción de ideologías de odio. Esto incluye contenido que ataca a las personas o grupos de individuos basándose en atributos protegidos. Consulta las {CG_link} para obtener más información.",,STATEMENT_CATEGORY_ILLEGAL_OR_HARMFUL_SPEECH,,,,"[""CONTENT_TYPE_VIDEO""]",,,"2024-11-23 00:00:00","[""AT"",""BE"",""BG"",""CY"",""CZ"",""DE"",""DK"",""EE"",""ES"",""FI"",""FR"",""GR"",""HR"",""HU"",""IE"",""IS"",""IT"",""LI"",""LT"",""LU"",""LV"",""MT"",""NL"",""NO"",""PL"",""PT"",""RO"",""SE"",""SI"",""SK""]","2024-11-23 00:00:00","The decision was taken pursuant to own-initiative investigations",SOURCE_VOLUNTARY,,Yes,AUTOMATED_DECISION_NOT_AUTOMATED,TikTok,7440322508064152352,"2024-11-23 04:11:34"
9faa6b4e-6c85-47d6-90b5-6ef335926263,"[""DECISION_VISIBILITY_CONTENT_REMOVED""]",,,,,,,,,,,DECISION_GROUND_INCOMPATIBLE_CONTENT,,,,"Harassment and Bullying","We welcome the respectful expression of different viewpoints, but not toxicity or trolling. We do not allow language or behavior that harasses, humiliates, threatens, or doxes anyone. This also includes responding to such acts with retaliatory harassment (but excludes non-harassing counterspeech).We proactively enforce our Community Guidelines through a mix of technology and human moderation. We have detected this policy violation using automated measures. We have used automated measures in making this decision.",,STATEMENT_CATEGORY_ILLEGAL_OR_HARMFUL_SPEECH,,,,"[""CONTENT_TYPE_TEXT""]",,,"2024-11-23 00:00:00","[""AT"",""BE"",""BG"",""CY"",""CZ"",""DE"",""DK"",""EE"",""ES"",""FI"",""FR"",""GR"",""HR"",""HU"",""IE"",""IT"",""LI"",""LT"",""LU"",""LV"",""MT"",""NL"",""NO"",""PL"",""PT"",""RO"",""SE"",""SI"",""SK""]","2024-11-23 00:00:00","The decision was taken pursuant to own-initiative investigations.",SOURCE_VOLUNTARY,,Yes,AUTOMATED_DECISION_FULLY,TikTok,7440322508064168736,"2024-11-23 04:11:34"
2390dc4c-0ab3-4d8c-817c-d3afc0b5d0e7,"[""DECISION_VISIBILITY_CONTENT_REMOVED""]",,,,,,,,,,,DECISION_GROUND_INCOMPATIBLE_CONTENT,,,,"Discurso de odio o muestras de odio","TikTok se enriquece gracias a la diversa procedencia de los miembros de nuestra comunidad. Nuestras diferencias se deben respetar en lugar de ser motivo de división. No permitimos comportamientos de odio, el discurso de odio ni la promoción de ideologías de odio. Esto incluye contenido que ataca a las personas o grupos de individuos basándose en atributos protegidos. Consulta las {CG_link} para obtener más información.",,STATEMENT_CATEGORY_ILLEGAL_OR_HARMFUL_SPEECH,,,,"[""CONTENT_TYPE_VIDEO""]",,,"2024-11-23 00:00:00","[""AT"",""BE"",""BG"",""CY"",""CZ"",""DE"",""DK"",""EE"",""ES"",""FI"",""FR"",""GR"",""HR"",""HU"",""IE"",""IS"",""IT"",""LI"",""LT"",""LU"",""LV"",""MT"",""NL"",""NO"",""PL"",""PT"",""RO"",""SE"",""SI"",""SK""]","2024-11-23 00:00:00","The decision was taken pursuant to own-initiative investigations",SOURCE_VOLUNTARY,,Yes,AUTOMATED_DECISION_NOT_AUTOMATED,TikTok,7440322511180487456,"2024-11-23 04:11:34"
1b883e10-9d97-45d4-b286-4610d19f5b7a,"[""DECISION_VISIBILITY_CONTENT_REMOVED""]",,,,,,,,,,,DECISION_GROUND_INCOMPATIBLE_CONTENT,,,,"Harassment and Bullying","We welcome the respectful expression of different viewpoints, but not toxicity or trolling. We do not allow language or behavior that harasses, humiliates, threatens, or doxes anyone. This also includes responding to such acts with retaliatory harassment (but excludes non-harassing counterspeech).We proactively enforce our Community Guidelines through a mix of technology and human moderation. We have detected this policy violation using automated measures. We have used automated measures in making this decision.",,STATEMENT_CATEGORY_ILLEGAL_OR_HARMFUL_SPEECH,,,,"[""CONTENT_TYPE_TEXT""]",,,"2024-11-23 00:00:00","[""AT"",""BE"",""BG"",""CY"",""CZ"",""DE"",""DK"",""EE"",""ES"",""FI"",""FR"",""GR"",""HR"",""HU"",""IE"",""IT"",""LI"",""LT"",""LU"",""LV"",""MT"",""NL"",""NO"",""PL"",""PT"",""RO"",""SE"",""SI"",""SK""]","2024-11-23 00:00:00","The decision was taken pursuant to own-initiative investigations.",SOURCE_VOLUNTARY,,Yes,AUTOMATED_DECISION_FULLY,TikTok,7440322508064185120,"2024-11-23 04:11:34"
8dbc4d54-e6e4-46e6-a08d-a2a3fd66e7a1,"[""DECISION_VISIBILITY_CONTENT_REMOVED""]",,,,,,,,,,,DECISION_GROUND_INCOMPATIBLE_CONTENT,,,,"Hate Speech and Hateful Behaviors","TikTok is enriched by the various backgrounds of our community members. Our differences should be respected, rather than a cause for division. We do not allow any hateful behavior, hate speech, or promotion of hateful ideologies. This includes content that attacks a person or group because of protected attributes.We proactively enforce our Community Guidelines through a mix of technology and human moderation. We have detected this policy violation using automated measures. We have used automated measures in making this decision.",,STATEMENT_CATEGORY_ILLEGAL_OR_HARMFUL_SPEECH,,,,"[""CONTENT_TYPE_TEXT""]",,,"2024-11-23 00:00:00","[""AT"",""BE"",""BG"",""CY"",""CZ"",""DE"",""DK"",""EE"",""ES"",""FI"",""FR"",""GR"",""HR"",""HU"",""IE"",""IT"",""LI"",""LT"",""LU"",""LV"",""MT"",""NL"",""NO"",""PL"",""PT"",""RO"",""SE"",""SI"",""SK""]","2024-11-23 00:00:00","The decision was taken pursuant to own-initiative investigations.",SOURCE_VOLUNTARY,,Yes,AUTOMATED_DECISION_FULLY,TikTok,7440322511180503840,"2024-11-23 04:11:34"
ccf63f40-42aa-4d6d-8263-3d8f7ade8ad2,"[""DECISION_VISIBILITY_OTHER""]","Video not eligible for recommendation in the For You feed",,,,,,,,,,DECISION_GROUND_INCOMPATIBLE_CONTENT,,,,"Community Guidelines","We maintain content eligibility standards for the For You feed (FYF) that prioritize safety and are informed by the diversity of our community and cultural norms. We make ineligible for the FYF certain content that may not be appropriate for a broad audience related to: (1) Behavioral Health, (2) Sensitive and Mature Themes, (3) Integrity and Authenticity, and (4) Regulated Goods. Content that is ineligible for the FYF can still be discovered in other ways, such as through search tools or by following an account.We proactively enforce our Community Guidelines through a mix of technology and human moderation. We have detected this policy violation using automated measures. We have used automated measures in making this decision.",,STATEMENT_CATEGORY_SCOPE_OF_PLATFORM_SERVICE,,,,"[""CONTENT_TYPE_VIDEO""]",,,"2024-11-23 00:00:00","[""AT"",""BE"",""BG"",""CY"",""CZ"",""DE"",""DK"",""EE"",""ES"",""FI"",""FR"",""GR"",""HR"",""HU"",""IE"",""IT"",""LI"",""LT"",""LU"",""LV"",""MT"",""NL"",""NO"",""PL"",""PT"",""RO"",""SE"",""SI"",""SK""]","2024-11-23 00:00:00","The decision was taken pursuant to own-initiative investigations.",SOURCE_VOLUNTARY,,Yes,AUTOMATED_DECISION_FULLY,TikTok,7440322511180520224,"2024-11-23 04:11:34"
f1141f3e-7f80-40a2-b87a-bee1f3d8ee33,"[""DECISION_VISIBILITY_CONTENT_REMOVED""]",,,,,,,,,,,DECISION_GROUND_INCOMPATIBLE_CONTENT,,,,"Harassment and Bullying","We welcome the respectful expression of different viewpoints, but not toxicity or trolling. We do not allow language or behavior that harasses, humiliates, threatens, or doxes anyone. This also includes responding to such acts with retaliatory harassment (but excludes non-harassing counterspeech).We proactively enforce our Community Guidelines through a mix of technology and human moderation. We have detected this policy violation using automated measures. We have used automated measures in making this decision.",,STATEMENT_CATEGORY_ILLEGAL_OR_HARMFUL_SPEECH,,,,"[""CONTENT_TYPE_TEXT""]",,,"2024-11-23 00:00:00","[""AT"",""BE"",""BG"",""CY"",""CZ"",""DE"",""DK"",""EE"",""ES"",""FI"",""FR"",""GR"",""HR"",""HU"",""IE"",""IT"",""LI"",""LT"",""LU"",""LV"",""MT"",""NL"",""NO"",""PL"",""PT"",""RO"",""SE"",""SI"",""SK""]","2024-11-23 00:00:00","The decision was taken pursuant to own-initiative investigations.",SOURCE_VOLUNTARY,,Yes,AUTOMATED_DECISION_FULLY,TikTok,7440322518252002081,"2024-11-23 04:11:34"
65239f9c-64c9-43ea-947d-8a56777bef73,"[""DECISION_VISIBILITY_OTHER""]","LIVE not eligible for recommendation and restricted in search results for 10 minutes","2024-11-23 00:00:00",,,,,,,,,DECISION_GROUND_INCOMPATIBLE_CONTENT,,,,"Content with low visual quality or static imagery","Your LIVE is not eligible for recommendation and restricted in search results for the next 10 minutes, because it may contain content with low visual quality or static imagery. This is in line with the For You feed eligibility standards under our Community Guidelines.",,STATEMENT_CATEGORY_SCOPE_OF_PLATFORM_SERVICE,,,,"[""CONTENT_TYPE_VIDEO""]",,,"2024-11-22 00:00:00","[""AT"",""BE"",""BG"",""CY"",""CZ"",""DE"",""DK"",""EE"",""ES"",""FI"",""FR"",""GR"",""HR"",""HU"",""IE"",""IS"",""IT"",""LI"",""LT"",""LU"",""LV"",""MT"",""NL"",""NO"",""PL"",""PT"",""RO"",""SE"",""SI"",""SK""]","2024-11-23 00:00:00","The decision was taken pursuant to own-initiative investigations",SOURCE_VOLUNTARY,,Yes,AUTOMATED_DECISION_FULLY,TikTok,7440322511180536608,"2024-11-23 04:11:34"
409f51a9-5f81-4807-be93-5b4b8d261992,"[""DECISION_VISIBILITY_OTHER""]","Video not eligible for recommendation in the For You feed",,,,,,,,,,DECISION_GROUND_INCOMPATIBLE_CONTENT,,,,"Community Guidelines","We maintain content eligibility standards for the For You feed (FYF) that prioritize safety and are informed by the diversity of our community and cultural norms. We make ineligible for the FYF certain content that may not be appropriate for a broad audience related to: (1) Behavioral Health, (2) Sensitive and Mature Themes, (3) Integrity and Authenticity, and (4) Regulated Goods. Content that is ineligible for the FYF can still be discovered in other ways, such as through search tools or by following an account.We proactively enforce our Community Guidelines through a mix of technology and human moderation. We have detected this policy violation using automated measures. We have used automated measures in making this decision.",,STATEMENT_CATEGORY_SCOPE_OF_PLATFORM_SERVICE,,,,"[""CONTENT_TYPE_VIDEO""]",,,"2024-03-07 00:00:00","[""AT"",""BE"",""BG"",""CY"",""CZ"",""DE"",""DK"",""EE"",""ES"",""FI"",""FR"",""GR"",""HR"",""HU"",""IE"",""IT"",""LI"",""LT"",""LU"",""LV"",""MT"",""NL"",""NO"",""PL"",""PT"",""RO"",""SE"",""SI"",""SK""]","2024-11-23 00:00:00","The decision was taken pursuant to own-initiative investigations.",SOURCE_VOLUNTARY,,Yes,AUTOMATED_DECISION_FULLY,TikTok,7440322518252018465,"2024-11-23 04:11:34"
2dcaef2f-9b17-4de7-8352-337b52ddcb7b,"[""DECISION_VISIBILITY_OTHER""]","Photo not eligible for recommendation in the For You feed, and visibility restricted in search results",,,,,,,,,,DECISION_GROUND_INCOMPATIBLE_CONTENT,,,,"Civic and Election Integrity","We want to enable the informed exchange of civic ideas in a way that fosters productive dialogue. Your video didn’t meet our eligibility standards for the For You Feed. Please review our Community Guidelines for more information.We proactively enforce our Community Guidelines through a mix of technology and human moderation. We have detected this policy violation using automated measures. We have used automated measures in making this decision.",,STATEMENT_CATEGORY_NEGATIVE_EFFECTS_ON_CIVIC_DISCOURSE_OR_ELECTIONS,,,,"[""CONTENT_TYPE_IMAGE""]",,,"2024-11-23 00:00:00","[""AT"",""BE"",""BG"",""CY"",""CZ"",""DE"",""DK"",""EE"",""ES"",""FI"",""FR"",""GR"",""HR"",""HU"",""IE"",""IT"",""LI"",""LT"",""LU"",""LV"",""MT"",""NL"",""NO"",""PL"",""PT"",""RO"",""SE"",""SI"",""SK""]","2024-11-23 00:00:00","The decision was taken pursuant to own-initiative investigations.",SOURCE_VOLUNTARY,,Yes,AUTOMATED_DECISION_FULLY,TikTok,7440322518252034849,"2024-11-23 04:11:34"
fcfb8b9e-4dbe-444d-b31e-b0b4ac0f8ecb,"[""DECISION_VISIBILITY_OTHER""]","Photo not eligible for recommendation in the For You feed, and visibility restricted in search results",,,,,,,,,,DECISION_GROUND_INCOMPATIBLE_CONTENT,,,,"Civic and Election Integrity","We want to enable the informed exchange of civic ideas in a way that fosters productive dialogue. Your video didn’t meet our eligibility standards for the For You Feed. Please review our Community Guidelines for more information.We proactively enforce our Community Guidelines through a mix of technology and human moderation. We have detected this policy violation using automated measures. We have used automated measures in making this decision.",,STATEMENT_CATEGORY_NEGATIVE_EFFECTS_ON_CIVIC_DISCOURSE_OR_ELECTIONS,,,,"[""CONTENT_TYPE_IMAGE""]",,,"2024-11-23 00:00:00","[""AT"",""BE"",""BG"",""CY"",""CZ"",""DE"",""DK"",""EE"",""ES"",""FI"",""FR"",""GR"",""HR"",""HU"",""IE"",""IT"",""LI"",""LT"",""LU"",""LV"",""MT"",""NL"",""NO"",""PL"",""PT"",""RO"",""SE"",""SI"",""SK""]","2024-11-23 00:00:00","The decision was taken pursuant to own-initiative investigations.",SOURCE_VOLUNTARY,,Yes,AUTOMATED_DECISION_FULLY,TikTok,7440322511180552992,"2024-11-23 04:11:34"
bd1b919b-ed3d-4cb8-abea-93ed6945910e,"[""DECISION_VISIBILITY_CONTENT_REMOVED""]",,,,,,,,,,,DECISION_GROUND_INCOMPATIBLE_CONTENT,,,,"Dangerous Activities and Challenges","Most activities or challenges are appropriate for everyone, but some carry a risk of significant injury. We do not allow showing or promoting dangerous activities and challenges. This includes dares, games, tricks, inappropriate use of dangerous tools, eating substances that are harmful to one’s health, or similar activities that may lead to significant physical harm.We proactively enforce our Community Guidelines through a mix of technology and human moderation. We have detected this policy violation using automated measures.",,STATEMENT_CATEGORY_SCOPE_OF_PLATFORM_SERVICE,,,,"[""CONTENT_TYPE_VIDEO""]",,,"2024-11-23 00:00:00","[""AT"",""BE"",""BG"",""CY"",""CZ"",""DE"",""DK"",""EE"",""ES"",""FI"",""FR"",""GR"",""HR"",""HU"",""IE"",""IT"",""LI"",""LT"",""LU"",""LV"",""MT"",""NL"",""NO"",""PL"",""PT"",""RO"",""SE"",""SI"",""SK""]","2024-11-23 00:00:00","The decision was taken pursuant to own-initiative investigations.",SOURCE_VOLUNTARY,,Yes,AUTOMATED_DECISION_NOT_AUTOMATED,TikTok,7440322518252051233,"2024-11-23 04:11:34"
ad46e16f-da9e-489d-acb3-71b5ade3896c,"[""DECISION_VISIBILITY_OTHER""]","Photo not eligible for recommendation in the For You feed, and visibility restricted in search results",,,,,,,,,,DECISION_GROUND_INCOMPATIBLE_CONTENT,,,,"Community Guidelines","We maintain content eligibility standards for the For You feed (FYF) that prioritize safety and are informed by the diversity of our community and cultural norms. We make ineligible for the FYF certain content that may not be appropriate for a broad audience related to: (1) Behavioral Health, (2) Sensitive and Mature Themes, (3) Integrity and Authenticity, and (4) Regulated Goods. Content that is ineligible for the FYF can still be discovered in other ways, such as through search tools or by following an account.We proactively enforce our Community Guidelines through a mix of technology and human moderation. We have detected this policy violation using automated measures. We have used automated measures in making this decision.",,STATEMENT_CATEGORY_SCOPE_OF_PLATFORM_SERVICE,,,,"[""CONTENT_TYPE_IMAGE""]",,,"2024-11-23 00:00:00","[""AT"",""BE"",""BG"",""CY"",""CZ"",""DE"",""DK"",""EE"",""ES"",""FI"",""FR"",""GR"",""HR"",""HU"",""IE"",""IT"",""LI"",""LT"",""LU"",""LV"",""MT"",""NL"",""NO"",""PL"",""PT"",""RO"",""SE"",""SI"",""SK""]","2024-11-23 00:00:00","The decision was taken pursuant to own-initiative investigations.",SOURCE_VOLUNTARY,,Yes,AUTOMATED_DECISION_FULLY,TikTok,7440322518252067617,"2024-11-23 04:11:34"
d5e1b7c5-9112-4a66-a1b5-cca7c1cc00ca,"[""DECISION_VISIBILITY_CONTENT_REMOVED""]",,,,,,,,,,,DECISION_GROUND_INCOMPATIBLE_CONTENT,,,,"Harassment and Bullying","We welcome the respectful expression of different viewpoints, but not toxicity or trolling. We do not allow language or behavior that harasses, humiliates, threatens, or doxes anyone. This also includes responding to such acts with retaliatory harassment (but excludes non-harassing counterspeech).We proactively enforce our Community Guidelines through a mix of technology and human moderation. We have detected this policy violation using automated measures. We have used automated measures in making this decision.",,STATEMENT_CATEGORY_ILLEGAL_OR_HARMFUL_SPEECH,,,,"[""CONTENT_TYPE_TEXT""]",,,"2024-11-23 00:00:00","[""AT"",""BE"",""BG"",""CY"",""CZ"",""DE"",""DK"",""EE"",""ES"",""FI"",""FR"",""GR"",""HR"",""HU"",""IE"",""IT"",""LI"",""LT"",""LU"",""LV"",""MT"",""NL"",""NO"",""PL"",""PT"",""RO"",""SE"",""SI"",""SK""]","2024-11-23 00:00:00","The decision was taken pursuant to own-initiative investigations.",SOURCE_VOLUNTARY,,Yes,AUTOMATED_DECISION_FULLY,TikTok,7440322525734640417,"2024-11-23 04:11:34"
8c8c5167-44d2-4214-ac83-3dfd992b0290,"[""DECISION_VISIBILITY_CONTENT_REMOVED""]",,,,,,,,,,,DECISION_GROUND_INCOMPATIBLE_CONTENT,,,,"Harassment and Bullying","We welcome the respectful expression of different viewpoints, but not toxicity or trolling. We do not allow language or behavior that harasses, humiliates, threatens, or doxes anyone. This also includes responding to such acts with retaliatory harassment (but excludes non-harassing counterspeech).We proactively enforce our Community Guidelines through a mix of technology and human moderation. We have detected this policy violation using automated measures. We have used automated measures in making this decision.",,STATEMENT_CATEGORY_ILLEGAL_OR_HARMFUL_SPEECH,,,,"[""CONTENT_TYPE_TEXT""]",,,"2024-11-23 00:00:00","[""AT"",""BE"",""BG"",""CY"",""CZ"",""DE"",""DK"",""EE"",""ES"",""FI"",""FR"",""GR"",""HR"",""HU"",""IE"",""IT"",""LI"",""LT"",""LU"",""LV"",""MT"",""NL"",""NO"",""PL"",""PT"",""RO"",""SE"",""SI"",""SK""]","2024-11-23 00:00:00","The decision was taken pursuant to own-initiative investigations.",SOURCE_VOLUNTARY,,Yes,AUTOMATED_DECISION_FULLY,TikTok,7440322525734656801,"2024-11-23 04:11:34"
9dbb63ba-f47a-4fe0-9940-1edfc6096744,"[""DECISION_VISIBILITY_CONTENT_REMOVED""]",,,,,,,,,,,DECISION_GROUND_INCOMPATIBLE_CONTENT,,,,"Harassment and Bullying","We welcome the respectful expression of different viewpoints, but not toxicity or trolling. We do not allow language or behavior that harasses, humiliates, threatens, or doxes anyone. This also includes responding to such acts with retaliatory harassment (but excludes non-harassing counterspeech).We proactively enforce our Community Guidelines through a mix of technology and human moderation. We have detected this policy violation using automated measures. We have used automated measures in making this decision.",,STATEMENT_CATEGORY_ILLEGAL_OR_HARMFUL_SPEECH,,,,"[""CONTENT_TYPE_TEXT""]",,,"2024-11-23 00:00:00","[""AT"",""BE"",""BG"",""CY"",""CZ"",""DE"",""DK"",""EE"",""ES"",""FI"",""FR"",""GR"",""HR"",""HU"",""IE"",""IT"",""LI"",""LT"",""LU"",""LV"",""MT"",""NL"",""NO"",""PL"",""PT"",""RO"",""SE"",""SI"",""SK""]","2024-11-23 00:00:00","The decision was taken pursuant to own-initiative investigations.",SOURCE_VOLUNTARY,,Yes,AUTOMATED_DECISION_FULLY,TikTok,7440322525734673185,"2024-11-23 04:11:34"
874dc8bd-6b15-46e1-950c-048892ef32c3,"[""DECISION_VISIBILITY_CONTENT_REMOVED""]",,,,,,,,,,,DECISION_GROUND_INCOMPATIBLE_CONTENT,,,,"Hate Speech and Hateful Behaviors","TikTok is enriched by the various backgrounds of our community members. Our differences should be respected, rather than a cause for division. We do not allow any hateful behavior, hate speech, or promotion of hateful ideologies. This includes content that attacks a person or group because of protected attributes.We proactively enforce our Community Guidelines through a mix of technology and human moderation. We have detected this policy violation using automated measures. We have used automated measures in making this decision.",,STATEMENT_CATEGORY_ILLEGAL_OR_HARMFUL_SPEECH,,,,"[""CONTENT_TYPE_TEXT""]",,,"2024-11-23 00:00:00","[""AT"",""BE"",""BG"",""CY"",""CZ"",""DE"",""DK"",""EE"",""ES"",""FI"",""FR"",""GR"",""HR"",""HU"",""IE"",""IT"",""LI"",""LT"",""LU"",""LV"",""MT"",""NL"",""NO"",""PL"",""PT"",""RO"",""SE"",""SI"",""SK""]","2024-11-23 00:00:00","The decision was taken pursuant to own-initiative investigations.",SOURCE_VOLUNTARY,,Yes,AUTOMATED_DECISION_FULLY,TikTok,7440322525734689569,"2024-11-23 04:11:34"
f8179a04-b46d-4fe0-9dc4-fd70f44fc296,"[""DECISION_VISIBILITY_OTHER""]","Photo not eligible for recommendation in the For You feed",,,,,,,,,,DECISION_GROUND_INCOMPATIBLE_CONTENT,,,,"Dangerous Activities and Challenges","Most activities or challenges are appropriate for everyone, but some carry a risk of significant injury. Content is ineligible for the For You feed if it involves activities that are likely to lead to moderate physical harm, or includes professionals who are performing extreme sports and stunts that may endanger others.We proactively enforce our Community Guidelines through a mix of technology and human moderation. We have detected this policy violation using automated measures. We have used automated measures in making this decision.",,STATEMENT_CATEGORY_NEGATIVE_EFFECTS_ON_CIVIC_DISCOURSE_OR_ELECTIONS,,,,"[""CONTENT_TYPE_IMAGE""]",,,"2024-11-23 00:00:00","[""AT"",""BE"",""BG"",""CY"",""CZ"",""DE"",""DK"",""EE"",""ES"",""FI"",""FR"",""GR"",""HR"",""HU"",""IE"",""IT"",""LI"",""LT"",""LU"",""LV"",""MT"",""NL"",""NO"",""PL"",""PT"",""RO"",""SE"",""SI"",""SK""]","2024-11-23 00:00:00","The decision was taken pursuant to own-initiative investigations.",SOURCE_VOLUNTARY,,Yes,AUTOMATED_DECISION_FULLY,TikTok,7440322525734705953,"2024-11-23 04:11:34"
b4ed2298-3e6d-4342-8654-63a2e7d68104,"[""DECISION_VISIBILITY_CONTENT_REMOVED""]",,,,,,,,,,,DECISION_GROUND_INCOMPATIBLE_CONTENT,,,,"Sexual Exploitation and Gender-Based Violence","We are committed to providing a space that embraces gender equity, supports healthy relationships, and respects intimate privacy. We do not allow sexual exploitation or gender-based violence, including non-consensual sexual acts, image-based sexual abuse, sextortion, physical abuse, and sexual harassment.We proactively enforce our Community Guidelines through a mix of technology and human moderation. We have detected this policy violation using automated measures. We have used automated measures in making this decision.",,STATEMENT_CATEGORY_VIOLENCE,,,,"[""CONTENT_TYPE_TEXT""]",,,"2024-11-23 00:00:00","[""AT"",""BE"",""BG"",""CY"",""CZ"",""DE"",""DK"",""EE"",""ES"",""FI"",""FR"",""GR"",""HR"",""HU"",""IE"",""IT"",""LI"",""LT"",""LU"",""LV"",""MT"",""NL"",""NO"",""PL"",""PT"",""RO"",""SE"",""SI"",""SK""]","2024-11-23 00:00:00","The decision was taken pursuant to own-initiative investigations.",SOURCE_VOLUNTARY,,Yes,AUTOMATED_DECISION_FULLY,TikTok,7440322518252084001,"2024-11-23 04:11:36"
8c90c17b-249d-4eee-9303-cc5f059a5f2c,"[""DECISION_VISIBILITY_OTHER""]","Video not eligible for recommendation in the For You feed",,,,,,,,,,DECISION_GROUND_INCOMPATIBLE_CONTENT,,,,"Community Guidelines","We maintain content eligibility standards for the For You feed (FYF) that prioritize safety and are informed by the diversity of our community and cultural norms. We make ineligible for the FYF certain content that may not be appropriate for a broad audience related to: (1) Behavioral Health, (2) Sensitive and Mature Themes, (3) Integrity and Authenticity, and (4) Regulated Goods. Content that is ineligible for the FYF can still be discovered in other ways, such as through search tools or by following an account.We proactively enforce our Community Guidelines through a mix of technology and human moderation. We have detected this policy violation using automated measures. We have used automated measures in making this decision.",,STATEMENT_CATEGORY_SCOPE_OF_PLATFORM_SERVICE,,,,"[""CONTENT_TYPE_VIDEO""]",,,"2024-11-23 00:00:00","[""AT"",""BE"",""BG"",""CY"",""CZ"",""DE"",""DK"",""EE"",""ES"",""FI"",""FR"",""GR"",""HR"",""HU"",""IE"",""IT"",""LI"",""LT"",""LU"",""LV"",""MT"",""NL"",""NO"",""PL"",""PT"",""RO"",""SE"",""SI"",""SK""]","2024-11-23 00:00:00","The decision was taken pursuant to own-initiative investigations.",SOURCE_VOLUNTARY,,Yes,AUTOMATED_DECISION_FULLY,TikTok,7440322518252100385,"2024-11-23 04:11:36"
651815b0-b255-4eff-a12d-39ec7b85eba9,"[""DECISION_VISIBILITY_OTHER""]","Photo not eligible for recommendation in the For You feed, and visibility restricted in search results",,,,,,,,,,DECISION_GROUND_INCOMPATIBLE_CONTENT,,,,"Civic and Election Integrity","We want to enable the informed exchange of civic ideas in a way that fosters productive dialogue. Your video didn’t meet our eligibility standards for the For You Feed. Please review our Community Guidelines for more information.We proactively enforce our Community Guidelines through a mix of technology and human moderation. We have detected this policy violation using automated measures. We have used automated measures in making this decision.",,STATEMENT_CATEGORY_NEGATIVE_EFFECTS_ON_CIVIC_DISCOURSE_OR_ELECTIONS,,,,"[""CONTENT_TYPE_IMAGE""]",,,"2024-11-23 00:00:00","[""AT"",""BE"",""BG"",""CY"",""CZ"",""DE"",""DK"",""EE"",""ES"",""FI"",""FR"",""GR"",""HR"",""HU"",""IE"",""IT"",""LI"",""LT"",""LU"",""LV"",""MT"",""NL"",""NO"",""PL"",""PT"",""RO"",""SE"",""SI"",""SK""]","2024-11-23 00:00:00","The decision was taken pursuant to own-initiative investigations.",SOURCE_VOLUNTARY,,Yes,AUTOMATED_DECISION_FULLY,TikTok,7440322518252116769,"2024-11-23 04:11:36"
08faf6c3-02ae-4327-bec0-d7e091236cd2,"[""DECISION_VISIBILITY_CONTENT_REMOVED""]",,,,,,,,,,,DECISION_GROUND_INCOMPATIBLE_CONTENT,,,,"Sexual Activity and Services","TikTok is a place where people can come to discuss or learn about sexuality, sex or reproductive health. We are mindful that certain content involving sexuality, sex or reproductive health may not be appropriate for young people, be considered offensive by some, or create the potential for exploitation. We do not allow sexual activity or services, including sex, sexual arousal, fetish and kink behavior, and seeking or offering sexual services.We proactively enforce our Community Guidelines through a mix of technology and human moderation. We have detected this policy violation using automated measures.",,STATEMENT_CATEGORY_PORNOGRAPHY_OR_SEXUALIZED_CONTENT,,,,"[""CONTENT_TYPE_IMAGE""]",,,"2024-11-23 00:00:00","[""AT"",""BE"",""BG"",""CY"",""CZ"",""DE"",""DK"",""EE"",""ES"",""FI"",""FR"",""GR"",""HR"",""HU"",""IE"",""IT"",""LI"",""LT"",""LU"",""LV"",""MT"",""NL"",""NO"",""PL"",""PT"",""RO"",""SE"",""SI"",""SK""]","2024-11-23 00:00:00","The decision was taken pursuant to own-initiative investigations.",SOURCE_VOLUNTARY,,Yes,AUTOMATED_DECISION_NOT_AUTOMATED,TikTok,7440322525734722337,"2024-11-23 04:11:36"
f81d28d1-9ff7-4ba0-8b7c-03b6e7f95e23,"[""DECISION_VISIBILITY_CONTENT_REMOVED""]",,,,,,,,,,,DECISION_GROUND_INCOMPATIBLE_CONTENT,,,,"Trade of Regulated Goods and Services","Regulated goods and services often play an important and essential role in people’s lives. However, these items are regulated for a reason. TikTok is not a place for illegal traffic or trade, or an unofficial market. We do not allow facilitating the trade of regulated, prohibited, or high-risk goods and services, such as alcohol, tobacco products, regulated substances, firearms and other dangerous weapons, sexual services, animals, or counterfeit goods.We proactively enforce our Community Guidelines through a mix of technology and human moderation. We have detected this policy violation using automated measures. We have used automated measures in making this decision.",,STATEMENT_CATEGORY_SCOPE_OF_PLATFORM_SERVICE,,,,"[""CONTENT_TYPE_IMAGE""]",,,"2024-11-23 00:00:00","[""AT"",""BE"",""BG"",""CY"",""CZ"",""DE"",""DK"",""EE"",""ES"",""FI"",""FR"",""GR"",""HR"",""HU"",""IE"",""IT"",""LI"",""LT"",""LU"",""LV"",""MT"",""NL"",""NO"",""PL"",""PT"",""RO"",""SE"",""SI"",""SK""]","2024-11-23 00:00:00","The decision was taken pursuant to own-initiative investigations.",SOURCE_VOLUNTARY,,Yes,AUTOMATED_DECISION_FULLY,TikTok,7440322518252133153,"2024-11-23 04:11:36"
10bc8c6b-9b53-4508-b604-f03db1216eb3,"[""DECISION_VISIBILITY_CONTENT_REMOVED""]",,,,,,,,,,,DECISION_GROUND_INCOMPATIBLE_CONTENT,,,,"Harassment and Bullying","We welcome the respectful expression of different viewpoints, but not toxicity or trolling. We do not allow language or behavior that harasses, humiliates, threatens, or doxes anyone. This also includes responding to such acts with retaliatory harassment (but excludes non-harassing counterspeech).We proactively enforce our Community Guidelines through a mix of technology and human moderation. We have detected this policy violation using automated measures. We have used automated measures in making this decision.",,STATEMENT_CATEGORY_ILLEGAL_OR_HARMFUL_SPEECH,,,,"[""CONTENT_TYPE_TEXT""]",,,"2024-11-23 00:00:00","[""AT"",""BE"",""BG"",""CY"",""CZ"",""DE"",""DK"",""EE"",""ES"",""FI"",""FR"",""GR"",""HR"",""HU"",""IE"",""IT"",""LI"",""LT"",""LU"",""LV"",""MT"",""NL"",""NO"",""PL"",""PT"",""RO"",""SE"",""SI"",""SK""]","2024-11-23 00:00:00","The decision was taken pursuant to own-initiative investigations.",SOURCE_VOLUNTARY,,Yes,AUTOMATED_DECISION_FULLY,TikTok,7440322525734738721,"2024-11-23 04:11:36"
1b964894-d680-4d5f-9543-569565f665c6,"[""DECISION_VISIBILITY_OTHER""]","LIVE not eligible for recommendation and restricted in search results","2024-11-23 00:00:00",,,,,,,,,DECISION_GROUND_INCOMPATIBLE_CONTENT,,,,"Commentaire reproduit","Ton LIVE n'est pas éligible pour les recommandations et a été restreint dans les résultats de recherche, car il est possible qu'il contienne du contenu non original ou reproduit. Cette décision est conforme aux normes d'éligibilité du fil d'actualité Pour toi dans le cadre de nos Consignes communautaires.",,STATEMENT_CATEGORY_SCOPE_OF_PLATFORM_SERVICE,,,,"[""CONTENT_TYPE_VIDEO""]",,,"2024-11-23 00:00:00","[""AT"",""BE"",""BG"",""CY"",""CZ"",""DE"",""DK"",""EE"",""ES"",""FI"",""FR"",""GR"",""HR"",""HU"",""IE"",""IS"",""IT"",""LI"",""LT"",""LU"",""LV"",""MT"",""NL"",""NO"",""PL"",""PT"",""RO"",""SE"",""SI"",""SK""]","2024-11-23 00:00:00","The decision was taken pursuant to own-initiative investigations",SOURCE_VOLUNTARY,,Yes,AUTOMATED_DECISION_NOT_AUTOMATED,TikTok,7440322518252149537,"2024-11-23 04:11:36"
16e14f3d-48c1-4bff-990b-86947dae270b,"[""DECISION_VISIBILITY_CONTENT_REMOVED""]",,,,,,,,,,,DECISION_GROUND_INCOMPATIBLE_CONTENT,,,,"Harassment and Bullying","We welcome the respectful expression of different viewpoints, but not toxicity or trolling. We do not allow language or behavior that harasses, humiliates, threatens, or doxes anyone. This also includes responding to such acts with retaliatory harassment (but excludes non-harassing counterspeech).We proactively enforce our Community Guidelines through a mix of technology and human moderation. We have detected this policy violation using automated measures. We have used automated measures in making this decision.",,STATEMENT_CATEGORY_ILLEGAL_OR_HARMFUL_SPEECH,,,,"[""CONTENT_TYPE_TEXT""]",,,"2024-11-23 00:00:00","[""AT"",""BE"",""BG"",""CY"",""CZ"",""DE"",""DK"",""EE"",""ES"",""FI"",""FR"",""GR"",""HR"",""HU"",""IE"",""IT"",""LI"",""LT"",""LU"",""LV"",""MT"",""NL"",""NO"",""PL"",""PT"",""RO"",""SE"",""SI"",""SK""]","2024-11-23 00:00:00","The decision was taken pursuant to own-initiative investigations.",SOURCE_VOLUNTARY,,Yes,AUTOMATED_DECISION_FULLY,TikTok,7440322525734755105,"2024-11-23 04:11:36"
fb8b6ada-b650-4daf-afa4-c11c5b41e457,"[""DECISION_VISIBILITY_CONTENT_AGE_RESTRICTED""]",,,,,,,,,,,DECISION_GROUND_INCOMPATIBLE_CONTENT,,,,"Minimum Age Requirement","Users must be 13 years and older to have a TikTok account. We are deeply committed to ensuring that TikTok is a safe and positive experience for people under the age of 18. This starts by being old enough to use TikTok. If we learn someone is below the minimum age on TikTok, we will ban that account. Content created by anyone under 16 is ineligible for the For You feed and harder to find in search.We proactively enforce our Community Guidelines through a mix of technology and human moderation. We have detected this policy violation using automated measures.",,STATEMENT_CATEGORY_PROTECTION_OF_MINORS,,,,"[""CONTENT_TYPE_VIDEO""]",,,"2024-11-22 00:00:00","[""AT"",""BE"",""BG"",""CY"",""CZ"",""DE"",""DK"",""EE"",""ES"",""FI"",""FR"",""GR"",""HR"",""HU"",""IE"",""IT"",""LI"",""LT"",""LU"",""LV"",""MT"",""NL"",""NO"",""PL"",""PT"",""RO"",""SE"",""SI"",""SK""]","2024-11-23 00:00:00","The decision was taken pursuant to own-initiative investigations.",SOURCE_VOLUNTARY,,Yes,AUTOMATED_DECISION_NOT_AUTOMATED,TikTok,7440322525734771489,"2024-11-23 04:11:36"
18db8c2a-c58b-4195-9469-a9dc50f86fea,"[""DECISION_VISIBILITY_CONTENT_REMOVED""]",,,,,,,,,,,DECISION_GROUND_INCOMPATIBLE_CONTENT,,,,"Harassment and Bullying","We welcome the respectful expression of different viewpoints, but not toxicity or trolling. We do not allow language or behavior that harasses, humiliates, threatens, or doxes anyone. This also includes responding to such acts with retaliatory harassment (but excludes non-harassing counterspeech).We proactively enforce our Community Guidelines through a mix of technology and human moderation. We have detected this policy violation using automated measures. We have used automated measures in making this decision.",,STATEMENT_CATEGORY_ILLEGAL_OR_HARMFUL_SPEECH,,,,"[""CONTENT_TYPE_TEXT""]",,,"2024-11-23 00:00:00","[""AT"",""BE"",""BG"",""CY"",""CZ"",""DE"",""DK"",""EE"",""ES"",""FI"",""FR"",""GR"",""HR"",""HU"",""IE"",""IT"",""LI"",""LT"",""LU"",""LV"",""MT"",""NL"",""NO"",""PL"",""PT"",""RO"",""SE"",""SI"",""SK""]","2024-11-23 00:00:00","The decision was taken pursuant to own-initiative investigations.",SOURCE_VOLUNTARY,,Yes,AUTOMATED_DECISION_FULLY,TikTok,7440322532630076192,"2024-11-23 04:11:36"
bf5e4319-6eff-494e-8666-adfe93502d4e,"[""DECISION_VISIBILITY_CONTENT_REMOVED""]",,,,,,,,,,,DECISION_GROUND_INCOMPATIBLE_CONTENT,,,,"Sexual Exploitation and Gender-Based Violence","We are committed to providing a space that embraces gender equity, supports healthy relationships, and respects intimate privacy. We do not allow sexual exploitation or gender-based violence, including non-consensual sexual acts, image-based sexual abuse, sextortion, physical abuse, and sexual harassment.We proactively enforce our Community Guidelines through a mix of technology and human moderation. We have detected this policy violation using automated measures. We have used automated measures in making this decision.",,STATEMENT_CATEGORY_VIOLENCE,,,,"[""CONTENT_TYPE_TEXT""]",,,"2024-11-23 00:00:00","[""AT"",""BE"",""BG"",""CY"",""CZ"",""DE"",""DK"",""EE"",""ES"",""FI"",""FR"",""GR"",""HR"",""HU"",""IE"",""IT"",""LI"",""LT"",""LU"",""LV"",""MT"",""NL"",""NO"",""PL"",""PT"",""RO"",""SE"",""SI"",""SK""]","2024-11-23 00:00:00","The decision was taken pursuant to own-initiative investigations.",SOURCE_VOLUNTARY,,Yes,AUTOMATED_DECISION_FULLY,TikTok,7440322525734787873,"2024-11-23 04:11:36"
a907903d-616a-429a-9a35-d107371df37c,"[""DECISION_VISIBILITY_CONTENT_REMOVED""]",,,,,,,,,,,DECISION_GROUND_INCOMPATIBLE_CONTENT,,,,"Harassment and Bullying","We welcome the respectful expression of different viewpoints, but not toxicity or trolling. We do not allow language or behavior that harasses, humiliates, threatens, or doxes anyone. This also includes responding to such acts with retaliatory harassment (but excludes non-harassing counterspeech).We proactively enforce our Community Guidelines through a mix of technology and human moderation. We have detected this policy violation using automated measures. We have used automated measures in making this decision.",,STATEMENT_CATEGORY_ILLEGAL_OR_HARMFUL_SPEECH,,,,"[""CONTENT_TYPE_TEXT""]",,,"2024-11-23 00:00:00","[""AT"",""BE"",""BG"",""CY"",""CZ"",""DE"",""DK"",""EE"",""ES"",""FI"",""FR"",""GR"",""HR"",""HU"",""IE"",""IT"",""LI"",""LT"",""LU"",""LV"",""MT"",""NL"",""NO"",""PL"",""PT"",""RO"",""SE"",""SI"",""SK""]","2024-11-23 00:00:00","The decision was taken pursuant to own-initiative investigations.",SOURCE_VOLUNTARY,,Yes,AUTOMATED_DECISION_FULLY,TikTok,7440322532630092576,"2024-11-23 04:11:36"
57c8092f-2c92-4032-b5da-18aec71a5d9f,"[""DECISION_VISIBILITY_CONTENT_REMOVED""]",,,,,,,,,,,DECISION_GROUND_INCOMPATIBLE_CONTENT,,,,"Sexual Exploitation and Gender-Based Violence","We are committed to providing a space that embraces gender equity, supports healthy relationships, and respects intimate privacy. We do not allow sexual exploitation or gender-based violence, including non-consensual sexual acts, image-based sexual abuse, sextortion, physical abuse, and sexual harassment.We proactively enforce our Community Guidelines through a mix of technology and human moderation. We have detected this policy violation using automated measures. We have used automated measures in making this decision.",,STATEMENT_CATEGORY_VIOLENCE,,,,"[""CONTENT_TYPE_TEXT""]",,,"2024-11-23 00:00:00","[""AT"",""BE"",""BG"",""CY"",""CZ"",""DE"",""DK"",""EE"",""ES"",""FI"",""FR"",""GR"",""HR"",""HU"",""IE"",""IT"",""LI"",""LT"",""LU"",""LV"",""MT"",""NL"",""NO"",""PL"",""PT"",""RO"",""SE"",""SI"",""SK""]","2024-11-23 00:00:00","The decision was taken pursuant to own-initiative investigations.",SOURCE_VOLUNTARY,,Yes,AUTOMATED_DECISION_FULLY,TikTok,7440322532630108960,"2024-11-23 04:11:36"
6ac2e0a1-01ff-4c1b-b82f-80c22985f6e1,"[""DECISION_VISIBILITY_CONTENT_REMOVED""]",,,,,,,,,,,DECISION_GROUND_INCOMPATIBLE_CONTENT,,,,"Harassment and Bullying","We welcome the respectful expression of different viewpoints, but not toxicity or trolling. We do not allow language or behavior that harasses, humiliates, threatens, or doxes anyone. This also includes responding to such acts with retaliatory harassment (but excludes non-harassing counterspeech).We proactively enforce our Community Guidelines through a mix of technology and human moderation. We have detected this policy violation using automated measures. We have used automated measures in making this decision.",,STATEMENT_CATEGORY_ILLEGAL_OR_HARMFUL_SPEECH,,,,"[""CONTENT_TYPE_TEXT""]",,,"2024-11-23 00:00:00","[""AT"",""BE"",""BG"",""CY"",""CZ"",""DE"",""DK"",""EE"",""ES"",""FI"",""FR"",""GR"",""HR"",""HU"",""IE"",""IT"",""LI"",""LT"",""LU"",""LV"",""MT"",""NL"",""NO"",""PL"",""PT"",""RO"",""SE"",""SI"",""SK""]","2024-11-23 00:00:00","The decision was taken pursuant to own-initiative investigations.",SOURCE_VOLUNTARY,,Yes,AUTOMATED_DECISION_FULLY,TikTok,7440322540716727072,"2024-11-23 04:11:38"
87e21f0a-ff05-447a-b4f6-4f062ba8e908,"[""DECISION_VISIBILITY_CONTENT_REMOVED""]",,,,,,,,,,,DECISION_GROUND_INCOMPATIBLE_CONTENT,,,,"Harassment and Bullying","We welcome the respectful expression of different viewpoints, but not toxicity or trolling. We do not allow language or behavior that harasses, humiliates, threatens, or doxes anyone. This also includes responding to such acts with retaliatory harassment (but excludes non-harassing counterspeech).We proactively enforce our Community Guidelines through a mix of technology and human moderation. We have detected this policy violation using automated measures. We have used automated measures in making this decision.",,STATEMENT_CATEGORY_ILLEGAL_OR_HARMFUL_SPEECH,,,,"[""CONTENT_TYPE_TEXT""]",,,"2024-11-23 00:00:00","[""AT"",""BE"",""BG"",""CY"",""CZ"",""DE"",""DK"",""EE"",""ES"",""FI"",""FR"",""GR"",""HR"",""HU"",""IE"",""IT"",""LI"",""LT"",""LU"",""LV"",""MT"",""NL"",""NO"",""PL"",""PT"",""RO"",""SE"",""SI"",""SK""]","2024-11-23 00:00:00","The decision was taken pursuant to own-initiative investigations.",SOURCE_VOLUNTARY,,Yes,AUTOMATED_DECISION_FULLY,TikTok,7440322532630174496,"2024-11-23 04:11:38"
63a28e73-6912-4980-97b3-0b65539cf89d,"[""DECISION_VISIBILITY_OTHER""]","Photo not eligible for recommendation in the For You feed, and visibility restricted in search results",,,,,,,,,,DECISION_GROUND_INCOMPATIBLE_CONTENT,,,,"Civic and Election Integrity","We want to enable the informed exchange of civic ideas in a way that fosters productive dialogue. Your video didn’t meet our eligibility standards for the For You Feed. Please review our Community Guidelines for more information.We proactively enforce our Community Guidelines through a mix of technology and human moderation. We have detected this policy violation using automated measures. We have used automated measures in making this decision.",,STATEMENT_CATEGORY_NEGATIVE_EFFECTS_ON_CIVIC_DISCOURSE_OR_ELECTIONS,,,,"[""CONTENT_TYPE_IMAGE""]",,,"2024-11-23 00:00:00","[""AT"",""BE"",""BG"",""CY"",""CZ"",""DE"",""DK"",""EE"",""ES"",""FI"",""FR"",""GR"",""HR"",""HU"",""IE"",""IT"",""LI"",""LT"",""LU"",""LV"",""MT"",""NL"",""NO"",""PL"",""PT"",""RO"",""SE"",""SI"",""SK""]","2024-11-23 00:00:00","The decision was taken pursuant to own-initiative investigations.",SOURCE_VOLUNTARY,,Yes,AUTOMATED_DECISION_FULLY,TikTok,7440322540716743456,"2024-11-23 04:11:38"
8e669887-0621-463d-b25d-6a02d1b06582,"[""DECISION_VISIBILITY_CONTENT_REMOVED""]",,,,,,,,,,,DECISION_GROUND_INCOMPATIBLE_CONTENT,,,,"Hate Speech and Hateful Behaviors","TikTok is enriched by the various backgrounds of our community members. Our differences should be respected, rather than a cause for division. We do not allow any hateful behavior, hate speech, or promotion of hateful ideologies. This includes content that attacks a person or group because of protected attributes.We proactively enforce our Community Guidelines through a mix of technology and human moderation. We have detected this policy violation using automated measures. We have used automated measures in making this decision.",,STATEMENT_CATEGORY_ILLEGAL_OR_HARMFUL_SPEECH,,,,"[""CONTENT_TYPE_TEXT""]",,,"2024-11-23 00:00:00","[""AT"",""BE"",""BG"",""CY"",""CZ"",""DE"",""DK"",""EE"",""ES"",""FI"",""FR"",""GR"",""HR"",""HU"",""IE"",""IT"",""LI"",""LT"",""LU"",""LV"",""MT"",""NL"",""NO"",""PL"",""PT"",""RO"",""SE"",""SI"",""SK""]","2024-11-23 00:00:00","The decision was taken pursuant to own-initiative investigations.",SOURCE_VOLUNTARY,,Yes,AUTOMATED_DECISION_FULLY,TikTok,7440322540716759840,"2024-11-23 04:11:38"
a2e416c8-210b-470a-bc91-371a58018b6e,"[""DECISION_VISIBILITY_CONTENT_REMOVED""]",,,,,,,,,,,DECISION_GROUND_INCOMPATIBLE_CONTENT,,,,"Harassment and Bullying","We welcome the respectful expression of different viewpoints, but not toxicity or trolling. We do not allow language or behavior that harasses, humiliates, threatens, or doxes anyone. This also includes responding to such acts with retaliatory harassment (but excludes non-harassing counterspeech).We proactively enforce our Community Guidelines through a mix of technology and human moderation. We have detected this policy violation using automated measures. We have used automated measures in making this decision.",,STATEMENT_CATEGORY_ILLEGAL_OR_HARMFUL_SPEECH,,,,"[""CONTENT_TYPE_TEXT""]",,,"2024-11-23 00:00:00","[""AT"",""BE"",""BG"",""CY"",""CZ"",""DE"",""DK"",""EE"",""ES"",""FI"",""FR"",""GR"",""HR"",""HU"",""IE"",""IT"",""LI"",""LT"",""LU"",""LV"",""MT"",""NL"",""NO"",""PL"",""PT"",""RO"",""SE"",""SI"",""SK""]","2024-11-23 00:00:00","The decision was taken pursuant to own-initiative investigations.",SOURCE_VOLUNTARY,,Yes,AUTOMATED_DECISION_FULLY,TikTok,7440322532630190880,"2024-11-23 04:11:38"
1ea0801f-6d77-4782-93dd-973a039d51c5,"[""DECISION_VISIBILITY_CONTENT_REMOVED""]",,,,,,,,,,,DECISION_GROUND_INCOMPATIBLE_CONTENT,,,,"Harassment and Bullying","We welcome the respectful expression of different viewpoints, but not toxicity or trolling. We do not allow language or behavior that harasses, humiliates, threatens, or doxes anyone. This also includes responding to such acts with retaliatory harassment (but excludes non-harassing counterspeech).We proactively enforce our Community Guidelines through a mix of technology and human moderation. We have detected this policy violation using automated measures. We have used automated measures in making this decision.",,STATEMENT_CATEGORY_ILLEGAL_OR_HARMFUL_SPEECH,,,,"[""CONTENT_TYPE_TEXT""]",,,"2024-11-23 00:00:00","[""AT"",""BE"",""BG"",""CY"",""CZ"",""DE"",""DK"",""EE"",""ES"",""FI"",""FR"",""GR"",""HR"",""HU"",""IE"",""IT"",""LI"",""LT"",""LU"",""LV"",""MT"",""NL"",""NO"",""PL"",""PT"",""RO"",""SE"",""SI"",""SK""]","2024-11-23 00:00:00","The decision was taken pursuant to own-initiative investigations.",SOURCE_VOLUNTARY,,Yes,AUTOMATED_DECISION_FULLY,TikTok,7440322540716776224,"2024-11-23 04:11:38"
73a5b465-e464-4f70-a5f9-5292281c8862,"[""DECISION_VISIBILITY_CONTENT_REMOVED""]",,,,,,,,,,,DECISION_GROUND_INCOMPATIBLE_CONTENT,,,,"Harassment and Bullying","We welcome the respectful expression of different viewpoints, but not toxicity or trolling. We do not allow language or behavior that harasses, humiliates, threatens, or doxes anyone. This also includes responding to such acts with retaliatory harassment (but excludes non-harassing counterspeech).We proactively enforce our Community Guidelines through a mix of technology and human moderation. We have detected this policy violation using automated measures. We have used automated measures in making this decision.",,STATEMENT_CATEGORY_ILLEGAL_OR_HARMFUL_SPEECH,,,,"[""CONTENT_TYPE_TEXT""]",,,"2024-11-23 00:00:00","[""AT"",""BE"",""BG"",""CY"",""CZ"",""DE"",""DK"",""EE"",""ES"",""FI"",""FR"",""GR"",""HR"",""HU"",""IE"",""IT"",""LI"",""LT"",""LU"",""LV"",""MT"",""NL"",""NO"",""PL"",""PT"",""RO"",""SE"",""SI"",""SK""]","2024-11-23 00:00:00","The decision was taken pursuant to own-initiative investigations.",SOURCE_VOLUNTARY,,Yes,AUTOMATED_DECISION_FULLY,TikTok,7440322532630207264,"2024-11-23 04:11:38"
355cf35f-8faf-493a-9e4a-6b755d9b35fc,"[""DECISION_VISIBILITY_CONTENT_REMOVED""]",,,,,,,,,,,DECISION_GROUND_INCOMPATIBLE_CONTENT,,,,"Hate Speech and Hateful Behaviors","TikTok is enriched by the various backgrounds of our community members. Our differences should be respected, rather than a cause for division. We do not allow any hateful behavior, hate speech, or promotion of hateful ideologies. This includes content that attacks a person or group because of protected attributes.We proactively enforce our Community Guidelines through a mix of technology and human moderation. We have detected this policy violation using automated measures. We have used automated measures in making this decision.",,STATEMENT_CATEGORY_ILLEGAL_OR_HARMFUL_SPEECH,,,,"[""CONTENT_TYPE_TEXT""]",,,"2024-11-23 00:00:00","[""AT"",""BE"",""BG"",""CY"",""CZ"",""DE"",""DK"",""EE"",""ES"",""FI"",""FR"",""GR"",""HR"",""HU"",""IE"",""IT"",""LI"",""LT"",""LU"",""LV"",""MT"",""NL"",""NO"",""PL"",""PT"",""RO"",""SE"",""SI"",""SK""]","2024-11-23 00:00:00","The decision was taken pursuant to own-initiative investigations.",SOURCE_VOLUNTARY,,Yes,AUTOMATED_DECISION_FULLY,TikTok,7440322532630223648,"2024-11-23 04:11:38"
3a0d04ea-9652-4b58-987e-cb9b3fbd82ee,"[""DECISION_VISIBILITY_CONTENT_REMOVED""]",,,,,,,,,,,DECISION_GROUND_INCOMPATIBLE_CONTENT,,,,"Harassment and Bullying","We welcome the respectful expression of different viewpoints, but not toxicity or trolling. We do not allow language or behavior that harasses, humiliates, threatens, or doxes anyone. This also includes responding to such acts with retaliatory harassment (but excludes non-harassing counterspeech).We proactively enforce our Community Guidelines through a mix of technology and human moderation. We have detected this policy violation using automated measures. We have used automated measures in making this decision.",,STATEMENT_CATEGORY_ILLEGAL_OR_HARMFUL_SPEECH,,,,"[""CONTENT_TYPE_TEXT""]",,,"2024-11-23 00:00:00","[""AT"",""BE"",""BG"",""CY"",""CZ"",""DE"",""DK"",""EE"",""ES"",""FI"",""FR"",""GR"",""HR"",""HU"",""IE"",""IT"",""LI"",""LT"",""LU"",""LV"",""MT"",""NL"",""NO"",""PL"",""PT"",""RO"",""SE"",""SI"",""SK""]","2024-11-23 00:00:00","The decision was taken pursuant to own-initiative investigations.",SOURCE_VOLUNTARY,,Yes,AUTOMATED_DECISION_FULLY,TikTok,7440322540716792608,"2024-11-23 04:11:38"
812716cb-a2ec-42c0-b264-2752184187d4,"[""DECISION_VISIBILITY_CONTENT_REMOVED""]",,,,,,,,,,,DECISION_GROUND_INCOMPATIBLE_CONTENT,,,,"Sexual Exploitation and Gender-Based Violence","We are committed to providing a space that embraces gender equity, supports healthy relationships, and respects intimate privacy. We do not allow sexual exploitation or gender-based violence, including non-consensual sexual acts, image-based sexual abuse, sextortion, physical abuse, and sexual harassment.We proactively enforce our Community Guidelines through a mix of technology and human moderation. We have detected this policy violation using automated measures. We have used automated measures in making this decision.",,STATEMENT_CATEGORY_VIOLENCE,,,,"[""CONTENT_TYPE_TEXT""]",,,"2024-11-23 00:00:00","[""AT"",""BE"",""BG"",""CY"",""CZ"",""DE"",""DK"",""EE"",""ES"",""FI"",""FR"",""GR"",""HR"",""HU"",""IE"",""IT"",""LI"",""LT"",""LU"",""LV"",""MT"",""NL"",""NO"",""PL"",""PT"",""RO"",""SE"",""SI"",""SK""]","2024-11-23 00:00:00","The decision was taken pursuant to own-initiative investigations.",SOURCE_VOLUNTARY,,Yes,AUTOMATED_DECISION_FULLY,TikTok,7440322551105985313,"2024-11-23 04:11:38"
4460de05-6b63-4a26-807f-239d06c58352,"[""DECISION_VISIBILITY_CONTENT_REMOVED""]",,,,,,,,,,,DECISION_GROUND_INCOMPATIBLE_CONTENT,,,,"Harassment and Bullying","We welcome the respectful expression of different viewpoints, but not toxicity or trolling. We do not allow language or behavior that harasses, humiliates, threatens, or doxes anyone. This also includes responding to such acts with retaliatory harassment (but excludes non-harassing counterspeech).We proactively enforce our Community Guidelines through a mix of technology and human moderation. We have detected this policy violation using automated measures. We have used automated measures in making this decision.",,STATEMENT_CATEGORY_ILLEGAL_OR_HARMFUL_SPEECH,,,,"[""CONTENT_TYPE_TEXT""]",,,"2024-11-23 00:00:00","[""AT"",""BE"",""BG"",""CY"",""CZ"",""DE"",""DK"",""EE"",""ES"",""FI"",""FR"",""GR"",""HR"",""HU"",""IE"",""IT"",""LI"",""LT"",""LU"",""LV"",""MT"",""NL"",""NO"",""PL"",""PT"",""RO"",""SE"",""SI"",""SK""]","2024-11-23 00:00:00","The decision was taken pursuant to own-initiative investigations.",SOURCE_VOLUNTARY,,Yes,AUTOMATED_DECISION_FULLY,TikTok,7440322540716808992,"2024-11-23 04:11:38"
9945d122-9e2e-4609-bab5-6db7cf1222a1,"[""DECISION_VISIBILITY_CONTENT_REMOVED""]",,,,,,,,,,,DECISION_GROUND_INCOMPATIBLE_CONTENT,,,,"Harassment and Bullying","We welcome the respectful expression of different viewpoints, but not toxicity or trolling. We do not allow language or behavior that harasses, humiliates, threatens, or doxes anyone. This also includes responding to such acts with retaliatory harassment (but excludes non-harassing counterspeech).We proactively enforce our Community Guidelines through a mix of technology and human moderation. We have detected this policy violation using automated measures. We have used automated measures in making this decision.",,STATEMENT_CATEGORY_ILLEGAL_OR_HARMFUL_SPEECH,,,,"[""CONTENT_TYPE_TEXT""]",,,"2024-11-23 00:00:00","[""AT"",""BE"",""BG"",""CY"",""CZ"",""DE"",""DK"",""EE"",""ES"",""FI"",""FR"",""GR"",""HR"",""HU"",""IE"",""IT"",""LI"",""LT"",""LU"",""LV"",""MT"",""NL"",""NO"",""PL"",""PT"",""RO"",""SE"",""SI"",""SK""]","2024-11-23 00:00:00","The decision was taken pursuant to own-initiative investigations.",SOURCE_VOLUNTARY,,Yes,AUTOMATED_DECISION_FULLY,TikTok,7440322540716825376,"2024-11-23 04:11:38"
2c8abb75-17ce-41ad-b4f0-1433b095fe9f,"[""DECISION_VISIBILITY_CONTENT_REMOVED""]",,,,,,,,,,,DECISION_GROUND_INCOMPATIBLE_CONTENT,,,,"Hate Speech and Hateful Behaviors","TikTok is enriched by the various backgrounds of our community members. Our differences should be respected, rather than a cause for division. We do not allow any hateful behavior, hate speech, or promotion of hateful ideologies. This includes content that attacks a person or group because of protected attributes.We proactively enforce our Community Guidelines through a mix of technology and human moderation. We have detected this policy violation using automated measures. We have used automated measures in making this decision.",,STATEMENT_CATEGORY_ILLEGAL_OR_HARMFUL_SPEECH,,,,"[""CONTENT_TYPE_TEXT""]",,,"2024-11-23 00:00:00","[""AT"",""BE"",""BG"",""CY"",""CZ"",""DE"",""DK"",""EE"",""ES"",""FI"",""FR"",""GR"",""HR"",""HU"",""IE"",""IT"",""LI"",""LT"",""LU"",""LV"",""MT"",""NL"",""NO"",""PL"",""PT"",""RO"",""SE"",""SI"",""SK""]","2024-11-23 00:00:00","The decision was taken pursuant to own-initiative investigations.",SOURCE_VOLUNTARY,,Yes,AUTOMATED_DECISION_FULLY,TikTok,7440322568466225953,"2024-11-23 04:11:43"
175c0e15-7786-469f-abd1-b92cbf5e4bca,"[""DECISION_VISIBILITY_OTHER""]","Photo not eligible for recommendation in the For You feed, and visibility restricted in search results",,,,,,,,,,DECISION_GROUND_INCOMPATIBLE_CONTENT,,,,"Civic and Election Integrity","We want to enable the informed exchange of civic ideas in a way that fosters productive dialogue. Your video didn’t meet our eligibility standards for the For You Feed. Please review our Community Guidelines for more information.We proactively enforce our Community Guidelines through a mix of technology and human moderation. We have detected this policy violation using automated measures. We have used automated measures in making this decision.",,STATEMENT_CATEGORY_NEGATIVE_EFFECTS_ON_CIVIC_DISCOURSE_OR_ELECTIONS,,,,"[""CONTENT_TYPE_IMAGE""]",,,"2024-11-23 00:00:00","[""AT"",""BE"",""BG"",""CY"",""CZ"",""DE"",""DK"",""EE"",""ES"",""FI"",""FR"",""GR"",""HR"",""HU"",""IE"",""IT"",""LI"",""LT"",""LU"",""LV"",""MT"",""NL"",""NO"",""PL"",""PT"",""RO"",""SE"",""SI"",""SK""]","2024-11-23 00:00:00","The decision was taken pursuant to own-initiative investigations.",SOURCE_VOLUNTARY,,Yes,AUTOMATED_DECISION_FULLY,TikTok,7440322557577927457,"2024-11-23 04:11:43"
620e84d5-ca4f-4ffd-a815-984ede77564d,"[""DECISION_VISIBILITY_CONTENT_REMOVED""]",,,,,,,,,,,DECISION_GROUND_INCOMPATIBLE_CONTENT,,,,"Sexual Exploitation and Gender-Based Violence","We are committed to providing a space that embraces gender equity, supports healthy relationships, and respects intimate privacy. We do not allow sexual exploitation or gender-based violence, including non-consensual sexual acts, image-based sexual abuse, sextortion, physical abuse, and sexual harassment.We proactively enforce our Community Guidelines through a mix of technology and human moderation. We have detected this policy violation using automated measures. We have used automated measures in making this decision.",,STATEMENT_CATEGORY_VIOLENCE,,,,"[""CONTENT_TYPE_TEXT""]",,,"2024-11-23 00:00:00","[""AT"",""BE"",""BG"",""CY"",""CZ"",""DE"",""DK"",""EE"",""ES"",""FI"",""FR"",""GR"",""HR"",""HU"",""IE"",""IT"",""LI"",""LT"",""LU"",""LV"",""MT"",""NL"",""NO"",""PL"",""PT"",""RO"",""SE"",""SI"",""SK""]","2024-11-23 00:00:00","The decision was taken pursuant to own-initiative investigations.",SOURCE_VOLUNTARY,,Yes,AUTOMATED_DECISION_FULLY,TikTok,7440322568466242337,"2024-11-23 04:11:43"
a53d5948-a24a-4b04-b936-654646ca99e7,"[""DECISION_VISIBILITY_CONTENT_REMOVED""]",,,,,,,,,,,DECISION_GROUND_INCOMPATIBLE_CONTENT,,,,"Hate Speech and Hateful Behaviors","TikTok is enriched by the various backgrounds of our community members. Our differences should be respected, rather than a cause for division. We do not allow any hateful behavior, hate speech, or promotion of hateful ideologies. This includes content that attacks a person or group because of protected attributes.We proactively enforce our Community Guidelines through a mix of technology and human moderation. We have detected this policy violation using automated measures.",,STATEMENT_CATEGORY_ILLEGAL_OR_HARMFUL_SPEECH,,,,"[""CONTENT_TYPE_IMAGE""]",,,"2024-11-11 00:00:00","[""AT"",""BE"",""BG"",""CY"",""CZ"",""DE"",""DK"",""EE"",""ES"",""FI"",""FR"",""GR"",""HR"",""HU"",""IE"",""IT"",""LI"",""LT"",""LU"",""LV"",""MT"",""NL"",""NO"",""PL"",""PT"",""RO"",""SE"",""SI"",""SK""]","2024-11-23 00:00:00","The decision was taken pursuant to own-initiative investigations.",SOURCE_VOLUNTARY,,Yes,AUTOMATED_DECISION_NOT_AUTOMATED,TikTok,7440322568466258721,"2024-11-23 04:11:43"
aa0f269d-1acd-4b04-98f8-4a113c8ea3db,"[""DECISION_VISIBILITY_CONTENT_REMOVED""]",,,,,,,,,,,DECISION_GROUND_INCOMPATIBLE_CONTENT,,,,"Hate Speech and Hateful Behaviors","TikTok is enriched by the various backgrounds of our community members. Our differences should be respected, rather than a cause for division. We do not allow any hateful behavior, hate speech, or promotion of hateful ideologies. This includes content that attacks a person or group because of protected attributes.We proactively enforce our Community Guidelines through a mix of technology and human moderation. We have detected this policy violation using automated measures. We have used automated measures in making this decision.",,STATEMENT_CATEGORY_ILLEGAL_OR_HARMFUL_SPEECH,,,,"[""CONTENT_TYPE_TEXT""]",,,"2024-11-23 00:00:00","[""AT"",""BE"",""BG"",""CY"",""CZ"",""DE"",""DK"",""EE"",""ES"",""FI"",""FR"",""GR"",""HR"",""HU"",""IE"",""IT"",""LI"",""LT"",""LU"",""LV"",""MT"",""NL"",""NO"",""PL"",""PT"",""RO"",""SE"",""SI"",""SK""]","2024-11-23 00:00:00","The decision was taken pursuant to own-initiative investigations.",SOURCE_VOLUNTARY,,Yes,AUTOMATED_DECISION_FULLY,TikTok,7440322557577943841,"2024-11-23 04:11:43"
b78e5fb3-c309-4df4-8bfb-f4e465ddd3f4,"[""DECISION_VISIBILITY_CONTENT_REMOVED""]",,,,,,,,,,,DECISION_GROUND_INCOMPATIBLE_CONTENT,,,,"Sexually Suggestive Content","We welcome performances and dances where people can creatively express themselves, celebrate their culture, or seek to entertain. We are mindful that certain behaviors related to sexual arousal or suggestiveness may be offensive to some people and may put young people at risk of exploitation. We do not allow seductive performances or allusions to sexual activity by young people, or the use of sexually explicit narratives by anyone.We proactively enforce our Community Guidelines through a mix of technology and human moderation. We have detected this policy violation using automated measures. We have used automated measures in making this decision.",,STATEMENT_CATEGORY_SCOPE_OF_PLATFORM_SERVICE,,,,"[""CONTENT_TYPE_TEXT""]",,,"2024-11-23 00:00:00","[""AT"",""BE"",""BG"",""CY"",""CZ"",""DE"",""DK"",""EE"",""ES"",""FI"",""FR"",""GR"",""HR"",""HU"",""IE"",""IT"",""LI"",""LT"",""LU"",""LV"",""MT"",""NL"",""NO"",""PL"",""PT"",""RO"",""SE"",""SI"",""SK""]","2024-11-23 00:00:00","The decision was taken pursuant to own-initiative investigations.",SOURCE_VOLUNTARY,,Yes,AUTOMATED_DECISION_FULLY,TikTok,7440322570856962848,"2024-11-23 04:11:43"
4f2efd28-d895-451a-aa8d-e5d066aa85a7,,,,,,,,,DECISION_ACCOUNT_TERMINATED,,,DECISION_GROUND_INCOMPATIBLE_CONTENT,,,,"Youth Exploitation and Abuse","Your account was banned due to policy violations in Youth Exploitation and Abuse",,STATEMENT_CATEGORY_PROTECTION_OF_MINORS,,,,"[""CONTENT_TYPE_OTHER""]","Account Ban",,"2024-09-12 00:00:00","[""AT"",""BE"",""BG"",""CY"",""CZ"",""DE"",""DK"",""EE"",""ES"",""FI"",""FR"",""GR"",""HR"",""HU"",""IE"",""IT"",""LI"",""LT"",""LU"",""LV"",""MT"",""NL"",""NO"",""PL"",""PT"",""RO"",""SE"",""SI"",""SK""]","2024-11-23 00:00:00","The decision was taken pursuant to own-initiative investigations",SOURCE_VOLUNTARY,,No,AUTOMATED_DECISION_NOT_AUTOMATED,TikTok,7440322570856979232,"2024-11-23 04:11:43"
14844a09-d6e4-4aaa-9f66-3faff3594560,"[""DECISION_VISIBILITY_CONTENT_REMOVED""]",,,,,,,,,,,DECISION_GROUND_INCOMPATIBLE_CONTENT,,,,"Harassment and Bullying","We welcome the respectful expression of different viewpoints, but not toxicity or trolling. We do not allow language or behavior that harasses, humiliates, threatens, or doxes anyone. This also includes responding to such acts with retaliatory harassment (but excludes non-harassing counterspeech).We proactively enforce our Community Guidelines through a mix of technology and human moderation. We have detected this policy violation using automated measures. We have used automated measures in making this decision.",,STATEMENT_CATEGORY_ILLEGAL_OR_HARMFUL_SPEECH,,,,"[""CONTENT_TYPE_TEXT""]",,,"2024-11-23 00:00:00","[""AT"",""BE"",""BG"",""CY"",""CZ"",""DE"",""DK"",""EE"",""ES"",""FI"",""FR"",""GR"",""HR"",""HU"",""IE"",""IT"",""LI"",""LT"",""LU"",""LV"",""MT"",""NL"",""NO"",""PL"",""PT"",""RO"",""SE"",""SI"",""SK""]","2024-11-23 00:00:00","The decision was taken pursuant to own-initiative investigations.",SOURCE_VOLUNTARY,,Yes,AUTOMATED_DECISION_FULLY,TikTok,7440322568466275105,"2024-11-23 04:11:43"
ab1f7b6d-7c74-4337-a0c9-49ec8c450633,"[""DECISION_VISIBILITY_OTHER""]","Video not eligible for recommendation in the For You feed",,,,,,,,,,DECISION_GROUND_INCOMPATIBLE_CONTENT,,,,"Community Guidelines","We maintain content eligibility standards for the For You feed (FYF) that prioritize safety and are informed by the diversity of our community and cultural norms. We make ineligible for the FYF certain content that may not be appropriate for a broad audience related to: (1) Behavioral Health, (2) Sensitive and Mature Themes, (3) Integrity and Authenticity, and (4) Regulated Goods. Content that is ineligible for the FYF can still be discovered in other ways, such as through search tools or by following an account.We proactively enforce our Community Guidelines through a mix of technology and human moderation. We have detected this policy violation using automated measures. We have used automated measures in making this decision.",,STATEMENT_CATEGORY_SCOPE_OF_PLATFORM_SERVICE,,,,"[""CONTENT_TYPE_VIDEO""]",,,"2024-11-23 00:00:00","[""AT"",""BE"",""BG"",""CY"",""CZ"",""DE"",""DK"",""EE"",""ES"",""FI"",""FR"",""GR"",""HR"",""HU"",""IE"",""IT"",""LI"",""LT"",""LU"",""LV"",""MT"",""NL"",""NO"",""PL"",""PT"",""RO"",""SE"",""SI"",""SK""]","2024-11-23 00:00:00","The decision was taken pursuant to own-initiative investigations.",SOURCE_VOLUNTARY,,Yes,AUTOMATED_DECISION_FULLY,TikTok,7440322568466291489,"2024-11-23 04:11:43"
9b1d8ccc-9b88-48d5-86c6-ad474f403e9c,"[""DECISION_VISIBILITY_OTHER""]","Video not eligible for recommendation in the For You feed",,,,,,,,,,DECISION_GROUND_INCOMPATIBLE_CONTENT,,,,"Community Guidelines","We maintain content eligibility standards for the For You feed (FYF) that prioritize safety and are informed by the diversity of our community and cultural norms. We make ineligible for the FYF certain content that may not be appropriate for a broad audience related to: (1) Behavioral Health, (2) Sensitive and Mature Themes, (3) Integrity and Authenticity, and (4) Regulated Goods. Content that is ineligible for the FYF can still be discovered in other ways, such as through search tools or by following an account.We proactively enforce our Community Guidelines through a mix of technology and human moderation. We have detected this policy violation using automated measures. We have used automated measures in making this decision.",,STATEMENT_CATEGORY_SCOPE_OF_PLATFORM_SERVICE,,,,"[""CONTENT_TYPE_VIDEO""]",,,"2024-11-23 00:00:00","[""AT"",""BE"",""BG"",""CY"",""CZ"",""DE"",""DK"",""EE"",""ES"",""FI"",""FR"",""GR"",""HR"",""HU"",""IE"",""IT"",""LI"",""LT"",""LU"",""LV"",""MT"",""NL"",""NO"",""PL"",""PT"",""RO"",""SE"",""SI"",""SK""]","2024-11-23 00:00:00","The decision was taken pursuant to own-initiative investigations.",SOURCE_VOLUNTARY,,Yes,AUTOMATED_DECISION_FULLY,TikTok,7440322570856995616,"2024-11-23 04:11:43"
509397d3-4a68-43d0-bd9e-2de80ae5b5ca,"[""DECISION_VISIBILITY_OTHER""]","Video not eligible for recommendation in the For You feed",,,,,,,,,,DECISION_GROUND_INCOMPATIBLE_CONTENT,,,,"Community Guidelines","We maintain content eligibility standards for the For You feed (FYF) that prioritize safety and are informed by the diversity of our community and cultural norms. We make ineligible for the FYF certain content that may not be appropriate for a broad audience related to: (1) Behavioral Health, (2) Sensitive and Mature Themes, (3) Integrity and Authenticity, and (4) Regulated Goods. Content that is ineligible for the FYF can still be discovered in other ways, such as through search tools or by following an account.We proactively enforce our Community Guidelines through a mix of technology and human moderation. We have detected this policy violation using automated measures. We have used automated measures in making this decision.",,STATEMENT_CATEGORY_SCOPE_OF_PLATFORM_SERVICE,,,,"[""CONTENT_TYPE_VIDEO""]",,,"2024-11-23 00:00:00","[""AT"",""BE"",""BG"",""CY"",""CZ"",""DE"",""DK"",""EE"",""ES"",""FI"",""FR"",""GR"",""HR"",""HU"",""IE"",""IT"",""LI"",""LT"",""LU"",""LV"",""MT"",""NL"",""NO"",""PL"",""PT"",""RO"",""SE"",""SI"",""SK""]","2024-11-23 00:00:00","The decision was taken pursuant to own-initiative investigations.",SOURCE_VOLUNTARY,,Yes,AUTOMATED_DECISION_FULLY,TikTok,7440322568466307873,"2024-11-23 04:11:43"
fae1c94c-baed-4d08-8423-cc1f7c1c855e,"[""DECISION_VISIBILITY_CONTENT_REMOVED""]",,,,,,,,,,,DECISION_GROUND_INCOMPATIBLE_CONTENT,,,,"Hate Speech and Hateful Behaviors","TikTok is enriched by the various backgrounds of our community members. Our differences should be respected, rather than a cause for division. We do not allow any hateful behavior, hate speech, or promotion of hateful ideologies. This includes content that attacks a person or group because of protected attributes.We proactively enforce our Community Guidelines through a mix of technology and human moderation. We have detected this policy violation using automated measures. We have used automated measures in making this decision.",,STATEMENT_CATEGORY_ILLEGAL_OR_HARMFUL_SPEECH,,,,"[""CONTENT_TYPE_TEXT""]",,,"2024-11-23 00:00:00","[""AT"",""BE"",""BG"",""CY"",""CZ"",""DE"",""DK"",""EE"",""ES"",""FI"",""FR"",""GR"",""HR"",""HU"",""IE"",""IT"",""LI"",""LT"",""LU"",""LV"",""MT"",""NL"",""NO"",""PL"",""PT"",""RO"",""SE"",""SI"",""SK""]","2024-11-23 00:00:00","The decision was taken pursuant to own-initiative investigations.",SOURCE_VOLUNTARY,,Yes,AUTOMATED_DECISION_FULLY,TikTok,7440322568466324257,"2024-11-23 04:11:43"
187a4884-5bba-40bb-a157-0db616f76ef4,"[""DECISION_VISIBILITY_OTHER""]","Video not eligible for recommendation in the For You feed",,,,,,,,,,DECISION_GROUND_INCOMPATIBLE_CONTENT,,,,"Community Guidelines","We maintain content eligibility standards for the For You feed (FYF) that prioritize safety and are informed by the diversity of our community and cultural norms. We make ineligible for the FYF certain content that may not be appropriate for a broad audience related to: (1) Behavioral Health, (2) Sensitive and Mature Themes, (3) Integrity and Authenticity, and (4) Regulated Goods. Content that is ineligible for the FYF can still be discovered in other ways, such as through search tools or by following an account.We proactively enforce our Community Guidelines through a mix of technology and human moderation. We have detected this policy violation using automated measures. We have used automated measures in making this decision.",,STATEMENT_CATEGORY_SCOPE_OF_PLATFORM_SERVICE,,,,"[""CONTENT_TYPE_VIDEO""]",,,"2024-11-23 00:00:00","[""AT"",""BE"",""BG"",""CY"",""CZ"",""DE"",""DK"",""EE"",""ES"",""FI"",""FR"",""GR"",""HR"",""HU"",""IE"",""IT"",""LI"",""LT"",""LU"",""LV"",""MT"",""NL"",""NO"",""PL"",""PT"",""RO"",""SE"",""SI"",""SK""]","2024-11-23 00:00:00","The decision was taken pursuant to own-initiative investigations.",SOURCE_VOLUNTARY,,Yes,AUTOMATED_DECISION_FULLY,TikTok,7440322568466340641,"2024-11-23 04:11:43"
84fbd2ba-649e-4fc8-b22e-0b902078f250,"[""DECISION_VISIBILITY_CONTENT_REMOVED""]",,,,,,,,,,,DECISION_GROUND_INCOMPATIBLE_CONTENT,,,,"Community Guidelines","Your content is against our Community Guidelines. The guidelines include rules and standards for using TikTok that apply to everyone and everything on our platform.We proactively enforce our Community Guidelines through a mix of technology and human moderation. We have detected this policy violation using automated measures.",,STATEMENT_CATEGORY_SCOPE_OF_PLATFORM_SERVICE,,,,"[""CONTENT_TYPE_OTHER""]",Hashtag,,"2018-10-05 00:00:00","[""AT"",""BE"",""BG"",""CY"",""CZ"",""DE"",""DK"",""EE"",""ES"",""FI"",""FR"",""GR"",""HR"",""HU"",""IE"",""IT"",""LI"",""LT"",""LU"",""LV"",""MT"",""NL"",""NO"",""PL"",""PT"",""RO"",""SE"",""SI"",""SK""]","2024-11-23 00:00:00","The decision was taken pursuant to own-initiative investigations.",SOURCE_VOLUNTARY,,Yes,AUTOMATED_DECISION_NOT_AUTOMATED,TikTok,7440322570857012000,"2024-11-23 04:11:43"
ef480170-a23a-43f5-a448-6e1a584c4b19,"[""DECISION_VISIBILITY_CONTENT_REMOVED""]",,,,,,,,,,,DECISION_GROUND_INCOMPATIBLE_CONTENT,,,,"Community Guidelines","Your content is against our Community Guidelines. The guidelines include rules and standards for using TikTok that apply to everyone and everything on our platform.We proactively enforce our Community Guidelines through a mix of technology and human moderation. We have detected this policy violation using automated measures. We have used automated measures in making this decision.",,STATEMENT_CATEGORY_SCOPE_OF_PLATFORM_SERVICE,,,,"[""CONTENT_TYPE_IMAGE""]",,,"2024-10-12 00:00:00","[""AT"",""BE"",""BG"",""CY"",""CZ"",""DE"",""DK"",""EE"",""ES"",""FI"",""FR"",""GR"",""HR"",""HU"",""IE"",""IT"",""LI"",""LT"",""LU"",""LV"",""MT"",""NL"",""NO"",""PL"",""PT"",""RO"",""SE"",""SI"",""SK""]","2024-11-23 00:00:00","The decision was taken pursuant to own-initiative investigations.",SOURCE_VOLUNTARY,,Yes,AUTOMATED_DECISION_FULLY,TikTok,7440322570857028384,"2024-11-23 04:11:43"
105ac34f-af91-4aa8-bde4-b1d3a7f6bcf9,"[""DECISION_VISIBILITY_CONTENT_REMOVED""]",,,,,,,,,,,DECISION_GROUND_INCOMPATIBLE_CONTENT,,,,"Community Guidelines","Your content is against our Community Guidelines. The guidelines include rules and standards for using TikTok that apply to everyone and everything on our platform.We proactively enforce our Community Guidelines through a mix of technology and human moderation. We have detected this policy violation using automated measures. We have used automated measures in making this decision.",,STATEMENT_CATEGORY_SCOPE_OF_PLATFORM_SERVICE,,,,"[""CONTENT_TYPE_IMAGE""]",,,"2024-03-29 00:00:00","[""AT"",""BE"",""BG"",""CY"",""CZ"",""DE"",""DK"",""EE"",""ES"",""FI"",""FR"",""GR"",""HR"",""HU"",""IE"",""IT"",""LI"",""LT"",""LU"",""LV"",""MT"",""NL"",""NO"",""PL"",""PT"",""RO"",""SE"",""SI"",""SK""]","2024-11-23 00:00:00","The decision was taken pursuant to own-initiative investigations.",SOURCE_VOLUNTARY,,Yes,AUTOMATED_DECISION_FULLY,TikTok,7440322568466357025,"2024-11-23 04:11:43"
c3403bdd-20e0-47fc-ada7-ffa06a8ac17d,"[""DECISION_VISIBILITY_CONTENT_REMOVED""]",,,,,,,,,,,DECISION_GROUND_INCOMPATIBLE_CONTENT,,,,"Community Guidelines","Your content is against our Community Guidelines. The guidelines include rules and standards for using TikTok that apply to everyone and everything on our platform.We proactively enforce our Community Guidelines through a mix of technology and human moderation. We have detected this policy violation using automated measures. We have used automated measures in making this decision.",,STATEMENT_CATEGORY_SCOPE_OF_PLATFORM_SERVICE,,,,"[""CONTENT_TYPE_IMAGE""]",,,"2024-09-28 00:00:00","[""AT"",""BE"",""BG"",""CY"",""CZ"",""DE"",""DK"",""EE"",""ES"",""FI"",""FR"",""GR"",""HR"",""HU"",""IE"",""IT"",""LI"",""LT"",""LU"",""LV"",""MT"",""NL"",""NO"",""PL"",""PT"",""RO"",""SE"",""SI"",""SK""]","2024-11-23 00:00:00","The decision was taken pursuant to own-initiative investigations.",SOURCE_VOLUNTARY,,Yes,AUTOMATED_DECISION_FULLY,TikTok,7440322570857044768,"2024-11-23 04:11:43"
0f0d9224-282a-4d1d-bd5f-7b23807696d8,"[""DECISION_VISIBILITY_CONTENT_REMOVED""]",,,,,,,,,,,DECISION_GROUND_INCOMPATIBLE_CONTENT,,,,"Community Guidelines","Your content is against our Community Guidelines. The guidelines include rules and standards for using TikTok that apply to everyone and everything on our platform.We proactively enforce our Community Guidelines through a mix of technology and human moderation. We have detected this policy violation using automated measures. We have used automated measures in making this decision.",,STATEMENT_CATEGORY_SCOPE_OF_PLATFORM_SERVICE,,,,"[""CONTENT_TYPE_IMAGE""]",,,"2024-09-08 00:00:00","[""AT"",""BE"",""BG"",""CY"",""CZ"",""DE"",""DK"",""EE"",""ES"",""FI"",""FR"",""GR"",""HR"",""HU"",""IE"",""IT"",""LI"",""LT"",""LU"",""LV"",""MT"",""NL"",""NO"",""PL"",""PT"",""RO"",""SE"",""SI"",""SK""]","2024-11-23 00:00:00","The decision was taken pursuant to own-initiative investigations.",SOURCE_VOLUNTARY,,Yes,AUTOMATED_DECISION_FULLY,TikTok,7440322570857061152,"2024-11-23 04:11:43"
c98e6bd0-eac1-45fe-af69-b64e20cb1e4d,"[""DECISION_VISIBILITY_CONTENT_REMOVED""]",,,,,,,,,,,DECISION_GROUND_INCOMPATIBLE_CONTENT,,,,"Community Guidelines","Your content is against our Community Guidelines. The guidelines include rules and standards for using TikTok that apply to everyone and everything on our platform.We proactively enforce our Community Guidelines through a mix of technology and human moderation. We have detected this policy violation using automated measures. We have used automated measures in making this decision.",,STATEMENT_CATEGORY_SCOPE_OF_PLATFORM_SERVICE,,,,"[""CONTENT_TYPE_IMAGE""]",,,"2024-11-11 00:00:00","[""AT"",""BE"",""BG"",""CY"",""CZ"",""DE"",""DK"",""EE"",""ES"",""FI"",""FR"",""GR"",""HR"",""HU"",""IE"",""IT"",""LI"",""LT"",""LU"",""LV"",""MT"",""NL"",""NO"",""PL"",""PT"",""RO"",""SE"",""SI"",""SK""]","2024-11-23 00:00:00","The decision was taken pursuant to own-initiative investigations.",SOURCE_VOLUNTARY,,Yes,AUTOMATED_DECISION_FULLY,TikTok,7440322581434997537,"2024-11-23 04:11:43"
99570785-2c2c-4a2e-b724-01160f9ef099,"[""DECISION_VISIBILITY_CONTENT_REMOVED""]",,,,,,,,,,,DECISION_GROUND_INCOMPATIBLE_CONTENT,,,,"Community Guidelines","Your content is against our Community Guidelines. The guidelines include rules and standards for using TikTok that apply to everyone and everything on our platform.We proactively enforce our Community Guidelines through a mix of technology and human moderation. We have detected this policy violation using automated measures. We have used automated measures in making this decision.",,STATEMENT_CATEGORY_SCOPE_OF_PLATFORM_SERVICE,,,,"[""CONTENT_TYPE_IMAGE""]",,,"2024-06-26 00:00:00","[""AT"",""BE"",""BG"",""CY"",""CZ"",""DE"",""DK"",""EE"",""ES"",""FI"",""FR"",""GR"",""HR"",""HU"",""IE"",""IT"",""LI"",""LT"",""LU"",""LV"",""MT"",""NL"",""NO"",""PL"",""PT"",""RO"",""SE"",""SI"",""SK""]","2024-11-23 00:00:00","The decision was taken pursuant to own-initiative investigations.",SOURCE_VOLUNTARY,,Yes,AUTOMATED_DECISION_FULLY,TikTok,7440322570857077536,"2024-11-23 04:11:43"
4e73de23-be08-4183-a426-cf1d1702df25,,,,,,,,,DECISION_ACCOUNT_TERMINATED,,,DECISION_GROUND_INCOMPATIBLE_CONTENT,,,,"Advertising policy violation","Reasons why your account may have been suspended: - We received a report or complaint about your account from people on TikTok or other channels. - There are problems with your ad creative, or qualifications or services provided in your ads. - We suspected malicious behavior or intent during ad creation. - You made changes to your ad's landing page after launching the campaign.",,STATEMENT_CATEGORY_SCOPE_OF_PLATFORM_SERVICE,,,,"[""CONTENT_TYPE_OTHER""]","Account Suspended",,"2024-11-22 00:00:00","[""AT"",""BE"",""BG"",""CY"",""CZ"",""DE"",""DK"",""EE"",""ES"",""FI"",""FR"",""GR"",""HR"",""HU"",""IE"",""IT"",""LI"",""LT"",""LU"",""LV"",""MT"",""NL"",""NO"",""PL"",""PT"",""RO"",""SE"",""SI"",""SK""]","2024-11-23 00:00:00","The decision was taken pursuant to own-initiative investigations.",SOURCE_VOLUNTARY,,Yes,AUTOMATED_DECISION_FULLY,TikTok,7440322570857093920,"2024-11-23 04:11:43"
26cc3861-34ce-46a4-a9e8-5f06ca4a1158,"[""DECISION_VISIBILITY_CONTENT_REMOVED""]",,,,,,,,,,,DECISION_GROUND_INCOMPATIBLE_CONTENT,,,,"Community Guidelines","Your content is against our Community Guidelines. The guidelines include rules and standards for using TikTok that apply to everyone and everything on our platform.We proactively enforce our Community Guidelines through a mix of technology and human moderation. We have detected this policy violation using automated measures. We have used automated measures in making this decision.",,STATEMENT_CATEGORY_SCOPE_OF_PLATFORM_SERVICE,,,,"[""CONTENT_TYPE_IMAGE""]",,,"2024-09-26 00:00:00","[""AT"",""BE"",""BG"",""CY"",""CZ"",""DE"",""DK"",""EE"",""ES"",""FI"",""FR"",""GR"",""HR"",""HU"",""IE"",""IT"",""LI"",""LT"",""LU"",""LV"",""MT"",""NL"",""NO"",""PL"",""PT"",""RO"",""SE"",""SI"",""SK""]","2024-11-23 00:00:00","The decision was taken pursuant to own-initiative investigations.",SOURCE_VOLUNTARY,,Yes,AUTOMATED_DECISION_FULLY,TikTok,7440322581435013921,"2024-11-23 04:11:43"
143c98c0-c14a-4acd-b0ea-1c7aca796701,"[""DECISION_VISIBILITY_CONTENT_REMOVED""]",,,,,,,,,,,DECISION_GROUND_INCOMPATIBLE_CONTENT,,,,"Harassment and Bullying","We welcome the respectful expression of different viewpoints, but not toxicity or trolling. We do not allow language or behavior that harasses, humiliates, threatens, or doxes anyone. This also includes responding to such acts with retaliatory harassment (but excludes non-harassing counterspeech).We proactively enforce our Community Guidelines through a mix of technology and human moderation. We have detected this policy violation using automated measures. We have used automated measures in making this decision.",,STATEMENT_CATEGORY_ILLEGAL_OR_HARMFUL_SPEECH,,,,"[""CONTENT_TYPE_TEXT""]",,,"2024-11-23 00:00:00","[""AT"",""BE"",""BG"",""CY"",""CZ"",""DE"",""DK"",""EE"",""ES"",""FI"",""FR"",""GR"",""HR"",""HU"",""IE"",""IT"",""LI"",""LT"",""LU"",""LV"",""MT"",""NL"",""NO"",""PL"",""PT"",""RO"",""SE"",""SI"",""SK""]","2024-11-23 00:00:00","The decision was taken pursuant to own-initiative investigations.",SOURCE_VOLUNTARY,,Yes,AUTOMATED_DECISION_FULLY,TikTok,7440322590687648545,"2024-11-23 04:11:46"
6d91568b-9669-4e1b-be7e-13114998ebde,"[""DECISION_VISIBILITY_CONTENT_REMOVED""]",,,,,,,,,,,DECISION_GROUND_INCOMPATIBLE_CONTENT,,,,"Harassment and Bullying","We welcome the respectful expression of different viewpoints, but not toxicity or trolling. We do not allow language or behavior that harasses, humiliates, threatens, or doxes anyone. This also includes responding to such acts with retaliatory harassment (but excludes non-harassing counterspeech).We proactively enforce our Community Guidelines through a mix of technology and human moderation. We have detected this policy violation using automated measures. We have used automated measures in making this decision.",,STATEMENT_CATEGORY_ILLEGAL_OR_HARMFUL_SPEECH,,,,"[""CONTENT_TYPE_TEXT""]",,,"2024-11-23 00:00:00","[""AT"",""BE"",""BG"",""CY"",""CZ"",""DE"",""DK"",""EE"",""ES"",""FI"",""FR"",""GR"",""HR"",""HU"",""IE"",""IT"",""LI"",""LT"",""LU"",""LV"",""MT"",""NL"",""NO"",""PL"",""PT"",""RO"",""SE"",""SI"",""SK""]","2024-11-23 00:00:00","The decision was taken pursuant to own-initiative investigations.",SOURCE_VOLUNTARY,,Yes,AUTOMATED_DECISION_FULLY,TikTok,7440322590687664929,"2024-11-23 04:11:46"
3d074369-9738-48ac-bd4a-061214bf08fb,"[""DECISION_VISIBILITY_OTHER""]","Photo not eligible for recommendation in the For You feed, and visibility restricted in search results",,,,,,,,,,DECISION_GROUND_INCOMPATIBLE_CONTENT,,,,"Civic and Election Integrity","We want to enable the informed exchange of civic ideas in a way that fosters productive dialogue. Your video didn’t meet our eligibility standards for the For You Feed. Please review our Community Guidelines for more information.We proactively enforce our Community Guidelines through a mix of technology and human moderation. We have detected this policy violation using automated measures. We have used automated measures in making this decision.",,STATEMENT_CATEGORY_NEGATIVE_EFFECTS_ON_CIVIC_DISCOURSE_OR_ELECTIONS,,,,"[""CONTENT_TYPE_IMAGE""]",,,"2024-11-23 00:00:00","[""AT"",""BE"",""BG"",""CY"",""CZ"",""DE"",""DK"",""EE"",""ES"",""FI"",""FR"",""GR"",""HR"",""HU"",""IE"",""IT"",""LI"",""LT"",""LU"",""LV"",""MT"",""NL"",""NO"",""PL"",""PT"",""RO"",""SE"",""SI"",""SK""]","2024-11-23 00:00:00","The decision was taken pursuant to own-initiative investigations.",SOURCE_VOLUNTARY,,Yes,AUTOMATED_DECISION_FULLY,TikTok,7440322582844431137,"2024-11-23 04:11:46"
7170712d-5389-4ace-935c-d47bd0a573ce,"[""DECISION_VISIBILITY_CONTENT_REMOVED""]",,,,,,,,,,,DECISION_GROUND_INCOMPATIBLE_CONTENT,,,,"Harassment and Bullying","We welcome the respectful expression of different viewpoints, but not toxicity or trolling. We do not allow language or behavior that harasses, humiliates, threatens, or doxes anyone. This also includes responding to such acts with retaliatory harassment (but excludes non-harassing counterspeech).We proactively enforce our Community Guidelines through a mix of technology and human moderation. We have detected this policy violation using automated measures. We have used automated measures in making this decision.",,STATEMENT_CATEGORY_ILLEGAL_OR_HARMFUL_SPEECH,,,,"[""CONTENT_TYPE_TEXT""]",,,"2024-11-23 00:00:00","[""AT"",""BE"",""BG"",""CY"",""CZ"",""DE"",""DK"",""EE"",""ES"",""FI"",""FR"",""GR"",""HR"",""HU"",""IE"",""IT"",""LI"",""LT"",""LU"",""LV"",""MT"",""NL"",""NO"",""PL"",""PT"",""RO"",""SE"",""SI"",""SK""]","2024-11-23 00:00:00","The decision was taken pursuant to own-initiative investigations.",SOURCE_VOLUNTARY,,Yes,AUTOMATED_DECISION_FULLY,TikTok,7440322590687681313,"2024-11-23 04:11:46"
b0930e2e-a739-4a24-bb83-6ceacbfee04b,"[""DECISION_VISIBILITY_CONTENT_REMOVED""]",,,,,,,,,,,DECISION_GROUND_INCOMPATIBLE_CONTENT,,,,"Harassment and Bullying","We welcome the respectful expression of different viewpoints, but not toxicity or trolling. We do not allow language or behavior that harasses, humiliates, threatens, or doxes anyone. This also includes responding to such acts with retaliatory harassment (but excludes non-harassing counterspeech).We proactively enforce our Community Guidelines through a mix of technology and human moderation. We have detected this policy violation using automated measures. We have used automated measures in making this decision.",,STATEMENT_CATEGORY_ILLEGAL_OR_HARMFUL_SPEECH,,,,"[""CONTENT_TYPE_TEXT""]",,,"2024-11-23 00:00:00","[""AT"",""BE"",""BG"",""CY"",""CZ"",""DE"",""DK"",""EE"",""ES"",""FI"",""FR"",""GR"",""HR"",""HU"",""IE"",""IT"",""LI"",""LT"",""LU"",""LV"",""MT"",""NL"",""NO"",""PL"",""PT"",""RO"",""SE"",""SI"",""SK""]","2024-11-23 00:00:00","The decision was taken pursuant to own-initiative investigations.",SOURCE_VOLUNTARY,,Yes,AUTOMATED_DECISION_FULLY,TikTok,7440322590687697697,"2024-11-23 04:11:46"
8fb7acd4-b26b-4e0b-bf58-1e2354f30be2,"[""DECISION_VISIBILITY_CONTENT_REMOVED""]",,,,,,,,,,,DECISION_GROUND_INCOMPATIBLE_CONTENT,,,,"Hate Speech and Hateful Behaviors","TikTok is enriched by the various backgrounds of our community members. Our differences should be respected, rather than a cause for division. We do not allow any hateful behavior, hate speech, or promotion of hateful ideologies. This includes content that attacks a person or group because of protected attributes.We proactively enforce our Community Guidelines through a mix of technology and human moderation. We have detected this policy violation using automated measures. We have used automated measures in making this decision.",,STATEMENT_CATEGORY_ILLEGAL_OR_HARMFUL_SPEECH,,,,"[""CONTENT_TYPE_TEXT""]",,,"2024-11-23 00:00:00","[""AT"",""BE"",""BG"",""CY"",""CZ"",""DE"",""DK"",""EE"",""ES"",""FI"",""FR"",""GR"",""HR"",""HU"",""IE"",""IT"",""LI"",""LT"",""LU"",""LV"",""MT"",""NL"",""NO"",""PL"",""PT"",""RO"",""SE"",""SI"",""SK""]","2024-11-23 00:00:00","The decision was taken pursuant to own-initiative investigations.",SOURCE_VOLUNTARY,,Yes,AUTOMATED_DECISION_FULLY,TikTok,7440322590687779617,"2024-11-23 04:11:48"
ed1ceadc-f95e-4dd2-a8a1-f612956d4421,"[""DECISION_VISIBILITY_CONTENT_AGE_RESTRICTED""]",,,,,,,,,,,DECISION_GROUND_INCOMPATIBLE_CONTENT,,,,"Minimum Age Requirement","Users must be 13 years and older to have a TikTok account. We are deeply committed to ensuring that TikTok is a safe and positive experience for people under the age of 18. This starts by being old enough to use TikTok. If we learn someone is below the minimum age on TikTok, we will ban that account. Content created by anyone under 16 is ineligible for the For You feed and harder to find in search.We proactively enforce our Community Guidelines through a mix of technology and human moderation. We have detected this policy violation using automated measures.",,STATEMENT_CATEGORY_PROTECTION_OF_MINORS,,,,"[""CONTENT_TYPE_VIDEO""]",,,"2024-11-21 00:00:00","[""AT"",""BE"",""BG"",""CY"",""CZ"",""DE"",""DK"",""EE"",""ES"",""FI"",""FR"",""GR"",""HR"",""HU"",""IE"",""IT"",""LI"",""LT"",""LU"",""LV"",""MT"",""NL"",""NO"",""PL"",""PT"",""RO"",""SE"",""SI"",""SK""]","2024-11-23 00:00:00","The decision was taken pursuant to own-initiative investigations.",SOURCE_VOLUNTARY,,Yes,AUTOMATED_DECISION_NOT_AUTOMATED,TikTok,7440322601844480800,"2024-11-23 04:11:48"
0fc1db35-fabd-47ae-b254-beb40227a7d6,"[""DECISION_VISIBILITY_OTHER""]","Video not eligible for recommendation in the For You feed",,,,,,,,,,DECISION_GROUND_INCOMPATIBLE_CONTENT,,,,"Nudity and Body Exposure","We celebrate all shapes and sizes and want people to feel comfortable in how they present themselves and their bodies. Content is ineligible for the For You feed and harder to find in search if it shows moderate body exposure of a young person, or significant body exposure of an adult. We allow regional exceptions for body exposure in limited situations, such as common cultural practices.We proactively enforce our Community Guidelines through a mix of technology and human moderation. We have detected this policy violation using automated measures. We have used automated measures in making this decision.",,STATEMENT_CATEGORY_SCOPE_OF_PLATFORM_SERVICE,,,,"[""CONTENT_TYPE_VIDEO""]",,,"2024-11-23 00:00:00","[""AT"",""BE"",""BG"",""CY"",""CZ"",""DE"",""DK"",""EE"",""ES"",""FI"",""FR"",""GR"",""HR"",""HU"",""IE"",""IT"",""LI"",""LT"",""LU"",""LV"",""MT"",""NL"",""NO"",""PL"",""PT"",""RO"",""SE"",""SI"",""SK""]","2024-11-23 00:00:00","The decision was taken pursuant to own-initiative investigations.",SOURCE_VOLUNTARY,,Yes,AUTOMATED_DECISION_FULLY,TikTok,7440322601844497184,"2024-11-23 04:11:48"
3180d650-7dfa-400a-804b-8cf411ee054b,"[""DECISION_VISIBILITY_OTHER""]","Photo not eligible for recommendation in the For You feed",,,,,,,,,,DECISION_GROUND_INCOMPATIBLE_CONTENT,,,,"Community Guidelines","Your content is against our Community Guidelines. The guidelines include rules and standards for using TikTok that apply to everyone and everything on our platform.",,STATEMENT_CATEGORY_NEGATIVE_EFFECTS_ON_CIVIC_DISCOURSE_OR_ELECTIONS,,,,"[""CONTENT_TYPE_IMAGE""]",,,"2024-11-23 00:00:00","[""AT"",""BE"",""BG"",""CY"",""CZ"",""DE"",""DK"",""EE"",""ES"",""FI"",""FR"",""GR"",""HR"",""HU"",""IE"",""IT"",""LI"",""LT"",""LU"",""LV"",""MT"",""NL"",""NO"",""PL"",""PT"",""RO"",""SE"",""SI"",""SK""]","2024-11-23 00:00:00","The decision was taken pursuant to own-initiative investigations.",SOURCE_VOLUNTARY,,Yes,AUTOMATED_DECISION_FULLY,TikTok,7440322593283955488,"2024-11-23 04:11:48"
f2db9bf8-bbd1-4b33-9022-9e0a2516b29b,"[""DECISION_VISIBILITY_CONTENT_REMOVED""]",,,,,,,,,,,DECISION_GROUND_INCOMPATIBLE_CONTENT,,,,"Community Guidelines","Your content is against our Community Guidelines. The guidelines include rules and standards for using TikTok that apply to everyone and everything on our platform.We proactively enforce our Community Guidelines through a mix of technology and human moderation. We have detected this policy violation using automated measures. We have used automated measures in making this decision.",,STATEMENT_CATEGORY_SCOPE_OF_PLATFORM_SERVICE,,,,"[""CONTENT_TYPE_TEXT""]",,,"2024-08-26 00:00:00","[""AT"",""BE"",""BG"",""CY"",""CZ"",""DE"",""DK"",""EE"",""ES"",""FI"",""FR"",""GR"",""HR"",""HU"",""IE"",""IT"",""LI"",""LT"",""LU"",""LV"",""MT"",""NL"",""NO"",""PL"",""PT"",""RO"",""SE"",""SI"",""SK""]","2024-11-23 00:00:00","The decision was taken pursuant to own-initiative investigations.",SOURCE_VOLUNTARY,,Yes,AUTOMATED_DECISION_FULLY,TikTok,7440322601844513568,"2024-11-23 04:11:50"
66458334-e20b-4025-850a-9d7156705eb5,"[""DECISION_VISIBILITY_CONTENT_REMOVED""]",,,,,,,,,,,DECISION_GROUND_INCOMPATIBLE_CONTENT,,,,"Sexual Activity and Services","TikTok is a place where people can come to discuss or learn about sexuality, sex or reproductive health. We are mindful that certain content involving sexuality, sex or reproductive health may not be appropriate for young people, be considered offensive by some, or create the potential for exploitation. We do not allow sexual activity or services, including sex, sexual arousal, fetish and kink behavior, and seeking or offering sexual services.We proactively enforce our Community Guidelines through a mix of technology and human moderation. We have detected this policy violation using automated measures.",,STATEMENT_CATEGORY_PORNOGRAPHY_OR_SEXUALIZED_CONTENT,,,,"[""CONTENT_TYPE_VIDEO""]",,,"2023-01-11 00:00:00","[""AT"",""BE"",""BG"",""CY"",""CZ"",""DE"",""DK"",""EE"",""ES"",""FI"",""FR"",""GR"",""HR"",""HU"",""IE"",""IT"",""LI"",""LT"",""LU"",""LV"",""MT"",""NL"",""NO"",""PL"",""PT"",""RO"",""SE"",""SI"",""SK""]","2024-11-23 00:00:00","The decision was taken pursuant to own-initiative investigations.",SOURCE_VOLUNTARY,,Yes,AUTOMATED_DECISION_NOT_AUTOMATED,TikTok,7440322593284004640,"2024-11-23 04:11:50"
33db722a-339d-4223-a13b-856c495e82e1,"[""DECISION_VISIBILITY_CONTENT_REMOVED""]",,,,,,,,,,,DECISION_GROUND_INCOMPATIBLE_CONTENT,,,,"Harassment and Bullying","We welcome the respectful expression of different viewpoints, but not toxicity or trolling. We do not allow language or behavior that harasses, humiliates, threatens, or doxes anyone. This also includes responding to such acts with retaliatory harassment (but excludes non-harassing counterspeech).We proactively enforce our Community Guidelines through a mix of technology and human moderation. We have detected this policy violation using automated measures. We have used automated measures in making this decision.",,STATEMENT_CATEGORY_ILLEGAL_OR_HARMFUL_SPEECH,,,,"[""CONTENT_TYPE_TEXT""]",,,"2024-11-23 00:00:00","[""AT"",""BE"",""BG"",""CY"",""CZ"",""DE"",""DK"",""EE"",""ES"",""FI"",""FR"",""GR"",""HR"",""HU"",""IE"",""IT"",""LI"",""LT"",""LU"",""LV"",""MT"",""NL"",""NO"",""PL"",""PT"",""RO"",""SE"",""SI"",""SK""]","2024-11-23 00:00:00","The decision was taken pursuant to own-initiative investigations.",SOURCE_VOLUNTARY,,Yes,AUTOMATED_DECISION_FULLY,TikTok,7440322593284021024,"2024-11-23 04:11:50"
76debdbb-e1e7-4020-81d3-94a22bcffef9,"[""DECISION_VISIBILITY_OTHER""]","LIVE not eligible for recommendation and restricted in search results for 10 minutes","2024-11-23 00:00:00",,,,,,,,,DECISION_GROUND_INCOMPATIBLE_CONTENT,,,,"Content with low visual quality or static imagery","Your LIVE is not eligible for recommendation and restricted in search results for the next 10 minutes, because it may contain content with low visual quality or static imagery. This is in line with the For You feed eligibility standards under our Community Guidelines.",,STATEMENT_CATEGORY_SCOPE_OF_PLATFORM_SERVICE,,,,"[""CONTENT_TYPE_VIDEO""]",,,"2024-11-22 00:00:00","[""AT"",""BE"",""BG"",""CY"",""CZ"",""DE"",""DK"",""EE"",""ES"",""FI"",""FR"",""GR"",""HR"",""HU"",""IE"",""IS"",""IT"",""LI"",""LT"",""LU"",""LV"",""MT"",""NL"",""NO"",""PL"",""PT"",""RO"",""SE"",""SI"",""SK""]","2024-11-23 00:00:00","The decision was taken pursuant to own-initiative investigations",SOURCE_VOLUNTARY,,Yes,AUTOMATED_DECISION_FULLY,TikTok,7440322593284037408,"2024-11-23 04:11:50"
72db62d7-0a3c-4de5-ac18-4a42c953a928,"[""DECISION_VISIBILITY_CONTENT_REMOVED""]",,,,,,,,,,,DECISION_GROUND_INCOMPATIBLE_CONTENT,,,,"Hate Speech and Hateful Behaviors","TikTok is enriched by the various backgrounds of our community members. Our differences should be respected, rather than a cause for division. We do not allow any hateful behavior, hate speech, or promotion of hateful ideologies. This includes content that attacks a person or group because of protected attributes.We proactively enforce our Community Guidelines through a mix of technology and human moderation. We have detected this policy violation using automated measures. We have used automated measures in making this decision.",,STATEMENT_CATEGORY_ILLEGAL_OR_HARMFUL_SPEECH,,,,"[""CONTENT_TYPE_TEXT""]",,,"2024-11-23 00:00:00","[""AT"",""BE"",""BG"",""CY"",""CZ"",""DE"",""DK"",""EE"",""ES"",""FI"",""FR"",""GR"",""HR"",""HU"",""IE"",""IT"",""LI"",""LT"",""LU"",""LV"",""MT"",""NL"",""NO"",""PL"",""PT"",""RO"",""SE"",""SI"",""SK""]","2024-11-23 00:00:00","The decision was taken pursuant to own-initiative investigations.",SOURCE_VOLUNTARY,,Yes,AUTOMATED_DECISION_FULLY,TikTok,7440322593284053792,"2024-11-23 04:11:50"
0e52d5a6-5ea2-4f43-92ba-f792bc1199bc,"[""DECISION_VISIBILITY_OTHER""]","Video not eligible for recommendation in the For You feed",,,,,,,,,,DECISION_GROUND_INCOMPATIBLE_CONTENT,,,,"Sexually Suggestive Content","We welcome performances and dances where people can creatively express themselves, celebrate their culture, or seek to entertain. We are mindful that certain behaviors related to sexual arousal or suggestiveness may be offensive to some people and may put young people at risk of exploitation. We do not allow seductive performances or allusions to sexual activity by young people, or the use of sexually explicit narratives by anyone.We proactively enforce our Community Guidelines through a mix of technology and human moderation. We have detected this policy violation using automated measures.",,STATEMENT_CATEGORY_SCOPE_OF_PLATFORM_SERVICE,,,,"[""CONTENT_TYPE_OTHER""]","Video Sticker",,"2024-11-23 00:00:00","[""AT"",""BE"",""BG"",""CY"",""CZ"",""DE"",""DK"",""EE"",""ES"",""FI"",""FR"",""GR"",""HR"",""HU"",""IE"",""IT"",""LI"",""LT"",""LU"",""LV"",""MT"",""NL"",""NO"",""PL"",""PT"",""RO"",""SE"",""SI"",""SK""]","2024-11-23 00:00:00","The decision was taken pursuant to own-initiative investigations.",SOURCE_VOLUNTARY,,Yes,AUTOMATED_DECISION_NOT_AUTOMATED,TikTok,7440322601844529952,"2024-11-23 04:11:50"
a7e8f3e0-f12a-48f5-ad8a-d145cbacac29,"[""DECISION_VISIBILITY_CONTENT_REMOVED""]",,,,,,,,,,,DECISION_GROUND_INCOMPATIBLE_CONTENT,,,,"Community Guidelines","Your content is against our Community Guidelines. The guidelines include rules and standards for using TikTok that apply to everyone and everything on our platform.We proactively enforce our Community Guidelines through a mix of technology and human moderation. We have detected this policy violation using automated measures. We have used automated measures in making this decision.",,STATEMENT_CATEGORY_SCOPE_OF_PLATFORM_SERVICE,,,,"[""CONTENT_TYPE_TEXT""]",,,"2024-09-16 00:00:00","[""AT"",""BE"",""BG"",""CY"",""CZ"",""DE"",""DK"",""EE"",""ES"",""FI"",""FR"",""GR"",""HR"",""HU"",""IE"",""IT"",""LI"",""LT"",""LU"",""LV"",""MT"",""NL"",""NO"",""PL"",""PT"",""RO"",""SE"",""SI"",""SK""]","2024-11-23 00:00:00","The decision was taken pursuant to own-initiative investigations.",SOURCE_VOLUNTARY,,Yes,AUTOMATED_DECISION_FULLY,TikTok,7440322605443193633,"2024-11-23 04:11:50"
31ee0ee4-5235-4e61-9e9f-6c1f97839eff,"[""DECISION_VISIBILITY_CONTENT_REMOVED""]",,,,,,,,,,,DECISION_GROUND_INCOMPATIBLE_CONTENT,,,,"Sexual Activity and Services","TikTok is a place where people can come to discuss or learn about sexuality, sex or reproductive health. We are mindful that certain content involving sexuality, sex or reproductive health may not be appropriate for young people, be considered offensive by some, or create the potential for exploitation. We do not allow sexual activity or services, including sex, sexual arousal, fetish and kink behavior, and seeking or offering sexual services.We proactively enforce our Community Guidelines through a mix of technology and human moderation. We have detected this policy violation using automated measures.",,STATEMENT_CATEGORY_PORNOGRAPHY_OR_SEXUALIZED_CONTENT,,,,"[""CONTENT_TYPE_OTHER""]","Profile information",,"2024-11-23 00:00:00","[""AT"",""BE"",""BG"",""CY"",""CZ"",""DE"",""DK"",""EE"",""ES"",""FI"",""FR"",""GR"",""HR"",""HU"",""IE"",""IT"",""LI"",""LT"",""LU"",""LV"",""MT"",""NL"",""NO"",""PL"",""PT"",""RO"",""SE"",""SI"",""SK""]","2024-11-23 00:00:00","The decision was taken pursuant to own-initiative investigations.",SOURCE_VOLUNTARY,,Yes,AUTOMATED_DECISION_NOT_AUTOMATED,TikTok,7440322601844546336,"2024-11-23 04:11:50"
89471a8c-6bea-4d25-bf30-8ad106c92a85,,,,,,,,,DECISION_ACCOUNT_TERMINATED,,,DECISION_GROUND_INCOMPATIBLE_CONTENT,,,,"Community Guidelines Violations","Your account was permanently banned because of multiple policy violations.",,STATEMENT_CATEGORY_SCOPE_OF_PLATFORM_SERVICE,,,,"[""CONTENT_TYPE_OTHER""]","Account Ban",,"2023-04-22 00:00:00","[""AT"",""BE"",""BG"",""CY"",""CZ"",""DE"",""DK"",""EE"",""ES"",""FI"",""FR"",""GR"",""HR"",""HU"",""IE"",""IT"",""LI"",""LT"",""LU"",""LV"",""MT"",""NL"",""NO"",""PL"",""PT"",""RO"",""SE"",""SI"",""SK""]","2024-11-23 00:00:00","The decision was taken pursuant to own-initiative investigations",SOURCE_VOLUNTARY,,No,AUTOMATED_DECISION_NOT_AUTOMATED,TikTok,7440322601844562720,"2024-11-23 04:11:50"
615ca085-fc6a-447b-ba98-ffb802c554d5,"[""DECISION_VISIBILITY_CONTENT_REMOVED""]",,,,,,,,,,,DECISION_GROUND_INCOMPATIBLE_CONTENT,,,,"Harassment and Bullying","We welcome the respectful expression of different viewpoints, but not toxicity or trolling. We do not allow language or behavior that harasses, humiliates, threatens, or doxes anyone. This also includes responding to such acts with retaliatory harassment (but excludes non-harassing counterspeech).We proactively enforce our Community Guidelines through a mix of technology and human moderation. We have detected this policy violation using automated measures. We have used automated measures in making this decision.",,STATEMENT_CATEGORY_ILLEGAL_OR_HARMFUL_SPEECH,,,,"[""CONTENT_TYPE_TEXT""]",,,"2024-11-23 00:00:00","[""AT"",""BE"",""BG"",""CY"",""CZ"",""DE"",""DK"",""EE"",""ES"",""FI"",""FR"",""GR"",""HR"",""HU"",""IE"",""IT"",""LI"",""LT"",""LU"",""LV"",""MT"",""NL"",""NO"",""PL"",""PT"",""RO"",""SE"",""SI"",""SK""]","2024-11-23 00:00:00","The decision was taken pursuant to own-initiative investigations.",SOURCE_VOLUNTARY,,Yes,AUTOMATED_DECISION_FULLY,TikTok,7440322601844579104,"2024-11-23 04:11:50"
e4975d93-996c-48d5-9d77-1de12600f25a,"[""DECISION_VISIBILITY_CONTENT_REMOVED""]",,,,,,,,,,,DECISION_GROUND_INCOMPATIBLE_CONTENT,,,,"Hate Speech and Hateful Behaviors","TikTok is enriched by the various backgrounds of our community members. Our differences should be respected, rather than a cause for division. We do not allow any hateful behavior, hate speech, or promotion of hateful ideologies. This includes content that attacks a person or group because of protected attributes.We proactively enforce our Community Guidelines through a mix of technology and human moderation. We have detected this policy violation using automated measures. We have used automated measures in making this decision.",,STATEMENT_CATEGORY_ILLEGAL_OR_HARMFUL_SPEECH,,,,"[""CONTENT_TYPE_TEXT""]",,,"2024-11-23 00:00:00","[""AT"",""BE"",""BG"",""CY"",""CZ"",""DE"",""DK"",""EE"",""ES"",""FI"",""FR"",""GR"",""HR"",""HU"",""IE"",""IT"",""LI"",""LT"",""LU"",""LV"",""MT"",""NL"",""NO"",""PL"",""PT"",""RO"",""SE"",""SI"",""SK""]","2024-11-23 00:00:00","The decision was taken pursuant to own-initiative investigations.",SOURCE_VOLUNTARY,,Yes,AUTOMATED_DECISION_FULLY,TikTok,7440322680009562912,"2024-11-23 04:12:08"
f5d0cddc-7f1b-40b4-bbd6-c34710cc3074,"[""DECISION_VISIBILITY_CONTENT_REMOVED""]",,,,,,,,,,,DECISION_GROUND_INCOMPATIBLE_CONTENT,,,,"Personal Information","We are committed to making sure that any personal information shared intentionally or accidentally on TikTok does not lead to harm. We do not allow content that includes personal information that may create a risk of stalking, violence, phishing, fraud, identity theft, or financial exploitation, including content that someone has posted themselves or that they consented to being shared by others.We proactively enforce our Community Guidelines through a mix of technology and human moderation. We have detected this policy violation using automated measures.",,STATEMENT_CATEGORY_DATA_PROTECTION_AND_PRIVACY_VIOLATIONS,,,,"[""CONTENT_TYPE_VIDEO""]",,,"2024-11-22 00:00:00","[""AT"",""BE"",""BG"",""CY"",""CZ"",""DE"",""DK"",""EE"",""ES"",""FI"",""FR"",""GR"",""HR"",""HU"",""IE"",""IT"",""LI"",""LT"",""LU"",""LV"",""MT"",""NL"",""NO"",""PL"",""PT"",""RO"",""SE"",""SI"",""SK""]","2024-11-23 00:00:00","The decision was taken pursuant to own-initiative investigations.",SOURCE_VOLUNTARY,,Yes,AUTOMATED_DECISION_NOT_AUTOMATED,TikTok,7440322687748021024,"2024-11-23 04:12:08"
a36704e9-11b5-4b30-a2a2-28a415921a36,"[""DECISION_VISIBILITY_CONTENT_REMOVED""]",,,,,,,,,,,DECISION_GROUND_INCOMPATIBLE_CONTENT,,,,"Harassment and Bullying","We welcome the respectful expression of different viewpoints, but not toxicity or trolling. We do not allow language or behavior that harasses, humiliates, threatens, or doxes anyone. This also includes responding to such acts with retaliatory harassment (but excludes non-harassing counterspeech).We proactively enforce our Community Guidelines through a mix of technology and human moderation. We have detected this policy violation using automated measures. We have used automated measures in making this decision.",,STATEMENT_CATEGORY_ILLEGAL_OR_HARMFUL_SPEECH,,,,"[""CONTENT_TYPE_TEXT""]",,,"2024-11-23 00:00:00","[""AT"",""BE"",""BG"",""CY"",""CZ"",""DE"",""DK"",""EE"",""ES"",""FI"",""FR"",""GR"",""HR"",""HU"",""IE"",""IT"",""LI"",""LT"",""LU"",""LV"",""MT"",""NL"",""NO"",""PL"",""PT"",""RO"",""SE"",""SI"",""SK""]","2024-11-23 00:00:00","The decision was taken pursuant to own-initiative investigations.",SOURCE_VOLUNTARY,,Yes,AUTOMATED_DECISION_FULLY,TikTok,7440322680009579296,"2024-11-23 04:12:08"
e56d5a74-f407-483c-930c-5f252118b1aa,"[""DECISION_VISIBILITY_CONTENT_REMOVED""]",,,,,,,,,,,DECISION_GROUND_INCOMPATIBLE_CONTENT,,,,"Harassment and Bullying","We welcome the respectful expression of different viewpoints, but not toxicity or trolling. We do not allow language or behavior that harasses, humiliates, threatens, or doxes anyone. This also includes responding to such acts with retaliatory harassment (but excludes non-harassing counterspeech).We proactively enforce our Community Guidelines through a mix of technology and human moderation. We have detected this policy violation using automated measures. We have used automated measures in making this decision.",,STATEMENT_CATEGORY_ILLEGAL_OR_HARMFUL_SPEECH,,,,"[""CONTENT_TYPE_TEXT""]",,,"2024-11-23 00:00:00","[""AT"",""BE"",""BG"",""CY"",""CZ"",""DE"",""DK"",""EE"",""ES"",""FI"",""FR"",""GR"",""HR"",""HU"",""IE"",""IT"",""LI"",""LT"",""LU"",""LV"",""MT"",""NL"",""NO"",""PL"",""PT"",""RO"",""SE"",""SI"",""SK""]","2024-11-23 00:00:00","The decision was taken pursuant to own-initiative investigations.",SOURCE_VOLUNTARY,,Yes,AUTOMATED_DECISION_FULLY,TikTok,7440322687748037408,"2024-11-23 04:12:08"
4ba4d9bb-ea96-456b-8a45-72015ce04e13,"[""DECISION_VISIBILITY_OTHER""]","Photo not eligible for recommendation in the For You feed",,,,,,,,,,DECISION_GROUND_INCOMPATIBLE_CONTENT,,,,"Shocking and Graphic Content","Part of the joy of TikTok is coming across new and unexpected content. But the platform is not a space to intentionally shock, upset, or disgust others. Content is ineligible for the For You feed and harder to find in search if it shows fictional violence, blood, potentially distressing or mildly graphic material, animal genitalia or sexual activity between animals, or if it contains graphic footage of events that are in the public interest to view.We proactively enforce our Community Guidelines through a mix of technology and human moderation. We have detected this policy violation using automated measures.",,STATEMENT_CATEGORY_VIOLENCE,,,,"[""CONTENT_TYPE_IMAGE""]",,,"2024-11-23 00:00:00","[""AT"",""BE"",""BG"",""CY"",""CZ"",""DE"",""DK"",""EE"",""ES"",""FI"",""FR"",""GR"",""HR"",""HU"",""IE"",""IT"",""LI"",""LT"",""LU"",""LV"",""MT"",""NL"",""NO"",""PL"",""PT"",""RO"",""SE"",""SI"",""SK""]","2024-11-23 00:00:00","The decision was taken pursuant to own-initiative investigations.",SOURCE_VOLUNTARY,,Yes,AUTOMATED_DECISION_NOT_AUTOMATED,TikTok,7440322680009595680,"2024-11-23 04:12:08"
15f91fc9-2310-40fe-b8fd-6c377a638266,"[""DECISION_VISIBILITY_CONTENT_REMOVED""]",,,,,,,,,,,DECISION_GROUND_INCOMPATIBLE_CONTENT,,,,"Sexually Suggestive Content","We welcome performances and dances where people can creatively express themselves, celebrate their culture, or seek to entertain. We are mindful that certain behaviors related to sexual arousal or suggestiveness may be offensive to some people and may put young people at risk of exploitation. We do not allow seductive performances or allusions to sexual activity by young people, or the use of sexually explicit narratives by anyone.We proactively enforce our Community Guidelines through a mix of technology and human moderation. We have detected this policy violation using automated measures. We have used automated measures in making this decision.",,STATEMENT_CATEGORY_SCOPE_OF_PLATFORM_SERVICE,,,,"[""CONTENT_TYPE_TEXT""]",,,"2024-11-23 00:00:00","[""AT"",""BE"",""BG"",""CY"",""CZ"",""DE"",""DK"",""EE"",""ES"",""FI"",""FR"",""GR"",""HR"",""HU"",""IE"",""IT"",""LI"",""LT"",""LU"",""LV"",""MT"",""NL"",""NO"",""PL"",""PT"",""RO"",""SE"",""SI"",""SK""]","2024-11-23 00:00:00","The decision was taken pursuant to own-initiative investigations.",SOURCE_VOLUNTARY,,Yes,AUTOMATED_DECISION_FULLY,TikTok,7440322680009612064,"2024-11-23 04:12:08"
bb788fdb-2d0d-4ec7-825e-cee0cd419337,"[""DECISION_VISIBILITY_CONTENT_REMOVED""]",,,,,,,,,,,DECISION_GROUND_INCOMPATIBLE_CONTENT,,,,"Dangerous Activities and Challenges","Most activities or challenges are appropriate for everyone, but some carry a risk of significant injury. We do not allow showing or promoting dangerous activities and challenges. This includes dares, games, tricks, inappropriate use of dangerous tools, eating substances that are harmful to one’s health, or similar activities that may lead to significant physical harm.We proactively enforce our Community Guidelines through a mix of technology and human moderation. We have detected this policy violation using automated measures. We have used automated measures in making this decision.",,STATEMENT_CATEGORY_SCOPE_OF_PLATFORM_SERVICE,,,,"[""CONTENT_TYPE_VIDEO""]",,,"2024-11-22 00:00:00","[""AT"",""BE"",""BG"",""CY"",""CZ"",""DE"",""DK"",""EE"",""ES"",""FI"",""FR"",""GR"",""HR"",""HU"",""IE"",""IT"",""LI"",""LT"",""LU"",""LV"",""MT"",""NL"",""NO"",""PL"",""PT"",""RO"",""SE"",""SI"",""SK""]","2024-11-23 00:00:00","The decision was taken pursuant to own-initiative investigations.",SOURCE_VOLUNTARY,,Yes,AUTOMATED_DECISION_FULLY,TikTok,7440322680009628448,"2024-11-23 04:12:10"
19c2eeb8-93e2-4510-a498-cfe21a697882,"[""DECISION_VISIBILITY_OTHER""]","Video not eligible for recommendation in the For You feed",,,,,,,,,,DECISION_GROUND_INCOMPATIBLE_CONTENT,,,,"Alcohol, Tobacco, and Drugs","While adults make personal choices about how they engage with alcohol, drugs, and tobacco, we recognize that there are risks connected to trading and using these substances. Content is ineligible for the For You feed and harder to find in search if it shows adults consuming excessive amounts of alcohol or tobacco products.We proactively enforce our Community Guidelines through a mix of technology and human moderation. We have detected this policy violation using automated measures. We have used automated measures in making this decision.",,STATEMENT_CATEGORY_SCOPE_OF_PLATFORM_SERVICE,,,,"[""CONTENT_TYPE_VIDEO""]",,,"2024-11-23 00:00:00","[""AT"",""BE"",""BG"",""CY"",""CZ"",""DE"",""DK"",""EE"",""ES"",""FI"",""FR"",""GR"",""HR"",""HU"",""IE"",""IT"",""LI"",""LT"",""LU"",""LV"",""MT"",""NL"",""NO"",""PL"",""PT"",""RO"",""SE"",""SI"",""SK""]","2024-11-23 00:00:00","The decision was taken pursuant to own-initiative investigations.",SOURCE_VOLUNTARY,,Yes,AUTOMATED_DECISION_FULLY,TikTok,7440322687748053792,"2024-11-23 04:12:10"
77ae4203-f603-4b94-b775-7f03718d49bc,"[""DECISION_VISIBILITY_OTHER""]","Video not eligible for recommendation in the For You feed",,,,,,,,,,DECISION_GROUND_INCOMPATIBLE_CONTENT,,,,"Alcohol, Tobacco, and Drugs","While adults make personal choices about how they engage with alcohol, drugs, and tobacco, we recognize that there are risks connected to trading and using these substances. Content is ineligible for the For You feed and harder to find in search if it shows adults consuming excessive amounts of alcohol or tobacco products.We proactively enforce our Community Guidelines through a mix of technology and human moderation. We have detected this policy violation using automated measures. We have used automated measures in making this decision.",,STATEMENT_CATEGORY_SCOPE_OF_PLATFORM_SERVICE,,,,"[""CONTENT_TYPE_VIDEO""]",,,"2024-11-23 00:00:00","[""AT"",""BE"",""BG"",""CY"",""CZ"",""DE"",""DK"",""EE"",""ES"",""FI"",""FR"",""GR"",""HR"",""HU"",""IE"",""IT"",""LI"",""LT"",""LU"",""LV"",""MT"",""NL"",""NO"",""PL"",""PT"",""RO"",""SE"",""SI"",""SK""]","2024-11-23 00:00:00","The decision was taken pursuant to own-initiative investigations.",SOURCE_VOLUNTARY,,Yes,AUTOMATED_DECISION_FULLY,TikTok,7440322687748070176,"2024-11-23 04:12:10"
8387b1f2-52cf-4c8d-a1d3-9e820d6a3ff5,"[""DECISION_VISIBILITY_OTHER""]","Video not eligible for recommendation in the For You feed",,,,,,,,,,DECISION_GROUND_INCOMPATIBLE_CONTENT,,,,"Nudity and Body Exposure","We celebrate all shapes and sizes and want people to feel comfortable in how they present themselves and their bodies. Content is ineligible for the For You feed and harder to find in search if it shows moderate body exposure of a young person, or significant body exposure of an adult. We allow regional exceptions for body exposure in limited situations, such as common cultural practices.We proactively enforce our Community Guidelines through a mix of technology and human moderation. We have detected this policy violation using automated measures. We have used automated measures in making this decision.",,STATEMENT_CATEGORY_SCOPE_OF_PLATFORM_SERVICE,,,,"[""CONTENT_TYPE_VIDEO""]",,,"2024-11-23 00:00:00","[""AT"",""BE"",""BG"",""CY"",""CZ"",""DE"",""DK"",""EE"",""ES"",""FI"",""FR"",""GR"",""HR"",""HU"",""IE"",""IT"",""LI"",""LT"",""LU"",""LV"",""MT"",""NL"",""NO"",""PL"",""PT"",""RO"",""SE"",""SI"",""SK""]","2024-11-23 00:00:00","The decision was taken pursuant to own-initiative investigations.",SOURCE_VOLUNTARY,,Yes,AUTOMATED_DECISION_FULLY,TikTok,7440322680009644832,"2024-11-23 04:12:10"
7b8c4055-0a7c-43cb-8a6c-3d3503286463,"[""DECISION_VISIBILITY_CONTENT_REMOVED""]",,,,,,,,,,,DECISION_GROUND_INCOMPATIBLE_CONTENT,,,,"Harassment and Bullying","We welcome the respectful expression of different viewpoints, but not toxicity or trolling. We do not allow language or behavior that harasses, humiliates, threatens, or doxes anyone. This also includes responding to such acts with retaliatory harassment (but excludes non-harassing counterspeech).We proactively enforce our Community Guidelines through a mix of technology and human moderation. We have detected this policy violation using automated measures. We have used automated measures in making this decision.",,STATEMENT_CATEGORY_ILLEGAL_OR_HARMFUL_SPEECH,,,,"[""CONTENT_TYPE_TEXT""]",,,"2024-11-23 00:00:00","[""AT"",""BE"",""BG"",""CY"",""CZ"",""DE"",""DK"",""EE"",""ES"",""FI"",""FR"",""GR"",""HR"",""HU"",""IE"",""IT"",""LI"",""LT"",""LU"",""LV"",""MT"",""NL"",""NO"",""PL"",""PT"",""RO"",""SE"",""SI"",""SK""]","2024-11-23 00:00:00","The decision was taken pursuant to own-initiative investigations.",SOURCE_VOLUNTARY,,Yes,AUTOMATED_DECISION_FULLY,TikTok,7440322680009661216,"2024-11-23 04:12:10"
7b36a876-7485-466d-9454-693620f1e8d1,"[""DECISION_VISIBILITY_OTHER""]","Photo not eligible for recommendation in the For You feed, and visibility restricted in search results",,,,,,,,,,DECISION_GROUND_INCOMPATIBLE_CONTENT,,,,"Civic and Election Integrity","We want to enable the informed exchange of civic ideas in a way that fosters productive dialogue. Your video didn’t meet our eligibility standards for the For You Feed. Please review our Community Guidelines for more information.We proactively enforce our Community Guidelines through a mix of technology and human moderation. We have detected this policy violation using automated measures. We have used automated measures in making this decision.",,STATEMENT_CATEGORY_NEGATIVE_EFFECTS_ON_CIVIC_DISCOURSE_OR_ELECTIONS,,,,"[""CONTENT_TYPE_IMAGE""]",,,"2024-11-23 00:00:00","[""AT"",""BE"",""BG"",""CY"",""CZ"",""DE"",""DK"",""EE"",""ES"",""FI"",""FR"",""GR"",""HR"",""HU"",""IE"",""IT"",""LI"",""LT"",""LU"",""LV"",""MT"",""NL"",""NO"",""PL"",""PT"",""RO"",""SE"",""SI"",""SK""]","2024-11-23 00:00:00","The decision was taken pursuant to own-initiative investigations.",SOURCE_VOLUNTARY,,Yes,AUTOMATED_DECISION_FULLY,TikTok,7440322687748086560,"2024-11-23 04:12:10"
ae2a53f9-5fe7-4a49-8987-a41daf64bdd9,"[""DECISION_VISIBILITY_CONTENT_REMOVED""]",,,,,,,,,,,DECISION_GROUND_INCOMPATIBLE_CONTENT,,,,"Harassment and Bullying","We welcome the respectful expression of different viewpoints, but not toxicity or trolling. We do not allow language or behavior that harasses, humiliates, threatens, or doxes anyone. This also includes responding to such acts with retaliatory harassment (but excludes non-harassing counterspeech).We proactively enforce our Community Guidelines through a mix of technology and human moderation. We have detected this policy violation using automated measures. We have used automated measures in making this decision.",,STATEMENT_CATEGORY_ILLEGAL_OR_HARMFUL_SPEECH,,,,"[""CONTENT_TYPE_TEXT""]",,,"2024-11-23 00:00:00","[""AT"",""BE"",""BG"",""CY"",""CZ"",""DE"",""DK"",""EE"",""ES"",""FI"",""FR"",""GR"",""HR"",""HU"",""IE"",""IT"",""LI"",""LT"",""LU"",""LV"",""MT"",""NL"",""NO"",""PL"",""PT"",""RO"",""SE"",""SI"",""SK""]","2024-11-23 00:00:00","The decision was taken pursuant to own-initiative investigations.",SOURCE_VOLUNTARY,,Yes,AUTOMATED_DECISION_FULLY,TikTok,7440322687748102944,"2024-11-23 04:12:10"
986d5368-3c0d-40db-a547-e975b3afeb24,,,,,,,,,DECISION_ACCOUNT_TERMINATED,,,DECISION_GROUND_INCOMPATIBLE_CONTENT,,,,"Advertising policy violation","Reasons why your account may have been suspended: - We received a report or complaint about your account from people on TikTok or other channels. - There are problems with your ad creative, or qualifications or services provided in your ads. - We suspected malicious behavior or intent during ad creation. - You made changes to your ad's landing page after launching the campaign.",,STATEMENT_CATEGORY_SCOPE_OF_PLATFORM_SERVICE,,,,"[""CONTENT_TYPE_OTHER""]","Account Suspended",,"2024-11-22 00:00:00","[""AT"",""BE"",""BG"",""CY"",""CZ"",""DE"",""DK"",""EE"",""ES"",""FI"",""FR"",""GR"",""HR"",""HU"",""IE"",""IT"",""LI"",""LT"",""LU"",""LV"",""MT"",""NL"",""NO"",""PL"",""PT"",""RO"",""SE"",""SI"",""SK""]","2024-11-23 00:00:00","The decision was taken pursuant to own-initiative investigations.",SOURCE_VOLUNTARY,,Yes,AUTOMATED_DECISION_FULLY,TikTok,7440322680009677600,"2024-11-23 04:12:10"
d029029c-df14-4a82-8c5c-51c0a4cffb4f,"[""DECISION_VISIBILITY_CONTENT_REMOVED""]",,,,,,,,,,,DECISION_GROUND_INCOMPATIBLE_CONTENT,,,,"Harassment and Bullying","We welcome the respectful expression of different viewpoints, but not toxicity or trolling. We do not allow language or behavior that harasses, humiliates, threatens, or doxes anyone. This also includes responding to such acts with retaliatory harassment (but excludes non-harassing counterspeech).We proactively enforce our Community Guidelines through a mix of technology and human moderation. We have detected this policy violation using automated measures. We have used automated measures in making this decision.",,STATEMENT_CATEGORY_ILLEGAL_OR_HARMFUL_SPEECH,,,,"[""CONTENT_TYPE_TEXT""]",,,"2024-11-23 00:00:00","[""AT"",""BE"",""BG"",""CY"",""CZ"",""DE"",""DK"",""EE"",""ES"",""FI"",""FR"",""GR"",""HR"",""HU"",""IE"",""IT"",""LI"",""LT"",""LU"",""LV"",""MT"",""NL"",""NO"",""PL"",""PT"",""RO"",""SE"",""SI"",""SK""]","2024-11-23 00:00:00","The decision was taken pursuant to own-initiative investigations.",SOURCE_VOLUNTARY,,Yes,AUTOMATED_DECISION_FULLY,TikTok,7440322687748119328,"2024-11-23 04:12:10"
6ac5c255-1b8c-4159-bf7d-7920a1ac5445,"[""DECISION_VISIBILITY_CONTENT_REMOVED""]",,,,,,,,,,,DECISION_GROUND_INCOMPATIBLE_CONTENT,,,,"Hate Speech and Hateful Behaviors","TikTok is enriched by the various backgrounds of our community members. Our differences should be respected, rather than a cause for division. We do not allow any hateful behavior, hate speech, or promotion of hateful ideologies. This includes content that attacks a person or group because of protected attributes.We proactively enforce our Community Guidelines through a mix of technology and human moderation. We have detected this policy violation using automated measures. We have used automated measures in making this decision.",,STATEMENT_CATEGORY_ILLEGAL_OR_HARMFUL_SPEECH,,,,"[""CONTENT_TYPE_TEXT""]",,,"2024-11-23 00:00:00","[""AT"",""BE"",""BG"",""CY"",""CZ"",""DE"",""DK"",""EE"",""ES"",""FI"",""FR"",""GR"",""HR"",""HU"",""IE"",""IT"",""LI"",""LT"",""LU"",""LV"",""MT"",""NL"",""NO"",""PL"",""PT"",""RO"",""SE"",""SI"",""SK""]","2024-11-23 00:00:00","The decision was taken pursuant to own-initiative investigations.",SOURCE_VOLUNTARY,,Yes,AUTOMATED_DECISION_FULLY,TikTok,7440322641132526368,"2024-11-23 04:12:11"
9ec4905a-e7a4-4c4a-ba42-119725a1a934,"[""DECISION_VISIBILITY_CONTENT_REMOVED""]",,,,,,,,,,,DECISION_GROUND_INCOMPATIBLE_CONTENT,,,,"Civic and Election Integrity","Elections are important moments of community conversation and promote the values of an open society. We do not allow misinformation about civic and electoral processes, regardless of intent. This includes misinformation about how to vote, registering to vote, eligibility requirements of  candidates, the processes to count ballots and certify elections, and the final outcome of an election.We proactively enforce our Community Guidelines through a mix of technology and human moderation. We have detected this policy violation using automated measures. We have used automated measures in making this decision.",,STATEMENT_CATEGORY_NEGATIVE_EFFECTS_ON_CIVIC_DISCOURSE_OR_ELECTIONS,,,,"[""CONTENT_TYPE_IMAGE""]",,,"2024-11-23 00:00:00","[""AT"",""BE"",""BG"",""CY"",""CZ"",""DE"",""DK"",""EE"",""ES"",""FI"",""FR"",""GR"",""HR"",""HU"",""IE"",""IT"",""LI"",""LT"",""LU"",""LV"",""MT"",""NL"",""NO"",""PL"",""PT"",""RO"",""SE"",""SI"",""SK""]","2024-11-23 00:00:00","The decision was taken pursuant to own-initiative investigations.",SOURCE_VOLUNTARY,,Yes,AUTOMATED_DECISION_FULLY,TikTok,7440322641132542752,"2024-11-23 04:12:11"
edaa5b6a-7627-4f55-9c94-60b07e33042a,"[""DECISION_VISIBILITY_OTHER""]","Video not eligible for recommendation in the For You feed",,,,,,,,,,DECISION_GROUND_INCOMPATIBLE_CONTENT,,,,"Community Guidelines","Your content is against our Community Guidelines. The guidelines include rules and standards for using TikTok that apply to everyone and everything on our platform.We proactively enforce our Community Guidelines through a mix of technology and human moderation. We have detected this policy violation using automated measures. We have used automated measures in making this decision.",,STATEMENT_CATEGORY_SCOPE_OF_PLATFORM_SERVICE,,,,"[""CONTENT_TYPE_OTHER""]","Video Sticker",,"2024-11-23 00:00:00","[""AT"",""BE"",""BG"",""CY"",""CZ"",""DE"",""DK"",""EE"",""ES"",""FI"",""FR"",""GR"",""HR"",""HU"",""IE"",""IT"",""LI"",""LT"",""LU"",""LV"",""MT"",""NL"",""NO"",""PL"",""PT"",""RO"",""SE"",""SI"",""SK""]","2024-11-23 00:00:00","The decision was taken pursuant to own-initiative investigations.",SOURCE_VOLUNTARY,,Yes,AUTOMATED_DECISION_FULLY,TikTok,7440322641132559136,"2024-11-23 04:12:11"
27c48cc3-9379-423d-9b7b-c0faa60c9f0e,"[""DECISION_VISIBILITY_CONTENT_REMOVED""]",,,,,,,,,,,DECISION_GROUND_INCOMPATIBLE_CONTENT,,,,"Sexual Exploitation and Gender-Based Violence","We are committed to providing a space that embraces gender equity, supports healthy relationships, and respects intimate privacy. We do not allow sexual exploitation or gender-based violence, including non-consensual sexual acts, image-based sexual abuse, sextortion, physical abuse, and sexual harassment.We proactively enforce our Community Guidelines through a mix of technology and human moderation. We have detected this policy violation using automated measures. We have used automated measures in making this decision.",,STATEMENT_CATEGORY_VIOLENCE,,,,"[""CONTENT_TYPE_TEXT""]",,,"2024-11-23 00:00:00","[""AT"",""BE"",""BG"",""CY"",""CZ"",""DE"",""DK"",""EE"",""ES"",""FI"",""FR"",""GR"",""HR"",""HU"",""IE"",""IT"",""LI"",""LT"",""LU"",""LV"",""MT"",""NL"",""NO"",""PL"",""PT"",""RO"",""SE"",""SI"",""SK""]","2024-11-23 00:00:00","The decision was taken pursuant to own-initiative investigations.",SOURCE_VOLUNTARY,,Yes,AUTOMATED_DECISION_FULLY,TikTok,7440322641132575520,"2024-11-23 04:12:11"
de29ce23-554b-4a11-94ee-3fb25a7a5a91,"[""DECISION_VISIBILITY_CONTENT_REMOVED""]",,,,,,,,,,,DECISION_GROUND_INCOMPATIBLE_CONTENT,,,,"Hate Speech and Hateful Behaviors","TikTok is enriched by the various backgrounds of our community members. Our differences should be respected, rather than a cause for division. We do not allow any hateful behavior, hate speech, or promotion of hateful ideologies. This includes content that attacks a person or group because of protected attributes.We proactively enforce our Community Guidelines through a mix of technology and human moderation. We have detected this policy violation using automated measures. We have used automated measures in making this decision.",,STATEMENT_CATEGORY_ILLEGAL_OR_HARMFUL_SPEECH,,,,"[""CONTENT_TYPE_TEXT""]",,,"2024-11-23 00:00:00","[""AT"",""BE"",""BG"",""CY"",""CZ"",""DE"",""DK"",""EE"",""ES"",""FI"",""FR"",""GR"",""HR"",""HU"",""IE"",""IT"",""LI"",""LT"",""LU"",""LV"",""MT"",""NL"",""NO"",""PL"",""PT"",""RO"",""SE"",""SI"",""SK""]","2024-11-23 00:00:00","The decision was taken pursuant to own-initiative investigations.",SOURCE_VOLUNTARY,,Yes,AUTOMATED_DECISION_FULLY,TikTok,7440322641132591904,"2024-11-23 04:12:11"
b15056fd-c988-4e24-89c3-52a8649964ae,"[""DECISION_VISIBILITY_CONTENT_REMOVED""]",,,,,,,,,,,DECISION_GROUND_INCOMPATIBLE_CONTENT,,,,"Sexual Exploitation and Gender-Based Violence","We are committed to providing a space that embraces gender equity, supports healthy relationships, and respects intimate privacy. We do not allow sexual exploitation or gender-based violence, including non-consensual sexual acts, image-based sexual abuse, sextortion, physical abuse, and sexual harassment.We proactively enforce our Community Guidelines through a mix of technology and human moderation. We have detected this policy violation using automated measures. We have used automated measures in making this decision.",,STATEMENT_CATEGORY_VIOLENCE,,,,"[""CONTENT_TYPE_TEXT""]",,,"2024-11-23 00:00:00","[""AT"",""BE"",""BG"",""CY"",""CZ"",""DE"",""DK"",""EE"",""ES"",""FI"",""FR"",""GR"",""HR"",""HU"",""IE"",""IT"",""LI"",""LT"",""LU"",""LV"",""MT"",""NL"",""NO"",""PL"",""PT"",""RO"",""SE"",""SI"",""SK""]","2024-11-23 00:00:00","The decision was taken pursuant to own-initiative investigations.",SOURCE_VOLUNTARY,,Yes,AUTOMATED_DECISION_FULLY,TikTok,7440322631208934176,"2024-11-23 04:12:11"
657675c1-257a-4a78-95f1-196091643df2,"[""DECISION_VISIBILITY_CONTENT_REMOVED""]",,,,,,,,,,,DECISION_GROUND_INCOMPATIBLE_CONTENT,,,,"Harassment and Bullying","We welcome the respectful expression of different viewpoints, but not toxicity or trolling. We do not allow language or behavior that harasses, humiliates, threatens, or doxes anyone. This also includes responding to such acts with retaliatory harassment (but excludes non-harassing counterspeech).We proactively enforce our Community Guidelines through a mix of technology and human moderation. We have detected this policy violation using automated measures. We have used automated measures in making this decision.",,STATEMENT_CATEGORY_ILLEGAL_OR_HARMFUL_SPEECH,,,,"[""CONTENT_TYPE_TEXT""]",,,"2024-11-23 00:00:00","[""AT"",""BE"",""BG"",""CY"",""CZ"",""DE"",""DK"",""EE"",""ES"",""FI"",""FR"",""GR"",""HR"",""HU"",""IE"",""IT"",""LI"",""LT"",""LU"",""LV"",""MT"",""NL"",""NO"",""PL"",""PT"",""RO"",""SE"",""SI"",""SK""]","2024-11-23 00:00:00","The decision was taken pursuant to own-initiative investigations.",SOURCE_VOLUNTARY,,Yes,AUTOMATED_DECISION_FULLY,TikTok,7440322641132608288,"2024-11-23 04:12:11"
b0d7bd59-0855-4107-ab9f-893eb290214f,"[""DECISION_VISIBILITY_CONTENT_REMOVED""]",,,,,,,,,,,DECISION_GROUND_INCOMPATIBLE_CONTENT,,,,"Harassment and Bullying","We welcome the respectful expression of different viewpoints, but not toxicity or trolling. We do not allow language or behavior that harasses, humiliates, threatens, or doxes anyone. This also includes responding to such acts with retaliatory harassment (but excludes non-harassing counterspeech).We proactively enforce our Community Guidelines through a mix of technology and human moderation. We have detected this policy violation using automated measures. We have used automated measures in making this decision.",,STATEMENT_CATEGORY_ILLEGAL_OR_HARMFUL_SPEECH,,,,"[""CONTENT_TYPE_TEXT""]",,,"2024-11-23 00:00:00","[""AT"",""BE"",""BG"",""CY"",""CZ"",""DE"",""DK"",""EE"",""ES"",""FI"",""FR"",""GR"",""HR"",""HU"",""IE"",""IT"",""LI"",""LT"",""LU"",""LV"",""MT"",""NL"",""NO"",""PL"",""PT"",""RO"",""SE"",""SI"",""SK""]","2024-11-23 00:00:00","The decision was taken pursuant to own-initiative investigations.",SOURCE_VOLUNTARY,,Yes,AUTOMATED_DECISION_FULLY,TikTok,7440322631208950560,"2024-11-23 04:12:11"
881f8faa-1024-45fe-8fb1-c6385231f9fc,"[""DECISION_VISIBILITY_OTHER""]","Video not eligible for recommendation in the For You feed",,,,,,,,,,DECISION_GROUND_INCOMPATIBLE_CONTENT,,,,"Shocking and Graphic Content","Part of the joy of TikTok is coming across new and unexpected content. But the platform is not a space to intentionally shock, upset, or disgust others. Content is ineligible for the For You feed and harder to find in search if it shows fictional violence, blood, potentially distressing or mildly graphic material, animal genitalia or sexual activity between animals, or if it contains graphic footage of events that are in the public interest to view.We proactively enforce our Community Guidelines through a mix of technology and human moderation. We have detected this policy violation using automated measures.",,STATEMENT_CATEGORY_VIOLENCE,,,,"[""CONTENT_TYPE_VIDEO""]",,,"2024-11-19 00:00:00","[""AT"",""BE"",""BG"",""CY"",""CZ"",""DE"",""DK"",""EE"",""ES"",""FI"",""FR"",""GR"",""HR"",""HU"",""IE"",""IT"",""LI"",""LT"",""LU"",""LV"",""MT"",""NL"",""NO"",""PL"",""PT"",""RO"",""SE"",""SI"",""SK""]","2024-11-23 00:00:00","The decision was taken pursuant to own-initiative investigations.",SOURCE_VOLUNTARY,,Yes,AUTOMATED_DECISION_NOT_AUTOMATED,TikTok,7440322641132624672,"2024-11-23 04:12:11"
56c15f59-e4be-4e12-8b2d-c0650857ade6,"[""DECISION_VISIBILITY_CONTENT_REMOVED""]",,,,,,,,,,,DECISION_GROUND_INCOMPATIBLE_CONTENT,,,,"Hate Speech and Hateful Behaviors","TikTok is enriched by the various backgrounds of our community members. Our differences should be respected, rather than a cause for division. We do not allow any hateful behavior, hate speech, or promotion of hateful ideologies. This includes content that attacks a person or group because of protected attributes.We proactively enforce our Community Guidelines through a mix of technology and human moderation. We have detected this policy violation using automated measures. We have used automated measures in making this decision.",,STATEMENT_CATEGORY_ILLEGAL_OR_HARMFUL_SPEECH,,,,"[""CONTENT_TYPE_TEXT""]",,,"2024-11-23 00:00:00","[""AT"",""BE"",""BG"",""CY"",""CZ"",""DE"",""DK"",""EE"",""ES"",""FI"",""FR"",""GR"",""HR"",""HU"",""IE"",""IT"",""LI"",""LT"",""LU"",""LV"",""MT"",""NL"",""NO"",""PL"",""PT"",""RO"",""SE"",""SI"",""SK""]","2024-11-23 00:00:00","The decision was taken pursuant to own-initiative investigations.",SOURCE_VOLUNTARY,,Yes,AUTOMATED_DECISION_FULLY,TikTok,7440322650934614816,"2024-11-23 04:12:11"
50788157-1512-41c1-b03b-8c12980ba44d,"[""DECISION_VISIBILITY_CONTENT_REMOVED""]",,,,,,,,,,,DECISION_GROUND_INCOMPATIBLE_CONTENT,,,,"Dangerous Activities and Challenges","Most activities or challenges are appropriate for everyone, but some carry a risk of significant injury. We do not allow showing or promoting dangerous activities and challenges. This includes dares, games, tricks, inappropriate use of dangerous tools, eating substances that are harmful to one’s health, or similar activities that may lead to significant physical harm.We proactively enforce our Community Guidelines through a mix of technology and human moderation. We have detected this policy violation using automated measures.",,STATEMENT_CATEGORY_SCOPE_OF_PLATFORM_SERVICE,,,,"[""CONTENT_TYPE_VIDEO""]",,,"2024-11-23 00:00:00","[""AT"",""BE"",""BG"",""CY"",""CZ"",""DE"",""DK"",""EE"",""ES"",""FI"",""FR"",""GR"",""HR"",""HU"",""IE"",""IT"",""LI"",""LT"",""LU"",""LV"",""MT"",""NL"",""NO"",""PL"",""PT"",""RO"",""SE"",""SI"",""SK""]","2024-11-23 00:00:00","The decision was taken pursuant to own-initiative investigations.",SOURCE_VOLUNTARY,,Yes,AUTOMATED_DECISION_NOT_AUTOMATED,TikTok,7440322650934631200,"2024-11-23 04:12:11"
7ebf89d8-79ff-4a13-8ca7-a9c580266a46,"[""DECISION_VISIBILITY_CONTENT_REMOVED""]",,,,,,,,,,,DECISION_GROUND_INCOMPATIBLE_CONTENT,,,,"Community Guidelines","Your content is against our Community Guidelines. The guidelines include rules and standards for using TikTok that apply to everyone and everything on our platform.Users and 3rd-parties can report policy violations to us. We have detected this policy violation based on a report that the content violated our Community Guidelines.",,STATEMENT_CATEGORY_SCOPE_OF_PLATFORM_SERVICE,,,,"[""CONTENT_TYPE_TEXT""]",,,"2024-11-22 00:00:00","[""AT"",""BE"",""BG"",""CY"",""CZ"",""DE"",""DK"",""EE"",""ES"",""FI"",""FR"",""GR"",""HR"",""HU"",""IE"",""IT"",""LI"",""LT"",""LU"",""LV"",""MT"",""NL"",""NO"",""PL"",""PT"",""RO"",""SE"",""SI"",""SK""]","2024-11-23 00:00:00","The decision was taken in response to a report alleging a violation of our Community Guidelines.",SOURCE_VOLUNTARY,,No,AUTOMATED_DECISION_NOT_AUTOMATED,TikTok,7440322641132641056,"2024-11-23 04:12:11"
632f8c0d-726a-4514-b696-4ed3f6eaa307,"[""DECISION_VISIBILITY_CONTENT_REMOVED""]",,,,,,,,,,,DECISION_GROUND_INCOMPATIBLE_CONTENT,,,,"Community Guidelines","Your content is against our Community Guidelines. The guidelines include rules and standards for using TikTok that apply to everyone and everything on our platform.We proactively enforce our Community Guidelines through a mix of technology and human moderation. We have detected this policy violation using automated measures. We have used automated measures in making this decision.",,STATEMENT_CATEGORY_SCOPE_OF_PLATFORM_SERVICE,,,,"[""CONTENT_TYPE_IMAGE""]",,,"2024-10-19 00:00:00","[""AT"",""BE"",""BG"",""CY"",""CZ"",""DE"",""DK"",""EE"",""ES"",""FI"",""FR"",""GR"",""HR"",""HU"",""IE"",""IT"",""LI"",""LT"",""LU"",""LV"",""MT"",""NL"",""NO"",""PL"",""PT"",""RO"",""SE"",""SI"",""SK""]","2024-11-23 00:00:00","The decision was taken pursuant to own-initiative investigations.",SOURCE_VOLUNTARY,,Yes,AUTOMATED_DECISION_FULLY,TikTok,7440322650934647584,"2024-11-23 04:12:11"
440e8f6c-e553-4e25-b448-9e82f049ac78,"[""DECISION_VISIBILITY_CONTENT_REMOVED""]",,,,,,,,,,,DECISION_GROUND_INCOMPATIBLE_CONTENT,,,,"Community Guidelines","Your content is against our Community Guidelines. The guidelines include rules and standards for using TikTok that apply to everyone and everything on our platform.We proactively enforce our Community Guidelines through a mix of technology and human moderation. We have detected this policy violation using automated measures. We have used automated measures in making this decision.",,STATEMENT_CATEGORY_SCOPE_OF_PLATFORM_SERVICE,,,,"[""CONTENT_TYPE_IMAGE""]",,,"2024-10-16 00:00:00","[""AT"",""BE"",""BG"",""CY"",""CZ"",""DE"",""DK"",""EE"",""ES"",""FI"",""FR"",""GR"",""HR"",""HU"",""IE"",""IT"",""LI"",""LT"",""LU"",""LV"",""MT"",""NL"",""NO"",""PL"",""PT"",""RO"",""SE"",""SI"",""SK""]","2024-11-23 00:00:00","The decision was taken pursuant to own-initiative investigations.",SOURCE_VOLUNTARY,,Yes,AUTOMATED_DECISION_FULLY,TikTok,7440322650934663968,"2024-11-23 04:12:11"
8e37a1f6-a2d1-4695-9096-af9cb21c5c5c,"[""DECISION_VISIBILITY_CONTENT_REMOVED""]",,,,,,,,,,,DECISION_GROUND_INCOMPATIBLE_CONTENT,,,,"Community Guidelines","Your content is against our Community Guidelines. The guidelines include rules and standards for using TikTok that apply to everyone and everything on our platform.We proactively enforce our Community Guidelines through a mix of technology and human moderation. We have detected this policy violation using automated measures. We have used automated measures in making this decision.",,STATEMENT_CATEGORY_SCOPE_OF_PLATFORM_SERVICE,,,,"[""CONTENT_TYPE_IMAGE""]",,,"2024-10-16 00:00:00","[""AT"",""BE"",""BG"",""CY"",""CZ"",""DE"",""DK"",""EE"",""ES"",""FI"",""FR"",""GR"",""HR"",""HU"",""IE"",""IT"",""LI"",""LT"",""LU"",""LV"",""MT"",""NL"",""NO"",""PL"",""PT"",""RO"",""SE"",""SI"",""SK""]","2024-11-23 00:00:00","The decision was taken pursuant to own-initiative investigations.",SOURCE_VOLUNTARY,,Yes,AUTOMATED_DECISION_FULLY,TikTok,7440322641132657440,"2024-11-23 04:12:11"
c125a760-c494-465b-80b4-81fa17d86f5e,"[""DECISION_VISIBILITY_CONTENT_REMOVED""]",,,,,,,,,,,DECISION_GROUND_INCOMPATIBLE_CONTENT,,,,"Community Guidelines","Your content is against our Community Guidelines. The guidelines include rules and standards for using TikTok that apply to everyone and everything on our platform.We proactively enforce our Community Guidelines through a mix of technology and human moderation. We have detected this policy violation using automated measures. We have used automated measures in making this decision.",,STATEMENT_CATEGORY_SCOPE_OF_PLATFORM_SERVICE,,,,"[""CONTENT_TYPE_IMAGE""]",,,"2024-11-16 00:00:00","[""AT"",""BE"",""BG"",""CY"",""CZ"",""DE"",""DK"",""EE"",""ES"",""FI"",""FR"",""GR"",""HR"",""HU"",""IE"",""IT"",""LI"",""LT"",""LU"",""LV"",""MT"",""NL"",""NO"",""PL"",""PT"",""RO"",""SE"",""SI"",""SK""]","2024-11-23 00:00:00","The decision was taken pursuant to own-initiative investigations.",SOURCE_VOLUNTARY,,Yes,AUTOMATED_DECISION_FULLY,TikTok,7440322650934680352,"2024-11-23 04:12:11"
3b28d04b-d4ea-450f-acd2-c058cd39d136,"[""DECISION_VISIBILITY_CONTENT_REMOVED""]",,,,,,,,,,,DECISION_GROUND_INCOMPATIBLE_CONTENT,,,,"Community Guidelines","Your content is against our Community Guidelines. The guidelines include rules and standards for using TikTok that apply to everyone and everything on our platform.We proactively enforce our Community Guidelines through a mix of technology and human moderation. We have detected this policy violation using automated measures. We have used automated measures in making this decision.",,STATEMENT_CATEGORY_SCOPE_OF_PLATFORM_SERVICE,,,,"[""CONTENT_TYPE_IMAGE""]",,,"2024-11-07 00:00:00","[""AT"",""BE"",""BG"",""CY"",""CZ"",""DE"",""DK"",""EE"",""ES"",""FI"",""FR"",""GR"",""HR"",""HU"",""IE"",""IT"",""LI"",""LT"",""LU"",""LV"",""MT"",""NL"",""NO"",""PL"",""PT"",""RO"",""SE"",""SI"",""SK""]","2024-11-23 00:00:00","The decision was taken pursuant to own-initiative investigations.",SOURCE_VOLUNTARY,,Yes,AUTOMATED_DECISION_FULLY,TikTok,7440322641132673824,"2024-11-23 04:12:11"
1ba3f4c4-d7cc-4040-8ef8-429566eba8c8,"[""DECISION_VISIBILITY_CONTENT_REMOVED""]",,,,,,,,,,,DECISION_GROUND_INCOMPATIBLE_CONTENT,,,,"Community Guidelines","Your content is against our Community Guidelines. The guidelines include rules and standards for using TikTok that apply to everyone and everything on our platform.We proactively enforce our Community Guidelines through a mix of technology and human moderation. We have detected this policy violation using automated measures. We have used automated measures in making this decision.",,STATEMENT_CATEGORY_SCOPE_OF_PLATFORM_SERVICE,,,,"[""CONTENT_TYPE_IMAGE""]",,,"2024-11-03 00:00:00","[""AT"",""BE"",""BG"",""CY"",""CZ"",""DE"",""DK"",""EE"",""ES"",""FI"",""FR"",""GR"",""HR"",""HU"",""IE"",""IT"",""LI"",""LT"",""LU"",""LV"",""MT"",""NL"",""NO"",""PL"",""PT"",""RO"",""SE"",""SI"",""SK""]","2024-11-23 00:00:00","The decision was taken pursuant to own-initiative investigations.",SOURCE_VOLUNTARY,,Yes,AUTOMATED_DECISION_FULLY,TikTok,7440322650934696736,"2024-11-23 04:12:11"
2eb95a4d-6791-42e1-b72f-b3dbb45299c3,"[""DECISION_VISIBILITY_CONTENT_REMOVED""]",,,,,,,,,,,DECISION_GROUND_INCOMPATIBLE_CONTENT,,,,"Community Guidelines","Your content is against our Community Guidelines. The guidelines include rules and standards for using TikTok that apply to everyone and everything on our platform.We proactively enforce our Community Guidelines through a mix of technology and human moderation. We have detected this policy violation using automated measures. We have used automated measures in making this decision.",,STATEMENT_CATEGORY_SCOPE_OF_PLATFORM_SERVICE,,,,"[""CONTENT_TYPE_IMAGE""]",,,"2024-10-17 00:00:00","[""AT"",""BE"",""BG"",""CY"",""CZ"",""DE"",""DK"",""EE"",""ES"",""FI"",""FR"",""GR"",""HR"",""HU"",""IE"",""IT"",""LI"",""LT"",""LU"",""LV"",""MT"",""NL"",""NO"",""PL"",""PT"",""RO"",""SE"",""SI"",""SK""]","2024-11-23 00:00:00","The decision was taken pursuant to own-initiative investigations.",SOURCE_VOLUNTARY,,Yes,AUTOMATED_DECISION_FULLY,TikTok,7440322655456074529,"2024-11-23 04:12:11"
7bb78a96-ceb3-47a4-b004-11d6c23e7092,"[""DECISION_VISIBILITY_CONTENT_REMOVED""]",,,,,,,,,,,DECISION_GROUND_INCOMPATIBLE_CONTENT,,,,"Community Guidelines","Your content is against our Community Guidelines. The guidelines include rules and standards for using TikTok that apply to everyone and everything on our platform.We proactively enforce our Community Guidelines through a mix of technology and human moderation. We have detected this policy violation using automated measures. We have used automated measures in making this decision.",,STATEMENT_CATEGORY_SCOPE_OF_PLATFORM_SERVICE,,,,"[""CONTENT_TYPE_IMAGE""]",,,"2024-10-16 00:00:00","[""AT"",""BE"",""BG"",""CY"",""CZ"",""DE"",""DK"",""EE"",""ES"",""FI"",""FR"",""GR"",""HR"",""HU"",""IE"",""IT"",""LI"",""LT"",""LU"",""LV"",""MT"",""NL"",""NO"",""PL"",""PT"",""RO"",""SE"",""SI"",""SK""]","2024-11-23 00:00:00","The decision was taken pursuant to own-initiative investigations.",SOURCE_VOLUNTARY,,Yes,AUTOMATED_DECISION_FULLY,TikTok,7440322655456090913,"2024-11-23 04:12:11"
b5993621-231f-4179-b154-c0d1b54413ba,"[""DECISION_VISIBILITY_CONTENT_REMOVED""]",,,,,,,,,,,DECISION_GROUND_INCOMPATIBLE_CONTENT,,,,"Community Guidelines","Your content is against our Community Guidelines. The guidelines include rules and standards for using TikTok that apply to everyone and everything on our platform.We proactively enforce our Community Guidelines through a mix of technology and human moderation. We have detected this policy violation using automated measures. We have used automated measures in making this decision.",,STATEMENT_CATEGORY_SCOPE_OF_PLATFORM_SERVICE,,,,"[""CONTENT_TYPE_IMAGE""]",,,"2024-10-16 00:00:00","[""AT"",""BE"",""BG"",""CY"",""CZ"",""DE"",""DK"",""EE"",""ES"",""FI"",""FR"",""GR"",""HR"",""HU"",""IE"",""IT"",""LI"",""LT"",""LU"",""LV"",""MT"",""NL"",""NO"",""PL"",""PT"",""RO"",""SE"",""SI"",""SK""]","2024-11-23 00:00:00","The decision was taken pursuant to own-initiative investigations.",SOURCE_VOLUNTARY,,Yes,AUTOMATED_DECISION_FULLY,TikTok,7440322655456107297,"2024-11-23 04:12:11"
e360ced5-2fb6-4dc1-be0a-91b3f286e901,"[""DECISION_VISIBILITY_CONTENT_REMOVED""]",,,,,,,,,,,DECISION_GROUND_INCOMPATIBLE_CONTENT,,,,"Community Guidelines","Your content is against our Community Guidelines. The guidelines include rules and standards for using TikTok that apply to everyone and everything on our platform.We proactively enforce our Community Guidelines through a mix of technology and human moderation. We have detected this policy violation using automated measures. We have used automated measures in making this decision.",,STATEMENT_CATEGORY_SCOPE_OF_PLATFORM_SERVICE,,,,"[""CONTENT_TYPE_IMAGE""]",,,"2024-10-16 00:00:00","[""AT"",""BE"",""BG"",""CY"",""CZ"",""DE"",""DK"",""EE"",""ES"",""FI"",""FR"",""GR"",""HR"",""HU"",""IE"",""IT"",""LI"",""LT"",""LU"",""LV"",""MT"",""NL"",""NO"",""PL"",""PT"",""RO"",""SE"",""SI"",""SK""]","2024-11-23 00:00:00","The decision was taken pursuant to own-initiative investigations.",SOURCE_VOLUNTARY,,Yes,AUTOMATED_DECISION_FULLY,TikTok,7440322650934713120,"2024-11-23 04:12:11"
9a642900-1d75-459a-91bf-da45d4dbb89f,"[""DECISION_VISIBILITY_CONTENT_REMOVED""]",,,,,,,,,,,DECISION_GROUND_INCOMPATIBLE_CONTENT,,,,"Community Guidelines","Your content is against our Community Guidelines. The guidelines include rules and standards for using TikTok that apply to everyone and everything on our platform.We proactively enforce our Community Guidelines through a mix of technology and human moderation. We have detected this policy violation using automated measures. We have used automated measures in making this decision.",,STATEMENT_CATEGORY_SCOPE_OF_PLATFORM_SERVICE,,,,"[""CONTENT_TYPE_IMAGE""]",,,"2024-10-17 00:00:00","[""AT"",""BE"",""BG"",""CY"",""CZ"",""DE"",""DK"",""EE"",""ES"",""FI"",""FR"",""GR"",""HR"",""HU"",""IE"",""IT"",""LI"",""LT"",""LU"",""LV"",""MT"",""NL"",""NO"",""PL"",""PT"",""RO"",""SE"",""SI"",""SK""]","2024-11-23 00:00:00","The decision was taken pursuant to own-initiative investigations.",SOURCE_VOLUNTARY,,Yes,AUTOMATED_DECISION_FULLY,TikTok,7440322650934729504,"2024-11-23 04:12:11"
273c5fac-d4d7-4053-b9d4-19abb03179f3,"[""DECISION_VISIBILITY_CONTENT_REMOVED""]",,,,,,,,,,,DECISION_GROUND_INCOMPATIBLE_CONTENT,,,,"Community Guidelines","Your content is against our Community Guidelines. The guidelines include rules and standards for using TikTok that apply to everyone and everything on our platform.We proactively enforce our Community Guidelines through a mix of technology and human moderation. We have detected this policy violation using automated measures. We have used automated measures in making this decision.",,STATEMENT_CATEGORY_SCOPE_OF_PLATFORM_SERVICE,,,,"[""CONTENT_TYPE_IMAGE""]",,,"2024-10-16 00:00:00","[""AT"",""BE"",""BG"",""CY"",""CZ"",""DE"",""DK"",""EE"",""ES"",""FI"",""FR"",""GR"",""HR"",""HU"",""IE"",""IT"",""LI"",""LT"",""LU"",""LV"",""MT"",""NL"",""NO"",""PL"",""PT"",""RO"",""SE"",""SI"",""SK""]","2024-11-23 00:00:00","The decision was taken pursuant to own-initiative investigations.",SOURCE_VOLUNTARY,,Yes,AUTOMATED_DECISION_FULLY,TikTok,7440322655456123681,"2024-11-23 04:12:11"
c633bdce-0241-4f3a-a082-40ea9cd6b091,"[""DECISION_VISIBILITY_CONTENT_REMOVED""]",,,,,,,,,,,DECISION_GROUND_INCOMPATIBLE_CONTENT,,,,"Community Guidelines","Your content is against our Community Guidelines. The guidelines include rules and standards for using TikTok that apply to everyone and everything on our platform.We proactively enforce our Community Guidelines through a mix of technology and human moderation. We have detected this policy violation using automated measures. We have used automated measures in making this decision.",,STATEMENT_CATEGORY_SCOPE_OF_PLATFORM_SERVICE,,,,"[""CONTENT_TYPE_IMAGE""]",,,"2024-10-19 00:00:00","[""AT"",""BE"",""BG"",""CY"",""CZ"",""DE"",""DK"",""EE"",""ES"",""FI"",""FR"",""GR"",""HR"",""HU"",""IE"",""IT"",""LI"",""LT"",""LU"",""LV"",""MT"",""NL"",""NO"",""PL"",""PT"",""RO"",""SE"",""SI"",""SK""]","2024-11-23 00:00:00","The decision was taken pursuant to own-initiative investigations.",SOURCE_VOLUNTARY,,Yes,AUTOMATED_DECISION_FULLY,TikTok,7440322650934745888,"2024-11-23 04:12:11"
9e6277c2-545f-44f7-89fa-671d5304c678,"[""DECISION_VISIBILITY_CONTENT_REMOVED""]",,,,,,,,,,,DECISION_GROUND_INCOMPATIBLE_CONTENT,,,,"Community Guidelines","Your content is against our Community Guidelines. The guidelines include rules and standards for using TikTok that apply to everyone and everything on our platform.We proactively enforce our Community Guidelines through a mix of technology and human moderation. We have detected this policy violation using automated measures. We have used automated measures in making this decision.",,STATEMENT_CATEGORY_SCOPE_OF_PLATFORM_SERVICE,,,,"[""CONTENT_TYPE_IMAGE""]",,,"2024-10-23 00:00:00","[""AT"",""BE"",""BG"",""CY"",""CZ"",""DE"",""DK"",""EE"",""ES"",""FI"",""FR"",""GR"",""HR"",""HU"",""IE"",""IT"",""LI"",""LT"",""LU"",""LV"",""MT"",""NL"",""NO"",""PL"",""PT"",""RO"",""SE"",""SI"",""SK""]","2024-11-23 00:00:00","The decision was taken pursuant to own-initiative investigations.",SOURCE_VOLUNTARY,,Yes,AUTOMATED_DECISION_FULLY,TikTok,7440322650934762272,"2024-11-23 04:12:11"
65258922-5bcb-483d-bf2c-7deaa69e706c,"[""DECISION_VISIBILITY_CONTENT_REMOVED""]",,,,,,,,,,,DECISION_GROUND_INCOMPATIBLE_CONTENT,,,,"Community Guidelines","Your content is against our Community Guidelines. The guidelines include rules and standards for using TikTok that apply to everyone and everything on our platform.We proactively enforce our Community Guidelines through a mix of technology and human moderation. We have detected this policy violation using automated measures. We have used automated measures in making this decision.",,STATEMENT_CATEGORY_SCOPE_OF_PLATFORM_SERVICE,,,,"[""CONTENT_TYPE_IMAGE""]",,,"2024-10-23 00:00:00","[""AT"",""BE"",""BG"",""CY"",""CZ"",""DE"",""DK"",""EE"",""ES"",""FI"",""FR"",""GR"",""HR"",""HU"",""IE"",""IT"",""LI"",""LT"",""LU"",""LV"",""MT"",""NL"",""NO"",""PL"",""PT"",""RO"",""SE"",""SI"",""SK""]","2024-11-23 00:00:00","The decision was taken pursuant to own-initiative investigations.",SOURCE_VOLUNTARY,,Yes,AUTOMATED_DECISION_FULLY,TikTok,7440322655456140065,"2024-11-23 04:12:11"
2bcb527b-af54-45b1-93d9-2e092fb6939b,"[""DECISION_VISIBILITY_CONTENT_REMOVED""]",,,,,,,,,,,DECISION_GROUND_INCOMPATIBLE_CONTENT,,,,"Community Guidelines","Your content is against our Community Guidelines. The guidelines include rules and standards for using TikTok that apply to everyone and everything on our platform.We proactively enforce our Community Guidelines through a mix of technology and human moderation. We have detected this policy violation using automated measures. We have used automated measures in making this decision.",,STATEMENT_CATEGORY_SCOPE_OF_PLATFORM_SERVICE,,,,"[""CONTENT_TYPE_IMAGE""]",,,"2024-10-16 00:00:00","[""AT"",""BE"",""BG"",""CY"",""CZ"",""DE"",""DK"",""EE"",""ES"",""FI"",""FR"",""GR"",""HR"",""HU"",""IE"",""IT"",""LI"",""LT"",""LU"",""LV"",""MT"",""NL"",""NO"",""PL"",""PT"",""RO"",""SE"",""SI"",""SK""]","2024-11-23 00:00:00","The decision was taken pursuant to own-initiative investigations.",SOURCE_VOLUNTARY,,Yes,AUTOMATED_DECISION_FULLY,TikTok,7440322658425641760,"2024-11-23 04:12:11"
c1131312-44d5-46ca-9318-b98cc7927b78,"[""DECISION_VISIBILITY_CONTENT_REMOVED""]",,,,,,,,,,,DECISION_GROUND_INCOMPATIBLE_CONTENT,,,,"Community Guidelines","Your content is against our Community Guidelines. The guidelines include rules and standards for using TikTok that apply to everyone and everything on our platform.We proactively enforce our Community Guidelines through a mix of technology and human moderation. We have detected this policy violation using automated measures. We have used automated measures in making this decision.",,STATEMENT_CATEGORY_SCOPE_OF_PLATFORM_SERVICE,,,,"[""CONTENT_TYPE_IMAGE""]",,,"2024-10-23 00:00:00","[""AT"",""BE"",""BG"",""CY"",""CZ"",""DE"",""DK"",""EE"",""ES"",""FI"",""FR"",""GR"",""HR"",""HU"",""IE"",""IT"",""LI"",""LT"",""LU"",""LV"",""MT"",""NL"",""NO"",""PL"",""PT"",""RO"",""SE"",""SI"",""SK""]","2024-11-23 00:00:00","The decision was taken pursuant to own-initiative investigations.",SOURCE_VOLUNTARY,,Yes,AUTOMATED_DECISION_FULLY,TikTok,7440322658425658144,"2024-11-23 04:12:11"
d82782c3-cc21-4c6d-9bc6-cb77e71217f4,"[""DECISION_VISIBILITY_CONTENT_REMOVED""]",,,,,,,,,,,DECISION_GROUND_INCOMPATIBLE_CONTENT,,,,"Community Guidelines","Your content is against our Community Guidelines. The guidelines include rules and standards for using TikTok that apply to everyone and everything on our platform.We proactively enforce our Community Guidelines through a mix of technology and human moderation. We have detected this policy violation using automated measures. We have used automated measures in making this decision.",,STATEMENT_CATEGORY_SCOPE_OF_PLATFORM_SERVICE,,,,"[""CONTENT_TYPE_IMAGE""]",,,"2024-10-30 00:00:00","[""AT"",""BE"",""BG"",""CY"",""CZ"",""DE"",""DK"",""EE"",""ES"",""FI"",""FR"",""GR"",""HR"",""HU"",""IE"",""IT"",""LI"",""LT"",""LU"",""LV"",""MT"",""NL"",""NO"",""PL"",""PT"",""RO"",""SE"",""SI"",""SK""]","2024-11-23 00:00:00","The decision was taken pursuant to own-initiative investigations.",SOURCE_VOLUNTARY,,Yes,AUTOMATED_DECISION_FULLY,TikTok,7440322658425674528,"2024-11-23 04:12:11"
1e0f0b06-d618-46a7-9a80-31996c87ab38,"[""DECISION_VISIBILITY_CONTENT_REMOVED""]",,,,,,,,,,,DECISION_GROUND_INCOMPATIBLE_CONTENT,,,,"Community Guidelines","Your content is against our Community Guidelines. The guidelines include rules and standards for using TikTok that apply to everyone and everything on our platform.We proactively enforce our Community Guidelines through a mix of technology and human moderation. We have detected this policy violation using automated measures. We have used automated measures in making this decision.",,STATEMENT_CATEGORY_SCOPE_OF_PLATFORM_SERVICE,,,,"[""CONTENT_TYPE_IMAGE""]",,,"2024-10-27 00:00:00","[""AT"",""BE"",""BG"",""CY"",""CZ"",""DE"",""DK"",""EE"",""ES"",""FI"",""FR"",""GR"",""HR"",""HU"",""IE"",""IT"",""LI"",""LT"",""LU"",""LV"",""MT"",""NL"",""NO"",""PL"",""PT"",""RO"",""SE"",""SI"",""SK""]","2024-11-23 00:00:00","The decision was taken pursuant to own-initiative investigations.",SOURCE_VOLUNTARY,,Yes,AUTOMATED_DECISION_FULLY,TikTok,7440322655456156449,"2024-11-23 04:12:11"
8edff3fc-89ac-4c2e-928e-57cf33123590,"[""DECISION_VISIBILITY_CONTENT_REMOVED""]",,,,,,,,,,,DECISION_GROUND_INCOMPATIBLE_CONTENT,,,,"Community Guidelines","Your content is against our Community Guidelines. The guidelines include rules and standards for using TikTok that apply to everyone and everything on our platform.We proactively enforce our Community Guidelines through a mix of technology and human moderation. We have detected this policy violation using automated measures. We have used automated measures in making this decision.",,STATEMENT_CATEGORY_SCOPE_OF_PLATFORM_SERVICE,,,,"[""CONTENT_TYPE_IMAGE""]",,,"2024-10-27 00:00:00","[""AT"",""BE"",""BG"",""CY"",""CZ"",""DE"",""DK"",""EE"",""ES"",""FI"",""FR"",""GR"",""HR"",""HU"",""IE"",""IT"",""LI"",""LT"",""LU"",""LV"",""MT"",""NL"",""NO"",""PL"",""PT"",""RO"",""SE"",""SI"",""SK""]","2024-11-23 00:00:00","The decision was taken pursuant to own-initiative investigations.",SOURCE_VOLUNTARY,,Yes,AUTOMATED_DECISION_FULLY,TikTok,7440322658425690912,"2024-11-23 04:12:11"
07051d09-7c52-470e-bcd1-a190602b35c3,"[""DECISION_VISIBILITY_CONTENT_REMOVED""]",,,,,,,,,,,DECISION_GROUND_INCOMPATIBLE_CONTENT,,,,"Community Guidelines","Your content is against our Community Guidelines. The guidelines include rules and standards for using TikTok that apply to everyone and everything on our platform.We proactively enforce our Community Guidelines through a mix of technology and human moderation. We have detected this policy violation using automated measures. We have used automated measures in making this decision.",,STATEMENT_CATEGORY_SCOPE_OF_PLATFORM_SERVICE,,,,"[""CONTENT_TYPE_IMAGE""]",,,"2024-10-16 00:00:00","[""AT"",""BE"",""BG"",""CY"",""CZ"",""DE"",""DK"",""EE"",""ES"",""FI"",""FR"",""GR"",""HR"",""HU"",""IE"",""IT"",""LI"",""LT"",""LU"",""LV"",""MT"",""NL"",""NO"",""PL"",""PT"",""RO"",""SE"",""SI"",""SK""]","2024-11-23 00:00:00","The decision was taken pursuant to own-initiative investigations.",SOURCE_VOLUNTARY,,Yes,AUTOMATED_DECISION_FULLY,TikTok,7440322658425707296,"2024-11-23 04:12:11"
cec0070d-b9db-4823-8732-ef443f59e043,"[""DECISION_VISIBILITY_CONTENT_REMOVED""]",,,,,,,,,,,DECISION_GROUND_INCOMPATIBLE_CONTENT,,,,"Community Guidelines","Your content is against our Community Guidelines. The guidelines include rules and standards for using TikTok that apply to everyone and everything on our platform.We proactively enforce our Community Guidelines through a mix of technology and human moderation. We have detected this policy violation using automated measures. We have used automated measures in making this decision.",,STATEMENT_CATEGORY_SCOPE_OF_PLATFORM_SERVICE,,,,"[""CONTENT_TYPE_IMAGE""]",,,"2024-10-16 00:00:00","[""AT"",""BE"",""BG"",""CY"",""CZ"",""DE"",""DK"",""EE"",""ES"",""FI"",""FR"",""GR"",""HR"",""HU"",""IE"",""IT"",""LI"",""LT"",""LU"",""LV"",""MT"",""NL"",""NO"",""PL"",""PT"",""RO"",""SE"",""SI"",""SK""]","2024-11-23 00:00:00","The decision was taken pursuant to own-initiative investigations.",SOURCE_VOLUNTARY,,Yes,AUTOMATED_DECISION_FULLY,TikTok,7440322655456172833,"2024-11-23 04:12:11"
76caca6a-fe37-435e-b17c-0e09600d6476,"[""DECISION_VISIBILITY_CONTENT_REMOVED""]",,,,,,,,,,,DECISION_GROUND_INCOMPATIBLE_CONTENT,,,,"Community Guidelines","Your content is against our Community Guidelines. The guidelines include rules and standards for using TikTok that apply to everyone and everything on our platform.We proactively enforce our Community Guidelines through a mix of technology and human moderation. We have detected this policy violation using automated measures. We have used automated measures in making this decision.",,STATEMENT_CATEGORY_SCOPE_OF_PLATFORM_SERVICE,,,,"[""CONTENT_TYPE_IMAGE""]",,,"2024-11-01 00:00:00","[""AT"",""BE"",""BG"",""CY"",""CZ"",""DE"",""DK"",""EE"",""ES"",""FI"",""FR"",""GR"",""HR"",""HU"",""IE"",""IT"",""LI"",""LT"",""LU"",""LV"",""MT"",""NL"",""NO"",""PL"",""PT"",""RO"",""SE"",""SI"",""SK""]","2024-11-23 00:00:00","The decision was taken pursuant to own-initiative investigations.",SOURCE_VOLUNTARY,,Yes,AUTOMATED_DECISION_FULLY,TikTok,7440322658425723680,"2024-11-23 04:12:11"
a8e7f5d2-a807-4f48-a5b7-4b9adeb380f3,"[""DECISION_VISIBILITY_CONTENT_REMOVED""]",,,,,,,,,,,DECISION_GROUND_INCOMPATIBLE_CONTENT,,,,"Community Guidelines","Your content is against our Community Guidelines. The guidelines include rules and standards for using TikTok that apply to everyone and everything on our platform.We proactively enforce our Community Guidelines through a mix of technology and human moderation. We have detected this policy violation using automated measures. We have used automated measures in making this decision.",,STATEMENT_CATEGORY_SCOPE_OF_PLATFORM_SERVICE,,,,"[""CONTENT_TYPE_IMAGE""]",,,"2024-10-19 00:00:00","[""AT"",""BE"",""BG"",""CY"",""CZ"",""DE"",""DK"",""EE"",""ES"",""FI"",""FR"",""GR"",""HR"",""HU"",""IE"",""IT"",""LI"",""LT"",""LU"",""LV"",""MT"",""NL"",""NO"",""PL"",""PT"",""RO"",""SE"",""SI"",""SK""]","2024-11-23 00:00:00","The decision was taken pursuant to own-initiative investigations.",SOURCE_VOLUNTARY,,Yes,AUTOMATED_DECISION_FULLY,TikTok,7440322655456189217,"2024-11-23 04:12:11"
d206e25a-0bdd-427a-b149-f250a6daff1d,"[""DECISION_VISIBILITY_CONTENT_REMOVED""]",,,,,,,,,,,DECISION_GROUND_INCOMPATIBLE_CONTENT,,,,"Community Guidelines","Your content is against our Community Guidelines. The guidelines include rules and standards for using TikTok that apply to everyone and everything on our platform.We proactively enforce our Community Guidelines through a mix of technology and human moderation. We have detected this policy violation using automated measures. We have used automated measures in making this decision.",,STATEMENT_CATEGORY_SCOPE_OF_PLATFORM_SERVICE,,,,"[""CONTENT_TYPE_IMAGE""]",,,"2024-10-16 00:00:00","[""AT"",""BE"",""BG"",""CY"",""CZ"",""DE"",""DK"",""EE"",""ES"",""FI"",""FR"",""GR"",""HR"",""HU"",""IE"",""IT"",""LI"",""LT"",""LU"",""LV"",""MT"",""NL"",""NO"",""PL"",""PT"",""RO"",""SE"",""SI"",""SK""]","2024-11-23 00:00:00","The decision was taken pursuant to own-initiative investigations.",SOURCE_VOLUNTARY,,Yes,AUTOMATED_DECISION_FULLY,TikTok,7440322658425740064,"2024-11-23 04:12:11"
32eb88e0-dd95-45a5-bb70-a4c34394f710,"[""DECISION_VISIBILITY_CONTENT_REMOVED""]",,,,,,,,,,,DECISION_GROUND_INCOMPATIBLE_CONTENT,,,,"Community Guidelines","Your content is against our Community Guidelines. The guidelines include rules and standards for using TikTok that apply to everyone and everything on our platform.We proactively enforce our Community Guidelines through a mix of technology and human moderation. We have detected this policy violation using automated measures. We have used automated measures in making this decision.",,STATEMENT_CATEGORY_SCOPE_OF_PLATFORM_SERVICE,,,,"[""CONTENT_TYPE_IMAGE""]",,,"2024-10-27 00:00:00","[""AT"",""BE"",""BG"",""CY"",""CZ"",""DE"",""DK"",""EE"",""ES"",""FI"",""FR"",""GR"",""HR"",""HU"",""IE"",""IT"",""LI"",""LT"",""LU"",""LV"",""MT"",""NL"",""NO"",""PL"",""PT"",""RO"",""SE"",""SI"",""SK""]","2024-11-23 00:00:00","The decision was taken pursuant to own-initiative investigations.",SOURCE_VOLUNTARY,,Yes,AUTOMATED_DECISION_FULLY,TikTok,7440322655456205601,"2024-11-23 04:12:11"
2fae20c8-04ae-492b-b6b9-03da4d7a5d64,"[""DECISION_VISIBILITY_CONTENT_REMOVED""]",,,,,,,,,,,DECISION_GROUND_INCOMPATIBLE_CONTENT,,,,"Community Guidelines","Your content is against our Community Guidelines. The guidelines include rules and standards for using TikTok that apply to everyone and everything on our platform.We proactively enforce our Community Guidelines through a mix of technology and human moderation. We have detected this policy violation using automated measures. We have used automated measures in making this decision.",,STATEMENT_CATEGORY_SCOPE_OF_PLATFORM_SERVICE,,,,"[""CONTENT_TYPE_IMAGE""]",,,"2024-10-17 00:00:00","[""AT"",""BE"",""BG"",""CY"",""CZ"",""DE"",""DK"",""EE"",""ES"",""FI"",""FR"",""GR"",""HR"",""HU"",""IE"",""IT"",""LI"",""LT"",""LU"",""LV"",""MT"",""NL"",""NO"",""PL"",""PT"",""RO"",""SE"",""SI"",""SK""]","2024-11-23 00:00:00","The decision was taken pursuant to own-initiative investigations.",SOURCE_VOLUNTARY,,Yes,AUTOMATED_DECISION_FULLY,TikTok,7440322658425756448,"2024-11-23 04:12:11"
f46eea4a-35e8-49c1-9174-0b5f8d62eafe,"[""DECISION_VISIBILITY_OTHER""]","Photo not eligible for recommendation in the For You feed, and visibility restricted in search results",,,,,,,,,,DECISION_GROUND_INCOMPATIBLE_CONTENT,,,,"Community Guidelines","We maintain content eligibility standards for the For You feed (FYF) that prioritize safety and are informed by the diversity of our community and cultural norms. We make ineligible for the FYF certain content that may not be appropriate for a broad audience related to: (1) Behavioral Health, (2) Sensitive and Mature Themes, (3) Integrity and Authenticity, and (4) Regulated Goods. Content that is ineligible for the FYF can still be discovered in other ways, such as through search tools or by following an account.We proactively enforce our Community Guidelines through a mix of technology and human moderation. We have detected this policy violation using automated measures. We have used automated measures in making this decision.",,STATEMENT_CATEGORY_SCOPE_OF_PLATFORM_SERVICE,,,,"[""CONTENT_TYPE_IMAGE""]",,,"2024-11-23 00:00:00","[""AT"",""BE"",""BG"",""CY"",""CZ"",""DE"",""DK"",""EE"",""ES"",""FI"",""FR"",""GR"",""HR"",""HU"",""IE"",""IT"",""LI"",""LT"",""LU"",""LV"",""MT"",""NL"",""NO"",""PL"",""PT"",""RO"",""SE"",""SI"",""SK""]","2024-11-23 00:00:00","The decision was taken pursuant to own-initiative investigations.",SOURCE_VOLUNTARY,,Yes,AUTOMATED_DECISION_FULLY,TikTok,7440322655456221985,"2024-11-23 04:12:11"
d7a8a451-947c-44ac-8bd3-b1ed81abafff,"[""DECISION_VISIBILITY_CONTENT_REMOVED""]",,,,,,,,,,,DECISION_GROUND_INCOMPATIBLE_CONTENT,,,,"Community Guidelines","Your content is against our Community Guidelines. The guidelines include rules and standards for using TikTok that apply to everyone and everything on our platform.We proactively enforce our Community Guidelines through a mix of technology and human moderation. We have detected this policy violation using automated measures. We have used automated measures in making this decision.",,STATEMENT_CATEGORY_SCOPE_OF_PLATFORM_SERVICE,,,,"[""CONTENT_TYPE_IMAGE""]",,,"2024-10-13 00:00:00","[""AT"",""BE"",""BG"",""CY"",""CZ"",""DE"",""DK"",""EE"",""ES"",""FI"",""FR"",""GR"",""HR"",""HU"",""IE"",""IT"",""LI"",""LT"",""LU"",""LV"",""MT"",""NL"",""NO"",""PL"",""PT"",""RO"",""SE"",""SI"",""SK""]","2024-11-23 00:00:00","The decision was taken pursuant to own-initiative investigations.",SOURCE_VOLUNTARY,,Yes,AUTOMATED_DECISION_FULLY,TikTok,7440322658425772832,"2024-11-23 04:12:11"
d4174ba3-c247-419d-8a4b-90a51b9cd751,"[""DECISION_VISIBILITY_CONTENT_REMOVED""]",,,,,,,,,,,DECISION_GROUND_INCOMPATIBLE_CONTENT,,,,"Community Guidelines","Your content is against our Community Guidelines. The guidelines include rules and standards for using TikTok that apply to everyone and everything on our platform.We proactively enforce our Community Guidelines through a mix of technology and human moderation. We have detected this policy violation using automated measures. We have used automated measures in making this decision.",,STATEMENT_CATEGORY_SCOPE_OF_PLATFORM_SERVICE,,,,"[""CONTENT_TYPE_IMAGE""]",,,"2024-10-19 00:00:00","[""AT"",""BE"",""BG"",""CY"",""CZ"",""DE"",""DK"",""EE"",""ES"",""FI"",""FR"",""GR"",""HR"",""HU"",""IE"",""IT"",""LI"",""LT"",""LU"",""LV"",""MT"",""NL"",""NO"",""PL"",""PT"",""RO"",""SE"",""SI"",""SK""]","2024-11-23 00:00:00","The decision was taken pursuant to own-initiative investigations.",SOURCE_VOLUNTARY,,Yes,AUTOMATED_DECISION_FULLY,TikTok,7440322665123945248,"2024-11-23 04:12:11"
6ed44ff4-c587-43bb-b15e-c3646c47b7cb,"[""DECISION_VISIBILITY_CONTENT_REMOVED""]",,,,,,,,,,,DECISION_GROUND_INCOMPATIBLE_CONTENT,,,,"Community Guidelines","Your content is against our Community Guidelines. The guidelines include rules and standards for using TikTok that apply to everyone and everything on our platform.We proactively enforce our Community Guidelines through a mix of technology and human moderation. We have detected this policy violation using automated measures. We have used automated measures in making this decision.",,STATEMENT_CATEGORY_SCOPE_OF_PLATFORM_SERVICE,,,,"[""CONTENT_TYPE_IMAGE""]",,,"2024-10-18 00:00:00","[""AT"",""BE"",""BG"",""CY"",""CZ"",""DE"",""DK"",""EE"",""ES"",""FI"",""FR"",""GR"",""HR"",""HU"",""IE"",""IT"",""LI"",""LT"",""LU"",""LV"",""MT"",""NL"",""NO"",""PL"",""PT"",""RO"",""SE"",""SI"",""SK""]","2024-11-23 00:00:00","The decision was taken pursuant to own-initiative investigations.",SOURCE_VOLUNTARY,,Yes,AUTOMATED_DECISION_FULLY,TikTok,7440322658425789216,"2024-11-23 04:12:11"
80094920-62bc-4fc3-806d-a1c61db77285,"[""DECISION_VISIBILITY_CONTENT_REMOVED""]",,,,,,,,,,,DECISION_GROUND_INCOMPATIBLE_CONTENT,,,,"Community Guidelines","Your content is against our Community Guidelines. The guidelines include rules and standards for using TikTok that apply to everyone and everything on our platform.We proactively enforce our Community Guidelines through a mix of technology and human moderation. We have detected this policy violation using automated measures. We have used automated measures in making this decision.",,STATEMENT_CATEGORY_SCOPE_OF_PLATFORM_SERVICE,,,,"[""CONTENT_TYPE_IMAGE""]",,,"2024-10-19 00:00:00","[""AT"",""BE"",""BG"",""CY"",""CZ"",""DE"",""DK"",""EE"",""ES"",""FI"",""FR"",""GR"",""HR"",""HU"",""IE"",""IT"",""LI"",""LT"",""LU"",""LV"",""MT"",""NL"",""NO"",""PL"",""PT"",""RO"",""SE"",""SI"",""SK""]","2024-11-23 00:00:00","The decision was taken pursuant to own-initiative investigations.",SOURCE_VOLUNTARY,,Yes,AUTOMATED_DECISION_FULLY,TikTok,7440322665123961632,"2024-11-23 04:12:11"
3c01155d-dd12-4a27-a3df-fa0782a6a60e,"[""DECISION_VISIBILITY_CONTENT_REMOVED""]",,,,,,,,,,,DECISION_GROUND_INCOMPATIBLE_CONTENT,,,,"Community Guidelines","Your content is against our Community Guidelines. The guidelines include rules and standards for using TikTok that apply to everyone and everything on our platform.We proactively enforce our Community Guidelines through a mix of technology and human moderation. We have detected this policy violation using automated measures. We have used automated measures in making this decision.",,STATEMENT_CATEGORY_SCOPE_OF_PLATFORM_SERVICE,,,,"[""CONTENT_TYPE_IMAGE""]",,,"2024-10-27 00:00:00","[""AT"",""BE"",""BG"",""CY"",""CZ"",""DE"",""DK"",""EE"",""ES"",""FI"",""FR"",""GR"",""HR"",""HU"",""IE"",""IT"",""LI"",""LT"",""LU"",""LV"",""MT"",""NL"",""NO"",""PL"",""PT"",""RO"",""SE"",""SI"",""SK""]","2024-11-23 00:00:00","The decision was taken pursuant to own-initiative investigations.",SOURCE_VOLUNTARY,,Yes,AUTOMATED_DECISION_FULLY,TikTok,7440322671801277216,"2024-11-23 04:12:11"
c6076500-507b-4acd-be6a-5723c57183be,"[""DECISION_VISIBILITY_CONTENT_REMOVED""]",,,,,,,,,,,DECISION_GROUND_INCOMPATIBLE_CONTENT,,,,"Community Guidelines","Your content is against our Community Guidelines. The guidelines include rules and standards for using TikTok that apply to everyone and everything on our platform.We proactively enforce our Community Guidelines through a mix of technology and human moderation. We have detected this policy violation using automated measures. We have used automated measures in making this decision.",,STATEMENT_CATEGORY_SCOPE_OF_PLATFORM_SERVICE,,,,"[""CONTENT_TYPE_IMAGE""]",,,"2024-10-13 00:00:00","[""AT"",""BE"",""BG"",""CY"",""CZ"",""DE"",""DK"",""EE"",""ES"",""FI"",""FR"",""GR"",""HR"",""HU"",""IE"",""IT"",""LI"",""LT"",""LU"",""LV"",""MT"",""NL"",""NO"",""PL"",""PT"",""RO"",""SE"",""SI"",""SK""]","2024-11-23 00:00:00","The decision was taken pursuant to own-initiative investigations.",SOURCE_VOLUNTARY,,Yes,AUTOMATED_DECISION_FULLY,TikTok,7440322671801293600,"2024-11-23 04:12:11"
3826957f-a7a6-407a-96cb-88b8cea42ff0,"[""DECISION_VISIBILITY_CONTENT_REMOVED""]",,,,,,,,,,,DECISION_GROUND_INCOMPATIBLE_CONTENT,,,,"Community Guidelines","Your content is against our Community Guidelines. The guidelines include rules and standards for using TikTok that apply to everyone and everything on our platform.We proactively enforce our Community Guidelines through a mix of technology and human moderation. We have detected this policy violation using automated measures. We have used automated measures in making this decision.",,STATEMENT_CATEGORY_SCOPE_OF_PLATFORM_SERVICE,,,,"[""CONTENT_TYPE_IMAGE""]",,,"2024-10-13 00:00:00","[""AT"",""BE"",""BG"",""CY"",""CZ"",""DE"",""DK"",""EE"",""ES"",""FI"",""FR"",""GR"",""HR"",""HU"",""IE"",""IT"",""LI"",""LT"",""LU"",""LV"",""MT"",""NL"",""NO"",""PL"",""PT"",""RO"",""SE"",""SI"",""SK""]","2024-11-23 00:00:00","The decision was taken pursuant to own-initiative investigations.",SOURCE_VOLUNTARY,,Yes,AUTOMATED_DECISION_FULLY,TikTok,7440322665123978016,"2024-11-23 04:12:11"
88aa4e20-295c-4e4c-a828-e8849a20bc05,"[""DECISION_VISIBILITY_CONTENT_REMOVED""]",,,,,,,,,,,DECISION_GROUND_INCOMPATIBLE_CONTENT,,,,"Community Guidelines","Your content is against our Community Guidelines. The guidelines include rules and standards for using TikTok that apply to everyone and everything on our platform.We proactively enforce our Community Guidelines through a mix of technology and human moderation. We have detected this policy violation using automated measures. We have used automated measures in making this decision.",,STATEMENT_CATEGORY_SCOPE_OF_PLATFORM_SERVICE,,,,"[""CONTENT_TYPE_IMAGE""]",,,"2024-10-24 00:00:00","[""AT"",""BE"",""BG"",""CY"",""CZ"",""DE"",""DK"",""EE"",""ES"",""FI"",""FR"",""GR"",""HR"",""HU"",""IE"",""IT"",""LI"",""LT"",""LU"",""LV"",""MT"",""NL"",""NO"",""PL"",""PT"",""RO"",""SE"",""SI"",""SK""]","2024-11-23 00:00:00","The decision was taken pursuant to own-initiative investigations.",SOURCE_VOLUNTARY,,Yes,AUTOMATED_DECISION_FULLY,TikTok,7440322665123994400,"2024-11-23 04:12:11"
2a0b1110-5c56-42af-ae37-bafae7ea4814,"[""DECISION_VISIBILITY_OTHER""]","Photo not eligible for recommendation in the For You feed, and visibility restricted in search results",,,,,,,,,,DECISION_GROUND_INCOMPATIBLE_CONTENT,,,,"Dangerous Activities and Challenges","Most activities or challenges are appropriate for everyone, but some may carry a risk of significant injury. Content is ineligible for the For You feed if it involves activities likely to lead to moderate physical harm or includes professionals performing extreme sports and stunts that may endanger others.We proactively enforce our Community Guidelines through a mix of technology and human moderation. We have detected this policy violation using automated measures. We have used automated measures in making this decision.",,STATEMENT_CATEGORY_SCOPE_OF_PLATFORM_SERVICE,,,,"[""CONTENT_TYPE_IMAGE""]",,,"2024-11-23 00:00:00","[""AT"",""BE"",""BG"",""CY"",""CZ"",""DE"",""DK"",""EE"",""ES"",""FI"",""FR"",""GR"",""HR"",""HU"",""IE"",""IT"",""LI"",""LT"",""LU"",""LV"",""MT"",""NL"",""NO"",""PL"",""PT"",""RO"",""SE"",""SI"",""SK""]","2024-11-23 00:00:00","The decision was taken pursuant to own-initiative investigations.",SOURCE_VOLUNTARY,,Yes,AUTOMATED_DECISION_FULLY,TikTok,7440322671801309984,"2024-11-23 04:12:11"
4d16e992-c5b6-4e0b-a65f-6e0b51174492,"[""DECISION_VISIBILITY_CONTENT_REMOVED""]",,,,,,,,,,,DECISION_GROUND_INCOMPATIBLE_CONTENT,,,,"Harassment and Bullying","We welcome the respectful expression of different viewpoints, but not toxicity or trolling. We do not allow language or behavior that harasses, humiliates, threatens, or doxes anyone. This also includes responding to such acts with retaliatory harassment (but excludes non-harassing counterspeech).We proactively enforce our Community Guidelines through a mix of technology and human moderation. We have detected this policy violation using automated measures. We have used automated measures in making this decision.",,STATEMENT_CATEGORY_ILLEGAL_OR_HARMFUL_SPEECH,,,,"[""CONTENT_TYPE_TEXT""]",,,"2024-11-23 00:00:00","[""AT"",""BE"",""BG"",""CY"",""CZ"",""DE"",""DK"",""EE"",""ES"",""FI"",""FR"",""GR"",""HR"",""HU"",""IE"",""IT"",""LI"",""LT"",""LU"",""LV"",""MT"",""NL"",""NO"",""PL"",""PT"",""RO"",""SE"",""SI"",""SK""]","2024-11-23 00:00:00","The decision was taken pursuant to own-initiative investigations.",SOURCE_VOLUNTARY,,Yes,AUTOMATED_DECISION_FULLY,TikTok,7440322671801326368,"2024-11-23 04:12:11"
89770001-88e1-4643-a3a6-c11211aaf671,"[""DECISION_VISIBILITY_OTHER""]","Video not eligible for recommendation in the For You feed",,,,,,,,,,DECISION_GROUND_INCOMPATIBLE_CONTENT,,,,"Dangerous Activities and Challenges","Most activities or challenges are appropriate for everyone, but some carry a risk of significant injury. Content is ineligible for the For You feed if it involves activities that are likely to lead to moderate physical harm, or includes professionals who are performing extreme sports and stunts that may endanger others.We proactively enforce our Community Guidelines through a mix of technology and human moderation. We have detected this policy violation using automated measures. We have used automated measures in making this decision.",,STATEMENT_CATEGORY_SCOPE_OF_PLATFORM_SERVICE,,,,"[""CONTENT_TYPE_VIDEO""]",,,"2024-11-23 00:00:00","[""AT"",""BE"",""BG"",""CY"",""CZ"",""DE"",""DK"",""EE"",""ES"",""FI"",""FR"",""GR"",""HR"",""HU"",""IE"",""IT"",""LI"",""LT"",""LU"",""LV"",""MT"",""NL"",""NO"",""PL"",""PT"",""RO"",""SE"",""SI"",""SK""]","2024-11-23 00:00:00","The decision was taken pursuant to own-initiative investigations.",SOURCE_VOLUNTARY,,Yes,AUTOMATED_DECISION_FULLY,TikTok,7440322671801342752,"2024-11-23 04:12:11"
72a59fbd-b1f0-4fa9-9e79-755e187d8df2,"[""DECISION_VISIBILITY_CONTENT_REMOVED""]",,,,,,,,,,,DECISION_GROUND_INCOMPATIBLE_CONTENT,,,,"Harassment and Bullying","We welcome the respectful expression of different viewpoints, but not toxicity or trolling. We do not allow language or behavior that harasses, humiliates, threatens, or doxes anyone. This also includes responding to such acts with retaliatory harassment (but excludes non-harassing counterspeech).We proactively enforce our Community Guidelines through a mix of technology and human moderation. We have detected this policy violation using automated measures. We have used automated measures in making this decision.",,STATEMENT_CATEGORY_ILLEGAL_OR_HARMFUL_SPEECH,,,,"[""CONTENT_TYPE_TEXT""]",,,"2024-11-23 00:00:00","[""AT"",""BE"",""BG"",""CY"",""CZ"",""DE"",""DK"",""EE"",""ES"",""FI"",""FR"",""GR"",""HR"",""HU"",""IE"",""IT"",""LI"",""LT"",""LU"",""LV"",""MT"",""NL"",""NO"",""PL"",""PT"",""RO"",""SE"",""SI"",""SK""]","2024-11-23 00:00:00","The decision was taken pursuant to own-initiative investigations.",SOURCE_VOLUNTARY,,Yes,AUTOMATED_DECISION_FULLY,TikTok,7440322665124010784,"2024-11-23 04:12:11"
4621a096-cd5e-4d50-bad4-65ba13fc77b5,"[""DECISION_VISIBILITY_CONTENT_REMOVED""]",,,,,,,,,,,DECISION_GROUND_INCOMPATIBLE_CONTENT,,,,"Harassment and Bullying","We welcome the respectful expression of different viewpoints, but not toxicity or trolling. We do not allow language or behavior that harasses, humiliates, threatens, or doxes anyone. This also includes responding to such acts with retaliatory harassment (but excludes non-harassing counterspeech).We proactively enforce our Community Guidelines through a mix of technology and human moderation. We have detected this policy violation using automated measures. We have used automated measures in making this decision.",,STATEMENT_CATEGORY_ILLEGAL_OR_HARMFUL_SPEECH,,,,"[""CONTENT_TYPE_TEXT""]",,,"2024-11-23 00:00:00","[""AT"",""BE"",""BG"",""CY"",""CZ"",""DE"",""DK"",""EE"",""ES"",""FI"",""FR"",""GR"",""HR"",""HU"",""IE"",""IT"",""LI"",""LT"",""LU"",""LV"",""MT"",""NL"",""NO"",""PL"",""PT"",""RO"",""SE"",""SI"",""SK""]","2024-11-23 00:00:00","The decision was taken pursuant to own-initiative investigations.",SOURCE_VOLUNTARY,,Yes,AUTOMATED_DECISION_FULLY,TikTok,7440322665124027168,"2024-11-23 04:12:11"
250d1df3-ce2d-48d9-8155-b1eac589d53b,"[""DECISION_VISIBILITY_OTHER""]","Video not eligible for recommendation in the For You feed",,,,,,,,,,DECISION_GROUND_INCOMPATIBLE_CONTENT,,,,"Community Guidelines","We maintain content eligibility standards for the For You feed (FYF) that prioritize safety and are informed by the diversity of our community and cultural norms. We make ineligible for the FYF certain content that may not be appropriate for a broad audience related to: (1) Behavioral Health, (2) Sensitive and Mature Themes, (3) Integrity and Authenticity, and (4) Regulated Goods. Content that is ineligible for the FYF can still be discovered in other ways, such as through search tools or by following an account.Users and 3rd-parties can report policy violations to us. We have detected this policy violation based on a report that the content violated our Community Guidelines. We have used automated measures to make the decision.",,STATEMENT_CATEGORY_SCOPE_OF_PLATFORM_SERVICE,,,,"[""CONTENT_TYPE_VIDEO""]",,,"2021-08-06 00:00:00","[""AT"",""BE"",""BG"",""CY"",""CZ"",""DE"",""DK"",""EE"",""ES"",""FI"",""FR"",""GR"",""HR"",""HU"",""IE"",""IT"",""LI"",""LT"",""LU"",""LV"",""MT"",""NL"",""NO"",""PL"",""PT"",""RO"",""SE"",""SI"",""SK""]","2024-11-23 00:00:00","The decision was taken in response to a report alleging a violation of our Community Guidelines.",SOURCE_VOLUNTARY,,No,AUTOMATED_DECISION_FULLY,TikTok,7440322671801359136,"2024-11-23 04:12:11"
b5567683-2069-4b37-8fde-5be5ec2861dd,"[""DECISION_VISIBILITY_CONTENT_REMOVED""]",,,,,,,,,,,DECISION_GROUND_INCOMPATIBLE_CONTENT,,,,"Harassment and Bullying","We welcome the respectful expression of different viewpoints, but not toxicity or trolling. We do not allow language or behavior that harasses, humiliates, threatens, or doxes anyone. This also includes responding to such acts with retaliatory harassment (but excludes non-harassing counterspeech).We proactively enforce our Community Guidelines through a mix of technology and human moderation. We have detected this policy violation using automated measures. We have used automated measures in making this decision.",,STATEMENT_CATEGORY_ILLEGAL_OR_HARMFUL_SPEECH,,,,"[""CONTENT_TYPE_TEXT""]",,,"2024-11-23 00:00:00","[""AT"",""BE"",""BG"",""CY"",""CZ"",""DE"",""DK"",""EE"",""ES"",""FI"",""FR"",""GR"",""HR"",""HU"",""IE"",""IT"",""LI"",""LT"",""LU"",""LV"",""MT"",""NL"",""NO"",""PL"",""PT"",""RO"",""SE"",""SI"",""SK""]","2024-11-23 00:00:00","The decision was taken pursuant to own-initiative investigations.",SOURCE_VOLUNTARY,,Yes,AUTOMATED_DECISION_FULLY,TikTok,7440322671801375520,"2024-11-23 04:12:11"
22988e25-a15c-4cd0-b826-c0924c8f2595,"[""DECISION_VISIBILITY_CONTENT_REMOVED""]",,,,,,,,,,,DECISION_GROUND_INCOMPATIBLE_CONTENT,,,,"Harassment and Bullying","We welcome the respectful expression of different viewpoints, but not toxicity or trolling. We do not allow language or behavior that harasses, humiliates, threatens, or doxes anyone. This also includes responding to such acts with retaliatory harassment (but excludes non-harassing counterspeech).We proactively enforce our Community Guidelines through a mix of technology and human moderation. We have detected this policy violation using automated measures. We have used automated measures in making this decision.",,STATEMENT_CATEGORY_ILLEGAL_OR_HARMFUL_SPEECH,,,,"[""CONTENT_TYPE_TEXT""]",,,"2024-11-23 00:00:00","[""AT"",""BE"",""BG"",""CY"",""CZ"",""DE"",""DK"",""EE"",""ES"",""FI"",""FR"",""GR"",""HR"",""HU"",""IE"",""IT"",""LI"",""LT"",""LU"",""LV"",""MT"",""NL"",""NO"",""PL"",""PT"",""RO"",""SE"",""SI"",""SK""]","2024-11-23 00:00:00","The decision was taken pursuant to own-initiative investigations.",SOURCE_VOLUNTARY,,Yes,AUTOMATED_DECISION_FULLY,TikTok,7440322665124043552,"2024-11-23 04:12:11"
83a7e78e-aa65-4b38-8e29-105d0c8e0b10,"[""DECISION_VISIBILITY_OTHER""]","LIVE not eligible for recommendation and restricted in search results","2024-11-23 00:00:00",,,,,,,,,DECISION_GROUND_INCOMPATIBLE_CONTENT,,,,"Content with low visual quality or static imagery","Your LIVE is not eligible for recommendation and restricted in search results, because it may contain content with low visual quality or static imagery. This is in line with the For You feed eligibility standards under our Community Guidelines.",,STATEMENT_CATEGORY_SCOPE_OF_PLATFORM_SERVICE,,,,"[""CONTENT_TYPE_VIDEO""]",,,"2024-11-22 00:00:00","[""AT"",""BE"",""BG"",""CY"",""CZ"",""DE"",""DK"",""EE"",""ES"",""FI"",""FR"",""GR"",""HR"",""HU"",""IE"",""IS"",""IT"",""LI"",""LT"",""LU"",""LV"",""MT"",""NL"",""NO"",""PL"",""PT"",""RO"",""SE"",""SI"",""SK""]","2024-11-23 00:00:00","The decision was taken pursuant to own-initiative investigations",SOURCE_VOLUNTARY,,Yes,AUTOMATED_DECISION_NOT_AUTOMATED,TikTok,7440322665124059936,"2024-11-23 04:12:11"
0e68e90b-a4c0-4dd7-8972-04729767107b,"[""DECISION_VISIBILITY_CONTENT_REMOVED""]",,,,,,,,,,,DECISION_GROUND_INCOMPATIBLE_CONTENT,,,,"Minimum Age Requirement","Users must be 13 years and older to have a TikTok account. We are deeply committed to ensuring that TikTok is a safe and positive experience for people under the age of 18. This starts by being old enough to use TikTok. If we learn someone is below the minimum age on TikTok, we will ban that account.We proactively enforce our Community Guidelines through a mix of technology and human moderation. We have detected this policy violation using automated measures. We have used automated measures in making this decision.",,STATEMENT_CATEGORY_PROTECTION_OF_MINORS,,,,"[""CONTENT_TYPE_TEXT""]",,,"2024-11-23 00:00:00","[""AT"",""BE"",""BG"",""CY"",""CZ"",""DE"",""DK"",""EE"",""ES"",""FI"",""FR"",""GR"",""HR"",""HU"",""IE"",""IT"",""LI"",""LT"",""LU"",""LV"",""MT"",""NL"",""NO"",""PL"",""PT"",""RO"",""SE"",""SI"",""SK""]","2024-11-23 00:00:00","The decision was taken pursuant to own-initiative investigations.",SOURCE_VOLUNTARY,,Yes,AUTOMATED_DECISION_FULLY,TikTok,7440322671801391904,"2024-11-23 04:12:11"
4d58ae42-e4af-40af-9109-3d3a0190ad29,,,,,,,,,DECISION_ACCOUNT_TERMINATED,,,DECISION_GROUND_INCOMPATIBLE_CONTENT,,,,"Advertising policy violation","Reasons why your account may have been suspended: - We received a report or complaint about your account from people on TikTok or other channels. - There are problems with your ad creative, or qualifications or services provided in your ads. - We suspected malicious behavior or intent during ad creation. - You made changes to your ad's landing page after launching the campaign.",,STATEMENT_CATEGORY_SCOPE_OF_PLATFORM_SERVICE,,,,"[""CONTENT_TYPE_OTHER""]","Account Suspended",,"2024-11-22 00:00:00","[""AT"",""BE"",""BG"",""CY"",""CZ"",""DE"",""DK"",""EE"",""ES"",""FI"",""FR"",""GR"",""HR"",""HU"",""IE"",""IT"",""LI"",""LT"",""LU"",""LV"",""MT"",""NL"",""NO"",""PL"",""PT"",""RO"",""SE"",""SI"",""SK""]","2024-11-23 00:00:00","The decision was taken pursuant to own-initiative investigations.",SOURCE_VOLUNTARY,,Yes,AUTOMATED_DECISION_FULLY,TikTok,7440322665124076320,"2024-11-23 04:12:11"
770dd2b9-b339-4bbe-bf07-261599d38e2e,"[""DECISION_VISIBILITY_OTHER""]","Photo not eligible for recommendation in the For You feed, and visibility restricted in search results",,,,,,,,,,DECISION_GROUND_INCOMPATIBLE_CONTENT,,,,"Dangerous Activities and Challenges","Most activities or challenges are appropriate for everyone, but some may carry a risk of significant injury. Content is ineligible for the For You feed if it involves activities likely to lead to moderate physical harm or includes professionals performing extreme sports and stunts that may endanger others.We proactively enforce our Community Guidelines through a mix of technology and human moderation. We have detected this policy violation using automated measures. We have used automated measures in making this decision.",,STATEMENT_CATEGORY_SCOPE_OF_PLATFORM_SERVICE,,,,"[""CONTENT_TYPE_IMAGE""]",,,"2024-11-23 00:00:00","[""AT"",""BE"",""BG"",""CY"",""CZ"",""DE"",""DK"",""EE"",""ES"",""FI"",""FR"",""GR"",""HR"",""HU"",""IE"",""IT"",""LI"",""LT"",""LU"",""LV"",""MT"",""NL"",""NO"",""PL"",""PT"",""RO"",""SE"",""SI"",""SK""]","2024-11-23 00:00:00","The decision was taken pursuant to own-initiative investigations.",SOURCE_VOLUNTARY,,Yes,AUTOMATED_DECISION_FULLY,TikTok,7440322671801408288,"2024-11-23 04:12:11"
7cb2ebaf-ae4a-4d23-bef2-4e84abe01d5e,"[""DECISION_VISIBILITY_CONTENT_REMOVED""]",,,,,,,,,,,DECISION_GROUND_INCOMPATIBLE_CONTENT,,,,"Hate Speech and Hateful Behaviors","TikTok is enriched by the various backgrounds of our community members. Our differences should be respected, rather than a cause for division. We do not allow any hateful behavior, hate speech, or promotion of hateful ideologies. This includes content that attacks a person or group because of protected attributes.We proactively enforce our Community Guidelines through a mix of technology and human moderation. We have detected this policy violation using automated measures. We have used automated measures in making this decision.",,STATEMENT_CATEGORY_ILLEGAL_OR_HARMFUL_SPEECH,,,,"[""CONTENT_TYPE_TEXT""]",,,"2024-11-23 00:00:00","[""AT"",""BE"",""BG"",""CY"",""CZ"",""DE"",""DK"",""EE"",""ES"",""FI"",""FR"",""GR"",""HR"",""HU"",""IE"",""IT"",""LI"",""LT"",""LU"",""LV"",""MT"",""NL"",""NO"",""PL"",""PT"",""RO"",""SE"",""SI"",""SK""]","2024-11-23 00:00:00","The decision was taken pursuant to own-initiative investigations.",SOURCE_VOLUNTARY,,Yes,AUTOMATED_DECISION_FULLY,TikTok,7440322665124092704,"2024-11-23 04:12:11"
896d8333-902a-4495-abd0-88dfbb419254,"[""DECISION_VISIBILITY_CONTENT_REMOVED""]",,,,,,,,,,,DECISION_GROUND_INCOMPATIBLE_CONTENT,,,,"Harassment and Bullying","We welcome the respectful expression of different viewpoints, but not toxicity or trolling. We do not allow language or behavior that harasses, humiliates, threatens, or doxes anyone. This also includes responding to such acts with retaliatory harassment (but excludes non-harassing counterspeech).We proactively enforce our Community Guidelines through a mix of technology and human moderation. We have detected this policy violation using automated measures. We have used automated measures in making this decision.",,STATEMENT_CATEGORY_ILLEGAL_OR_HARMFUL_SPEECH,,,,"[""CONTENT_TYPE_TEXT""]",,,"2024-11-23 00:00:00","[""AT"",""BE"",""BG"",""CY"",""CZ"",""DE"",""DK"",""EE"",""ES"",""FI"",""FR"",""GR"",""HR"",""HU"",""IE"",""IT"",""LI"",""LT"",""LU"",""LV"",""MT"",""NL"",""NO"",""PL"",""PT"",""RO"",""SE"",""SI"",""SK""]","2024-11-23 00:00:00","The decision was taken pursuant to own-initiative investigations.",SOURCE_VOLUNTARY,,Yes,AUTOMATED_DECISION_FULLY,TikTok,7440322671801424672,"2024-11-23 04:12:11"
5da2503f-faac-48e3-981e-85d5141821ef,"[""DECISION_VISIBILITY_CONTENT_REMOVED""]",,,,,,,,,,,DECISION_GROUND_INCOMPATIBLE_CONTENT,,,,"Harassment and Bullying","We welcome the respectful expression of different viewpoints, but not toxicity or trolling. We do not allow language or behavior that harasses, humiliates, threatens, or doxes anyone. This also includes responding to such acts with retaliatory harassment (but excludes non-harassing counterspeech).We proactively enforce our Community Guidelines through a mix of technology and human moderation. We have detected this policy violation using automated measures. We have used automated measures in making this decision.",,STATEMENT_CATEGORY_ILLEGAL_OR_HARMFUL_SPEECH,,,,"[""CONTENT_TYPE_TEXT""]",,,"2024-11-23 00:00:00","[""AT"",""BE"",""BG"",""CY"",""CZ"",""DE"",""DK"",""EE"",""ES"",""FI"",""FR"",""GR"",""HR"",""HU"",""IE"",""IT"",""LI"",""LT"",""LU"",""LV"",""MT"",""NL"",""NO"",""PL"",""PT"",""RO"",""SE"",""SI"",""SK""]","2024-11-23 00:00:00","The decision was taken pursuant to own-initiative investigations.",SOURCE_VOLUNTARY,,Yes,AUTOMATED_DECISION_FULLY,TikTok,7440322680009530144,"2024-11-23 04:12:11"
95659270-f301-4002-99d1-17e68c9ea179,"[""DECISION_VISIBILITY_OTHER""]","Photo not eligible for recommendation in the For You feed",,,,,,,,,,DECISION_GROUND_INCOMPATIBLE_CONTENT,,,,"Community Guidelines","Your content is against our Community Guidelines. The guidelines include rules and standards for using TikTok that apply to everyone and everything on our platform.",,STATEMENT_CATEGORY_DATA_PROTECTION_AND_PRIVACY_VIOLATIONS,,,,"[""CONTENT_TYPE_IMAGE""]",,,"2024-11-23 00:00:00","[""AT"",""BE"",""BG"",""CY"",""CZ"",""DE"",""DK"",""EE"",""ES"",""FI"",""FR"",""GR"",""HR"",""HU"",""IE"",""IT"",""LI"",""LT"",""LU"",""LV"",""MT"",""NL"",""NO"",""PL"",""PT"",""RO"",""SE"",""SI"",""SK""]","2024-11-23 00:00:00","The decision was taken pursuant to own-initiative investigations.",SOURCE_VOLUNTARY,,Yes,AUTOMATED_DECISION_FULLY,TikTok,7440322690835028768,"2024-11-23 04:12:12"
f0a6ecbf-bb1a-421c-a1c2-45c0908eab30,"[""DECISION_VISIBILITY_OTHER""]","Video not eligible for recommendation in the For You feed",,,,,,,,,,DECISION_GROUND_INCOMPATIBLE_CONTENT,,,,"Community Guidelines","We maintain content eligibility standards for the For You feed (FYF) that prioritize safety and are informed by the diversity of our community and cultural norms. We make ineligible for the FYF certain content that may not be appropriate for a broad audience related to: (1) Behavioral Health, (2) Sensitive and Mature Themes, (3) Integrity and Authenticity, and (4) Regulated Goods. Content that is ineligible for the FYF can still be discovered in other ways, such as through search tools or by following an account.We proactively enforce our Community Guidelines through a mix of technology and human moderation. We have detected this policy violation using automated measures. We have used automated measures in making this decision.",,STATEMENT_CATEGORY_SCOPE_OF_PLATFORM_SERVICE,,,,"[""CONTENT_TYPE_VIDEO""]",,,"2024-11-23 00:00:00","[""AT"",""BE"",""BG"",""CY"",""CZ"",""DE"",""DK"",""EE"",""ES"",""FI"",""FR"",""GR"",""HR"",""HU"",""IE"",""IT"",""LI"",""LT"",""LU"",""LV"",""MT"",""NL"",""NO"",""PL"",""PT"",""RO"",""SE"",""SI"",""SK""]","2024-11-23 00:00:00","The decision was taken pursuant to own-initiative investigations.",SOURCE_VOLUNTARY,,Yes,AUTOMATED_DECISION_FULLY,TikTok,7440322687748135712,"2024-11-23 04:12:12"
f2d03468-5c61-446d-944a-dc3112977982,"[""DECISION_VISIBILITY_OTHER""]","Video not eligible for recommendation in the For You feed",,,,,,,,,,DECISION_GROUND_INCOMPATIBLE_CONTENT,,,,"Community Guidelines","We maintain content eligibility standards for the For You feed (FYF) that prioritize safety and are informed by the diversity of our community and cultural norms. We make ineligible for the FYF certain content that may not be appropriate for a broad audience related to: (1) Behavioral Health, (2) Sensitive and Mature Themes, (3) Integrity and Authenticity, and (4) Regulated Goods. Content that is ineligible for the FYF can still be discovered in other ways, such as through search tools or by following an account.We proactively enforce our Community Guidelines through a mix of technology and human moderation. We have detected this policy violation using automated measures. We have used automated measures in making this decision.",,STATEMENT_CATEGORY_SCOPE_OF_PLATFORM_SERVICE,,,,"[""CONTENT_TYPE_VIDEO""]",,,"2024-11-23 00:00:00","[""AT"",""BE"",""BG"",""CY"",""CZ"",""DE"",""DK"",""EE"",""ES"",""FI"",""FR"",""GR"",""HR"",""HU"",""IE"",""IT"",""LI"",""LT"",""LU"",""LV"",""MT"",""NL"",""NO"",""PL"",""PT"",""RO"",""SE"",""SI"",""SK""]","2024-11-23 00:00:00","The decision was taken pursuant to own-initiative investigations.",SOURCE_VOLUNTARY,,Yes,AUTOMATED_DECISION_FULLY,TikTok,7440322687748152096,"2024-11-23 04:12:12"
e2386efa-0577-4232-b7d4-153414290ae2,,,,,,,,,DECISION_ACCOUNT_TERMINATED,,,DECISION_GROUND_INCOMPATIBLE_CONTENT,,,,"Advertising policy violation","Reasons why your account may have been suspended: - We received a report or complaint about your account from people on TikTok or other channels. - There are problems with your ad creative, or qualifications or services provided in your ads. - We suspected malicious behavior or intent during ad creation. - You made changes to your ad's landing page after launching the campaign.",,STATEMENT_CATEGORY_SCOPE_OF_PLATFORM_SERVICE,,,,"[""CONTENT_TYPE_OTHER""]","Account Suspended",,"2024-11-22 00:00:00","[""AT"",""BE"",""BG"",""CY"",""CZ"",""DE"",""DK"",""EE"",""ES"",""FI"",""FR"",""GR"",""HR"",""HU"",""IE"",""IT"",""LI"",""LT"",""LU"",""LV"",""MT"",""NL"",""NO"",""PL"",""PT"",""RO"",""SE"",""SI"",""SK""]","2024-11-23 00:00:00","The decision was taken pursuant to own-initiative investigations.",SOURCE_VOLUNTARY,,Yes,AUTOMATED_DECISION_FULLY,TikTok,7440322690835045152,"2024-11-23 04:12:12"
9a66c93e-a466-47e9-b4c6-f121fefcb146,"[""DECISION_VISIBILITY_CONTENT_REMOVED""]",,,,,,,,,,,DECISION_GROUND_INCOMPATIBLE_CONTENT,,,,"Harassment and Bullying","We welcome the respectful expression of different viewpoints, but not toxicity or trolling. We do not allow language or behavior that harasses, humiliates, threatens, or doxes anyone. This also includes responding to such acts with retaliatory harassment (but excludes non-harassing counterspeech).We proactively enforce our Community Guidelines through a mix of technology and human moderation. We have detected this policy violation using automated measures. We have used automated measures in making this decision.",,STATEMENT_CATEGORY_ILLEGAL_OR_HARMFUL_SPEECH,,,,"[""CONTENT_TYPE_TEXT""]",,,"2024-11-23 00:00:00","[""AT"",""BE"",""BG"",""CY"",""CZ"",""DE"",""DK"",""EE"",""ES"",""FI"",""FR"",""GR"",""HR"",""HU"",""IE"",""IT"",""LI"",""LT"",""LU"",""LV"",""MT"",""NL"",""NO"",""PL"",""PT"",""RO"",""SE"",""SI"",""SK""]","2024-11-23 00:00:00","The decision was taken pursuant to own-initiative investigations.",SOURCE_VOLUNTARY,,Yes,AUTOMATED_DECISION_FULLY,TikTok,7440322687748168480,"2024-11-23 04:12:12"
6359f779-0bee-493f-934c-0769e7d1c5ec,"[""DECISION_VISIBILITY_CONTENT_REMOVED""]",,,,,,,,,,,DECISION_GROUND_INCOMPATIBLE_CONTENT,,,,"Community Guidelines","Your content is against our Community Guidelines. The guidelines include rules and standards for using TikTok that apply to everyone and everything on our platform.We proactively enforce our Community Guidelines through a mix of technology and human moderation. We have detected this policy violation using automated measures. We have used automated measures in making this decision.",,STATEMENT_CATEGORY_SCOPE_OF_PLATFORM_SERVICE,,,,"[""CONTENT_TYPE_VIDEO""]",,,"2024-11-23 00:00:00","[""AT"",""BE"",""BG"",""CY"",""CZ"",""DE"",""DK"",""EE"",""ES"",""FI"",""FR"",""GR"",""HR"",""HU"",""IE"",""IT"",""LI"",""LT"",""LU"",""LV"",""MT"",""NL"",""NO"",""PL"",""PT"",""RO"",""SE"",""SI"",""SK""]","2024-11-23 00:00:00","The decision was taken pursuant to own-initiative investigations.",SOURCE_VOLUNTARY,,Yes,AUTOMATED_DECISION_FULLY,TikTok,7440322690835061536,"2024-11-23 04:12:12"
85c25bd7-2aa3-4629-9bac-c0d10cbddac7,"[""DECISION_VISIBILITY_CONTENT_REMOVED""]",,,,,,,,,,,DECISION_GROUND_INCOMPATIBLE_CONTENT,,,,"Hate Speech and Hateful Behaviors","TikTok is enriched by the various backgrounds of our community members. Our differences should be respected, rather than a cause for division. We do not allow any hateful behavior, hate speech, or promotion of hateful ideologies. This includes content that attacks a person or group because of protected attributes.We proactively enforce our Community Guidelines through a mix of technology and human moderation. We have detected this policy violation using automated measures. We have used automated measures in making this decision.",,STATEMENT_CATEGORY_ILLEGAL_OR_HARMFUL_SPEECH,,,,"[""CONTENT_TYPE_TEXT""]",,,"2024-11-23 00:00:00","[""AT"",""BE"",""BG"",""CY"",""CZ"",""DE"",""DK"",""EE"",""ES"",""FI"",""FR"",""GR"",""HR"",""HU"",""IE"",""IT"",""LI"",""LT"",""LU"",""LV"",""MT"",""NL"",""NO"",""PL"",""PT"",""RO"",""SE"",""SI"",""SK""]","2024-11-23 00:00:00","The decision was taken pursuant to own-initiative investigations.",SOURCE_VOLUNTARY,,Yes,AUTOMATED_DECISION_FULLY,TikTok,7440322691585809184,"2024-11-23 04:12:12"
6c303456-f8c4-4d20-9372-23befec98df3,"[""DECISION_VISIBILITY_CONTENT_REMOVED""]",,,,,,,,,,,DECISION_GROUND_INCOMPATIBLE_CONTENT,,,,"Harassment and Bullying","We welcome the respectful expression of different viewpoints, but not toxicity or trolling. We do not allow language or behavior that harasses, humiliates, threatens, or doxes anyone. This also includes responding to such acts with retaliatory harassment (but excludes non-harassing counterspeech).We proactively enforce our Community Guidelines through a mix of technology and human moderation. We have detected this policy violation using automated measures. We have used automated measures in making this decision.",,STATEMENT_CATEGORY_ILLEGAL_OR_HARMFUL_SPEECH,,,,"[""CONTENT_TYPE_TEXT""]",,,"2024-11-23 00:00:00","[""AT"",""BE"",""BG"",""CY"",""CZ"",""DE"",""DK"",""EE"",""ES"",""FI"",""FR"",""GR"",""HR"",""HU"",""IE"",""IT"",""LI"",""LT"",""LU"",""LV"",""MT"",""NL"",""NO"",""PL"",""PT"",""RO"",""SE"",""SI"",""SK""]","2024-11-23 00:00:00","The decision was taken pursuant to own-initiative investigations.",SOURCE_VOLUNTARY,,Yes,AUTOMATED_DECISION_FULLY,TikTok,7440322691585825568,"2024-11-23 04:12:12"
988358fa-c7ec-4214-a58a-deadbd2d7b69,"[""DECISION_VISIBILITY_CONTENT_REMOVED""]",,,,,,,,,,,DECISION_GROUND_INCOMPATIBLE_CONTENT,,,,"Hate Speech and Hateful Behaviors","TikTok is enriched by the various backgrounds of our community members. Our differences should be respected, rather than a cause for division. We do not allow any hateful behavior, hate speech, or promotion of hateful ideologies. This includes content that attacks a person or group because of protected attributes.We proactively enforce our Community Guidelines through a mix of technology and human moderation. We have detected this policy violation using automated measures. We have used automated measures in making this decision.",,STATEMENT_CATEGORY_ILLEGAL_OR_HARMFUL_SPEECH,,,,"[""CONTENT_TYPE_TEXT""]",,,"2024-11-23 00:00:00","[""AT"",""BE"",""BG"",""CY"",""CZ"",""DE"",""DK"",""EE"",""ES"",""FI"",""FR"",""GR"",""HR"",""HU"",""IE"",""IT"",""LI"",""LT"",""LU"",""LV"",""MT"",""NL"",""NO"",""PL"",""PT"",""RO"",""SE"",""SI"",""SK""]","2024-11-23 00:00:00","The decision was taken pursuant to own-initiative investigations.",SOURCE_VOLUNTARY,,Yes,AUTOMATED_DECISION_FULLY,TikTok,7440322690835077920,"2024-11-23 04:12:12"
00a37c77-cbb1-463a-afb3-8ca0e8cf5750,"[""DECISION_VISIBILITY_CONTENT_REMOVED""]",,,,,,,,,,,DECISION_GROUND_INCOMPATIBLE_CONTENT,,,,"Harassment and Bullying","We welcome the respectful expression of different viewpoints, but not toxicity or trolling. We do not allow language or behavior that harasses, humiliates, threatens, or doxes anyone. This also includes responding to such acts with retaliatory harassment (but excludes non-harassing counterspeech).We proactively enforce our Community Guidelines through a mix of technology and human moderation. We have detected this policy violation using automated measures. We have used automated measures in making this decision.",,STATEMENT_CATEGORY_ILLEGAL_OR_HARMFUL_SPEECH,,,,"[""CONTENT_TYPE_TEXT""]",,,"2024-11-23 00:00:00","[""AT"",""BE"",""BG"",""CY"",""CZ"",""DE"",""DK"",""EE"",""ES"",""FI"",""FR"",""GR"",""HR"",""HU"",""IE"",""IT"",""LI"",""LT"",""LU"",""LV"",""MT"",""NL"",""NO"",""PL"",""PT"",""RO"",""SE"",""SI"",""SK""]","2024-11-23 00:00:00","The decision was taken pursuant to own-initiative investigations.",SOURCE_VOLUNTARY,,Yes,AUTOMATED_DECISION_FULLY,TikTok,7440322690835094304,"2024-11-23 04:12:12"
cb8b7503-068b-4944-ab4b-5d137dc601d5,"[""DECISION_VISIBILITY_CONTENT_REMOVED""]",,,,,,,,,,,DECISION_GROUND_INCOMPATIBLE_CONTENT,,,,"Sexual Exploitation and Gender-Based Violence","We are committed to providing a space that embraces gender equity, supports healthy relationships, and respects intimate privacy. We do not allow sexual exploitation or gender-based violence, including non-consensual sexual acts, image-based sexual abuse, sextortion, physical abuse, and sexual harassment.We proactively enforce our Community Guidelines through a mix of technology and human moderation. We have detected this policy violation using automated measures. We have used automated measures in making this decision.",,STATEMENT_CATEGORY_VIOLENCE,,,,"[""CONTENT_TYPE_TEXT""]",,,"2024-11-23 00:00:00","[""AT"",""BE"",""BG"",""CY"",""CZ"",""DE"",""DK"",""EE"",""ES"",""FI"",""FR"",""GR"",""HR"",""HU"",""IE"",""IT"",""LI"",""LT"",""LU"",""LV"",""MT"",""NL"",""NO"",""PL"",""PT"",""RO"",""SE"",""SI"",""SK""]","2024-11-23 00:00:00","The decision was taken pursuant to own-initiative investigations.",SOURCE_VOLUNTARY,,Yes,AUTOMATED_DECISION_FULLY,TikTok,7440322691585841952,"2024-11-23 04:12:12"
7763f458-dc8e-45e0-9e23-12b0941810f3,"[""DECISION_VISIBILITY_CONTENT_REMOVED""]",,,,,,,,,,,DECISION_GROUND_INCOMPATIBLE_CONTENT,,,,"Firearms and Dangerous Weapons","TikTok can be a place that educates people on the responsible use and ownership of weapons, as well as the associated potential for serious harm. Firearms and explosive weapons can cause severe injury or death, especially when used in an unsafe manner. We do not allow the trade of firearms or explosive weapons, or content showing or promoting them if they are not used in a safe or appropriate setting.We proactively enforce our Community Guidelines through a mix of technology and human moderation. We have detected this policy violation using automated measures. We have used automated measures in making this decision.",,STATEMENT_CATEGORY_SCOPE_OF_PLATFORM_SERVICE,,,,"[""CONTENT_TYPE_VIDEO""]",,,"2024-11-23 00:00:00","[""AT"",""BE"",""BG"",""CY"",""CZ"",""DE"",""DK"",""EE"",""ES"",""FI"",""FR"",""GR"",""HR"",""HU"",""IE"",""IT"",""LI"",""LT"",""LU"",""LV"",""MT"",""NL"",""NO"",""PL"",""PT"",""RO"",""SE"",""SI"",""SK""]","2024-11-23 00:00:00","The decision was taken pursuant to own-initiative investigations.",SOURCE_VOLUNTARY,,Yes,AUTOMATED_DECISION_FULLY,TikTok,7440322691585858336,"2024-11-23 04:12:14"
763cbf59-5499-4b01-a7d3-60ea3a98132c,"[""DECISION_VISIBILITY_CONTENT_REMOVED""]",,,,,,,,,,,DECISION_GROUND_INCOMPATIBLE_CONTENT,,,,"Alcohol, Tobacco, and Drugs","While adults make personal choices about how they engage with alcohol, drugs, and tobacco, we recognize that there are risks connected to trading and using these substances. We do not allow showing or promoting recreational drug use, or the trade of alcohol, tobacco products, and drugs.We proactively enforce our Community Guidelines through a mix of technology and human moderation. We have detected this policy violation using automated measures. We have used automated measures in making this decision.",,STATEMENT_CATEGORY_SCOPE_OF_PLATFORM_SERVICE,,,,"[""CONTENT_TYPE_VIDEO""]",,,"2024-11-23 00:00:00","[""AT"",""BE"",""BG"",""CY"",""CZ"",""DE"",""DK"",""EE"",""ES"",""FI"",""FR"",""GR"",""HR"",""HU"",""IE"",""IT"",""LI"",""LT"",""LU"",""LV"",""MT"",""NL"",""NO"",""PL"",""PT"",""RO"",""SE"",""SI"",""SK""]","2024-11-23 00:00:00","The decision was taken pursuant to own-initiative investigations.",SOURCE_VOLUNTARY,,Yes,AUTOMATED_DECISION_FULLY,TikTok,7440322691585874720,"2024-11-23 04:12:14"
e1e1475f-5a9b-4c18-a5cb-2d3ec030877f,"[""DECISION_VISIBILITY_CONTENT_REMOVED""]",,,,,,,,,,,DECISION_GROUND_INCOMPATIBLE_CONTENT,,,,"Harassment and Bullying","We welcome the respectful expression of different viewpoints, but not toxicity or trolling. We do not allow language or behavior that harasses, humiliates, threatens, or doxes anyone. This also includes responding to such acts with retaliatory harassment (but excludes non-harassing counterspeech).We proactively enforce our Community Guidelines through a mix of technology and human moderation. We have detected this policy violation using automated measures. We have used automated measures in making this decision.",,STATEMENT_CATEGORY_ILLEGAL_OR_HARMFUL_SPEECH,,,,"[""CONTENT_TYPE_TEXT""]",,,"2024-11-23 00:00:00","[""AT"",""BE"",""BG"",""CY"",""CZ"",""DE"",""DK"",""EE"",""ES"",""FI"",""FR"",""GR"",""HR"",""HU"",""IE"",""IT"",""LI"",""LT"",""LU"",""LV"",""MT"",""NL"",""NO"",""PL"",""PT"",""RO"",""SE"",""SI"",""SK""]","2024-11-23 00:00:00","The decision was taken pursuant to own-initiative investigations.",SOURCE_VOLUNTARY,,Yes,AUTOMATED_DECISION_FULLY,TikTok,7440322690835110688,"2024-11-23 04:12:14"
6e1c3d02-1ce5-4db8-97c6-e1d60d354b73,"[""DECISION_VISIBILITY_CONTENT_REMOVED""]",,,,,,,,,,,DECISION_GROUND_INCOMPATIBLE_CONTENT,,,,"Harassment and Bullying","We welcome the respectful expression of different viewpoints, but not toxicity or trolling. We do not allow language or behavior that harasses, humiliates, threatens, or doxes anyone. This also includes responding to such acts with retaliatory harassment (but excludes non-harassing counterspeech).We proactively enforce our Community Guidelines through a mix of technology and human moderation. We have detected this policy violation using automated measures. We have used automated measures in making this decision.",,STATEMENT_CATEGORY_ILLEGAL_OR_HARMFUL_SPEECH,,,,"[""CONTENT_TYPE_TEXT""]",,,"2024-11-23 00:00:00","[""AT"",""BE"",""BG"",""CY"",""CZ"",""DE"",""DK"",""EE"",""ES"",""FI"",""FR"",""GR"",""HR"",""HU"",""IE"",""IT"",""LI"",""LT"",""LU"",""LV"",""MT"",""NL"",""NO"",""PL"",""PT"",""RO"",""SE"",""SI"",""SK""]","2024-11-23 00:00:00","The decision was taken pursuant to own-initiative investigations.",SOURCE_VOLUNTARY,,Yes,AUTOMATED_DECISION_FULLY,TikTok,7440322691585891104,"2024-11-23 04:12:14"
bd14b5eb-45a0-4ec0-bf3d-a773bcee2dee,"[""DECISION_VISIBILITY_OTHER""]","Video not eligible for recommendation in the For You feed, and visibility restricted in search results",,,,,,,,,,DECISION_GROUND_INCOMPATIBLE_CONTENT,,,,"Community Guidelines","We maintain content eligibility standards for the For You feed (FYF) that prioritize safety and are informed by the diversity of our community and cultural norms. We make ineligible for the FYF certain content that may not be appropriate for a broad audience related to: (1) Behavioral Health, (2) Sensitive and Mature Themes, (3) Integrity and Authenticity, and (4) Regulated Goods. Content that is ineligible for the FYF can still be discovered in other ways, such as through search tools or by following an account.We proactively enforce our Community Guidelines through a mix of technology and human moderation. We have detected this policy violation using automated measures. We have used automated measures in making this decision.",,STATEMENT_CATEGORY_SCOPE_OF_PLATFORM_SERVICE,,,,"[""CONTENT_TYPE_VIDEO""]",,,"2024-11-23 00:00:00","[""AT"",""BE"",""BG"",""CY"",""CZ"",""DE"",""DK"",""EE"",""ES"",""FI"",""FR"",""GR"",""HR"",""HU"",""IE"",""IT"",""LI"",""LT"",""LU"",""LV"",""MT"",""NL"",""NO"",""PL"",""PT"",""RO"",""SE"",""SI"",""SK""]","2024-11-23 00:00:00","The decision was taken pursuant to own-initiative investigations.",SOURCE_VOLUNTARY,,Yes,AUTOMATED_DECISION_FULLY,TikTok,7440322691585907488,"2024-11-23 04:12:14"
d0bd8bed-d70b-4fe7-918f-755331c33851,"[""DECISION_VISIBILITY_OTHER""]","Photo not eligible for recommendation in the For You feed",,,,,,,,,,DECISION_GROUND_INCOMPATIBLE_CONTENT,,,,"Sexually Suggestive Content","We are mindful that certain behaviors related to sexual arousal or suggestiveness may be offensive to some people and may put young people at risk of exploitation. Content is ineligible for the For You feed and harder to find in search if it shows sex products or intends to sexually arouse (such as intimate kissing, sexualized posing, and seductive performances or allusions to sexual activity by adults). We proactively enforce our Community Guidelines through a mix of technology and human moderation. We have detected this policy violation using automated measures.",,STATEMENT_CATEGORY_SCOPE_OF_PLATFORM_SERVICE,,,,"[""CONTENT_TYPE_IMAGE""]",,,"2024-11-21 00:00:00","[""AT"",""BE"",""BG"",""CY"",""CZ"",""DE"",""DK"",""EE"",""ES"",""FI"",""FR"",""GR"",""HR"",""HU"",""IE"",""IT"",""LI"",""LT"",""LU"",""LV"",""MT"",""NL"",""NO"",""PL"",""PT"",""RO"",""SE"",""SI"",""SK""]","2024-11-23 00:00:00","The decision was taken pursuant to own-initiative investigations.",SOURCE_VOLUNTARY,,Yes,AUTOMATED_DECISION_NOT_AUTOMATED,TikTok,7440322690835127072,"2024-11-23 04:12:14"
6d30e917-4162-4128-a185-d3c769d1221a,"[""DECISION_VISIBILITY_CONTENT_REMOVED""]",,,,,,,,,,,DECISION_GROUND_INCOMPATIBLE_CONTENT,,,,"Violent Behaviors and Criminal Activities","We recognize that online content related to violence can cause real-world harm. We do not allow any violent threats, incitement to violence, or promotion of criminal activities that may harm people, animals, or property. If there is a specific, credible, and imminent threat to human life or serious physical injury, we will report it to relevant law enforcement authorities.We proactively enforce our Community Guidelines through a mix of technology and human moderation. We have detected this policy violation using automated measures. We have used automated measures in making this decision.",,STATEMENT_CATEGORY_VIOLENCE,,,,"[""CONTENT_TYPE_TEXT""]",,,"2024-11-23 00:00:00","[""AT"",""BE"",""BG"",""CY"",""CZ"",""DE"",""DK"",""EE"",""ES"",""FI"",""FR"",""GR"",""HR"",""HU"",""IE"",""IT"",""LI"",""LT"",""LU"",""LV"",""MT"",""NL"",""NO"",""PL"",""PT"",""RO"",""SE"",""SI"",""SK""]","2024-11-23 00:00:00","The decision was taken pursuant to own-initiative investigations.",SOURCE_VOLUNTARY,,Yes,AUTOMATED_DECISION_FULLY,TikTok,7440322691585923872,"2024-11-23 04:12:14"
53cc67cc-cd2d-40be-8b21-a6b88213eb0b,"[""DECISION_VISIBILITY_CONTENT_REMOVED""]",,,,,,,,,,,DECISION_GROUND_INCOMPATIBLE_CONTENT,,,,"Harassment and Bullying","We welcome the respectful expression of different viewpoints, but not toxicity or trolling. We do not allow language or behavior that harasses, humiliates, threatens, or doxes anyone. This also includes responding to such acts with retaliatory harassment (but excludes non-harassing counterspeech).We proactively enforce our Community Guidelines through a mix of technology and human moderation. We have detected this policy violation using automated measures. We have used automated measures in making this decision.",,STATEMENT_CATEGORY_ILLEGAL_OR_HARMFUL_SPEECH,,,,"[""CONTENT_TYPE_TEXT""]",,,"2024-11-23 00:00:00","[""AT"",""BE"",""BG"",""CY"",""CZ"",""DE"",""DK"",""EE"",""ES"",""FI"",""FR"",""GR"",""HR"",""HU"",""IE"",""IT"",""LI"",""LT"",""LU"",""LV"",""MT"",""NL"",""NO"",""PL"",""PT"",""RO"",""SE"",""SI"",""SK""]","2024-11-23 00:00:00","The decision was taken pursuant to own-initiative investigations.",SOURCE_VOLUNTARY,,Yes,AUTOMATED_DECISION_FULLY,TikTok,7440322690835143456,"2024-11-23 04:12:14"
5352d5b0-45cd-4fcd-9037-3c327eec091a,"[""DECISION_VISIBILITY_OTHER""]","Video not eligible for recommendation in the For You feed",,,,,,,,,,DECISION_GROUND_INCOMPATIBLE_CONTENT,,,,"Community Guidelines","We maintain content eligibility standards for the For You feed (FYF) that prioritize safety and are informed by the diversity of our community and cultural norms. We make ineligible for the FYF certain content that may not be appropriate for a broad audience related to: (1) Behavioral Health, (2) Sensitive and Mature Themes, (3) Integrity and Authenticity, and (4) Regulated Goods. Content that is ineligible for the FYF can still be discovered in other ways, such as through search tools or by following an account.We proactively enforce our Community Guidelines through a mix of technology and human moderation. We have detected this policy violation using automated measures. We have used automated measures in making this decision.",,STATEMENT_CATEGORY_SCOPE_OF_PLATFORM_SERVICE,,,,"[""CONTENT_TYPE_VIDEO""]",,,"2024-11-23 00:00:00","[""AT"",""BE"",""BG"",""CY"",""CZ"",""DE"",""DK"",""EE"",""ES"",""FI"",""FR"",""GR"",""HR"",""HU"",""IE"",""IT"",""LI"",""LT"",""LU"",""LV"",""MT"",""NL"",""NO"",""PL"",""PT"",""RO"",""SE"",""SI"",""SK""]","2024-11-23 00:00:00","The decision was taken pursuant to own-initiative investigations.",SOURCE_VOLUNTARY,,Yes,AUTOMATED_DECISION_FULLY,TikTok,7440322690835159840,"2024-11-23 04:12:14"
bbf26854-c5f3-4812-9021-a60e9a95f56f,"[""DECISION_VISIBILITY_CONTENT_REMOVED""]",,,,,,,,,,,DECISION_GROUND_INCOMPATIBLE_CONTENT,,,,"Harassment and Bullying","We welcome the respectful expression of different viewpoints, but not toxicity or trolling. We do not allow language or behavior that harasses, humiliates, threatens, or doxes anyone. This also includes responding to such acts with retaliatory harassment (but excludes non-harassing counterspeech).We proactively enforce our Community Guidelines through a mix of technology and human moderation. We have detected this policy violation using automated measures. We have used automated measures in making this decision.",,STATEMENT_CATEGORY_ILLEGAL_OR_HARMFUL_SPEECH,,,,"[""CONTENT_TYPE_TEXT""]",,,"2024-11-23 00:00:00","[""AT"",""BE"",""BG"",""CY"",""CZ"",""DE"",""DK"",""EE"",""ES"",""FI"",""FR"",""GR"",""HR"",""HU"",""IE"",""IT"",""LI"",""LT"",""LU"",""LV"",""MT"",""NL"",""NO"",""PL"",""PT"",""RO"",""SE"",""SI"",""SK""]","2024-11-23 00:00:00","The decision was taken pursuant to own-initiative investigations.",SOURCE_VOLUNTARY,,Yes,AUTOMATED_DECISION_FULLY,TikTok,7440322690835176224,"2024-11-23 04:12:14"
1d31e982-d979-4840-9351-ad237b528bc8,"[""DECISION_VISIBILITY_CONTENT_AGE_RESTRICTED""]",,,,,,,,,,,DECISION_GROUND_INCOMPATIBLE_CONTENT,,,,"Minimum Age Requirement","Users must be 13 years and older to have a TikTok account. We are deeply committed to ensuring that TikTok is a safe and positive experience for people under the age of 18. This starts by being old enough to use TikTok. If we learn someone is below the minimum age on TikTok, we will ban that account. Content created by anyone under 16 is ineligible for the For You feed and harder to find in search.We proactively enforce our Community Guidelines through a mix of technology and human moderation. We have detected this policy violation using automated measures.",,STATEMENT_CATEGORY_PROTECTION_OF_MINORS,,,,"[""CONTENT_TYPE_VIDEO""]",,,"2024-11-23 00:00:00","[""AT"",""BE"",""BG"",""CY"",""CZ"",""DE"",""DK"",""EE"",""ES"",""FI"",""FR"",""GR"",""HR"",""HU"",""IE"",""IT"",""LI"",""LT"",""LU"",""LV"",""MT"",""NL"",""NO"",""PL"",""PT"",""RO"",""SE"",""SI"",""SK""]","2024-11-23 00:00:00","The decision was taken pursuant to own-initiative investigations.",SOURCE_VOLUNTARY,,Yes,AUTOMATED_DECISION_NOT_AUTOMATED,TikTok,7440322691942325025,"2024-11-23 04:12:16"
fc573308-94b4-420d-83ea-ac0b2b1b7e20,"[""DECISION_VISIBILITY_CONTENT_REMOVED""]",,,,,,,,,,,DECISION_GROUND_INCOMPATIBLE_CONTENT,,,,"Hate Speech and Hateful Behaviors","TikTok is enriched by the various backgrounds of our community members. Our differences should be respected, rather than a cause for division. We do not allow any hateful behavior, hate speech, or promotion of hateful ideologies. This includes content that attacks a person or group because of protected attributes.We proactively enforce our Community Guidelines through a mix of technology and human moderation. We have detected this policy violation using automated measures. We have used automated measures in making this decision.",,STATEMENT_CATEGORY_ILLEGAL_OR_HARMFUL_SPEECH,,,,"[""CONTENT_TYPE_TEXT""]",,,"2024-11-23 00:00:00","[""AT"",""BE"",""BG"",""CY"",""CZ"",""DE"",""DK"",""EE"",""ES"",""FI"",""FR"",""GR"",""HR"",""HU"",""IE"",""IT"",""LI"",""LT"",""LU"",""LV"",""MT"",""NL"",""NO"",""PL"",""PT"",""RO"",""SE"",""SI"",""SK""]","2024-11-23 00:00:00","The decision was taken pursuant to own-initiative investigations.",SOURCE_VOLUNTARY,,Yes,AUTOMATED_DECISION_FULLY,TikTok,7440322691942341409,"2024-11-23 04:12:16"
59e0c8b4-69af-4a71-a235-ef4d66624f08,"[""DECISION_VISIBILITY_CONTENT_REMOVED""]",,,,,,,,,,,DECISION_GROUND_INCOMPATIBLE_CONTENT,,,,"Hate Speech and Hateful Behaviors","TikTok is enriched by the various backgrounds of our community members. Our differences should be respected, rather than a cause for division. We do not allow any hateful behavior, hate speech, or promotion of hateful ideologies. This includes content that attacks a person or group because of protected attributes.We proactively enforce our Community Guidelines through a mix of technology and human moderation. We have detected this policy violation using automated measures. We have used automated measures in making this decision.",,STATEMENT_CATEGORY_ILLEGAL_OR_HARMFUL_SPEECH,,,,"[""CONTENT_TYPE_TEXT""]",,,"2024-11-23 00:00:00","[""AT"",""BE"",""BG"",""CY"",""CZ"",""DE"",""DK"",""EE"",""ES"",""FI"",""FR"",""GR"",""HR"",""HU"",""IE"",""IT"",""LI"",""LT"",""LU"",""LV"",""MT"",""NL"",""NO"",""PL"",""PT"",""RO"",""SE"",""SI"",""SK""]","2024-11-23 00:00:00","The decision was taken pursuant to own-initiative investigations.",SOURCE_VOLUNTARY,,Yes,AUTOMATED_DECISION_FULLY,TikTok,7440322691585940256,"2024-11-23 04:12:16"
c0235eb5-abdf-4f91-b47b-ce4408e20950,"[""DECISION_VISIBILITY_OTHER""]","Video not eligible for recommendation in the For You feed",,,,,,,,,,DECISION_GROUND_INCOMPATIBLE_CONTENT,,,,"Alcohol, Tobacco, and Drugs","While adults make personal choices about how they engage with alcohol, drugs, and tobacco, we recognize that there are risks connected to trading and using these substances. Content is ineligible for the For You feed and harder to find in search if it shows adults consuming excessive amounts of alcohol or tobacco products.We proactively enforce our Community Guidelines through a mix of technology and human moderation. We have detected this policy violation using automated measures. We have used automated measures in making this decision.",,STATEMENT_CATEGORY_SCOPE_OF_PLATFORM_SERVICE,,,,"[""CONTENT_TYPE_VIDEO""]",,,"2024-10-29 00:00:00","[""AT"",""BE"",""BG"",""CY"",""CZ"",""DE"",""DK"",""EE"",""ES"",""FI"",""FR"",""GR"",""HR"",""HU"",""IE"",""IT"",""LI"",""LT"",""LU"",""LV"",""MT"",""NL"",""NO"",""PL"",""PT"",""RO"",""SE"",""SI"",""SK""]","2024-11-23 00:00:00","The decision was taken pursuant to own-initiative investigations.",SOURCE_VOLUNTARY,,Yes,AUTOMATED_DECISION_FULLY,TikTok,7440322691585956640,"2024-11-23 04:12:16"
c352dff8-334c-4010-964c-0ad352c55c46,"[""DECISION_VISIBILITY_OTHER""]","Video not eligible for recommendation in the For You feed",,,,,,,,,,DECISION_GROUND_INCOMPATIBLE_CONTENT,,,,"Community Guidelines","We maintain content eligibility standards for the For You feed (FYF) that prioritize safety and are informed by the diversity of our community and cultural norms. We make ineligible for the FYF certain content that may not be appropriate for a broad audience related to: (1) Behavioral Health, (2) Sensitive and Mature Themes, (3) Integrity and Authenticity, and (4) Regulated Goods. Content that is ineligible for the FYF can still be discovered in other ways, such as through search tools or by following an account.We proactively enforce our Community Guidelines through a mix of technology and human moderation. We have detected this policy violation using automated measures. We have used automated measures in making this decision.",,STATEMENT_CATEGORY_SCOPE_OF_PLATFORM_SERVICE,,,,"[""CONTENT_TYPE_VIDEO""]",,,"2024-11-23 00:00:00","[""AT"",""BE"",""BG"",""CY"",""CZ"",""DE"",""DK"",""EE"",""ES"",""FI"",""FR"",""GR"",""HR"",""HU"",""IE"",""IT"",""LI"",""LT"",""LU"",""LV"",""MT"",""NL"",""NO"",""PL"",""PT"",""RO"",""SE"",""SI"",""SK""]","2024-11-23 00:00:00","The decision was taken pursuant to own-initiative investigations.",SOURCE_VOLUNTARY,,Yes,AUTOMATED_DECISION_FULLY,TikTok,7440322692017822497,"2024-11-23 04:12:16"