uuid,decision_visibility,decision_visibility_other,end_date_visibility_restriction,decision_monetary,decision_monetary_other,end_date_monetary_restriction,decision_provision,end_date_service_restriction,decision_account,end_date_account_restriction,account_type,decision_ground,decision_ground_reference_url,illegal_content_legal_ground,illegal_content_explanation,incompatible_content_ground,incompatible_content_explanation,incompatible_content_illegal,category,category_addition,category_specification,category_specification_other,content_type,content_type_other,content_language,content_date,territorial_scope,application_date,decision_facts,source_type,source_identity,automated_detection,automated_decision,platform_name,platform_uid,created_at
4de16c87-a021-4b07-bba7-e0771b560394,"[""DECISION_VISIBILITY_CONTENT_REMOVED""]",,,,,,,,,,,DECISION_GROUND_INCOMPATIBLE_CONTENT,,,,"Personal Information","We are committed to making sure that any personal information shared intentionally or accidentally on TikTok does not lead to harm. We do not allow content that includes personal information that may create a risk of stalking, violence, phishing, fraud, identity theft, or financial exploitation, including content that someone has posted themselves or that they consented to being shared by others.We proactively enforce our Community Guidelines through a mix of technology and human moderation. We have detected this policy violation using automated measures. We have used automated measures in making this decision.",,STATEMENT_CATEGORY_DATA_PROTECTION_AND_PRIVACY_VIOLATIONS,,,,"[""CONTENT_TYPE_IMAGE""]",,,"2024-11-23 00:00:00","[""AT"",""BE"",""BG"",""CY"",""CZ"",""DE"",""DK"",""EE"",""ES"",""FI"",""FR"",""GR"",""HR"",""HU"",""IE"",""IT"",""LI"",""LT"",""LU"",""LV"",""MT"",""NL"",""NO"",""PL"",""PT"",""RO"",""SE"",""SI"",""SK""]","2024-11-23 00:00:00","The decision was taken pursuant to own-initiative investigations.",SOURCE_VOLUNTARY,,Yes,AUTOMATED_DECISION_FULLY,TikTok,7440291884951558945,"2024-11-23 02:12:40"
49f5adfd-b7b6-40a6-adba-298e6d922bc5,"[""DECISION_VISIBILITY_CONTENT_REMOVED""]",,,,,,,,,,,DECISION_GROUND_INCOMPATIBLE_CONTENT,,,,"Dangerous activities and challenges","Most activities or challenges are appropriate for everyone, but some carry a risk of significant injury. We do not allow showing or promoting dangerous activities and challenges. This includes dares, games, tricks, inappropriate use of dangerous tools, eating substances that are harmful to one’s health, or similar activities that may lead to significant physical harm. Visit our {CG_link} for more information.",,STATEMENT_CATEGORY_SCOPE_OF_PLATFORM_SERVICE,,,,"[""CONTENT_TYPE_VIDEO""]",,,"2024-11-23 00:00:00","[""AT"",""BE"",""BG"",""CY"",""CZ"",""DE"",""DK"",""EE"",""ES"",""FI"",""FR"",""GR"",""HR"",""HU"",""IE"",""IS"",""IT"",""LI"",""LT"",""LU"",""LV"",""MT"",""NL"",""NO"",""PL"",""PT"",""RO"",""SE"",""SI"",""SK""]","2024-11-23 00:00:00","The decision was taken pursuant to own-initiative investigations",SOURCE_VOLUNTARY,,Yes,AUTOMATED_DECISION_FULLY,TikTok,7440291892606098208,"2024-11-23 02:12:40"
c3b917ff-d94a-45f1-b54d-e5156df354f3,"[""DECISION_VISIBILITY_CONTENT_REMOVED""]",,,,,,,,,,,DECISION_GROUND_INCOMPATIBLE_CONTENT,,,,"Nudity and Body Exposure","We celebrate all shapes and sizes and want people to feel comfortable in how they present themselves and their bodies. We do not allow nudity, including uncovered genitals and buttocks, as well as nipples and areolas of women and girls. Sheer and partially see-through clothing is not considered covered.We proactively enforce our Community Guidelines through a mix of technology and human moderation. We have detected this policy violation using automated measures. We have used automated measures in making this decision.",,STATEMENT_CATEGORY_SCOPE_OF_PLATFORM_SERVICE,,,,"[""CONTENT_TYPE_VIDEO""]",,,"2024-11-23 00:00:00","[""AT"",""BE"",""BG"",""CY"",""CZ"",""DE"",""DK"",""EE"",""ES"",""FI"",""FR"",""GR"",""HR"",""HU"",""IE"",""IT"",""LI"",""LT"",""LU"",""LV"",""MT"",""NL"",""NO"",""PL"",""PT"",""RO"",""SE"",""SI"",""SK""]","2024-11-23 00:00:00","The decision was taken pursuant to own-initiative investigations.",SOURCE_VOLUNTARY,,Yes,AUTOMATED_DECISION_FULLY,TikTok,7440291902118697760,"2024-11-23 02:12:40"
5216f063-e351-4543-879a-f8a7e3152a10,"[""DECISION_VISIBILITY_CONTENT_REMOVED""]",,,,,,,,,,,DECISION_GROUND_INCOMPATIBLE_CONTENT,,,,"Sexual Exploitation and Gender-Based Violence","We are committed to providing a space that embraces gender equity, supports healthy relationships, and respects intimate privacy. We do not allow sexual exploitation or gender-based violence, including non-consensual sexual acts, image-based sexual abuse, sextortion, physical abuse, and sexual harassment.We proactively enforce our Community Guidelines through a mix of technology and human moderation. We have detected this policy violation using automated measures. We have used automated measures in making this decision.",,STATEMENT_CATEGORY_VIOLENCE,,,,"[""CONTENT_TYPE_TEXT""]",,,"2024-11-23 00:00:00","[""AT"",""BE"",""BG"",""CY"",""CZ"",""DE"",""DK"",""EE"",""ES"",""FI"",""FR"",""GR"",""HR"",""HU"",""IE"",""IT"",""LI"",""LT"",""LU"",""LV"",""MT"",""NL"",""NO"",""PL"",""PT"",""RO"",""SE"",""SI"",""SK""]","2024-11-23 00:00:00","The decision was taken pursuant to own-initiative investigations.",SOURCE_VOLUNTARY,,Yes,AUTOMATED_DECISION_FULLY,TikTok,7440291892606114592,"2024-11-23 02:12:40"
7d470434-3bcf-4316-8eba-ad5488f02dc4,"[""DECISION_VISIBILITY_CONTENT_REMOVED""]",,,,,,,,,,,DECISION_GROUND_INCOMPATIBLE_CONTENT,,,,"Sexual Exploitation and Gender-Based Violence","We are committed to providing a space that embraces gender equity, supports healthy relationships, and respects intimate privacy. We do not allow sexual exploitation or gender-based violence, including non-consensual sexual acts, image-based sexual abuse, sextortion, physical abuse, and sexual harassment.We proactively enforce our Community Guidelines through a mix of technology and human moderation. We have detected this policy violation using automated measures. We have used automated measures in making this decision.",,STATEMENT_CATEGORY_VIOLENCE,,,,"[""CONTENT_TYPE_TEXT""]",,,"2024-11-23 00:00:00","[""AT"",""BE"",""BG"",""CY"",""CZ"",""DE"",""DK"",""EE"",""ES"",""FI"",""FR"",""GR"",""HR"",""HU"",""IE"",""IT"",""LI"",""LT"",""LU"",""LV"",""MT"",""NL"",""NO"",""PL"",""PT"",""RO"",""SE"",""SI"",""SK""]","2024-11-23 00:00:00","The decision was taken pursuant to own-initiative investigations.",SOURCE_VOLUNTARY,,Yes,AUTOMATED_DECISION_FULLY,TikTok,7440291902118714144,"2024-11-23 02:12:40"
0a81d6fe-96c2-4170-9995-a1ab6b160fd8,"[""DECISION_VISIBILITY_CONTENT_REMOVED""]",,,,,,,,,,,DECISION_GROUND_INCOMPATIBLE_CONTENT,,,,"Nudity and Body Exposure","We celebrate all shapes and sizes and want people to feel comfortable in how they present themselves and their bodies. We do not allow nudity, including uncovered genitals and buttocks, as well as nipples and areolas of women and girls. Sheer and partially see-through clothing is not considered covered.We proactively enforce our Community Guidelines through a mix of technology and human moderation. We have detected this policy violation using automated measures. We have used automated measures in making this decision.",,STATEMENT_CATEGORY_SCOPE_OF_PLATFORM_SERVICE,,,,"[""CONTENT_TYPE_VIDEO""]",,,"2024-11-23 00:00:00","[""AT"",""BE"",""BG"",""CY"",""CZ"",""DE"",""DK"",""EE"",""ES"",""FI"",""FR"",""GR"",""HR"",""HU"",""IE"",""IT"",""LI"",""LT"",""LU"",""LV"",""MT"",""NL"",""NO"",""PL"",""PT"",""RO"",""SE"",""SI"",""SK""]","2024-11-23 00:00:00","The decision was taken pursuant to own-initiative investigations.",SOURCE_VOLUNTARY,,Yes,AUTOMATED_DECISION_FULLY,TikTok,7440291892606130976,"2024-11-23 02:12:40"
e8ce0d4f-0fe7-4966-93eb-46a55ae695c4,"[""DECISION_VISIBILITY_CONTENT_REMOVED""]",,,,,,,,,,,DECISION_GROUND_INCOMPATIBLE_CONTENT,,,,"Hate Speech and Hateful Behaviors","TikTok is enriched by the various backgrounds of our community members. Our differences should be respected, rather than a cause for division. We do not allow any hateful behavior, hate speech, or promotion of hateful ideologies. This includes content that attacks a person or group because of protected attributes.We proactively enforce our Community Guidelines through a mix of technology and human moderation. We have detected this policy violation using automated measures. We have used automated measures in making this decision.",,STATEMENT_CATEGORY_ILLEGAL_OR_HARMFUL_SPEECH,,,,"[""CONTENT_TYPE_TEXT""]",,,"2024-11-23 00:00:00","[""AT"",""BE"",""BG"",""CY"",""CZ"",""DE"",""DK"",""EE"",""ES"",""FI"",""FR"",""GR"",""HR"",""HU"",""IE"",""IT"",""LI"",""LT"",""LU"",""LV"",""MT"",""NL"",""NO"",""PL"",""PT"",""RO"",""SE"",""SI"",""SK""]","2024-11-23 00:00:00","The decision was taken pursuant to own-initiative investigations.",SOURCE_VOLUNTARY,,Yes,AUTOMATED_DECISION_FULLY,TikTok,7440291902118730528,"2024-11-23 02:12:40"
97e1fdf8-6234-4eb5-b938-7e1833c9b4d3,"[""DECISION_VISIBILITY_CONTENT_REMOVED""]",,,,,,,,,,,DECISION_GROUND_INCOMPATIBLE_CONTENT,,,,"Hate Speech and Hateful Behaviors","TikTok is enriched by the various backgrounds of our community members. Our differences should be respected, rather than a cause for division. We do not allow any hateful behavior, hate speech, or promotion of hateful ideologies. This includes content that attacks a person or group because of protected attributes.We proactively enforce our Community Guidelines through a mix of technology and human moderation. We have detected this policy violation using automated measures. We have used automated measures in making this decision.",,STATEMENT_CATEGORY_ILLEGAL_OR_HARMFUL_SPEECH,,,,"[""CONTENT_TYPE_TEXT""]",,,"2024-11-23 00:00:00","[""AT"",""BE"",""BG"",""CY"",""CZ"",""DE"",""DK"",""EE"",""ES"",""FI"",""FR"",""GR"",""HR"",""HU"",""IE"",""IT"",""LI"",""LT"",""LU"",""LV"",""MT"",""NL"",""NO"",""PL"",""PT"",""RO"",""SE"",""SI"",""SK""]","2024-11-23 00:00:00","The decision was taken pursuant to own-initiative investigations.",SOURCE_VOLUNTARY,,Yes,AUTOMATED_DECISION_FULLY,TikTok,7440291892606147360,"2024-11-23 02:12:40"
5e737da8-0c25-493f-972c-6f18083d0374,"[""DECISION_VISIBILITY_CONTENT_REMOVED""]",,,,,,,,,,,DECISION_GROUND_INCOMPATIBLE_CONTENT,,,,"Harassment and Bullying","We welcome the respectful expression of different viewpoints, but not toxicity or trolling. We do not allow language or behavior that harasses, humiliates, threatens, or doxes anyone. This also includes responding to such acts with retaliatory harassment (but excludes non-harassing counterspeech).We proactively enforce our Community Guidelines through a mix of technology and human moderation. We have detected this policy violation using automated measures. We have used automated measures in making this decision.",,STATEMENT_CATEGORY_ILLEGAL_OR_HARMFUL_SPEECH,,,,"[""CONTENT_TYPE_TEXT""]",,,"2024-11-23 00:00:00","[""AT"",""BE"",""BG"",""CY"",""CZ"",""DE"",""DK"",""EE"",""ES"",""FI"",""FR"",""GR"",""HR"",""HU"",""IE"",""IT"",""LI"",""LT"",""LU"",""LV"",""MT"",""NL"",""NO"",""PL"",""PT"",""RO"",""SE"",""SI"",""SK""]","2024-11-23 00:00:00","The decision was taken pursuant to own-initiative investigations.",SOURCE_VOLUNTARY,,Yes,AUTOMATED_DECISION_FULLY,TikTok,7440291892606163744,"2024-11-23 02:12:40"
dd9a8a90-fd31-4c95-8847-9c9e0036bb02,"[""DECISION_VISIBILITY_CONTENT_REMOVED""]",,,,,,,,,,,DECISION_GROUND_INCOMPATIBLE_CONTENT,,,,"Hate Speech and Hateful Behaviors","TikTok is enriched by the various backgrounds of our community members. Our differences should be respected, rather than a cause for division. We do not allow any hateful behavior, hate speech, or promotion of hateful ideologies. This includes content that attacks a person or group because of protected attributes.We proactively enforce our Community Guidelines through a mix of technology and human moderation. We have detected this policy violation using automated measures. We have used automated measures in making this decision.",,STATEMENT_CATEGORY_ILLEGAL_OR_HARMFUL_SPEECH,,,,"[""CONTENT_TYPE_TEXT""]",,,"2024-11-23 00:00:00","[""AT"",""BE"",""BG"",""CY"",""CZ"",""DE"",""DK"",""EE"",""ES"",""FI"",""FR"",""GR"",""HR"",""HU"",""IE"",""IT"",""LI"",""LT"",""LU"",""LV"",""MT"",""NL"",""NO"",""PL"",""PT"",""RO"",""SE"",""SI"",""SK""]","2024-11-23 00:00:00","The decision was taken pursuant to own-initiative investigations.",SOURCE_VOLUNTARY,,Yes,AUTOMATED_DECISION_FULLY,TikTok,7440291902118746912,"2024-11-23 02:12:40"
55897434-bf66-4dc4-a40b-058cee2da0f5,"[""DECISION_VISIBILITY_OTHER""]","Video not eligible for recommendation in the For You feed",,,,,,,,,,DECISION_GROUND_INCOMPATIBLE_CONTENT,,,,"Alcohol, Tobacco, and Drugs","While adults make personal choices about how they engage with alcohol, drugs, and tobacco, we recognize that there are risks connected to trading and using these substances. Content is ineligible for the For You feed and harder to find in search if it shows adults consuming excessive amounts of alcohol or tobacco products.We proactively enforce our Community Guidelines through a mix of technology and human moderation. We have detected this policy violation using automated measures. We have used automated measures in making this decision.",,STATEMENT_CATEGORY_SCOPE_OF_PLATFORM_SERVICE,,,,"[""CONTENT_TYPE_VIDEO""]",,,"2024-11-23 00:00:00","[""AT"",""BE"",""BG"",""CY"",""CZ"",""DE"",""DK"",""EE"",""ES"",""FI"",""FR"",""GR"",""HR"",""HU"",""IE"",""IT"",""LI"",""LT"",""LU"",""LV"",""MT"",""NL"",""NO"",""PL"",""PT"",""RO"",""SE"",""SI"",""SK""]","2024-11-23 00:00:00","The decision was taken pursuant to own-initiative investigations.",SOURCE_VOLUNTARY,,Yes,AUTOMATED_DECISION_FULLY,TikTok,7440291905390254880,"2024-11-23 02:12:40"
f55c9295-426a-4d8b-8b50-71a9f630f309,"[""DECISION_VISIBILITY_CONTENT_REMOVED""]",,,,,,,,,,,DECISION_GROUND_INCOMPATIBLE_CONTENT,,,,"Harassment and Bullying","We welcome the respectful expression of different viewpoints, but not toxicity or trolling. We do not allow language or behavior that harasses, humiliates, threatens, or doxes anyone. This also includes responding to such acts with retaliatory harassment (but excludes non-harassing counterspeech).We proactively enforce our Community Guidelines through a mix of technology and human moderation. We have detected this policy violation using automated measures. We have used automated measures in making this decision.",,STATEMENT_CATEGORY_ILLEGAL_OR_HARMFUL_SPEECH,,,,"[""CONTENT_TYPE_TEXT""]",,,"2024-11-23 00:00:00","[""AT"",""BE"",""BG"",""CY"",""CZ"",""DE"",""DK"",""EE"",""ES"",""FI"",""FR"",""GR"",""HR"",""HU"",""IE"",""IT"",""LI"",""LT"",""LU"",""LV"",""MT"",""NL"",""NO"",""PL"",""PT"",""RO"",""SE"",""SI"",""SK""]","2024-11-23 00:00:00","The decision was taken pursuant to own-initiative investigations.",SOURCE_VOLUNTARY,,Yes,AUTOMATED_DECISION_FULLY,TikTok,7440291902118763296,"2024-11-23 02:12:42"
127aa886-327a-4c52-9e64-899343065e5c,"[""DECISION_VISIBILITY_CONTENT_REMOVED""]",,,,,,,,,,,DECISION_GROUND_INCOMPATIBLE_CONTENT,,,,"Spam and Deceptive Account Behaviors","To build a trusted community online, it is important that the behaviors and identities of accounts are authentic and truthful. We do not allow account behaviors that may spam or mislead our community. We will restrict the visibility of comments that contain excessive or irrelevant spam content. We proactively enforce our Community Guidelines through a mix of technology and human moderation. We have detected this policy violation using automated measures. We have used automated measures in making this decision.",,STATEMENT_CATEGORY_SCAMS_AND_FRAUD,,,,"[""CONTENT_TYPE_TEXT""]",,,"2024-11-23 00:00:00","[""AT"",""BE"",""BG"",""CY"",""CZ"",""DE"",""DK"",""EE"",""ES"",""FI"",""FR"",""GR"",""HR"",""HU"",""IE"",""IT"",""LI"",""LT"",""LU"",""LV"",""MT"",""NL"",""NO"",""PL"",""PT"",""RO"",""SE"",""SI"",""SK""]","2024-11-23 00:00:00","The decision was taken pursuant to own-initiative investigations.",SOURCE_VOLUNTARY,,Yes,AUTOMATED_DECISION_FULLY,TikTok,7440291905390287648,"2024-11-23 02:12:42"
82c26792-ef14-4330-ac2e-eebe4f199663,"[""DECISION_VISIBILITY_CONTENT_REMOVED""]",,,,,,,,,,,DECISION_GROUND_INCOMPATIBLE_CONTENT,,,,"Harassment and Bullying","We welcome the respectful expression of different viewpoints, but not toxicity or trolling. We do not allow language or behavior that harasses, humiliates, threatens, or doxes anyone. This also includes responding to such acts with retaliatory harassment (but excludes non-harassing counterspeech).We proactively enforce our Community Guidelines through a mix of technology and human moderation. We have detected this policy violation using automated measures. We have used automated measures in making this decision.",,STATEMENT_CATEGORY_ILLEGAL_OR_HARMFUL_SPEECH,,,,"[""CONTENT_TYPE_TEXT""]",,,"2024-11-23 00:00:00","[""AT"",""BE"",""BG"",""CY"",""CZ"",""DE"",""DK"",""EE"",""ES"",""FI"",""FR"",""GR"",""HR"",""HU"",""IE"",""IT"",""LI"",""LT"",""LU"",""LV"",""MT"",""NL"",""NO"",""PL"",""PT"",""RO"",""SE"",""SI"",""SK""]","2024-11-23 00:00:00","The decision was taken pursuant to own-initiative investigations.",SOURCE_VOLUNTARY,,Yes,AUTOMATED_DECISION_FULLY,TikTok,7440291905390304032,"2024-11-23 02:12:42"
56d2c8bc-e7a3-4524-9763-d24f37ab3540,"[""DECISION_VISIBILITY_OTHER""]","Photo not eligible for recommendation in the For You feed, and visibility restricted in search results",,,,,,,,,,DECISION_GROUND_INCOMPATIBLE_CONTENT,,,,"Community Guidelines","We maintain content eligibility standards for the For You feed (FYF) that prioritize safety and are informed by the diversity of our community and cultural norms. We make ineligible for the FYF certain content that may not be appropriate for a broad audience related to: (1) Behavioral Health, (2) Sensitive and Mature Themes, (3) Integrity and Authenticity, and (4) Regulated Goods. Content that is ineligible for the FYF can still be discovered in other ways, such as through search tools or by following an account.We proactively enforce our Community Guidelines through a mix of technology and human moderation. We have detected this policy violation using automated measures. We have used automated measures in making this decision.",,STATEMENT_CATEGORY_SCOPE_OF_PLATFORM_SERVICE,,,,"[""CONTENT_TYPE_IMAGE""]",,,"2024-11-23 00:00:00","[""AT"",""BE"",""BG"",""CY"",""CZ"",""DE"",""DK"",""EE"",""ES"",""FI"",""FR"",""GR"",""HR"",""HU"",""IE"",""IT"",""LI"",""LT"",""LU"",""LV"",""MT"",""NL"",""NO"",""PL"",""PT"",""RO"",""SE"",""SI"",""SK""]","2024-11-23 00:00:00","The decision was taken pursuant to own-initiative investigations.",SOURCE_VOLUNTARY,,Yes,AUTOMATED_DECISION_FULLY,TikTok,7440291902118779680,"2024-11-23 02:12:42"
6c83a83a-00a6-46ad-b43b-f5e5ef099faf,"[""DECISION_VISIBILITY_CONTENT_REMOVED""]",,,,,,,,,,,DECISION_GROUND_INCOMPATIBLE_CONTENT,,,,"Harassment and Bullying","We welcome the respectful expression of different viewpoints, but not toxicity or trolling. We do not allow language or behavior that harasses, humiliates, threatens, or doxes anyone. This also includes responding to such acts with retaliatory harassment (but excludes non-harassing counterspeech).We proactively enforce our Community Guidelines through a mix of technology and human moderation. We have detected this policy violation using automated measures. We have used automated measures in making this decision.",,STATEMENT_CATEGORY_ILLEGAL_OR_HARMFUL_SPEECH,,,,"[""CONTENT_TYPE_TEXT""]",,,"2024-11-23 00:00:00","[""AT"",""BE"",""BG"",""CY"",""CZ"",""DE"",""DK"",""EE"",""ES"",""FI"",""FR"",""GR"",""HR"",""HU"",""IE"",""IT"",""LI"",""LT"",""LU"",""LV"",""MT"",""NL"",""NO"",""PL"",""PT"",""RO"",""SE"",""SI"",""SK""]","2024-11-23 00:00:00","The decision was taken pursuant to own-initiative investigations.",SOURCE_VOLUNTARY,,Yes,AUTOMATED_DECISION_FULLY,TikTok,7440291905390320416,"2024-11-23 02:12:42"
1bc3c5fe-82cd-4d28-8ccd-98cb31adadb6,"[""DECISION_VISIBILITY_CONTENT_REMOVED""]",,,,,,,,,,,DECISION_GROUND_INCOMPATIBLE_CONTENT,,,,"Sexual Exploitation and Gender-Based Violence","We are committed to providing a space that embraces gender equity, supports healthy relationships, and respects intimate privacy. We do not allow sexual exploitation or gender-based violence, including non-consensual sexual acts, image-based sexual abuse, sextortion, physical abuse, and sexual harassment.We proactively enforce our Community Guidelines through a mix of technology and human moderation. We have detected this policy violation using automated measures. We have used automated measures in making this decision.",,STATEMENT_CATEGORY_VIOLENCE,,,,"[""CONTENT_TYPE_TEXT""]",,,"2024-11-23 00:00:00","[""AT"",""BE"",""BG"",""CY"",""CZ"",""DE"",""DK"",""EE"",""ES"",""FI"",""FR"",""GR"",""HR"",""HU"",""IE"",""IT"",""LI"",""LT"",""LU"",""LV"",""MT"",""NL"",""NO"",""PL"",""PT"",""RO"",""SE"",""SI"",""SK""]","2024-11-23 00:00:00","The decision was taken pursuant to own-initiative investigations.",SOURCE_VOLUNTARY,,Yes,AUTOMATED_DECISION_FULLY,TikTok,7440291902118796064,"2024-11-23 02:12:42"
ddd5075a-3f37-4457-bb03-2a05f92af8a5,"[""DECISION_VISIBILITY_CONTENT_REMOVED""]",,,,,,,,,,,DECISION_GROUND_INCOMPATIBLE_CONTENT,,,,"Harassment and Bullying","We welcome the respectful expression of different viewpoints, but not toxicity or trolling. We do not allow language or behavior that harasses, humiliates, threatens, or doxes anyone. This also includes responding to such acts with retaliatory harassment (but excludes non-harassing counterspeech).We proactively enforce our Community Guidelines through a mix of technology and human moderation. We have detected this policy violation using automated measures. We have used automated measures in making this decision.",,STATEMENT_CATEGORY_ILLEGAL_OR_HARMFUL_SPEECH,,,,"[""CONTENT_TYPE_TEXT""]",,,"2024-11-23 00:00:00","[""AT"",""BE"",""BG"",""CY"",""CZ"",""DE"",""DK"",""EE"",""ES"",""FI"",""FR"",""GR"",""HR"",""HU"",""IE"",""IT"",""LI"",""LT"",""LU"",""LV"",""MT"",""NL"",""NO"",""PL"",""PT"",""RO"",""SE"",""SI"",""SK""]","2024-11-23 00:00:00","The decision was taken pursuant to own-initiative investigations.",SOURCE_VOLUNTARY,,Yes,AUTOMATED_DECISION_FULLY,TikTok,7440291905390336800,"2024-11-23 02:12:42"
9f355c9a-dda1-48c2-8da6-bdaad7c3b358,"[""DECISION_VISIBILITY_CONTENT_REMOVED""]",,,,,,,,,,,DECISION_GROUND_INCOMPATIBLE_CONTENT,,,,"Harassment and Bullying","We welcome the respectful expression of different viewpoints, but not toxicity or trolling. We do not allow language or behavior that harasses, humiliates, threatens, or doxes anyone. This also includes responding to such acts with retaliatory harassment (but excludes non-harassing counterspeech).We proactively enforce our Community Guidelines through a mix of technology and human moderation. We have detected this policy violation using automated measures. We have used automated measures in making this decision.",,STATEMENT_CATEGORY_ILLEGAL_OR_HARMFUL_SPEECH,,,,"[""CONTENT_TYPE_TEXT""]",,,"2024-11-23 00:00:00","[""AT"",""BE"",""BG"",""CY"",""CZ"",""DE"",""DK"",""EE"",""ES"",""FI"",""FR"",""GR"",""HR"",""HU"",""IE"",""IT"",""LI"",""LT"",""LU"",""LV"",""MT"",""NL"",""NO"",""PL"",""PT"",""RO"",""SE"",""SI"",""SK""]","2024-11-23 00:00:00","The decision was taken pursuant to own-initiative investigations.",SOURCE_VOLUNTARY,,Yes,AUTOMATED_DECISION_FULLY,TikTok,7440291902118828832,"2024-11-23 02:12:44"
83bb0cd7-fe16-479d-85ef-2dad1533c782,"[""DECISION_VISIBILITY_OTHER""]",CL4,"2024-11-23 00:00:00",,,,,,,,,DECISION_GROUND_INCOMPATIBLE_CONTENT,,,,"Contenu sexuellement suggestif","Ton LIVE n'est pas éligible aux recommandations et a été restreint dans les résultats de recherche, car ton contenu (LIVE) ne remplit pas les normes d'éligibilité au fil d'actualité Pour toi. Cette décision est conforme aux normes d'éligibilité du fil d'actualité Pour toi dans le cadre de nos Consignes communautaires. Motif : comportements sexuellement suggestifs",,STATEMENT_CATEGORY_SCOPE_OF_PLATFORM_SERVICE,,,,"[""CONTENT_TYPE_VIDEO""]",,,"2024-11-22 00:00:00","[""AT"",""BE"",""BG"",""CY"",""CZ"",""DE"",""DK"",""EE"",""ES"",""FI"",""FR"",""GR"",""HR"",""HU"",""IE"",""IS"",""IT"",""LI"",""LT"",""LU"",""LV"",""MT"",""NL"",""NO"",""PL"",""PT"",""RO"",""SE"",""SI"",""SK""]","2024-11-23 00:00:00","The decision was taken pursuant to own-initiative investigations",SOURCE_VOLUNTARY,,Yes,AUTOMATED_DECISION_NOT_AUTOMATED,TikTok,7440291905390353184,"2024-11-23 02:12:44"
9dfd3392-4c57-4cf3-b2ab-5a1350d39c9c,"[""DECISION_VISIBILITY_CONTENT_REMOVED""]",,,,,,,,,,,DECISION_GROUND_INCOMPATIBLE_CONTENT,,,,"Harassment and Bullying","We welcome the respectful expression of different viewpoints, but not toxicity or trolling. We do not allow language or behavior that harasses, humiliates, threatens, or doxes anyone. This also includes responding to such acts with retaliatory harassment (but excludes non-harassing counterspeech).We proactively enforce our Community Guidelines through a mix of technology and human moderation. We have detected this policy violation using automated measures. We have used automated measures in making this decision.",,STATEMENT_CATEGORY_ILLEGAL_OR_HARMFUL_SPEECH,,,,"[""CONTENT_TYPE_TEXT""]",,,"2024-11-23 00:00:00","[""AT"",""BE"",""BG"",""CY"",""CZ"",""DE"",""DK"",""EE"",""ES"",""FI"",""FR"",""GR"",""HR"",""HU"",""IE"",""IT"",""LI"",""LT"",""LU"",""LV"",""MT"",""NL"",""NO"",""PL"",""PT"",""RO"",""SE"",""SI"",""SK""]","2024-11-23 00:00:00","The decision was taken pursuant to own-initiative investigations.",SOURCE_VOLUNTARY,,Yes,AUTOMATED_DECISION_FULLY,TikTok,7440291902118845216,"2024-11-23 02:12:44"
e9d454bd-f16f-4e71-b936-063001db8678,"[""DECISION_VISIBILITY_CONTENT_AGE_RESTRICTED""]",,,,,,,,,,,DECISION_GROUND_INCOMPATIBLE_CONTENT,,,,"Alcohol, Tobacco, and Drugs","While adults make personal choices about how they engage with alcohol, drugs, and tobacco, we recognize that there are risks connected to trading and using these substances. Content is ineligible for the For You feed and harder to find in search if it shows adults consuming excessive amounts of alcohol or tobacco products.We proactively enforce our Community Guidelines through a mix of technology and human moderation. We have detected this policy violation using automated measures.",,STATEMENT_CATEGORY_SCOPE_OF_PLATFORM_SERVICE,,,,"[""CONTENT_TYPE_VIDEO""]",,,"2024-11-22 00:00:00","[""AT"",""BE"",""BG"",""CY"",""CZ"",""DE"",""DK"",""EE"",""ES"",""FI"",""FR"",""GR"",""HR"",""HU"",""IE"",""IT"",""LI"",""LT"",""LU"",""LV"",""MT"",""NL"",""NO"",""PL"",""PT"",""RO"",""SE"",""SI"",""SK""]","2024-11-23 00:00:00","The decision was taken pursuant to own-initiative investigations.",SOURCE_VOLUNTARY,,Yes,AUTOMATED_DECISION_NOT_AUTOMATED,TikTok,7440291914479328033,"2024-11-23 02:12:46"
695ba9f7-5fba-4c1a-9c25-629127c5368a,"[""DECISION_VISIBILITY_CONTENT_AGE_RESTRICTED""]",,,,,,,,,,,DECISION_GROUND_INCOMPATIBLE_CONTENT,,,,"Minimum Age Requirement","Users must be 13 years and older to have a TikTok account. We are deeply committed to ensuring that TikTok is a safe and positive experience for people under the age of 18. This starts by being old enough to use TikTok. If we learn someone is below the minimum age on TikTok, we will ban that account. Content created by anyone under 16 is ineligible for the For You feed and harder to find in search.We proactively enforce our Community Guidelines through a mix of technology and human moderation. We have detected this policy violation using automated measures.",,STATEMENT_CATEGORY_PROTECTION_OF_MINORS,,,,"[""CONTENT_TYPE_VIDEO""]",,,"2024-11-22 00:00:00","[""AT"",""BE"",""BG"",""CY"",""CZ"",""DE"",""DK"",""EE"",""ES"",""FI"",""FR"",""GR"",""HR"",""HU"",""IE"",""IT"",""LI"",""LT"",""LU"",""LV"",""MT"",""NL"",""NO"",""PL"",""PT"",""RO"",""SE"",""SI"",""SK""]","2024-11-23 00:00:00","The decision was taken pursuant to own-initiative investigations.",SOURCE_VOLUNTARY,,Yes,AUTOMATED_DECISION_NOT_AUTOMATED,TikTok,7440291914479344417,"2024-11-23 02:12:46"
b4c32825-5a6a-4571-8f5c-9990e196f275,"[""DECISION_VISIBILITY_CONTENT_REMOVED""]",,,,,,,,,,,DECISION_GROUND_INCOMPATIBLE_CONTENT,,,,"Sexual Exploitation and Gender-Based Violence","We are committed to providing a space that embraces gender equity, supports healthy relationships, and respects intimate privacy. We do not allow sexual exploitation or gender-based violence, including non-consensual sexual acts, image-based sexual abuse, sextortion, physical abuse, and sexual harassment.We proactively enforce our Community Guidelines through a mix of technology and human moderation. We have detected this policy violation using automated measures. We have used automated measures in making this decision.",,STATEMENT_CATEGORY_VIOLENCE,,,,"[""CONTENT_TYPE_TEXT""]",,,"2024-11-23 00:00:00","[""AT"",""BE"",""BG"",""CY"",""CZ"",""DE"",""DK"",""EE"",""ES"",""FI"",""FR"",""GR"",""HR"",""HU"",""IE"",""IT"",""LI"",""LT"",""LU"",""LV"",""MT"",""NL"",""NO"",""PL"",""PT"",""RO"",""SE"",""SI"",""SK""]","2024-11-23 00:00:00","The decision was taken pursuant to own-initiative investigations.",SOURCE_VOLUNTARY,,Yes,AUTOMATED_DECISION_FULLY,TikTok,7440291914479360801,"2024-11-23 02:12:46"
3550d153-0dec-4ad8-a280-b130b2a4edeb,"[""DECISION_VISIBILITY_CONTENT_REMOVED""]",,,,,,,,,,,DECISION_GROUND_INCOMPATIBLE_CONTENT,,,,"Harassment and Bullying","We welcome the respectful expression of different viewpoints, but not toxicity or trolling. We do not allow language or behavior that harasses, humiliates, threatens, or doxes anyone. This also includes responding to such acts with retaliatory harassment (but excludes non-harassing counterspeech).We proactively enforce our Community Guidelines through a mix of technology and human moderation. We have detected this policy violation using automated measures. We have used automated measures in making this decision.",,STATEMENT_CATEGORY_ILLEGAL_OR_HARMFUL_SPEECH,,,,"[""CONTENT_TYPE_TEXT""]",,,"2024-11-23 00:00:00","[""AT"",""BE"",""BG"",""CY"",""CZ"",""DE"",""DK"",""EE"",""ES"",""FI"",""FR"",""GR"",""HR"",""HU"",""IE"",""IT"",""LI"",""LT"",""LU"",""LV"",""MT"",""NL"",""NO"",""PL"",""PT"",""RO"",""SE"",""SI"",""SK""]","2024-11-23 00:00:00","The decision was taken pursuant to own-initiative investigations.",SOURCE_VOLUNTARY,,Yes,AUTOMATED_DECISION_FULLY,TikTok,7440291905390402336,"2024-11-23 02:12:46"
74a608c0-ece9-4090-b691-8dcee6a45e2a,,,,,,,,,DECISION_ACCOUNT_TERMINATED,,,DECISION_GROUND_INCOMPATIBLE_CONTENT,,,,"Advertising policy violation","Reasons why your account may have been suspended: - We received a report or complaint about your account from people on TikTok or other channels. - There are problems with your ad creative, or qualifications or services provided in your ads. - We suspected malicious behavior or intent during ad creation. - You made changes to your ad's landing page after launching the campaign.",,STATEMENT_CATEGORY_SCOPE_OF_PLATFORM_SERVICE,,,,"[""CONTENT_TYPE_OTHER""]","Account Suspended",,"2024-11-21 00:00:00","[""AT"",""BE"",""BG"",""CY"",""CZ"",""DE"",""DK"",""EE"",""ES"",""FI"",""FR"",""GR"",""HR"",""HU"",""IE"",""IT"",""LI"",""LT"",""LU"",""LV"",""MT"",""NL"",""NO"",""PL"",""PT"",""RO"",""SE"",""SI"",""SK""]","2024-11-23 00:00:00","The decision was taken pursuant to own-initiative investigations.",SOURCE_VOLUNTARY,,Yes,AUTOMATED_DECISION_FULLY,TikTok,7440291917193026337,"2024-11-23 02:12:46"
a4461c48-a66f-477e-a5df-4f7e0cda0d90,"[""DECISION_VISIBILITY_CONTENT_REMOVED""]",,,,,,,,,,,DECISION_GROUND_INCOMPATIBLE_CONTENT,,,,"Harassment and Bullying","We welcome the respectful expression of different viewpoints, but not toxicity or trolling. We do not allow language or behavior that harasses, humiliates, threatens, or doxes anyone. This also includes responding to such acts with retaliatory harassment (but excludes non-harassing counterspeech).We proactively enforce our Community Guidelines through a mix of technology and human moderation. We have detected this policy violation using automated measures. We have used automated measures in making this decision.",,STATEMENT_CATEGORY_ILLEGAL_OR_HARMFUL_SPEECH,,,,"[""CONTENT_TYPE_TEXT""]",,,"2024-11-23 00:00:00","[""AT"",""BE"",""BG"",""CY"",""CZ"",""DE"",""DK"",""EE"",""ES"",""FI"",""FR"",""GR"",""HR"",""HU"",""IE"",""IT"",""LI"",""LT"",""LU"",""LV"",""MT"",""NL"",""NO"",""PL"",""PT"",""RO"",""SE"",""SI"",""SK""]","2024-11-23 00:00:00","The decision was taken pursuant to own-initiative investigations.",SOURCE_VOLUNTARY,,Yes,AUTOMATED_DECISION_FULLY,TikTok,7440291914479377185,"2024-11-23 02:12:46"
c5b3ea83-5943-4dde-b8c2-dfe0acc83ab0,"[""DECISION_VISIBILITY_CONTENT_REMOVED""]",,,,,,,,,,,DECISION_GROUND_INCOMPATIBLE_CONTENT,,,,"Harassment and Bullying","We welcome the respectful expression of different viewpoints, but not toxicity or trolling. We do not allow language or behavior that harasses, humiliates, threatens, or doxes anyone. This also includes responding to such acts with retaliatory harassment (but excludes non-harassing counterspeech).We proactively enforce our Community Guidelines through a mix of technology and human moderation. We have detected this policy violation using automated measures. We have used automated measures in making this decision.",,STATEMENT_CATEGORY_ILLEGAL_OR_HARMFUL_SPEECH,,,,"[""CONTENT_TYPE_TEXT""]",,,"2024-11-23 00:00:00","[""AT"",""BE"",""BG"",""CY"",""CZ"",""DE"",""DK"",""EE"",""ES"",""FI"",""FR"",""GR"",""HR"",""HU"",""IE"",""IT"",""LI"",""LT"",""LU"",""LV"",""MT"",""NL"",""NO"",""PL"",""PT"",""RO"",""SE"",""SI"",""SK""]","2024-11-23 00:00:00","The decision was taken pursuant to own-initiative investigations.",SOURCE_VOLUNTARY,,Yes,AUTOMATED_DECISION_FULLY,TikTok,7440291917193042721,"2024-11-23 02:12:46"
39922c68-d277-42c7-ab38-e421a2ff85ce,"[""DECISION_VISIBILITY_OTHER""]","Video not eligible for recommendation in the For You feed",,,,,,,,,,DECISION_GROUND_INCOMPATIBLE_CONTENT,,,,"Dangerous Activities and Challenges","Most activities or challenges are appropriate for everyone, but some carry a risk of significant injury. Content is ineligible for the For You feed if it involves activities that are likely to lead to moderate physical harm, or includes professionals who are performing extreme sports and stunts that may endanger others.We proactively enforce our Community Guidelines through a mix of technology and human moderation. We have detected this policy violation using automated measures. We have used automated measures in making this decision.",,STATEMENT_CATEGORY_SCOPE_OF_PLATFORM_SERVICE,,,,"[""CONTENT_TYPE_VIDEO""]",,,"2024-11-23 00:00:00","[""AT"",""BE"",""BG"",""CY"",""CZ"",""DE"",""DK"",""EE"",""ES"",""FI"",""FR"",""GR"",""HR"",""HU"",""IE"",""IT"",""LI"",""LT"",""LU"",""LV"",""MT"",""NL"",""NO"",""PL"",""PT"",""RO"",""SE"",""SI"",""SK""]","2024-11-23 00:00:00","The decision was taken pursuant to own-initiative investigations.",SOURCE_VOLUNTARY,,Yes,AUTOMATED_DECISION_FULLY,TikTok,7440291914479393569,"2024-11-23 02:12:46"
f564aaf5-f481-4a10-a3a4-d713bcb751fc,"[""DECISION_VISIBILITY_OTHER""]","Video not eligible for recommendation in the For You feed",,,,,,,,,,DECISION_GROUND_INCOMPATIBLE_CONTENT,,,,"Community Guidelines","We maintain content eligibility standards for the For You feed (FYF) that prioritize safety and are informed by the diversity of our community and cultural norms. We make ineligible for the FYF certain content that may not be appropriate for a broad audience related to: (1) Behavioral Health, (2) Sensitive and Mature Themes, (3) Integrity and Authenticity, and (4) Regulated Goods. Content that is ineligible for the FYF can still be discovered in other ways, such as through search tools or by following an account.We proactively enforce our Community Guidelines through a mix of technology and human moderation. We have detected this policy violation using automated measures. We have used automated measures in making this decision.",,STATEMENT_CATEGORY_SCOPE_OF_PLATFORM_SERVICE,,,,"[""CONTENT_TYPE_VIDEO""]",,,"2024-11-23 00:00:00","[""AT"",""BE"",""BG"",""CY"",""CZ"",""DE"",""DK"",""EE"",""ES"",""FI"",""FR"",""GR"",""HR"",""HU"",""IE"",""IT"",""LI"",""LT"",""LU"",""LV"",""MT"",""NL"",""NO"",""PL"",""PT"",""RO"",""SE"",""SI"",""SK""]","2024-11-23 00:00:00","The decision was taken pursuant to own-initiative investigations.",SOURCE_VOLUNTARY,,Yes,AUTOMATED_DECISION_FULLY,TikTok,7440291914479409953,"2024-11-23 02:12:46"
de9d2087-ac95-4c3e-bef7-4d4de1e84923,"[""DECISION_VISIBILITY_OTHER""]","LIVE not eligible for recommendation and restricted in search results for 10 minutes","2024-11-23 00:00:00",,,,,,,,,DECISION_GROUND_INCOMPATIBLE_CONTENT,,,,"Content with low visual quality or static imagery","Your LIVE is not eligible for recommendation and restricted in search results for the next 10 minutes, because it may contain content with low visual quality or static imagery. This is in line with the For You feed eligibility standards under our Community Guidelines.",,STATEMENT_CATEGORY_SCOPE_OF_PLATFORM_SERVICE,,,,"[""CONTENT_TYPE_VIDEO""]",,,"2024-11-22 00:00:00","[""AT"",""BE"",""BG"",""CY"",""CZ"",""DE"",""DK"",""EE"",""ES"",""FI"",""FR"",""GR"",""HR"",""HU"",""IE"",""IS"",""IT"",""LI"",""LT"",""LU"",""LV"",""MT"",""NL"",""NO"",""PL"",""PT"",""RO"",""SE"",""SI"",""SK""]","2024-11-23 00:00:00","The decision was taken pursuant to own-initiative investigations",SOURCE_VOLUNTARY,,Yes,AUTOMATED_DECISION_FULLY,TikTok,7440291917193059105,"2024-11-23 02:12:46"
2c9be317-e6b0-4392-b0c4-9f1e7bd5f392,"[""DECISION_VISIBILITY_OTHER""]","LIVE not eligible for recommendation and restricted in search results for 10 minutes","2024-11-23 00:00:00",,,,,,,,,DECISION_GROUND_INCOMPATIBLE_CONTENT,,,,"Contenido de baja calidad visual o imágenes estáticas","Tu LIVE no se puede recomendar y su visibilidad se restringirá en los resultados de búsqueda durante los próximos 10 minutos porque podría incluir contenido de baja calidad visual o imágenes estáticas. Estas medidas se adoptaron de acuerdo con los estándares de aptitud del feed «Para ti» según las Normas de la comunidad.",,STATEMENT_CATEGORY_SCOPE_OF_PLATFORM_SERVICE,,,,"[""CONTENT_TYPE_VIDEO""]",,,"2024-11-22 00:00:00","[""AT"",""BE"",""BG"",""CY"",""CZ"",""DE"",""DK"",""EE"",""ES"",""FI"",""FR"",""GR"",""HR"",""HU"",""IE"",""IS"",""IT"",""LI"",""LT"",""LU"",""LV"",""MT"",""NL"",""NO"",""PL"",""PT"",""RO"",""SE"",""SI"",""SK""]","2024-11-23 00:00:00","The decision was taken pursuant to own-initiative investigations",SOURCE_VOLUNTARY,,Yes,AUTOMATED_DECISION_FULLY,TikTok,7440291917193075489,"2024-11-23 02:12:46"
af562b65-44b2-478e-95c7-0b8f1b3feb6c,"[""DECISION_VISIBILITY_OTHER""]","Photo not eligible for recommendation in the For You feed",,,,,,,,,,DECISION_GROUND_INCOMPATIBLE_CONTENT,,,,"Community Guidelines","Your content is against our Community Guidelines. The guidelines include rules and standards for using TikTok that apply to everyone and everything on our platform.",,STATEMENT_CATEGORY_NEGATIVE_EFFECTS_ON_CIVIC_DISCOURSE_OR_ELECTIONS,,,,"[""CONTENT_TYPE_IMAGE""]",,,"2024-11-23 00:00:00","[""AT"",""BE"",""BG"",""CY"",""CZ"",""DE"",""DK"",""EE"",""ES"",""FI"",""FR"",""GR"",""HR"",""HU"",""IE"",""IT"",""LI"",""LT"",""LU"",""LV"",""MT"",""NL"",""NO"",""PL"",""PT"",""RO"",""SE"",""SI"",""SK""]","2024-11-23 00:00:00","The decision was taken pursuant to own-initiative investigations.",SOURCE_VOLUNTARY,,Yes,AUTOMATED_DECISION_FULLY,TikTok,7440291917193091873,"2024-11-23 02:12:46"
f8bf2e57-2abd-4f54-8b35-fe5e883fba35,"[""DECISION_VISIBILITY_OTHER""]","Photo not eligible for recommendation in the For You feed",,,,,,,,,,DECISION_GROUND_INCOMPATIBLE_CONTENT,,,,"Dangerous Activities and Challenges","Most activities or challenges are appropriate for everyone, but some carry a risk of significant injury. Content is ineligible for the For You feed if it involves activities that are likely to lead to moderate physical harm, or includes professionals who are performing extreme sports and stunts that may endanger others.We proactively enforce our Community Guidelines through a mix of technology and human moderation. We have detected this policy violation using automated measures. We have used automated measures in making this decision.",,STATEMENT_CATEGORY_NEGATIVE_EFFECTS_ON_CIVIC_DISCOURSE_OR_ELECTIONS,,,,"[""CONTENT_TYPE_IMAGE""]",,,"2024-11-23 00:00:00","[""AT"",""BE"",""BG"",""CY"",""CZ"",""DE"",""DK"",""EE"",""ES"",""FI"",""FR"",""GR"",""HR"",""HU"",""IE"",""IT"",""LI"",""LT"",""LU"",""LV"",""MT"",""NL"",""NO"",""PL"",""PT"",""RO"",""SE"",""SI"",""SK""]","2024-11-23 00:00:00","The decision was taken pursuant to own-initiative investigations.",SOURCE_VOLUNTARY,,Yes,AUTOMATED_DECISION_FULLY,TikTok,7440291917193108257,"2024-11-23 02:12:46"
613b290a-66f3-42e3-85d5-823380683001,"[""DECISION_VISIBILITY_CONTENT_REMOVED""]",,,,,,,,,,,DECISION_GROUND_INCOMPATIBLE_CONTENT,,,,"Harassment and Bullying","We welcome the respectful expression of different viewpoints, but not toxicity or trolling. We do not allow language or behavior that harasses, humiliates, threatens, or doxes anyone. This also includes responding to such acts with retaliatory harassment (but excludes non-harassing counterspeech).We proactively enforce our Community Guidelines through a mix of technology and human moderation. We have detected this policy violation using automated measures. We have used automated measures in making this decision.",,STATEMENT_CATEGORY_ILLEGAL_OR_HARMFUL_SPEECH,,,,"[""CONTENT_TYPE_TEXT""]",,,"2024-11-23 00:00:00","[""AT"",""BE"",""BG"",""CY"",""CZ"",""DE"",""DK"",""EE"",""ES"",""FI"",""FR"",""GR"",""HR"",""HU"",""IE"",""IT"",""LI"",""LT"",""LU"",""LV"",""MT"",""NL"",""NO"",""PL"",""PT"",""RO"",""SE"",""SI"",""SK""]","2024-11-23 00:00:00","The decision was taken pursuant to own-initiative investigations.",SOURCE_VOLUNTARY,,Yes,AUTOMATED_DECISION_FULLY,TikTok,7440291914479459105,"2024-11-23 02:12:48"
918cdc75-21cb-4fda-9820-1b6a9054d54f,"[""DECISION_VISIBILITY_CONTENT_REMOVED""]",,,,,,,,,,,DECISION_GROUND_INCOMPATIBLE_CONTENT,,,,"Hate Speech and Hateful Behaviors","TikTok is enriched by the various backgrounds of our community members. Our differences should be respected, rather than a cause for division. We do not allow any hateful behavior, hate speech, or promotion of hateful ideologies. This includes content that attacks a person or group because of protected attributes.We proactively enforce our Community Guidelines through a mix of technology and human moderation. We have detected this policy violation using automated measures. We have used automated measures in making this decision.",,STATEMENT_CATEGORY_ILLEGAL_OR_HARMFUL_SPEECH,,,,"[""CONTENT_TYPE_TEXT""]",,,"2024-11-23 00:00:00","[""AT"",""BE"",""BG"",""CY"",""CZ"",""DE"",""DK"",""EE"",""ES"",""FI"",""FR"",""GR"",""HR"",""HU"",""IE"",""IT"",""LI"",""LT"",""LU"",""LV"",""MT"",""NL"",""NO"",""PL"",""PT"",""RO"",""SE"",""SI"",""SK""]","2024-11-23 00:00:00","The decision was taken pursuant to own-initiative investigations.",SOURCE_VOLUNTARY,,Yes,AUTOMATED_DECISION_FULLY,TikTok,7440291917193141025,"2024-11-23 02:12:48"
f6dc236a-6100-4140-9706-dd6891a77d75,"[""DECISION_VISIBILITY_CONTENT_REMOVED""]",,,,,,,,,,,DECISION_GROUND_INCOMPATIBLE_CONTENT,,,,"Hate Speech and Hateful Behaviors","TikTok is enriched by the various backgrounds of our community members. Our differences should be respected, rather than a cause for division. We do not allow any hateful behavior, hate speech, or promotion of hateful ideologies. This includes content that attacks a person or group because of protected attributes.We proactively enforce our Community Guidelines through a mix of technology and human moderation. We have detected this policy violation using automated measures. We have used automated measures in making this decision.",,STATEMENT_CATEGORY_ILLEGAL_OR_HARMFUL_SPEECH,,,,"[""CONTENT_TYPE_TEXT""]",,,"2024-11-23 00:00:00","[""AT"",""BE"",""BG"",""CY"",""CZ"",""DE"",""DK"",""EE"",""ES"",""FI"",""FR"",""GR"",""HR"",""HU"",""IE"",""IT"",""LI"",""LT"",""LU"",""LV"",""MT"",""NL"",""NO"",""PL"",""PT"",""RO"",""SE"",""SI"",""SK""]","2024-11-23 00:00:00","The decision was taken pursuant to own-initiative investigations.",SOURCE_VOLUNTARY,,Yes,AUTOMATED_DECISION_FULLY,TikTok,7440291920019987233,"2024-11-23 02:12:48"
6b50e1ae-a563-473b-b88f-181188050310,"[""DECISION_VISIBILITY_CONTENT_REMOVED""]",,,,,,,,,,,DECISION_GROUND_INCOMPATIBLE_CONTENT,,,,"Harassment and Bullying","We welcome the respectful expression of different viewpoints, but not toxicity or trolling. We do not allow language or behavior that harasses, humiliates, threatens, or doxes anyone. This also includes responding to such acts with retaliatory harassment (but excludes non-harassing counterspeech).We proactively enforce our Community Guidelines through a mix of technology and human moderation. We have detected this policy violation using automated measures. We have used automated measures in making this decision.",,STATEMENT_CATEGORY_ILLEGAL_OR_HARMFUL_SPEECH,,,,"[""CONTENT_TYPE_TEXT""]",,,"2024-11-23 00:00:00","[""AT"",""BE"",""BG"",""CY"",""CZ"",""DE"",""DK"",""EE"",""ES"",""FI"",""FR"",""GR"",""HR"",""HU"",""IE"",""IT"",""LI"",""LT"",""LU"",""LV"",""MT"",""NL"",""NO"",""PL"",""PT"",""RO"",""SE"",""SI"",""SK""]","2024-11-23 00:00:00","The decision was taken pursuant to own-initiative investigations.",SOURCE_VOLUNTARY,,Yes,AUTOMATED_DECISION_FULLY,TikTok,7440291917193157409,"2024-11-23 02:12:48"
7cbd41c1-6753-4fd1-80e9-2a13335ecfa6,,,,,,,DECISION_PROVISION_PARTIAL_SUSPENSION,"2024-11-30 00:00:00",,,,DECISION_GROUND_INCOMPATIBLE_CONTENT,,,,"Explotación sexual y violencia de género","Estamos comprometidos a proporcionar un espacio que fomente la igualdad de género, apoye las relaciones saludables y respete la intimidad y la privacidad. No permitimos la explotación sexual ni la violencia de género, incluidos los actos sexuales no consentidos, el abuso sexual basado en imágenes, la sextorsión, el abuso físico y el acoso sexual. Consulta las {CG_link} para obtener más información.",,STATEMENT_CATEGORY_VIOLENCE,,,,"[""CONTENT_TYPE_VIDEO""]",,,"2024-11-23 00:00:00","[""AT"",""BE"",""BG"",""CY"",""CZ"",""DE"",""DK"",""EE"",""ES"",""FI"",""FR"",""GR"",""HR"",""HU"",""IE"",""IS"",""IT"",""LI"",""LT"",""LU"",""LV"",""MT"",""NL"",""NO"",""PL"",""PT"",""RO"",""SE"",""SI"",""SK""]","2024-11-23 00:00:00","The decision was taken pursuant to own-initiative investigations",SOURCE_VOLUNTARY,,Yes,AUTOMATED_DECISION_NOT_AUTOMATED,TikTok,7440291920020003617,"2024-11-23 02:12:48"
08ed0c98-20ec-44a7-9b84-0ac805dc21a3,"[""DECISION_VISIBILITY_OTHER""]","Video not eligible for recommendation in the For You feed",,,,,,,,,,DECISION_GROUND_INCOMPATIBLE_CONTENT,,,,"Alcohol, Tobacco, and Drugs","While adults make personal choices about how they engage with alcohol, drugs, and tobacco, we recognize that there are risks connected to trading and using these substances. Content is ineligible for the For You feed and harder to find in search if it shows adults consuming excessive amounts of alcohol or tobacco products.We proactively enforce our Community Guidelines through a mix of technology and human moderation. We have detected this policy violation using automated measures. We have used automated measures in making this decision.",,STATEMENT_CATEGORY_SCOPE_OF_PLATFORM_SERVICE,,,,"[""CONTENT_TYPE_VIDEO""]",,,"2024-11-23 00:00:00","[""AT"",""BE"",""BG"",""CY"",""CZ"",""DE"",""DK"",""EE"",""ES"",""FI"",""FR"",""GR"",""HR"",""HU"",""IE"",""IT"",""LI"",""LT"",""LU"",""LV"",""MT"",""NL"",""NO"",""PL"",""PT"",""RO"",""SE"",""SI"",""SK""]","2024-11-23 00:00:00","The decision was taken pursuant to own-initiative investigations.",SOURCE_VOLUNTARY,,Yes,AUTOMATED_DECISION_FULLY,TikTok,7440291920020020001,"2024-11-23 02:12:48"
efcfa49e-8b73-455c-b404-b381c68246c7,"[""DECISION_VISIBILITY_OTHER""]","Photo not eligible for recommendation in the For You feed",,,,,,,,,,DECISION_GROUND_INCOMPATIBLE_CONTENT,,,,"Dangerous Activities and Challenges","Most activities or challenges are appropriate for everyone, but some carry a risk of significant injury. Content is ineligible for the For You feed if it involves activities that are likely to lead to moderate physical harm, or includes professionals who are performing extreme sports and stunts that may endanger others.We proactively enforce our Community Guidelines through a mix of technology and human moderation. We have detected this policy violation using automated measures. We have used automated measures in making this decision.",,STATEMENT_CATEGORY_NEGATIVE_EFFECTS_ON_CIVIC_DISCOURSE_OR_ELECTIONS,,,,"[""CONTENT_TYPE_IMAGE""]",,,"2024-11-23 00:00:00","[""AT"",""BE"",""BG"",""CY"",""CZ"",""DE"",""DK"",""EE"",""ES"",""FI"",""FR"",""GR"",""HR"",""HU"",""IE"",""IT"",""LI"",""LT"",""LU"",""LV"",""MT"",""NL"",""NO"",""PL"",""PT"",""RO"",""SE"",""SI"",""SK""]","2024-11-23 00:00:00","The decision was taken pursuant to own-initiative investigations.",SOURCE_VOLUNTARY,,Yes,AUTOMATED_DECISION_FULLY,TikTok,7440291917193173793,"2024-11-23 02:12:48"
36830bfd-45ef-45a5-9556-f055811756b2,"[""DECISION_VISIBILITY_OTHER""]","Video not eligible for recommendation in the For You feed",,,,,,,,,,DECISION_GROUND_INCOMPATIBLE_CONTENT,,,,"Alcohol, Tobacco, and Drugs","While adults make personal choices about how they engage with alcohol, drugs, and tobacco, we recognize that there are risks connected to trading and using these substances. Content is ineligible for the For You feed and harder to find in search if it shows adults consuming excessive amounts of alcohol or tobacco products.We proactively enforce our Community Guidelines through a mix of technology and human moderation. We have detected this policy violation using automated measures. We have used automated measures in making this decision.",,STATEMENT_CATEGORY_SCOPE_OF_PLATFORM_SERVICE,,,,"[""CONTENT_TYPE_VIDEO""]",,,"2024-11-23 00:00:00","[""AT"",""BE"",""BG"",""CY"",""CZ"",""DE"",""DK"",""EE"",""ES"",""FI"",""FR"",""GR"",""HR"",""HU"",""IE"",""IT"",""LI"",""LT"",""LU"",""LV"",""MT"",""NL"",""NO"",""PL"",""PT"",""RO"",""SE"",""SI"",""SK""]","2024-11-23 00:00:00","The decision was taken pursuant to own-initiative investigations.",SOURCE_VOLUNTARY,,Yes,AUTOMATED_DECISION_FULLY,TikTok,7440291922419129121,"2024-11-23 02:12:51"
cdad283f-8f7b-4471-8ac1-126d3703c560,"[""DECISION_VISIBILITY_CONTENT_REMOVED""]",,,,,,,,,,,DECISION_GROUND_INCOMPATIBLE_CONTENT,,,,"Hate Speech and Hateful Behaviors","TikTok is enriched by the various backgrounds of our community members. Our differences should be respected, rather than a cause for division. We do not allow any hateful behavior, hate speech, or promotion of hateful ideologies. This includes content that attacks a person or group because of protected attributes.We proactively enforce our Community Guidelines through a mix of technology and human moderation. We have detected this policy violation using automated measures. We have used automated measures in making this decision.",,STATEMENT_CATEGORY_ILLEGAL_OR_HARMFUL_SPEECH,,,,"[""CONTENT_TYPE_TEXT""]",,,"2024-11-23 00:00:00","[""AT"",""BE"",""BG"",""CY"",""CZ"",""DE"",""DK"",""EE"",""ES"",""FI"",""FR"",""GR"",""HR"",""HU"",""IE"",""IT"",""LI"",""LT"",""LU"",""LV"",""MT"",""NL"",""NO"",""PL"",""PT"",""RO"",""SE"",""SI"",""SK""]","2024-11-23 00:00:00","The decision was taken pursuant to own-initiative investigations.",SOURCE_VOLUNTARY,,Yes,AUTOMATED_DECISION_FULLY,TikTok,7440291922419145505,"2024-11-23 02:12:51"
c8b20794-dd4c-430f-bff9-6e958686e578,"[""DECISION_VISIBILITY_CONTENT_REMOVED""]",,,,,,,,,,,DECISION_GROUND_INCOMPATIBLE_CONTENT,,,,"Harassment and Bullying","We welcome the respectful expression of different viewpoints, but not toxicity or trolling. We do not allow language or behavior that harasses, humiliates, threatens, or doxes anyone. This also includes responding to such acts with retaliatory harassment (but excludes non-harassing counterspeech).We proactively enforce our Community Guidelines through a mix of technology and human moderation. We have detected this policy violation using automated measures. We have used automated measures in making this decision.",,STATEMENT_CATEGORY_ILLEGAL_OR_HARMFUL_SPEECH,,,,"[""CONTENT_TYPE_TEXT""]",,,"2024-11-23 00:00:00","[""AT"",""BE"",""BG"",""CY"",""CZ"",""DE"",""DK"",""EE"",""ES"",""FI"",""FR"",""GR"",""HR"",""HU"",""IE"",""IT"",""LI"",""LT"",""LU"",""LV"",""MT"",""NL"",""NO"",""PL"",""PT"",""RO"",""SE"",""SI"",""SK""]","2024-11-23 00:00:00","The decision was taken pursuant to own-initiative investigations.",SOURCE_VOLUNTARY,,Yes,AUTOMATED_DECISION_FULLY,TikTok,7440291922419161889,"2024-11-23 02:12:51"
f8a58a9a-2b49-4b52-8562-a363f906e0f6,"[""DECISION_VISIBILITY_OTHER""]","Photo not eligible for recommendation in the For You feed, and visibility restricted in search results",,,,,,,,,,DECISION_GROUND_INCOMPATIBLE_CONTENT,,,,"Community Guidelines","We maintain content eligibility standards for the For You feed (FYF) that prioritize safety and are informed by the diversity of our community and cultural norms. We make ineligible for the FYF certain content that may not be appropriate for a broad audience related to: (1) Behavioral Health, (2) Sensitive and Mature Themes, (3) Integrity and Authenticity, and (4) Regulated Goods. Content that is ineligible for the FYF can still be discovered in other ways, such as through search tools or by following an account.We proactively enforce our Community Guidelines through a mix of technology and human moderation. We have detected this policy violation using automated measures. We have used automated measures in making this decision.",,STATEMENT_CATEGORY_SCOPE_OF_PLATFORM_SERVICE,,,,"[""CONTENT_TYPE_IMAGE""]",,,"2024-11-23 00:00:00","[""AT"",""BE"",""BG"",""CY"",""CZ"",""DE"",""DK"",""EE"",""ES"",""FI"",""FR"",""GR"",""HR"",""HU"",""IE"",""IT"",""LI"",""LT"",""LU"",""LV"",""MT"",""NL"",""NO"",""PL"",""PT"",""RO"",""SE"",""SI"",""SK""]","2024-11-23 00:00:00","The decision was taken pursuant to own-initiative investigations.",SOURCE_VOLUNTARY,,Yes,AUTOMATED_DECISION_FULLY,TikTok,7440291922419178273,"2024-11-23 02:12:51"
a09c9c83-1767-4d4b-b072-8d8bc150726f,"[""DECISION_VISIBILITY_CONTENT_REMOVED""]",,,,,,,,,,,DECISION_GROUND_INCOMPATIBLE_CONTENT,,,,"Harassment and Bullying","We welcome the respectful expression of different viewpoints, but not toxicity or trolling. We do not allow language or behavior that harasses, humiliates, threatens, or doxes anyone. This also includes responding to such acts with retaliatory harassment (but excludes non-harassing counterspeech).We proactively enforce our Community Guidelines through a mix of technology and human moderation. We have detected this policy violation using automated measures. We have used automated measures in making this decision.",,STATEMENT_CATEGORY_ILLEGAL_OR_HARMFUL_SPEECH,,,,"[""CONTENT_TYPE_TEXT""]",,,"2024-11-23 00:00:00","[""AT"",""BE"",""BG"",""CY"",""CZ"",""DE"",""DK"",""EE"",""ES"",""FI"",""FR"",""GR"",""HR"",""HU"",""IE"",""IT"",""LI"",""LT"",""LU"",""LV"",""MT"",""NL"",""NO"",""PL"",""PT"",""RO"",""SE"",""SI"",""SK""]","2024-11-23 00:00:00","The decision was taken pursuant to own-initiative investigations.",SOURCE_VOLUNTARY,,Yes,AUTOMATED_DECISION_FULLY,TikTok,7440291922419194657,"2024-11-23 02:12:51"
99909260-1e47-4562-8202-2d4586a5c608,"[""DECISION_VISIBILITY_OTHER""]","Video not eligible for recommendation in the For You feed",,,,,,,,,,DECISION_GROUND_INCOMPATIBLE_CONTENT,,,,"Community Guidelines","We maintain content eligibility standards for the For You feed (FYF) that prioritize safety and are informed by the diversity of our community and cultural norms. We make ineligible for the FYF certain content that may not be appropriate for a broad audience related to: (1) Behavioral Health, (2) Sensitive and Mature Themes, (3) Integrity and Authenticity, and (4) Regulated Goods. Content that is ineligible for the FYF can still be discovered in other ways, such as through search tools or by following an account.We proactively enforce our Community Guidelines through a mix of technology and human moderation. We have detected this policy violation using automated measures. We have used automated measures in making this decision.",,STATEMENT_CATEGORY_SCOPE_OF_PLATFORM_SERVICE,,,,"[""CONTENT_TYPE_VIDEO""]",,,"2024-11-23 00:00:00","[""AT"",""BE"",""BG"",""CY"",""CZ"",""DE"",""DK"",""EE"",""ES"",""FI"",""FR"",""GR"",""HR"",""HU"",""IE"",""IT"",""LI"",""LT"",""LU"",""LV"",""MT"",""NL"",""NO"",""PL"",""PT"",""RO"",""SE"",""SI"",""SK""]","2024-11-23 00:00:00","The decision was taken pursuant to own-initiative investigations.",SOURCE_VOLUNTARY,,Yes,AUTOMATED_DECISION_FULLY,TikTok,7440291920020052769,"2024-11-23 02:12:51"
dbd1a422-9c33-4a4f-85f2-f5e58567f6a4,,,,,,,DECISION_PROVISION_PARTIAL_SUSPENSION,"2024-11-23 00:00:00",,,,DECISION_GROUND_INCOMPATIBLE_CONTENT,,,,"التفاعل المصطنع/الزائف","يتعارض هذا السلوك مع سياساتنا. تم حظر تقديم الهدايا مؤقتًا في بث LIVE هذا. السبب: التفاعل المصطنع/الزائف. اعرف المزيد في القواعد والإرشادات > إرشادات تحقيق الريح عبر بث LIVE",,STATEMENT_CATEGORY_SCOPE_OF_PLATFORM_SERVICE,,,,"[""CONTENT_TYPE_VIDEO""]",,,"2024-11-23 00:00:00","[""AT"",""BE"",""BG"",""CY"",""CZ"",""DE"",""DK"",""EE"",""ES"",""FI"",""FR"",""GR"",""HR"",""HU"",""IE"",""IS"",""IT"",""LI"",""LT"",""LU"",""LV"",""MT"",""NL"",""NO"",""PL"",""PT"",""RO"",""SE"",""SI"",""SK""]","2024-11-23 00:00:00","The decision was taken pursuant to own-initiative investigations",SOURCE_VOLUNTARY,,No,AUTOMATED_DECISION_NOT_AUTOMATED,TikTok,7440291922419211041,"2024-11-23 02:12:51"
f1028704-f5a8-4e84-b7a0-f1505e55b180,"[""DECISION_VISIBILITY_OTHER""]","Video not eligible for recommendation in the For You feed",,,,,,,,,,DECISION_GROUND_INCOMPATIBLE_CONTENT,,,,"Alcohol, Tobacco, and Drugs","While adults make personal choices about how they engage with alcohol, drugs, and tobacco, we recognize that there are risks connected to trading and using these substances. Content is ineligible for the For You feed and harder to find in search if it shows adults consuming excessive amounts of alcohol or tobacco products.We proactively enforce our Community Guidelines through a mix of technology and human moderation. We have detected this policy violation using automated measures. We have used automated measures in making this decision.",,STATEMENT_CATEGORY_SCOPE_OF_PLATFORM_SERVICE,,,,"[""CONTENT_TYPE_VIDEO""]",,,"2024-11-23 00:00:00","[""AT"",""BE"",""BG"",""CY"",""CZ"",""DE"",""DK"",""EE"",""ES"",""FI"",""FR"",""GR"",""HR"",""HU"",""IE"",""IT"",""LI"",""LT"",""LU"",""LV"",""MT"",""NL"",""NO"",""PL"",""PT"",""RO"",""SE"",""SI"",""SK""]","2024-11-23 00:00:00","The decision was taken pursuant to own-initiative investigations.",SOURCE_VOLUNTARY,,Yes,AUTOMATED_DECISION_FULLY,TikTok,7440291920020069153,"2024-11-23 02:12:51"
fccdcec4-018e-4fb0-88c0-5b4bce80b137,"[""DECISION_VISIBILITY_OTHER""]","Video not eligible for recommendation in the For You feed",,,,,,,,,,DECISION_GROUND_INCOMPATIBLE_CONTENT,,,,"Community Guidelines","We maintain content eligibility standards for the For You feed (FYF) that prioritize safety and are informed by the diversity of our community and cultural norms. We make ineligible for the FYF certain content that may not be appropriate for a broad audience related to: (1) Behavioral Health, (2) Sensitive and Mature Themes, (3) Integrity and Authenticity, and (4) Regulated Goods. Content that is ineligible for the FYF can still be discovered in other ways, such as through search tools or by following an account.We proactively enforce our Community Guidelines through a mix of technology and human moderation. We have detected this policy violation using automated measures. We have used automated measures in making this decision.",,STATEMENT_CATEGORY_SCOPE_OF_PLATFORM_SERVICE,,,,"[""CONTENT_TYPE_VIDEO""]",,,"2024-11-23 00:00:00","[""AT"",""BE"",""BG"",""CY"",""CZ"",""DE"",""DK"",""EE"",""ES"",""FI"",""FR"",""GR"",""HR"",""HU"",""IE"",""IT"",""LI"",""LT"",""LU"",""LV"",""MT"",""NL"",""NO"",""PL"",""PT"",""RO"",""SE"",""SI"",""SK""]","2024-11-23 00:00:00","The decision was taken pursuant to own-initiative investigations.",SOURCE_VOLUNTARY,,Yes,AUTOMATED_DECISION_FULLY,TikTok,7440291920020085537,"2024-11-23 02:12:51"
92bb5696-70af-4764-a40f-80c0ff0a0681,"[""DECISION_VISIBILITY_OTHER""]","Video not eligible for recommendation in the For You feed",,,,,,,,,,DECISION_GROUND_INCOMPATIBLE_CONTENT,,,,"Community Guidelines","We maintain content eligibility standards for the For You feed (FYF) that prioritize safety and are informed by the diversity of our community and cultural norms. We make ineligible for the FYF certain content that may not be appropriate for a broad audience related to: (1) Behavioral Health, (2) Sensitive and Mature Themes, (3) Integrity and Authenticity, and (4) Regulated Goods. Content that is ineligible for the FYF can still be discovered in other ways, such as through search tools or by following an account.We proactively enforce our Community Guidelines through a mix of technology and human moderation. We have detected this policy violation using automated measures. We have used automated measures in making this decision.",,STATEMENT_CATEGORY_SCOPE_OF_PLATFORM_SERVICE,,,,"[""CONTENT_TYPE_VIDEO""]",,,"2024-11-23 00:00:00","[""AT"",""BE"",""BG"",""CY"",""CZ"",""DE"",""DK"",""EE"",""ES"",""FI"",""FR"",""GR"",""HR"",""HU"",""IE"",""IT"",""LI"",""LT"",""LU"",""LV"",""MT"",""NL"",""NO"",""PL"",""PT"",""RO"",""SE"",""SI"",""SK""]","2024-11-23 00:00:00","The decision was taken pursuant to own-initiative investigations.",SOURCE_VOLUNTARY,,Yes,AUTOMATED_DECISION_FULLY,TikTok,7440291920020101921,"2024-11-23 02:12:51"
c2c936e7-e20f-4526-8031-80d6000329ae,"[""DECISION_VISIBILITY_CONTENT_REMOVED""]",,,,,,,,,,,DECISION_GROUND_INCOMPATIBLE_CONTENT,,,,"Sexually Suggestive Content","We welcome performances and dances where people can creatively express themselves, celebrate their culture, or seek to entertain. We are mindful that certain behaviors related to sexual arousal or suggestiveness may be offensive to some people and may put young people at risk of exploitation. We do not allow seductive performances or allusions to sexual activity by young people, or the use of sexually explicit narratives by anyone.We proactively enforce our Community Guidelines through a mix of technology and human moderation. We have detected this policy violation using automated measures. We have used automated measures in making this decision.",,STATEMENT_CATEGORY_SCOPE_OF_PLATFORM_SERVICE,,,,"[""CONTENT_TYPE_TEXT""]",,,"2024-11-23 00:00:00","[""AT"",""BE"",""BG"",""CY"",""CZ"",""DE"",""DK"",""EE"",""ES"",""FI"",""FR"",""GR"",""HR"",""HU"",""IE"",""IT"",""LI"",""LT"",""LU"",""LV"",""MT"",""NL"",""NO"",""PL"",""PT"",""RO"",""SE"",""SI"",""SK""]","2024-11-23 00:00:00","The decision was taken pursuant to own-initiative investigations.",SOURCE_VOLUNTARY,,Yes,AUTOMATED_DECISION_FULLY,TikTok,7440291746669452064,"2024-11-23 02:13:07"
0d0df92a-45b4-48d7-a735-6d04974483b7,"[""DECISION_VISIBILITY_CONTENT_REMOVED""]",,,,,,,,,,,DECISION_GROUND_INCOMPATIBLE_CONTENT,,,,"Harassment and Bullying","We welcome the respectful expression of different viewpoints, but not toxicity or trolling. We do not allow language or behavior that harasses, humiliates, threatens, or doxes anyone. This also includes responding to such acts with retaliatory harassment (but excludes non-harassing counterspeech).We proactively enforce our Community Guidelines through a mix of technology and human moderation. We have detected this policy violation using automated measures. We have used automated measures in making this decision.",,STATEMENT_CATEGORY_ILLEGAL_OR_HARMFUL_SPEECH,,,,"[""CONTENT_TYPE_TEXT""]",,,"2024-11-23 00:00:00","[""AT"",""BE"",""BG"",""CY"",""CZ"",""DE"",""DK"",""EE"",""ES"",""FI"",""FR"",""GR"",""HR"",""HU"",""IE"",""IT"",""LI"",""LT"",""LU"",""LV"",""MT"",""NL"",""NO"",""PL"",""PT"",""RO"",""SE"",""SI"",""SK""]","2024-11-23 00:00:00","The decision was taken pursuant to own-initiative investigations.",SOURCE_VOLUNTARY,,Yes,AUTOMATED_DECISION_FULLY,TikTok,7440291746669468448,"2024-11-23 02:13:07"
e94f8d10-b9a0-47f8-b246-75829ebb99dc,"[""DECISION_VISIBILITY_CONTENT_REMOVED""]",,,,,,,,,,,DECISION_GROUND_INCOMPATIBLE_CONTENT,,,,"Harassment and Bullying","We welcome the respectful expression of different viewpoints, but not toxicity or trolling. We do not allow language or behavior that harasses, humiliates, threatens, or doxes anyone. This also includes responding to such acts with retaliatory harassment (but excludes non-harassing counterspeech).We proactively enforce our Community Guidelines through a mix of technology and human moderation. We have detected this policy violation using automated measures. We have used automated measures in making this decision.",,STATEMENT_CATEGORY_ILLEGAL_OR_HARMFUL_SPEECH,,,,"[""CONTENT_TYPE_TEXT""]",,,"2024-11-23 00:00:00","[""AT"",""BE"",""BG"",""CY"",""CZ"",""DE"",""DK"",""EE"",""ES"",""FI"",""FR"",""GR"",""HR"",""HU"",""IE"",""IT"",""LI"",""LT"",""LU"",""LV"",""MT"",""NL"",""NO"",""PL"",""PT"",""RO"",""SE"",""SI"",""SK""]","2024-11-23 00:00:00","The decision was taken pursuant to own-initiative investigations.",SOURCE_VOLUNTARY,,Yes,AUTOMATED_DECISION_FULLY,TikTok,7440291747109837600,"2024-11-23 02:13:07"
04be450e-e639-41b1-a669-fb55ab11e957,,,,,,,DECISION_PROVISION_PARTIAL_SUSPENSION,"2024-11-30 00:00:00",,,,DECISION_GROUND_INCOMPATIBLE_CONTENT,,,,"Seksuelle aktiviteter og tjenester","TikTok er et sted der folk kan komme for å snakke og lære om seksualitet, sex og reproduktiv helse. Vi er klar over at noe innhold som handler om seksualitet, sex eller reproduktiv helse kanskje ikke er egnet for yngre personer, og kan anses som støtende av andre eller muliggjøre utnyttelse. Vi tillater ikke seksuelle aktiviteter eller tjenester, blant annet sex, seksuell opphisselse, fetisjer, kinky atferd, samt søk eller tilbud av seksuelle tjenester. Gå til {CG_link} for mer informasjon.",,STATEMENT_CATEGORY_PORNOGRAPHY_OR_SEXUALIZED_CONTENT,,,,"[""CONTENT_TYPE_VIDEO""]",,,"2024-11-22 00:00:00","[""AT"",""BE"",""BG"",""CY"",""CZ"",""DE"",""DK"",""EE"",""ES"",""FI"",""FR"",""GR"",""HR"",""HU"",""IE"",""IS"",""IT"",""LI"",""LT"",""LU"",""LV"",""MT"",""NL"",""NO"",""PL"",""PT"",""RO"",""SE"",""SI"",""SK""]","2024-11-23 00:00:00","The decision was taken pursuant to own-initiative investigations",SOURCE_VOLUNTARY,,Yes,AUTOMATED_DECISION_NOT_AUTOMATED,TikTok,7440291759294257953,"2024-11-23 02:13:07"
36271efc-c28b-4494-9358-92c6546d4356,"[""DECISION_VISIBILITY_OTHER""]","Video not eligible for recommendation in the For You feed",,,,,,,,,,DECISION_GROUND_INCOMPATIBLE_CONTENT,,,,"Community Guidelines","We maintain content eligibility standards for the For You feed (FYF) that prioritize safety and are informed by the diversity of our community and cultural norms. We make ineligible for the FYF certain content that may not be appropriate for a broad audience related to: (1) Behavioral Health, (2) Sensitive and Mature Themes, (3) Integrity and Authenticity, and (4) Regulated Goods. Content that is ineligible for the FYF can still be discovered in other ways, such as through search tools or by following an account.Users and 3rd-parties can report policy violations to us. We have detected this policy violation based on a report that the content violated our Community Guidelines. We have used automated measures to make the decision.",,STATEMENT_CATEGORY_SCOPE_OF_PLATFORM_SERVICE,,,,"[""CONTENT_TYPE_VIDEO""]",,,"2024-11-23 00:00:00","[""AT"",""BE"",""BG"",""CY"",""CZ"",""DE"",""DK"",""EE"",""ES"",""FI"",""FR"",""GR"",""HR"",""HU"",""IE"",""IT"",""LI"",""LT"",""LU"",""LV"",""MT"",""NL"",""NO"",""PL"",""PT"",""RO"",""SE"",""SI"",""SK""]","2024-11-23 00:00:00","The decision was taken in response to a report alleging a violation of our Community Guidelines.",SOURCE_VOLUNTARY,,No,AUTOMATED_DECISION_FULLY,TikTok,7440291751211981600,"2024-11-23 02:13:07"
0ec30047-4aa6-48d3-afad-cc12b426658a,"[""DECISION_VISIBILITY_CONTENT_REMOVED""]",,,,,,,,,,,DECISION_GROUND_INCOMPATIBLE_CONTENT,,,,"Nudity and Body Exposure","We celebrate all shapes and sizes and want people to feel comfortable in how they present themselves and their bodies. We do not allow nudity, including uncovered genitals and buttocks, as well as nipples and areolas of women and girls. Sheer and partially see-through clothing is not considered covered.We proactively enforce our Community Guidelines through a mix of technology and human moderation. We have detected this policy violation using automated measures. We have used automated measures in making this decision.",,STATEMENT_CATEGORY_SCOPE_OF_PLATFORM_SERVICE,,,,"[""CONTENT_TYPE_VIDEO""]",,,"2024-11-23 00:00:00","[""AT"",""BE"",""BG"",""CY"",""CZ"",""DE"",""DK"",""EE"",""ES"",""FI"",""FR"",""GR"",""HR"",""HU"",""IE"",""IT"",""LI"",""LT"",""LU"",""LV"",""MT"",""NL"",""NO"",""PL"",""PT"",""RO"",""SE"",""SI"",""SK""]","2024-11-23 00:00:00","The decision was taken pursuant to own-initiative investigations.",SOURCE_VOLUNTARY,,Yes,AUTOMATED_DECISION_FULLY,TikTok,7440291763140565792,"2024-11-23 02:13:07"
7ba0d7cb-e5e3-47aa-87a5-bfc8a1b2ec58,"[""DECISION_VISIBILITY_OTHER""]","Video not eligible for recommendation in the For You feed",,,,,,,,,,DECISION_GROUND_INCOMPATIBLE_CONTENT,,,,"Alcohol, Tobacco, and Drugs","While adults make personal choices about how they engage with alcohol, drugs, and tobacco, we recognize that there are risks connected to trading and using these substances. Content is ineligible for the For You feed and harder to find in search if it shows adults consuming excessive amounts of alcohol or tobacco products.We proactively enforce our Community Guidelines through a mix of technology and human moderation. We have detected this policy violation using automated measures. We have used automated measures in making this decision.",,STATEMENT_CATEGORY_SCOPE_OF_PLATFORM_SERVICE,,,,"[""CONTENT_TYPE_VIDEO""]",,,"2024-11-23 00:00:00","[""AT"",""BE"",""BG"",""CY"",""CZ"",""DE"",""DK"",""EE"",""ES"",""FI"",""FR"",""GR"",""HR"",""HU"",""IE"",""IT"",""LI"",""LT"",""LU"",""LV"",""MT"",""NL"",""NO"",""PL"",""PT"",""RO"",""SE"",""SI"",""SK""]","2024-11-23 00:00:00","The decision was taken pursuant to own-initiative investigations.",SOURCE_VOLUNTARY,,Yes,AUTOMATED_DECISION_FULLY,TikTok,7440291818811464480,"2024-11-23 02:13:07"
2b486ff3-2cc6-441b-9842-21ef03a04160,"[""DECISION_VISIBILITY_CONTENT_REMOVED""]",,,,,,,,,,,DECISION_GROUND_INCOMPATIBLE_CONTENT,,,,"Harassment and Bullying","We welcome the respectful expression of different viewpoints, but not toxicity or trolling. We do not allow language or behavior that harasses, humiliates, threatens, or doxes anyone. This also includes responding to such acts with retaliatory harassment (but excludes non-harassing counterspeech).We proactively enforce our Community Guidelines through a mix of technology and human moderation. We have detected this policy violation using automated measures. We have used automated measures in making this decision.",,STATEMENT_CATEGORY_ILLEGAL_OR_HARMFUL_SPEECH,,,,"[""CONTENT_TYPE_TEXT""]",,,"2024-11-23 00:00:00","[""AT"",""BE"",""BG"",""CY"",""CZ"",""DE"",""DK"",""EE"",""ES"",""FI"",""FR"",""GR"",""HR"",""HU"",""IE"",""IT"",""LI"",""LT"",""LU"",""LV"",""MT"",""NL"",""NO"",""PL"",""PT"",""RO"",""SE"",""SI"",""SK""]","2024-11-23 00:00:00","The decision was taken pursuant to own-initiative investigations.",SOURCE_VOLUNTARY,,Yes,AUTOMATED_DECISION_FULLY,TikTok,7440291820099099425,"2024-11-23 02:13:07"
3c35ab5e-4e08-48c3-aff3-811300a2745c,"[""DECISION_VISIBILITY_CONTENT_REMOVED""]",,,,,,,,,,,DECISION_GROUND_INCOMPATIBLE_CONTENT,,,,"Harassment and Bullying","We welcome the respectful expression of different viewpoints, but not toxicity or trolling. We do not allow language or behavior that harasses, humiliates, threatens, or doxes anyone. This also includes responding to such acts with retaliatory harassment (but excludes non-harassing counterspeech).We proactively enforce our Community Guidelines through a mix of technology and human moderation. We have detected this policy violation using automated measures. We have used automated measures in making this decision.",,STATEMENT_CATEGORY_ILLEGAL_OR_HARMFUL_SPEECH,,,,"[""CONTENT_TYPE_TEXT""]",,,"2024-11-23 00:00:00","[""AT"",""BE"",""BG"",""CY"",""CZ"",""DE"",""DK"",""EE"",""ES"",""FI"",""FR"",""GR"",""HR"",""HU"",""IE"",""IT"",""LI"",""LT"",""LU"",""LV"",""MT"",""NL"",""NO"",""PL"",""PT"",""RO"",""SE"",""SI"",""SK""]","2024-11-23 00:00:00","The decision was taken pursuant to own-initiative investigations.",SOURCE_VOLUNTARY,,Yes,AUTOMATED_DECISION_FULLY,TikTok,7440291820099115809,"2024-11-23 02:13:07"
217a30bf-fc60-46cf-bb0f-664c6beaf902,"[""DECISION_VISIBILITY_CONTENT_REMOVED""]",,,,,,,,,,,DECISION_GROUND_INCOMPATIBLE_CONTENT,,,,"Harassment and Bullying","We welcome the respectful expression of different viewpoints, but not toxicity or trolling. We do not allow language or behavior that harasses, humiliates, threatens, or doxes anyone. This also includes responding to such acts with retaliatory harassment (but excludes non-harassing counterspeech).We proactively enforce our Community Guidelines through a mix of technology and human moderation. We have detected this policy violation using automated measures. We have used automated measures in making this decision.",,STATEMENT_CATEGORY_ILLEGAL_OR_HARMFUL_SPEECH,,,,"[""CONTENT_TYPE_TEXT""]",,,"2024-11-23 00:00:00","[""AT"",""BE"",""BG"",""CY"",""CZ"",""DE"",""DK"",""EE"",""ES"",""FI"",""FR"",""GR"",""HR"",""HU"",""IE"",""IT"",""LI"",""LT"",""LU"",""LV"",""MT"",""NL"",""NO"",""PL"",""PT"",""RO"",""SE"",""SI"",""SK""]","2024-11-23 00:00:00","The decision was taken pursuant to own-initiative investigations.",SOURCE_VOLUNTARY,,Yes,AUTOMATED_DECISION_FULLY,TikTok,7440291821290265376,"2024-11-23 02:13:07"
d546ca6a-9b45-4378-8aa0-4482186f2cb9,"[""DECISION_VISIBILITY_CONTENT_REMOVED""]",,,,,,,,,,,DECISION_GROUND_INCOMPATIBLE_CONTENT,,,,"Hate Speech and Hateful Behaviors","TikTok is enriched by the various backgrounds of our community members. Our differences should be respected, rather than a cause for division. We do not allow any hateful behavior, hate speech, or promotion of hateful ideologies. This includes content that attacks a person or group because of protected attributes.We proactively enforce our Community Guidelines through a mix of technology and human moderation. We have detected this policy violation using automated measures. We have used automated measures in making this decision.",,STATEMENT_CATEGORY_ILLEGAL_OR_HARMFUL_SPEECH,,,,"[""CONTENT_TYPE_TEXT""]",,,"2024-11-23 00:00:00","[""AT"",""BE"",""BG"",""CY"",""CZ"",""DE"",""DK"",""EE"",""ES"",""FI"",""FR"",""GR"",""HR"",""HU"",""IE"",""IT"",""LI"",""LT"",""LU"",""LV"",""MT"",""NL"",""NO"",""PL"",""PT"",""RO"",""SE"",""SI"",""SK""]","2024-11-23 00:00:00","The decision was taken pursuant to own-initiative investigations.",SOURCE_VOLUNTARY,,Yes,AUTOMATED_DECISION_FULLY,TikTok,7440291821290281760,"2024-11-23 02:13:07"
491f6900-f729-4d2d-876f-581830cc86a7,"[""DECISION_VISIBILITY_CONTENT_REMOVED""]",,,,,,,,,,,DECISION_GROUND_INCOMPATIBLE_CONTENT,,,,"Harassment and Bullying","We welcome the respectful expression of different viewpoints, but not toxicity or trolling. We do not allow language or behavior that harasses, humiliates, threatens, or doxes anyone. This also includes responding to such acts with retaliatory harassment (but excludes non-harassing counterspeech).We proactively enforce our Community Guidelines through a mix of technology and human moderation. We have detected this policy violation using automated measures. We have used automated measures in making this decision.",,STATEMENT_CATEGORY_ILLEGAL_OR_HARMFUL_SPEECH,,,,"[""CONTENT_TYPE_TEXT""]",,,"2024-11-23 00:00:00","[""AT"",""BE"",""BG"",""CY"",""CZ"",""DE"",""DK"",""EE"",""ES"",""FI"",""FR"",""GR"",""HR"",""HU"",""IE"",""IT"",""LI"",""LT"",""LU"",""LV"",""MT"",""NL"",""NO"",""PL"",""PT"",""RO"",""SE"",""SI"",""SK""]","2024-11-23 00:00:00","The decision was taken pursuant to own-initiative investigations.",SOURCE_VOLUNTARY,,Yes,AUTOMATED_DECISION_FULLY,TikTok,7440291821290298144,"2024-11-23 02:13:07"
209acc3b-ed4c-4994-81f2-9824d78bcd4f,"[""DECISION_VISIBILITY_CONTENT_REMOVED""]",,,,,,,,,,,DECISION_GROUND_INCOMPATIBLE_CONTENT,,,,"Harassment and Bullying","We welcome the respectful expression of different viewpoints, but not toxicity or trolling. We do not allow language or behavior that harasses, humiliates, threatens, or doxes anyone. This also includes responding to such acts with retaliatory harassment (but excludes non-harassing counterspeech).We proactively enforce our Community Guidelines through a mix of technology and human moderation. We have detected this policy violation using automated measures. We have used automated measures in making this decision.",,STATEMENT_CATEGORY_ILLEGAL_OR_HARMFUL_SPEECH,,,,"[""CONTENT_TYPE_TEXT""]",,,"2024-11-23 00:00:00","[""AT"",""BE"",""BG"",""CY"",""CZ"",""DE"",""DK"",""EE"",""ES"",""FI"",""FR"",""GR"",""HR"",""HU"",""IE"",""IT"",""LI"",""LT"",""LU"",""LV"",""MT"",""NL"",""NO"",""PL"",""PT"",""RO"",""SE"",""SI"",""SK""]","2024-11-23 00:00:00","The decision was taken pursuant to own-initiative investigations.",SOURCE_VOLUNTARY,,Yes,AUTOMATED_DECISION_FULLY,TikTok,7440291820099132193,"2024-11-23 02:13:07"
ca7dec66-9f25-47ff-b3f7-406fc292ca63,"[""DECISION_VISIBILITY_OTHER""]","Video not eligible for recommendation in the For You feed",,,,,,,,,,DECISION_GROUND_INCOMPATIBLE_CONTENT,,,,"Alcohol, Tobacco, and Drugs","While adults make personal choices about how they engage with alcohol, drugs, and tobacco, we recognize that there are risks connected to trading and using these substances. Content is ineligible for the For You feed and harder to find in search if it shows adults consuming excessive amounts of alcohol or tobacco products.We proactively enforce our Community Guidelines through a mix of technology and human moderation. We have detected this policy violation using automated measures. We have used automated measures in making this decision.",,STATEMENT_CATEGORY_SCOPE_OF_PLATFORM_SERVICE,,,,"[""CONTENT_TYPE_VIDEO""]",,,"2024-11-23 00:00:00","[""AT"",""BE"",""BG"",""CY"",""CZ"",""DE"",""DK"",""EE"",""ES"",""FI"",""FR"",""GR"",""HR"",""HU"",""IE"",""IT"",""LI"",""LT"",""LU"",""LV"",""MT"",""NL"",""NO"",""PL"",""PT"",""RO"",""SE"",""SI"",""SK""]","2024-11-23 00:00:00","The decision was taken pursuant to own-initiative investigations.",SOURCE_VOLUNTARY,,Yes,AUTOMATED_DECISION_FULLY,TikTok,7440291820099148577,"2024-11-23 02:13:07"
9165e36c-9473-44b2-8aef-ac2972550d39,"[""DECISION_VISIBILITY_OTHER""]","Video not eligible for recommendation in the For You feed",,,,,,,,,,DECISION_GROUND_INCOMPATIBLE_CONTENT,,,,"Community Guidelines","We maintain content eligibility standards for the For You feed (FYF) that prioritize safety and are informed by the diversity of our community and cultural norms. We make ineligible for the FYF certain content that may not be appropriate for a broad audience related to: (1) Behavioral Health, (2) Sensitive and Mature Themes, (3) Integrity and Authenticity, and (4) Regulated Goods. Content that is ineligible for the FYF can still be discovered in other ways, such as through search tools or by following an account.We proactively enforce our Community Guidelines through a mix of technology and human moderation. We have detected this policy violation using automated measures. We have used automated measures in making this decision.",,STATEMENT_CATEGORY_SCOPE_OF_PLATFORM_SERVICE,,,,"[""CONTENT_TYPE_VIDEO""]",,,"2024-11-23 00:00:00","[""AT"",""BE"",""BG"",""CY"",""CZ"",""DE"",""DK"",""EE"",""ES"",""FI"",""FR"",""GR"",""HR"",""HU"",""IE"",""IT"",""LI"",""LT"",""LU"",""LV"",""MT"",""NL"",""NO"",""PL"",""PT"",""RO"",""SE"",""SI"",""SK""]","2024-11-23 00:00:00","The decision was taken pursuant to own-initiative investigations.",SOURCE_VOLUNTARY,,Yes,AUTOMATED_DECISION_FULLY,TikTok,7440291821290314528,"2024-11-23 02:13:07"
f4858fbc-a29d-4a6c-b7cf-147a4901df97,"[""DECISION_VISIBILITY_CONTENT_REMOVED""]",,,,,,,,,,,DECISION_GROUND_INCOMPATIBLE_CONTENT,,,,"Harassment and Bullying","We welcome the respectful expression of different viewpoints, but not toxicity or trolling. We do not allow language or behavior that harasses, humiliates, threatens, or doxes anyone. This also includes responding to such acts with retaliatory harassment (but excludes non-harassing counterspeech).We proactively enforce our Community Guidelines through a mix of technology and human moderation. We have detected this policy violation using automated measures. We have used automated measures in making this decision.",,STATEMENT_CATEGORY_ILLEGAL_OR_HARMFUL_SPEECH,,,,"[""CONTENT_TYPE_TEXT""]",,,"2024-11-23 00:00:00","[""AT"",""BE"",""BG"",""CY"",""CZ"",""DE"",""DK"",""EE"",""ES"",""FI"",""FR"",""GR"",""HR"",""HU"",""IE"",""IT"",""LI"",""LT"",""LU"",""LV"",""MT"",""NL"",""NO"",""PL"",""PT"",""RO"",""SE"",""SI"",""SK""]","2024-11-23 00:00:00","The decision was taken pursuant to own-initiative investigations.",SOURCE_VOLUNTARY,,Yes,AUTOMATED_DECISION_FULLY,TikTok,7440291827544021792,"2024-11-23 02:13:07"
63bdfcd4-70c6-4cb0-8c20-2ec231259176,"[""DECISION_VISIBILITY_CONTENT_REMOVED""]",,,,,,,,,,,DECISION_GROUND_INCOMPATIBLE_CONTENT,,,,"Harassment and Bullying","We welcome the respectful expression of different viewpoints, but not toxicity or trolling. We do not allow language or behavior that harasses, humiliates, threatens, or doxes anyone. This also includes responding to such acts with retaliatory harassment (but excludes non-harassing counterspeech).We proactively enforce our Community Guidelines through a mix of technology and human moderation. We have detected this policy violation using automated measures. We have used automated measures in making this decision.",,STATEMENT_CATEGORY_ILLEGAL_OR_HARMFUL_SPEECH,,,,"[""CONTENT_TYPE_TEXT""]",,,"2024-11-23 00:00:00","[""AT"",""BE"",""BG"",""CY"",""CZ"",""DE"",""DK"",""EE"",""ES"",""FI"",""FR"",""GR"",""HR"",""HU"",""IE"",""IT"",""LI"",""LT"",""LU"",""LV"",""MT"",""NL"",""NO"",""PL"",""PT"",""RO"",""SE"",""SI"",""SK""]","2024-11-23 00:00:00","The decision was taken pursuant to own-initiative investigations.",SOURCE_VOLUNTARY,,Yes,AUTOMATED_DECISION_FULLY,TikTok,7440291827544054560,"2024-11-23 02:13:07"
29feec1f-9253-47b2-a43a-8b66d1a24795,"[""DECISION_VISIBILITY_OTHER""]","Photo not eligible for recommendation in the For You feed",,,,,,,,,,DECISION_GROUND_INCOMPATIBLE_CONTENT,,,,"Dangerous Activities and Challenges","Most activities or challenges are appropriate for everyone, but some carry a risk of significant injury. Content is ineligible for the For You feed if it involves activities that are likely to lead to moderate physical harm, or includes professionals who are performing extreme sports and stunts that may endanger others.We proactively enforce our Community Guidelines through a mix of technology and human moderation. We have detected this policy violation using automated measures. We have used automated measures in making this decision.",,STATEMENT_CATEGORY_NEGATIVE_EFFECTS_ON_CIVIC_DISCOURSE_OR_ELECTIONS,,,,"[""CONTENT_TYPE_IMAGE""]",,,"2024-11-23 00:00:00","[""AT"",""BE"",""BG"",""CY"",""CZ"",""DE"",""DK"",""EE"",""ES"",""FI"",""FR"",""GR"",""HR"",""HU"",""IE"",""IT"",""LI"",""LT"",""LU"",""LV"",""MT"",""NL"",""NO"",""PL"",""PT"",""RO"",""SE"",""SI"",""SK""]","2024-11-23 00:00:00","The decision was taken pursuant to own-initiative investigations.",SOURCE_VOLUNTARY,,Yes,AUTOMATED_DECISION_FULLY,TikTok,7440291827544038176,"2024-11-23 02:13:07"
54a8cc2a-41a4-4112-987a-9814df589a27,"[""DECISION_VISIBILITY_OTHER""]","LIVE not eligible for recommendation and restricted in search results for 10 minutes","2024-11-23 00:00:00",,,,,,,,,DECISION_GROUND_INCOMPATIBLE_CONTENT,,,,"Contenido de baja calidad visual o imágenes estáticas","Tu LIVE no se puede recomendar y su visibilidad se restringirá en los resultados de búsqueda durante los próximos 10 minutos porque podría incluir contenido de baja calidad visual o imágenes estáticas. Estas medidas se adoptaron de acuerdo con los estándares de aptitud del feed «Para ti» según las Normas de la comunidad.",,STATEMENT_CATEGORY_SCOPE_OF_PLATFORM_SERVICE,,,,"[""CONTENT_TYPE_VIDEO""]",,,"2024-11-22 00:00:00","[""AT"",""BE"",""BG"",""CY"",""CZ"",""DE"",""DK"",""EE"",""ES"",""FI"",""FR"",""GR"",""HR"",""HU"",""IE"",""IS"",""IT"",""LI"",""LT"",""LU"",""LV"",""MT"",""NL"",""NO"",""PL"",""PT"",""RO"",""SE"",""SI"",""SK""]","2024-11-23 00:00:00","The decision was taken pursuant to own-initiative investigations",SOURCE_VOLUNTARY,,Yes,AUTOMATED_DECISION_FULLY,TikTok,7440291829129517856,"2024-11-23 02:13:07"
e1255682-a3ab-4df4-bfb2-91b66fbb97f8,"[""DECISION_VISIBILITY_CONTENT_REMOVED""]",,,,,,,,,,,DECISION_GROUND_INCOMPATIBLE_CONTENT,,,,"Sexual Exploitation and Gender-Based Violence","We are committed to providing a space that embraces gender equity, supports healthy relationships, and respects intimate privacy. We do not allow sexual exploitation or gender-based violence, including non-consensual sexual acts, image-based sexual abuse, sextortion, physical abuse, and sexual harassment.We proactively enforce our Community Guidelines through a mix of technology and human moderation. We have detected this policy violation using automated measures. We have used automated measures in making this decision.",,STATEMENT_CATEGORY_VIOLENCE,,,,"[""CONTENT_TYPE_TEXT""]",,,"2024-11-23 00:00:00","[""AT"",""BE"",""BG"",""CY"",""CZ"",""DE"",""DK"",""EE"",""ES"",""FI"",""FR"",""GR"",""HR"",""HU"",""IE"",""IT"",""LI"",""LT"",""LU"",""LV"",""MT"",""NL"",""NO"",""PL"",""PT"",""RO"",""SE"",""SI"",""SK""]","2024-11-23 00:00:00","The decision was taken pursuant to own-initiative investigations.",SOURCE_VOLUNTARY,,Yes,AUTOMATED_DECISION_FULLY,TikTok,7440291827544070944,"2024-11-23 02:13:07"
639a57de-a6ae-4374-a837-92fcba2f4b2d,"[""DECISION_VISIBILITY_CONTENT_REMOVED""]",,,,,,,,,,,DECISION_GROUND_INCOMPATIBLE_CONTENT,,,,"Dangerous Activities and Challenges","Most activities or challenges are appropriate for everyone, but some carry a risk of significant injury. We do not allow showing or promoting dangerous activities and challenges. This includes dares, games, tricks, inappropriate use of dangerous tools, eating substances that are harmful to one’s health, or similar activities that may lead to significant physical harm.We proactively enforce our Community Guidelines through a mix of technology and human moderation. We have detected this policy violation using automated measures. We have used automated measures in making this decision.",,STATEMENT_CATEGORY_SCOPE_OF_PLATFORM_SERVICE,,,,"[""CONTENT_TYPE_VIDEO""]",,,"2024-11-23 00:00:00","[""AT"",""BE"",""BG"",""CY"",""CZ"",""DE"",""DK"",""EE"",""ES"",""FI"",""FR"",""GR"",""HR"",""HU"",""IE"",""IT"",""LI"",""LT"",""LU"",""LV"",""MT"",""NL"",""NO"",""PL"",""PT"",""RO"",""SE"",""SI"",""SK""]","2024-11-23 00:00:00","The decision was taken pursuant to own-initiative investigations.",SOURCE_VOLUNTARY,,Yes,AUTOMATED_DECISION_FULLY,TikTok,7440291837111180065,"2024-11-23 02:13:07"
ba970742-cf88-420a-b785-44bc2800e2a9,"[""DECISION_VISIBILITY_CONTENT_REMOVED""]",,,,,,,,,,,DECISION_GROUND_INCOMPATIBLE_CONTENT,,,,"Harassment and Bullying","We welcome the respectful expression of different viewpoints, but not toxicity or trolling. We do not allow language or behavior that harasses, humiliates, threatens, or doxes anyone. This also includes responding to such acts with retaliatory harassment (but excludes non-harassing counterspeech).We proactively enforce our Community Guidelines through a mix of technology and human moderation. We have detected this policy violation using automated measures. We have used automated measures in making this decision.",,STATEMENT_CATEGORY_ILLEGAL_OR_HARMFUL_SPEECH,,,,"[""CONTENT_TYPE_TEXT""]",,,"2024-11-23 00:00:00","[""AT"",""BE"",""BG"",""CY"",""CZ"",""DE"",""DK"",""EE"",""ES"",""FI"",""FR"",""GR"",""HR"",""HU"",""IE"",""IT"",""LI"",""LT"",""LU"",""LV"",""MT"",""NL"",""NO"",""PL"",""PT"",""RO"",""SE"",""SI"",""SK""]","2024-11-23 00:00:00","The decision was taken pursuant to own-initiative investigations.",SOURCE_VOLUNTARY,,Yes,AUTOMATED_DECISION_FULLY,TikTok,7440291837757184801,"2024-11-23 02:13:07"
94de80ac-11b1-4c2d-a0b9-6085a2534c59,"[""DECISION_VISIBILITY_CONTENT_REMOVED""]",,,,,,,,,,,DECISION_GROUND_INCOMPATIBLE_CONTENT,,,,"Personal Information","We are committed to making sure that any personal information shared intentionally or accidentally on TikTok does not lead to harm. We do not allow content that includes personal information that may create a risk of stalking, violence, phishing, fraud, identity theft, or financial exploitation, including content that someone has posted themselves or that they consented to being shared by others.We proactively enforce our Community Guidelines through a mix of technology and human moderation. We have detected this policy violation using automated measures. We have used automated measures in making this decision.",,STATEMENT_CATEGORY_DATA_PROTECTION_AND_PRIVACY_VIOLATIONS,,,,"[""CONTENT_TYPE_TEXT""]",,,"2024-11-23 00:00:00","[""AT"",""BE"",""BG"",""CY"",""CZ"",""DE"",""DK"",""EE"",""ES"",""FI"",""FR"",""GR"",""HR"",""HU"",""IE"",""IT"",""LI"",""LT"",""LU"",""LV"",""MT"",""NL"",""NO"",""PL"",""PT"",""RO"",""SE"",""SI"",""SK""]","2024-11-23 00:00:00","The decision was taken pursuant to own-initiative investigations.",SOURCE_VOLUNTARY,,Yes,AUTOMATED_DECISION_FULLY,TikTok,7440291837111196449,"2024-11-23 02:13:07"
15d75f15-e0f5-44ed-bdc2-67f8c2d7696f,"[""DECISION_VISIBILITY_CONTENT_REMOVED""]",,,,,,,,,,,DECISION_GROUND_INCOMPATIBLE_CONTENT,,,,"Sexual Exploitation and Gender-Based Violence","We are committed to providing a space that embraces gender equity, supports healthy relationships, and respects intimate privacy. We do not allow sexual exploitation or gender-based violence, including non-consensual sexual acts, image-based sexual abuse, sextortion, physical abuse, and sexual harassment.We proactively enforce our Community Guidelines through a mix of technology and human moderation. We have detected this policy violation using automated measures. We have used automated measures in making this decision.",,STATEMENT_CATEGORY_VIOLENCE,,,,"[""CONTENT_TYPE_TEXT""]",,,"2024-11-23 00:00:00","[""AT"",""BE"",""BG"",""CY"",""CZ"",""DE"",""DK"",""EE"",""ES"",""FI"",""FR"",""GR"",""HR"",""HU"",""IE"",""IT"",""LI"",""LT"",""LU"",""LV"",""MT"",""NL"",""NO"",""PL"",""PT"",""RO"",""SE"",""SI"",""SK""]","2024-11-23 00:00:00","The decision was taken pursuant to own-initiative investigations.",SOURCE_VOLUNTARY,,Yes,AUTOMATED_DECISION_FULLY,TikTok,7440291837111212833,"2024-11-23 02:13:07"
2cc6e10e-59e0-4ed2-ace9-c1faf938e13e,"[""DECISION_VISIBILITY_CONTENT_REMOVED""]",,,,,,,,,,,DECISION_GROUND_INCOMPATIBLE_CONTENT,,,,"Hate Speech and Hateful Behaviors","TikTok is enriched by the various backgrounds of our community members. Our differences should be respected, rather than a cause for division. We do not allow any hateful behavior, hate speech, or promotion of hateful ideologies. This includes content that attacks a person or group because of protected attributes.We proactively enforce our Community Guidelines through a mix of technology and human moderation. We have detected this policy violation using automated measures. We have used automated measures in making this decision.",,STATEMENT_CATEGORY_ILLEGAL_OR_HARMFUL_SPEECH,,,,"[""CONTENT_TYPE_TEXT""]",,,"2024-11-23 00:00:00","[""AT"",""BE"",""BG"",""CY"",""CZ"",""DE"",""DK"",""EE"",""ES"",""FI"",""FR"",""GR"",""HR"",""HU"",""IE"",""IT"",""LI"",""LT"",""LU"",""LV"",""MT"",""NL"",""NO"",""PL"",""PT"",""RO"",""SE"",""SI"",""SK""]","2024-11-23 00:00:00","The decision was taken pursuant to own-initiative investigations.",SOURCE_VOLUNTARY,,Yes,AUTOMATED_DECISION_FULLY,TikTok,7440291837111229217,"2024-11-23 02:13:07"
e73293ba-2274-41ff-b952-8fb1dab09577,"[""DECISION_VISIBILITY_CONTENT_REMOVED""]",,,,,,,,,,,DECISION_GROUND_INCOMPATIBLE_CONTENT,,,,"Spam and Deceptive Account Behaviors","To build a trusted community online, it is important that the behaviors and identities of accounts are authentic and truthful. We do not allow account behaviors that may spam or mislead our community. We will restrict the visibility of comments that contain excessive or irrelevant spam content. We proactively enforce our Community Guidelines through a mix of technology and human moderation. We have detected this policy violation using automated measures. We have used automated measures in making this decision.",,STATEMENT_CATEGORY_SCAMS_AND_FRAUD,,,,"[""CONTENT_TYPE_TEXT""]",,,"2024-11-23 00:00:00","[""AT"",""BE"",""BG"",""CY"",""CZ"",""DE"",""DK"",""EE"",""ES"",""FI"",""FR"",""GR"",""HR"",""HU"",""IE"",""IT"",""LI"",""LT"",""LU"",""LV"",""MT"",""NL"",""NO"",""PL"",""PT"",""RO"",""SE"",""SI"",""SK""]","2024-11-23 00:00:00","The decision was taken pursuant to own-initiative investigations.",SOURCE_VOLUNTARY,,Yes,AUTOMATED_DECISION_FULLY,TikTok,7440291837757201185,"2024-11-23 02:13:07"
1c3dc1fb-3539-4bda-b807-3e14f229fab1,"[""DECISION_VISIBILITY_OTHER""]","Photo not eligible for recommendation in the For You feed, and visibility restricted in search results",,,,,,,,,,DECISION_GROUND_INCOMPATIBLE_CONTENT,,,,"Civic and Election Integrity","We want to enable the informed exchange of civic ideas in a way that fosters productive dialogue. Your video didn’t meet our eligibility standards for the For You Feed. Please review our Community Guidelines for more information.We proactively enforce our Community Guidelines through a mix of technology and human moderation. We have detected this policy violation using automated measures. We have used automated measures in making this decision.",,STATEMENT_CATEGORY_NEGATIVE_EFFECTS_ON_CIVIC_DISCOURSE_OR_ELECTIONS,,,,"[""CONTENT_TYPE_IMAGE""]",,,"2024-11-23 00:00:00","[""AT"",""BE"",""BG"",""CY"",""CZ"",""DE"",""DK"",""EE"",""ES"",""FI"",""FR"",""GR"",""HR"",""HU"",""IE"",""IT"",""LI"",""LT"",""LU"",""LV"",""MT"",""NL"",""NO"",""PL"",""PT"",""RO"",""SE"",""SI"",""SK""]","2024-11-23 00:00:00","The decision was taken pursuant to own-initiative investigations.",SOURCE_VOLUNTARY,,Yes,AUTOMATED_DECISION_FULLY,TikTok,7440291837111245601,"2024-11-23 02:13:07"
b5decbee-b2e6-459e-9533-a4767a06baec,"[""DECISION_VISIBILITY_CONTENT_REMOVED""]",,,,,,,,,,,DECISION_GROUND_INCOMPATIBLE_CONTENT,,,,"Hate Speech and Hateful Behaviors","TikTok is enriched by the various backgrounds of our community members. Our differences should be respected, rather than a cause for division. We do not allow any hateful behavior, hate speech, or promotion of hateful ideologies. This includes content that attacks a person or group because of protected attributes.We proactively enforce our Community Guidelines through a mix of technology and human moderation. We have detected this policy violation using automated measures. We have used automated measures in making this decision.",,STATEMENT_CATEGORY_ILLEGAL_OR_HARMFUL_SPEECH,,,,"[""CONTENT_TYPE_TEXT""]",,,"2024-11-23 00:00:00","[""AT"",""BE"",""BG"",""CY"",""CZ"",""DE"",""DK"",""EE"",""ES"",""FI"",""FR"",""GR"",""HR"",""HU"",""IE"",""IT"",""LI"",""LT"",""LU"",""LV"",""MT"",""NL"",""NO"",""PL"",""PT"",""RO"",""SE"",""SI"",""SK""]","2024-11-23 00:00:00","The decision was taken pursuant to own-initiative investigations.",SOURCE_VOLUNTARY,,Yes,AUTOMATED_DECISION_FULLY,TikTok,7440291837757217569,"2024-11-23 02:13:07"
fdd13e06-2e02-4316-b05a-c04671f261a3,"[""DECISION_VISIBILITY_CONTENT_REMOVED""]",,,,,,,,,,,DECISION_GROUND_INCOMPATIBLE_CONTENT,,,,"Harassment and Bullying","We welcome the respectful expression of different viewpoints, but not toxicity or trolling. We do not allow language or behavior that harasses, humiliates, threatens, or doxes anyone. This also includes responding to such acts with retaliatory harassment (but excludes non-harassing counterspeech).We proactively enforce our Community Guidelines through a mix of technology and human moderation. We have detected this policy violation using automated measures. We have used automated measures in making this decision.",,STATEMENT_CATEGORY_ILLEGAL_OR_HARMFUL_SPEECH,,,,"[""CONTENT_TYPE_TEXT""]",,,"2024-11-23 00:00:00","[""AT"",""BE"",""BG"",""CY"",""CZ"",""DE"",""DK"",""EE"",""ES"",""FI"",""FR"",""GR"",""HR"",""HU"",""IE"",""IT"",""LI"",""LT"",""LU"",""LV"",""MT"",""NL"",""NO"",""PL"",""PT"",""RO"",""SE"",""SI"",""SK""]","2024-11-23 00:00:00","The decision was taken pursuant to own-initiative investigations.",SOURCE_VOLUNTARY,,Yes,AUTOMATED_DECISION_FULLY,TikTok,7440291837111261985,"2024-11-23 02:13:07"
fc0ff69e-6994-492e-ab5a-d1277b76787d,,,,,,,DECISION_PROVISION_PARTIAL_SUSPENSION,"2024-11-30 00:00:00",,,,DECISION_GROUND_INCOMPATIBLE_CONTENT,,,,"Actos y servicios sexuales","TikTok es un lugar donde las personas pueden debatir o aprender sobre la sexualidad, el sexo o la salud reproductiva. Somos conscientes de que cierto contenido relacionado con la sexualidad, el sexo o la salud reproductiva puede ser poco apropiado para la juventud, considerarse ofensivo por parte de algunas personas o crear un riesgo de explotación. No permitimos actividades ni servicios sexuales, incluido el sexo, la excitación sexual, el comportamiento fetichista y perverso, ni la búsqueda u oferta de servicios sexuales. Consulta las {CG_link} para obtener más información.",,STATEMENT_CATEGORY_PORNOGRAPHY_OR_SEXUALIZED_CONTENT,,,,"[""CONTENT_TYPE_VIDEO""]",,,"2024-11-23 00:00:00","[""AT"",""BE"",""BG"",""CY"",""CZ"",""DE"",""DK"",""EE"",""ES"",""FI"",""FR"",""GR"",""HR"",""HU"",""IE"",""IS"",""IT"",""LI"",""LT"",""LU"",""LV"",""MT"",""NL"",""NO"",""PL"",""PT"",""RO"",""SE"",""SI"",""SK""]","2024-11-23 00:00:00","The decision was taken pursuant to own-initiative investigations",SOURCE_VOLUNTARY,,Yes,AUTOMATED_DECISION_NOT_AUTOMATED,TikTok,7440291847311874848,"2024-11-23 02:13:07"
53077b4e-5ad1-4d63-b015-552273604352,,,,,,,,,DECISION_ACCOUNT_TERMINATED,,,DECISION_GROUND_INCOMPATIBLE_CONTENT,,,,"Advertising policy violation","Reasons why your account may have been suspended: - We received a report or complaint about your account from people on TikTok or other channels. - There are problems with your ad creative, or qualifications or services provided in your ads. - We suspected malicious behavior or intent during ad creation. - You made changes to your ad's landing page after launching the campaign.",,STATEMENT_CATEGORY_SCOPE_OF_PLATFORM_SERVICE,,,,"[""CONTENT_TYPE_OTHER""]","Account Suspended",,"2024-11-22 00:00:00","[""AT"",""BE"",""BG"",""CY"",""CZ"",""DE"",""DK"",""EE"",""ES"",""FI"",""FR"",""GR"",""HR"",""HU"",""IE"",""IT"",""LI"",""LT"",""LU"",""LV"",""MT"",""NL"",""NO"",""PL"",""PT"",""RO"",""SE"",""SI"",""SK""]","2024-11-23 00:00:00","The decision was taken pursuant to own-initiative investigations.",SOURCE_VOLUNTARY,,Yes,AUTOMATED_DECISION_FULLY,TikTok,7440291857499691809,"2024-11-23 02:13:07"
1cc89bee-a4c0-4ff5-8271-ff430b8f4820,"[""DECISION_VISIBILITY_CONTENT_REMOVED""]",,,,,,,,,,,DECISION_GROUND_INCOMPATIBLE_CONTENT,,,,"Harassment and Bullying","We welcome the respectful expression of different viewpoints, but not toxicity or trolling. We do not allow language or behavior that harasses, humiliates, threatens, or doxes anyone. This also includes responding to such acts with retaliatory harassment (but excludes non-harassing counterspeech).We proactively enforce our Community Guidelines through a mix of technology and human moderation. We have detected this policy violation using automated measures. We have used automated measures in making this decision.",,STATEMENT_CATEGORY_ILLEGAL_OR_HARMFUL_SPEECH,,,,"[""CONTENT_TYPE_TEXT""]",,,"2024-11-23 00:00:00","[""AT"",""BE"",""BG"",""CY"",""CZ"",""DE"",""DK"",""EE"",""ES"",""FI"",""FR"",""GR"",""HR"",""HU"",""IE"",""IT"",""LI"",""LT"",""LU"",""LV"",""MT"",""NL"",""NO"",""PL"",""PT"",""RO"",""SE"",""SI"",""SK""]","2024-11-23 00:00:00","The decision was taken pursuant to own-initiative investigations.",SOURCE_VOLUNTARY,,Yes,AUTOMATED_DECISION_FULLY,TikTok,7440291847987075872,"2024-11-23 02:13:07"
8044cce9-c3e2-48b2-a2b3-f9122067fa88,"[""DECISION_VISIBILITY_CONTENT_REMOVED""]",,,,,,,,,,,DECISION_GROUND_INCOMPATIBLE_CONTENT,,,,"Nudity and Body Exposure","We celebrate all shapes and sizes and want people to feel comfortable in how they present themselves and their bodies. We do not allow nudity, including uncovered genitals and buttocks, as well as nipples and areolas of women and girls. Sheer and partially see-through clothing is not considered covered.We proactively enforce our Community Guidelines through a mix of technology and human moderation. We have detected this policy violation using automated measures. We have used automated measures in making this decision.",,STATEMENT_CATEGORY_SCOPE_OF_PLATFORM_SERVICE,,,,"[""CONTENT_TYPE_VIDEO""]",,,"2024-11-23 00:00:00","[""AT"",""BE"",""BG"",""CY"",""CZ"",""DE"",""DK"",""EE"",""ES"",""FI"",""FR"",""GR"",""HR"",""HU"",""IE"",""IT"",""LI"",""LT"",""LU"",""LV"",""MT"",""NL"",""NO"",""PL"",""PT"",""RO"",""SE"",""SI"",""SK""]","2024-11-23 00:00:00","The decision was taken pursuant to own-initiative investigations.",SOURCE_VOLUNTARY,,Yes,AUTOMATED_DECISION_FULLY,TikTok,7440291847987092256,"2024-11-23 02:13:07"
dae4253a-4b81-48a5-ba93-7067b94b6b7a,"[""DECISION_VISIBILITY_OTHER""]","Video not eligible for recommendation in the For You feed",,,,,,,,,,DECISION_GROUND_INCOMPATIBLE_CONTENT,,,,"Community Guidelines","We maintain content eligibility standards for the For You feed (FYF) that prioritize safety and are informed by the diversity of our community and cultural norms. We make ineligible for the FYF certain content that may not be appropriate for a broad audience related to: (1) Behavioral Health, (2) Sensitive and Mature Themes, (3) Integrity and Authenticity, and (4) Regulated Goods. Content that is ineligible for the FYF can still be discovered in other ways, such as through search tools or by following an account.We proactively enforce our Community Guidelines through a mix of technology and human moderation. We have detected this policy violation using automated measures. We have used automated measures in making this decision.",,STATEMENT_CATEGORY_SCOPE_OF_PLATFORM_SERVICE,,,,"[""CONTENT_TYPE_VIDEO""]",,,"2024-11-23 00:00:00","[""AT"",""BE"",""BG"",""CY"",""CZ"",""DE"",""DK"",""EE"",""ES"",""FI"",""FR"",""GR"",""HR"",""HU"",""IE"",""IT"",""LI"",""LT"",""LU"",""LV"",""MT"",""NL"",""NO"",""PL"",""PT"",""RO"",""SE"",""SI"",""SK""]","2024-11-23 00:00:00","The decision was taken pursuant to own-initiative investigations.",SOURCE_VOLUNTARY,,Yes,AUTOMATED_DECISION_FULLY,TikTok,7440291857499708193,"2024-11-23 02:13:07"
1b540fba-49ba-42b9-ac99-ac28a7a3a1a4,"[""DECISION_VISIBILITY_CONTENT_REMOVED""]",,,,,,,,,,,DECISION_GROUND_INCOMPATIBLE_CONTENT,,,,"Harassment and Bullying","We welcome the respectful expression of different viewpoints, but not toxicity or trolling. We do not allow language or behavior that harasses, humiliates, threatens, or doxes anyone. This also includes responding to such acts with retaliatory harassment (but excludes non-harassing counterspeech).We proactively enforce our Community Guidelines through a mix of technology and human moderation. We have detected this policy violation using automated measures. We have used automated measures in making this decision.",,STATEMENT_CATEGORY_ILLEGAL_OR_HARMFUL_SPEECH,,,,"[""CONTENT_TYPE_TEXT""]",,,"2024-11-23 00:00:00","[""AT"",""BE"",""BG"",""CY"",""CZ"",""DE"",""DK"",""EE"",""ES"",""FI"",""FR"",""GR"",""HR"",""HU"",""IE"",""IT"",""LI"",""LT"",""LU"",""LV"",""MT"",""NL"",""NO"",""PL"",""PT"",""RO"",""SE"",""SI"",""SK""]","2024-11-23 00:00:00","The decision was taken pursuant to own-initiative investigations.",SOURCE_VOLUNTARY,,Yes,AUTOMATED_DECISION_FULLY,TikTok,7440291857499790113,"2024-11-23 02:13:07"
e35d4419-db0c-4731-b829-43f99acca878,"[""DECISION_VISIBILITY_CONTENT_REMOVED""]",,,,,,,,,,,DECISION_GROUND_INCOMPATIBLE_CONTENT,,,,"Hate Speech and Hateful Behaviors","TikTok is enriched by the various backgrounds of our community members. Our differences should be respected, rather than a cause for division. We do not allow any hateful behavior, hate speech, or promotion of hateful ideologies. This includes content that attacks a person or group because of protected attributes.We proactively enforce our Community Guidelines through a mix of technology and human moderation. We have detected this policy violation using automated measures. We have used automated measures in making this decision.",,STATEMENT_CATEGORY_ILLEGAL_OR_HARMFUL_SPEECH,,,,"[""CONTENT_TYPE_TEXT""]",,,"2024-11-23 00:00:00","[""AT"",""BE"",""BG"",""CY"",""CZ"",""DE"",""DK"",""EE"",""ES"",""FI"",""FR"",""GR"",""HR"",""HU"",""IE"",""IT"",""LI"",""LT"",""LU"",""LV"",""MT"",""NL"",""NO"",""PL"",""PT"",""RO"",""SE"",""SI"",""SK""]","2024-11-23 00:00:00","The decision was taken pursuant to own-initiative investigations.",SOURCE_VOLUNTARY,,Yes,AUTOMATED_DECISION_FULLY,TikTok,7440291857499806497,"2024-11-23 02:13:07"
a3aa558e-391d-4958-87c8-b2ae1216c680,"[""DECISION_VISIBILITY_CONTENT_REMOVED""]",,,,,,,,,,,DECISION_GROUND_INCOMPATIBLE_CONTENT,,,,"Harassment and Bullying","We welcome the respectful expression of different viewpoints, but not toxicity or trolling. We do not allow language or behavior that harasses, humiliates, threatens, or doxes anyone. This also includes responding to such acts with retaliatory harassment (but excludes non-harassing counterspeech).We proactively enforce our Community Guidelines through a mix of technology and human moderation. We have detected this policy violation using automated measures. We have used automated measures in making this decision.",,STATEMENT_CATEGORY_ILLEGAL_OR_HARMFUL_SPEECH,,,,"[""CONTENT_TYPE_TEXT""]",,,"2024-11-23 00:00:00","[""AT"",""BE"",""BG"",""CY"",""CZ"",""DE"",""DK"",""EE"",""ES"",""FI"",""FR"",""GR"",""HR"",""HU"",""IE"",""IT"",""LI"",""LT"",""LU"",""LV"",""MT"",""NL"",""NO"",""PL"",""PT"",""RO"",""SE"",""SI"",""SK""]","2024-11-23 00:00:00","The decision was taken pursuant to own-initiative investigations.",SOURCE_VOLUNTARY,,Yes,AUTOMATED_DECISION_FULLY,TikTok,7440291847987157792,"2024-11-23 02:13:07"
e3b8d707-0062-4de7-b418-2568ed80d6b9,"[""DECISION_VISIBILITY_OTHER""]","Video not eligible for recommendation in the For You feed",,,,,,,,,,DECISION_GROUND_INCOMPATIBLE_CONTENT,,,,"Community Guidelines","We maintain content eligibility standards for the For You feed (FYF) that prioritize safety and are informed by the diversity of our community and cultural norms. We make ineligible for the FYF certain content that may not be appropriate for a broad audience related to: (1) Behavioral Health, (2) Sensitive and Mature Themes, (3) Integrity and Authenticity, and (4) Regulated Goods. Content that is ineligible for the FYF can still be discovered in other ways, such as through search tools or by following an account.We proactively enforce our Community Guidelines through a mix of technology and human moderation. We have detected this policy violation using automated measures. We have used automated measures in making this decision.",,STATEMENT_CATEGORY_SCOPE_OF_PLATFORM_SERVICE,,,,"[""CONTENT_TYPE_VIDEO""]",,,"2024-11-23 00:00:00","[""AT"",""BE"",""BG"",""CY"",""CZ"",""DE"",""DK"",""EE"",""ES"",""FI"",""FR"",""GR"",""HR"",""HU"",""IE"",""IT"",""LI"",""LT"",""LU"",""LV"",""MT"",""NL"",""NO"",""PL"",""PT"",""RO"",""SE"",""SI"",""SK""]","2024-11-23 00:00:00","The decision was taken pursuant to own-initiative investigations.",SOURCE_VOLUNTARY,,Yes,AUTOMATED_DECISION_FULLY,TikTok,7440291859005446944,"2024-11-23 02:13:07"
dac5e818-83fc-4bd2-a8d3-1f8c2be4c739,"[""DECISION_VISIBILITY_CONTENT_REMOVED""]",,,,,,,,,,,DECISION_GROUND_INCOMPATIBLE_CONTENT,,,,"Harassment and Bullying","We welcome the respectful expression of different viewpoints, but not toxicity or trolling. We do not allow language or behavior that harasses, humiliates, threatens, or doxes anyone. This also includes responding to such acts with retaliatory harassment (but excludes non-harassing counterspeech).We proactively enforce our Community Guidelines through a mix of technology and human moderation. We have detected this policy violation using automated measures. We have used automated measures in making this decision.",,STATEMENT_CATEGORY_ILLEGAL_OR_HARMFUL_SPEECH,,,,"[""CONTENT_TYPE_TEXT""]",,,"2024-11-23 00:00:00","[""AT"",""BE"",""BG"",""CY"",""CZ"",""DE"",""DK"",""EE"",""ES"",""FI"",""FR"",""GR"",""HR"",""HU"",""IE"",""IT"",""LI"",""LT"",""LU"",""LV"",""MT"",""NL"",""NO"",""PL"",""PT"",""RO"",""SE"",""SI"",""SK""]","2024-11-23 00:00:00","The decision was taken pursuant to own-initiative investigations.",SOURCE_VOLUNTARY,,Yes,AUTOMATED_DECISION_FULLY,TikTok,7440291857499822881,"2024-11-23 02:13:07"
20c917ca-349f-42e4-ad4a-e1b517453cab,"[""DECISION_VISIBILITY_OTHER""]","Video not eligible for recommendation in the For You feed",,,,,,,,,,DECISION_GROUND_INCOMPATIBLE_CONTENT,,,,"Alcohol, Tobacco, and Drugs","While adults make personal choices about how they engage with alcohol, drugs, and tobacco, we recognize that there are risks connected to trading and using these substances. Content is ineligible for the For You feed and harder to find in search if it shows adults consuming excessive amounts of alcohol or tobacco products.We proactively enforce our Community Guidelines through a mix of technology and human moderation. We have detected this policy violation using automated measures. We have used automated measures in making this decision.",,STATEMENT_CATEGORY_SCOPE_OF_PLATFORM_SERVICE,,,,"[""CONTENT_TYPE_VIDEO""]",,,"2024-11-23 00:00:00","[""AT"",""BE"",""BG"",""CY"",""CZ"",""DE"",""DK"",""EE"",""ES"",""FI"",""FR"",""GR"",""HR"",""HU"",""IE"",""IT"",""LI"",""LT"",""LU"",""LV"",""MT"",""NL"",""NO"",""PL"",""PT"",""RO"",""SE"",""SI"",""SK""]","2024-11-23 00:00:00","The decision was taken pursuant to own-initiative investigations.",SOURCE_VOLUNTARY,,Yes,AUTOMATED_DECISION_FULLY,TikTok,7440291871881976608,"2024-11-23 02:13:07"
1305e810-d3a4-495e-9e6c-3e5a4c0c5ce3,"[""DECISION_VISIBILITY_CONTENT_REMOVED""]",,,,,,,,,,,DECISION_GROUND_INCOMPATIBLE_CONTENT,,,,"Harassment and Bullying","We welcome the respectful expression of different viewpoints, but not toxicity or trolling. We do not allow language or behavior that harasses, humiliates, threatens, or doxes anyone. This also includes responding to such acts with retaliatory harassment (but excludes non-harassing counterspeech).We proactively enforce our Community Guidelines through a mix of technology and human moderation. We have detected this policy violation using automated measures. We have used automated measures in making this decision.",,STATEMENT_CATEGORY_ILLEGAL_OR_HARMFUL_SPEECH,,,,"[""CONTENT_TYPE_TEXT""]",,,"2024-11-23 00:00:00","[""AT"",""BE"",""BG"",""CY"",""CZ"",""DE"",""DK"",""EE"",""ES"",""FI"",""FR"",""GR"",""HR"",""HU"",""IE"",""IT"",""LI"",""LT"",""LU"",""LV"",""MT"",""NL"",""NO"",""PL"",""PT"",""RO"",""SE"",""SI"",""SK""]","2024-11-23 00:00:00","The decision was taken pursuant to own-initiative investigations.",SOURCE_VOLUNTARY,,Yes,AUTOMATED_DECISION_FULLY,TikTok,7440291871881992992,"2024-11-23 02:13:07"
f55932dc-788a-4683-a931-196c4832d976,"[""DECISION_VISIBILITY_CONTENT_REMOVED""]",,,,,,,,,,,DECISION_GROUND_INCOMPATIBLE_CONTENT,,,,"Dangerous Activities and Challenges","Most activities or challenges are appropriate for everyone, but some carry a risk of significant injury. We do not allow showing or promoting dangerous activities and challenges. This includes dares, games, tricks, inappropriate use of dangerous tools, eating substances that are harmful to one’s health, or similar activities that may lead to significant physical harm.We proactively enforce our Community Guidelines through a mix of technology and human moderation. We have detected this policy violation using automated measures. We have used automated measures in making this decision.",,STATEMENT_CATEGORY_SCOPE_OF_PLATFORM_SERVICE,,,,"[""CONTENT_TYPE_IMAGE""]",,,"2024-11-23 00:00:00","[""AT"",""BE"",""BG"",""CY"",""CZ"",""DE"",""DK"",""EE"",""ES"",""FI"",""FR"",""GR"",""HR"",""HU"",""IE"",""IT"",""LI"",""LT"",""LU"",""LV"",""MT"",""NL"",""NO"",""PL"",""PT"",""RO"",""SE"",""SI"",""SK""]","2024-11-23 00:00:00","The decision was taken pursuant to own-initiative investigations.",SOURCE_VOLUNTARY,,Yes,AUTOMATED_DECISION_FULLY,TikTok,7440291859005528864,"2024-11-23 02:13:07"
0786576a-83ae-4a50-bc9a-ac31d94aad23,"[""DECISION_VISIBILITY_CONTENT_REMOVED""]",,,,,,,,,,,DECISION_GROUND_INCOMPATIBLE_CONTENT,,,,"Harassment and Bullying","We welcome the respectful expression of different viewpoints, but not toxicity or trolling. We do not allow language or behavior that harasses, humiliates, threatens, or doxes anyone. This also includes responding to such acts with retaliatory harassment (but excludes non-harassing counterspeech).We proactively enforce our Community Guidelines through a mix of technology and human moderation. We have detected this policy violation using automated measures. We have used automated measures in making this decision.",,STATEMENT_CATEGORY_ILLEGAL_OR_HARMFUL_SPEECH,,,,"[""CONTENT_TYPE_TEXT""]",,,"2024-11-23 00:00:00","[""AT"",""BE"",""BG"",""CY"",""CZ"",""DE"",""DK"",""EE"",""ES"",""FI"",""FR"",""GR"",""HR"",""HU"",""IE"",""IT"",""LI"",""LT"",""LU"",""LV"",""MT"",""NL"",""NO"",""PL"",""PT"",""RO"",""SE"",""SI"",""SK""]","2024-11-23 00:00:00","The decision was taken pursuant to own-initiative investigations.",SOURCE_VOLUNTARY,,Yes,AUTOMATED_DECISION_FULLY,TikTok,7440291859005545248,"2024-11-23 02:13:07"
73966b68-3b4c-4a74-8912-ac061940dcdc,"[""DECISION_VISIBILITY_CONTENT_REMOVED""]",,,,,,,,,,,DECISION_GROUND_INCOMPATIBLE_CONTENT,,,,"Sexual Exploitation and Gender-Based Violence","We are committed to providing a space that embraces gender equity, supports healthy relationships, and respects intimate privacy. We do not allow sexual exploitation or gender-based violence, including non-consensual sexual acts, image-based sexual abuse, sextortion, physical abuse, and sexual harassment.We proactively enforce our Community Guidelines through a mix of technology and human moderation. We have detected this policy violation using automated measures. We have used automated measures in making this decision.",,STATEMENT_CATEGORY_VIOLENCE,,,,"[""CONTENT_TYPE_TEXT""]",,,"2024-11-23 00:00:00","[""AT"",""BE"",""BG"",""CY"",""CZ"",""DE"",""DK"",""EE"",""ES"",""FI"",""FR"",""GR"",""HR"",""HU"",""IE"",""IT"",""LI"",""LT"",""LU"",""LV"",""MT"",""NL"",""NO"",""PL"",""PT"",""RO"",""SE"",""SI"",""SK""]","2024-11-23 00:00:00","The decision was taken pursuant to own-initiative investigations.",SOURCE_VOLUNTARY,,Yes,AUTOMATED_DECISION_FULLY,TikTok,7440291871882009376,"2024-11-23 02:13:07"
b0085904-c36b-4106-951a-561eec89dad4,"[""DECISION_VISIBILITY_CONTENT_REMOVED""]",,,,,,,,,,,DECISION_GROUND_INCOMPATIBLE_CONTENT,,,,"Community Guidelines","Your content is against our Community Guidelines. The guidelines include rules and standards for using TikTok that apply to everyone and everything on our platform.We proactively enforce our Community Guidelines through a mix of technology and human moderation. We have detected this policy violation using automated measures. We have used automated measures in making this decision.",,STATEMENT_CATEGORY_SCOPE_OF_PLATFORM_SERVICE,,,,"[""CONTENT_TYPE_IMAGE""]",,,"2023-09-04 00:00:00","[""AT"",""BE"",""BG"",""CY"",""CZ"",""DE"",""DK"",""EE"",""ES"",""FI"",""FR"",""GR"",""HR"",""HU"",""IE"",""IT"",""LI"",""LT"",""LU"",""LV"",""MT"",""NL"",""NO"",""PL"",""PT"",""RO"",""SE"",""SI"",""SK""]","2024-11-23 00:00:00","The decision was taken pursuant to own-initiative investigations.",SOURCE_VOLUNTARY,,Yes,AUTOMATED_DECISION_FULLY,TikTok,7440291873366858529,"2024-11-23 02:13:07"
e781cc30-af25-48a5-8de8-fb64b8351bab,"[""DECISION_VISIBILITY_CONTENT_REMOVED""]",,,,,,,,,,,DECISION_GROUND_INCOMPATIBLE_CONTENT,,,,"Naida runa un naidpilna uzvedība","Platformu TikTok bagātina mūsu kopienas dalībnieku atšķirīgā izcelsme. Mūsu atšķirības ir pamats cieņai, nevis nesaskaņām. Mēs neatļaujam naidpilnu rīcību, naida runu un naidīgu ideoloģiju izplatīšanu. Tas ietver saturu, kas uzbrūk cilvēkam vai cilvēku grupai aizsargātu īpašību dēļ. Lai uzzinātu vairāk, apmeklē mūsu {CG_link}.",,STATEMENT_CATEGORY_ILLEGAL_OR_HARMFUL_SPEECH,,,,"[""CONTENT_TYPE_VIDEO""]",,,"2024-11-23 00:00:00","[""AT"",""BE"",""BG"",""CY"",""CZ"",""DE"",""DK"",""EE"",""ES"",""FI"",""FR"",""GR"",""HR"",""HU"",""IE"",""IS"",""IT"",""LI"",""LT"",""LU"",""LV"",""MT"",""NL"",""NO"",""PL"",""PT"",""RO"",""SE"",""SI"",""SK""]","2024-11-23 00:00:00","The decision was taken pursuant to own-initiative investigations",SOURCE_VOLUNTARY,,Yes,AUTOMATED_DECISION_NOT_AUTOMATED,TikTok,7440291873366874913,"2024-11-23 02:13:07"
b4ce2977-28a5-4519-a8c8-442c2720a02c,"[""DECISION_VISIBILITY_CONTENT_REMOVED""]",,,,,,,,,,,DECISION_GROUND_INCOMPATIBLE_CONTENT,,,,"Community Guidelines","Your content is against our Community Guidelines. The guidelines include rules and standards for using TikTok that apply to everyone and everything on our platform.We proactively enforce our Community Guidelines through a mix of technology and human moderation. We have detected this policy violation using automated measures. We have used automated measures in making this decision.",,STATEMENT_CATEGORY_SCOPE_OF_PLATFORM_SERVICE,,,,"[""CONTENT_TYPE_IMAGE""]",,,"2024-02-03 00:00:00","[""AT"",""BE"",""BG"",""CY"",""CZ"",""DE"",""DK"",""EE"",""ES"",""FI"",""FR"",""GR"",""HR"",""HU"",""IE"",""IT"",""LI"",""LT"",""LU"",""LV"",""MT"",""NL"",""NO"",""PL"",""PT"",""RO"",""SE"",""SI"",""SK""]","2024-11-23 00:00:00","The decision was taken pursuant to own-initiative investigations.",SOURCE_VOLUNTARY,,Yes,AUTOMATED_DECISION_FULLY,TikTok,7440291878836165408,"2024-11-23 02:13:07"
fdfd16d7-2fd1-49cd-bfab-1ca1b0786c33,"[""DECISION_VISIBILITY_CONTENT_REMOVED""]",,,,,,,,,,,DECISION_GROUND_INCOMPATIBLE_CONTENT,,,,"Alcohol, Tobacco, and Drugs","While adults make personal choices about how they engage with alcohol, drugs, and tobacco, we recognize that there are risks connected to trading and using these substances. We do not allow showing or promoting recreational drug use, or the trade of alcohol, tobacco products, and drugs.We proactively enforce our Community Guidelines through a mix of technology and human moderation. We have detected this policy violation using automated measures. We have used automated measures in making this decision.",,STATEMENT_CATEGORY_SCOPE_OF_PLATFORM_SERVICE,,,,"[""CONTENT_TYPE_VIDEO""]",,,"2024-11-23 00:00:00","[""AT"",""BE"",""BG"",""CY"",""CZ"",""DE"",""DK"",""EE"",""ES"",""FI"",""FR"",""GR"",""HR"",""HU"",""IE"",""IT"",""LI"",""LT"",""LU"",""LV"",""MT"",""NL"",""NO"",""PL"",""PT"",""RO"",""SE"",""SI"",""SK""]","2024-11-23 00:00:00","The decision was taken pursuant to own-initiative investigations.",SOURCE_VOLUNTARY,,Yes,AUTOMATED_DECISION_FULLY,TikTok,7440291878836181792,"2024-11-23 02:13:07"
c8f20c72-b1c9-46b3-b9b8-60b6a87aaede,"[""DECISION_VISIBILITY_CONTENT_REMOVED""]",,,,,,,,,,,DECISION_GROUND_INCOMPATIBLE_CONTENT,,,,"Community Guidelines","Your content is against our Community Guidelines. The guidelines include rules and standards for using TikTok that apply to everyone and everything on our platform.We proactively enforce our Community Guidelines through a mix of technology and human moderation. We have detected this policy violation using automated measures. We have used automated measures in making this decision.",,STATEMENT_CATEGORY_SCOPE_OF_PLATFORM_SERVICE,,,,"[""CONTENT_TYPE_IMAGE""]",,,"2024-02-11 00:00:00","[""AT"",""BE"",""BG"",""CY"",""CZ"",""DE"",""DK"",""EE"",""ES"",""FI"",""FR"",""GR"",""HR"",""HU"",""IE"",""IT"",""LI"",""LT"",""LU"",""LV"",""MT"",""NL"",""NO"",""PL"",""PT"",""RO"",""SE"",""SI"",""SK""]","2024-11-23 00:00:00","The decision was taken pursuant to own-initiative investigations.",SOURCE_VOLUNTARY,,Yes,AUTOMATED_DECISION_FULLY,TikTok,7440291878836198176,"2024-11-23 02:13:07"
1caf0566-2971-490b-95ed-b34e858a6618,"[""DECISION_VISIBILITY_OTHER""]","Photo not eligible for recommendation in the For You feed, and visibility restricted in search results",,,,,,,,,,DECISION_GROUND_INCOMPATIBLE_CONTENT,,,,"Civic and Election Integrity","We want to enable the informed exchange of civic ideas in a way that fosters productive dialogue. Your video didn’t meet our eligibility standards for the For You Feed. Please review our Community Guidelines for more information.We proactively enforce our Community Guidelines through a mix of technology and human moderation. We have detected this policy violation using automated measures. We have used automated measures in making this decision.",,STATEMENT_CATEGORY_NEGATIVE_EFFECTS_ON_CIVIC_DISCOURSE_OR_ELECTIONS,,,,"[""CONTENT_TYPE_IMAGE""]",,,"2024-11-23 00:00:00","[""AT"",""BE"",""BG"",""CY"",""CZ"",""DE"",""DK"",""EE"",""ES"",""FI"",""FR"",""GR"",""HR"",""HU"",""IE"",""IT"",""LI"",""LT"",""LU"",""LV"",""MT"",""NL"",""NO"",""PL"",""PT"",""RO"",""SE"",""SI"",""SK""]","2024-11-23 00:00:00","The decision was taken pursuant to own-initiative investigations.",SOURCE_VOLUNTARY,,Yes,AUTOMATED_DECISION_FULLY,TikTok,7440291873366891297,"2024-11-23 02:13:07"
cec363bf-96e6-449d-b109-4e8d39d4489d,,,,,,,,,DECISION_ACCOUNT_TERMINATED,,,DECISION_GROUND_INCOMPATIBLE_CONTENT,,,,"Advertising policy violation","Reasons why your account may have been suspended: - We received a report or complaint about your account from people on TikTok or other channels. - There are problems with your ad creative, or qualifications or services provided in your ads. - We suspected malicious behavior or intent during ad creation. - You made changes to your ad's landing page after launching the campaign.",,STATEMENT_CATEGORY_SCOPE_OF_PLATFORM_SERVICE,,,,"[""CONTENT_TYPE_OTHER""]","Account Suspended",,"2024-11-06 00:00:00","[""AT"",""BE"",""BG"",""CY"",""CZ"",""DE"",""DK"",""EE"",""ES"",""FI"",""FR"",""GR"",""HR"",""HU"",""IE"",""IT"",""LI"",""LT"",""LU"",""LV"",""MT"",""NL"",""NO"",""PL"",""PT"",""RO"",""SE"",""SI"",""SK""]","2024-11-23 00:00:00","The decision was taken pursuant to own-initiative investigations.",SOURCE_VOLUNTARY,,Yes,AUTOMATED_DECISION_FULLY,TikTok,7440291884951411489,"2024-11-23 02:13:07"
6854d5ae-c584-4cb5-a054-72268624969f,"[""DECISION_VISIBILITY_CONTENT_REMOVED""]",,,,,,,,,,,DECISION_GROUND_INCOMPATIBLE_CONTENT,,,,"Harassment and Bullying","We welcome the respectful expression of different viewpoints, but not toxicity or trolling. We do not allow language or behavior that harasses, humiliates, threatens, or doxes anyone. This also includes responding to such acts with retaliatory harassment (but excludes non-harassing counterspeech).We proactively enforce our Community Guidelines through a mix of technology and human moderation. We have detected this policy violation using automated measures. We have used automated measures in making this decision.",,STATEMENT_CATEGORY_ILLEGAL_OR_HARMFUL_SPEECH,,,,"[""CONTENT_TYPE_TEXT""]",,,"2024-11-23 00:00:00","[""AT"",""BE"",""BG"",""CY"",""CZ"",""DE"",""DK"",""EE"",""ES"",""FI"",""FR"",""GR"",""HR"",""HU"",""IE"",""IT"",""LI"",""LT"",""LU"",""LV"",""MT"",""NL"",""NO"",""PL"",""PT"",""RO"",""SE"",""SI"",""SK""]","2024-11-23 00:00:00","The decision was taken pursuant to own-initiative investigations.",SOURCE_VOLUNTARY,,Yes,AUTOMATED_DECISION_FULLY,TikTok,7440291878836214560,"2024-11-23 02:13:07"
0452be79-735a-4078-b4a6-5f100f9e4cff,"[""DECISION_VISIBILITY_CONTENT_REMOVED""]",,,,,,,,,,,DECISION_GROUND_INCOMPATIBLE_CONTENT,,,,"Hate Speech and Hateful Behaviors","TikTok is enriched by the various backgrounds of our community members. Our differences should be respected, rather than a cause for division. We do not allow any hateful behavior, hate speech, or promotion of hateful ideologies. This includes content that attacks a person or group because of protected attributes.We proactively enforce our Community Guidelines through a mix of technology and human moderation. We have detected this policy violation using automated measures. We have used automated measures in making this decision.",,STATEMENT_CATEGORY_ILLEGAL_OR_HARMFUL_SPEECH,,,,"[""CONTENT_TYPE_TEXT""]",,,"2024-11-23 00:00:00","[""AT"",""BE"",""BG"",""CY"",""CZ"",""DE"",""DK"",""EE"",""ES"",""FI"",""FR"",""GR"",""HR"",""HU"",""IE"",""IT"",""LI"",""LT"",""LU"",""LV"",""MT"",""NL"",""NO"",""PL"",""PT"",""RO"",""SE"",""SI"",""SK""]","2024-11-23 00:00:00","The decision was taken pursuant to own-initiative investigations.",SOURCE_VOLUNTARY,,Yes,AUTOMATED_DECISION_FULLY,TikTok,7440291884951427873,"2024-11-23 02:13:07"
a92df7b8-5be2-448a-b73a-12954dadc37b,,,,,,,DECISION_PROVISION_PARTIAL_SUSPENSION,"2024-11-26 00:00:00",,,,DECISION_GROUND_INCOMPATIBLE_CONTENT,,,,"Contenido sexualmente provocativo","Aplaudimos actuaciones y bailes en los que las personas puedan expresarse de forma creativa, homenajear su cultura o tratar de entretener a otras personas. Somos conscientes de que ciertos comportamientos relacionados con la excitación o provocación sexual podrían ser ofensivos para algunas personas y poner a la juventud en riesgo de explotación. No permitimos actuaciones seductoras o alusiones a la actividad sexual por parte de personas jóvenes o relatos sexualmente explícitos por parte de nadie. Consulta las {CG_link} para obtener más información.",,STATEMENT_CATEGORY_SCOPE_OF_PLATFORM_SERVICE,,,,"[""CONTENT_TYPE_VIDEO""]",,,"2024-11-23 00:00:00","[""AT"",""BE"",""BG"",""CY"",""CZ"",""DE"",""DK"",""EE"",""ES"",""FI"",""FR"",""GR"",""HR"",""HU"",""IE"",""IS"",""IT"",""LI"",""LT"",""LU"",""LV"",""MT"",""NL"",""NO"",""PL"",""PT"",""RO"",""SE"",""SI"",""SK""]","2024-11-23 00:00:00","The decision was taken pursuant to own-initiative investigations",SOURCE_VOLUNTARY,,Yes,AUTOMATED_DECISION_FULLY,TikTok,7440291884951444257,"2024-11-23 02:13:07"
479910f6-7ce3-47c3-a443-2cf995904f02,"[""DECISION_VISIBILITY_OTHER""]","Photo not eligible for recommendation in the For You feed, and visibility restricted in search results",,,,,,,,,,DECISION_GROUND_INCOMPATIBLE_CONTENT,,,,"Community Guidelines","We maintain content eligibility standards for the For You feed (FYF) that prioritize safety and are informed by the diversity of our community and cultural norms. We make ineligible for the FYF certain content that may not be appropriate for a broad audience related to: (1) Behavioral Health, (2) Sensitive and Mature Themes, (3) Integrity and Authenticity, and (4) Regulated Goods. Content that is ineligible for the FYF can still be discovered in other ways, such as through search tools or by following an account.We proactively enforce our Community Guidelines through a mix of technology and human moderation. We have detected this policy violation using automated measures. We have used automated measures in making this decision.",,STATEMENT_CATEGORY_SCOPE_OF_PLATFORM_SERVICE,,,,"[""CONTENT_TYPE_IMAGE""]",,,"2024-11-23 00:00:00","[""AT"",""BE"",""BG"",""CY"",""CZ"",""DE"",""DK"",""EE"",""ES"",""FI"",""FR"",""GR"",""HR"",""HU"",""IE"",""IT"",""LI"",""LT"",""LU"",""LV"",""MT"",""NL"",""NO"",""PL"",""PT"",""RO"",""SE"",""SI"",""SK""]","2024-11-23 00:00:00","The decision was taken pursuant to own-initiative investigations.",SOURCE_VOLUNTARY,,Yes,AUTOMATED_DECISION_FULLY,TikTok,7440291878836230944,"2024-11-23 02:13:07"
cfce9dc8-e284-4ae8-b42f-f2ed0ef2eba0,"[""DECISION_VISIBILITY_OTHER""]","Video not eligible for recommendation in the For You feed",,,,,,,,,,DECISION_GROUND_INCOMPATIBLE_CONTENT,,,,"Dangerous Activities and Challenges","Most activities or challenges are appropriate for everyone, but some carry a risk of significant injury. Content is ineligible for the For You feed if it involves activities that are likely to lead to moderate physical harm, or includes professionals who are performing extreme sports and stunts that may endanger others.We proactively enforce our Community Guidelines through a mix of technology and human moderation. We have detected this policy violation using automated measures. We have used automated measures in making this decision.",,STATEMENT_CATEGORY_SCOPE_OF_PLATFORM_SERVICE,,,,"[""CONTENT_TYPE_VIDEO""]",,,"2024-11-23 00:00:00","[""AT"",""BE"",""BG"",""CY"",""CZ"",""DE"",""DK"",""EE"",""ES"",""FI"",""FR"",""GR"",""HR"",""HU"",""IE"",""IT"",""LI"",""LT"",""LU"",""LV"",""MT"",""NL"",""NO"",""PL"",""PT"",""RO"",""SE"",""SI"",""SK""]","2024-11-23 00:00:00","The decision was taken pursuant to own-initiative investigations.",SOURCE_VOLUNTARY,,Yes,AUTOMATED_DECISION_FULLY,TikTok,7440291884951460641,"2024-11-23 02:13:07"
42871766-907b-473b-a8c7-b154309c0a88,,,,,,,DECISION_PROVISION_PARTIAL_SUSPENSION,"2024-11-24 00:00:00",,,,DECISION_GROUND_INCOMPATIBLE_CONTENT,,,,"Dangerous activities and challenges","Most activities or challenges are appropriate for everyone, but some carry a risk of significant injury. We do not allow showing or promoting dangerous activities and challenges. This includes dares, games, tricks, inappropriate use of dangerous tools, eating substances that are harmful to one’s health, or similar activities that may lead to significant physical harm. Visit our {CG_link} for more information.",,STATEMENT_CATEGORY_SCOPE_OF_PLATFORM_SERVICE,,,,"[""CONTENT_TYPE_VIDEO""]",,,"2024-11-23 00:00:00","[""AT"",""BE"",""BG"",""CY"",""CZ"",""DE"",""DK"",""EE"",""ES"",""FI"",""FR"",""GR"",""HR"",""HU"",""IE"",""IS"",""IT"",""LI"",""LT"",""LU"",""LV"",""MT"",""NL"",""NO"",""PL"",""PT"",""RO"",""SE"",""SI"",""SK""]","2024-11-23 00:00:00","The decision was taken pursuant to own-initiative investigations",SOURCE_VOLUNTARY,,Yes,AUTOMATED_DECISION_FULLY,TikTok,7440291884951526177,"2024-11-23 02:13:07"
23e99a8c-f64f-4802-93f4-68d1f0cf9ecd,"[""DECISION_VISIBILITY_CONTENT_REMOVED""]",,,,,,,,,,,DECISION_GROUND_INCOMPATIBLE_CONTENT,,,,"Harassment and Bullying","We welcome the respectful expression of different viewpoints, but not toxicity or trolling. We do not allow language or behavior that harasses, humiliates, threatens, or doxes anyone. This also includes responding to such acts with retaliatory harassment (but excludes non-harassing counterspeech).We proactively enforce our Community Guidelines through a mix of technology and human moderation. We have detected this policy violation using automated measures. We have used automated measures in making this decision.",,STATEMENT_CATEGORY_ILLEGAL_OR_HARMFUL_SPEECH,,,,"[""CONTENT_TYPE_TEXT""]",,,"2024-11-23 00:00:00","[""AT"",""BE"",""BG"",""CY"",""CZ"",""DE"",""DK"",""EE"",""ES"",""FI"",""FR"",""GR"",""HR"",""HU"",""IE"",""IT"",""LI"",""LT"",""LU"",""LV"",""MT"",""NL"",""NO"",""PL"",""PT"",""RO"",""SE"",""SI"",""SK""]","2024-11-23 00:00:00","The decision was taken pursuant to own-initiative investigations.",SOURCE_VOLUNTARY,,Yes,AUTOMATED_DECISION_FULLY,TikTok,7440291884951542561,"2024-11-23 02:13:07"
95e7627c-2716-44db-89d9-42c4c30bafd0,"[""DECISION_VISIBILITY_CONTENT_REMOVED""]",,,,,,,,,,,DECISION_GROUND_INCOMPATIBLE_CONTENT,,,,"Harassment and Bullying","We welcome the respectful expression of different viewpoints, but not toxicity or trolling. We do not allow language or behavior that harasses, humiliates, threatens, or doxes anyone. This also includes responding to such acts with retaliatory harassment (but excludes non-harassing counterspeech).We proactively enforce our Community Guidelines through a mix of technology and human moderation. We have detected this policy violation using automated measures. We have used automated measures in making this decision.",,STATEMENT_CATEGORY_ILLEGAL_OR_HARMFUL_SPEECH,,,,"[""CONTENT_TYPE_TEXT""]",,,"2024-11-23 00:00:00","[""AT"",""BE"",""BG"",""CY"",""CZ"",""DE"",""DK"",""EE"",""ES"",""FI"",""FR"",""GR"",""HR"",""HU"",""IE"",""IT"",""LI"",""LT"",""LU"",""LV"",""MT"",""NL"",""NO"",""PL"",""PT"",""RO"",""SE"",""SI"",""SK""]","2024-11-23 00:00:00","The decision was taken pursuant to own-initiative investigations.",SOURCE_VOLUNTARY,,Yes,AUTOMATED_DECISION_FULLY,TikTok,7440291892606081824,"2024-11-23 02:13:07"
9c088635-fa1d-422c-8e1b-327b5e5e10cd,"[""DECISION_VISIBILITY_OTHER""]","Photo not eligible for recommendation in the For You feed",,,,,,,,,,DECISION_GROUND_INCOMPATIBLE_CONTENT,,,,"Community Guidelines","Your content is against our Community Guidelines. The guidelines include rules and standards for using TikTok that apply to everyone and everything on our platform.",,STATEMENT_CATEGORY_PORNOGRAPHY_OR_SEXUALIZED_CONTENT,,,,"[""CONTENT_TYPE_IMAGE""]",,,"2024-11-23 00:00:00","[""AT"",""BE"",""BG"",""CY"",""CZ"",""DE"",""DK"",""EE"",""ES"",""FI"",""FR"",""GR"",""HR"",""HU"",""IE"",""IT"",""LI"",""LT"",""LU"",""LV"",""MT"",""NL"",""NO"",""PL"",""PT"",""RO"",""SE"",""SI"",""SK""]","2024-11-23 00:00:00","The decision was taken pursuant to own-initiative investigations.",SOURCE_VOLUNTARY,,Yes,AUTOMATED_DECISION_FULLY,TikTok,7440291905390271264,"2024-11-23 02:13:07"
21279a81-ade7-4c1a-b9a5-9d8a1852299e,,,,,,,,,DECISION_ACCOUNT_TERMINATED,,,DECISION_GROUND_INCOMPATIBLE_CONTENT,,,,"Advertising policy violation","Reasons why your account may have been suspended: - We received a report or complaint about your account from people on TikTok or other channels. - There are problems with your ad creative, or qualifications or services provided in your ads. - We suspected malicious behavior or intent during ad creation. - You made changes to your ad's landing page after launching the campaign.",,STATEMENT_CATEGORY_SCOPE_OF_PLATFORM_SERVICE,,,,"[""CONTENT_TYPE_OTHER""]","Account Suspended",,"2024-11-22 00:00:00","[""AT"",""BE"",""BG"",""CY"",""CZ"",""DE"",""DK"",""EE"",""ES"",""FI"",""FR"",""GR"",""HR"",""HU"",""IE"",""IT"",""LI"",""LT"",""LU"",""LV"",""MT"",""NL"",""NO"",""PL"",""PT"",""RO"",""SE"",""SI"",""SK""]","2024-11-23 00:00:00","The decision was taken pursuant to own-initiative investigations.",SOURCE_VOLUNTARY,,Yes,AUTOMATED_DECISION_FULLY,TikTok,7440291902118812448,"2024-11-23 02:13:07"
e6e1d043-56d1-443a-a102-8da02cabcd6c,"[""DECISION_VISIBILITY_OTHER""]","Photo not eligible for recommendation in the For You feed, and visibility restricted in search results",,,,,,,,,,DECISION_GROUND_INCOMPATIBLE_CONTENT,,,,"Community Guidelines","We maintain content eligibility standards for the For You feed (FYF) that prioritize safety and are informed by the diversity of our community and cultural norms. We make ineligible for the FYF certain content that may not be appropriate for a broad audience related to: (1) Behavioral Health, (2) Sensitive and Mature Themes, (3) Integrity and Authenticity, and (4) Regulated Goods. Content that is ineligible for the FYF can still be discovered in other ways, such as through search tools or by following an account.We proactively enforce our Community Guidelines through a mix of technology and human moderation. We have detected this policy violation using automated measures. We have used automated measures in making this decision.",,STATEMENT_CATEGORY_SCOPE_OF_PLATFORM_SERVICE,,,,"[""CONTENT_TYPE_IMAGE""]",,,"2024-11-23 00:00:00","[""AT"",""BE"",""BG"",""CY"",""CZ"",""DE"",""DK"",""EE"",""ES"",""FI"",""FR"",""GR"",""HR"",""HU"",""IE"",""IT"",""LI"",""LT"",""LU"",""LV"",""MT"",""NL"",""NO"",""PL"",""PT"",""RO"",""SE"",""SI"",""SK""]","2024-11-23 00:00:00","The decision was taken pursuant to own-initiative investigations.",SOURCE_VOLUNTARY,,Yes,AUTOMATED_DECISION_FULLY,TikTok,7440291905390369568,"2024-11-23 02:13:07"
3b015113-e346-488c-84aa-c30445429b5a,"[""DECISION_VISIBILITY_OTHER""]","Video not eligible for recommendation in the For You feed",,,,,,,,,,DECISION_GROUND_INCOMPATIBLE_CONTENT,,,,"Community Guidelines","We maintain content eligibility standards for the For You feed (FYF) that prioritize safety and are informed by the diversity of our community and cultural norms. We make ineligible for the FYF certain content that may not be appropriate for a broad audience related to: (1) Behavioral Health, (2) Sensitive and Mature Themes, (3) Integrity and Authenticity, and (4) Regulated Goods. Content that is ineligible for the FYF can still be discovered in other ways, such as through search tools or by following an account.We proactively enforce our Community Guidelines through a mix of technology and human moderation. We have detected this policy violation using automated measures. We have used automated measures in making this decision.",,STATEMENT_CATEGORY_SCOPE_OF_PLATFORM_SERVICE,,,,"[""CONTENT_TYPE_VIDEO""]",,,"2020-03-12 00:00:00","[""AT"",""BE"",""BG"",""CY"",""CZ"",""DE"",""DK"",""EE"",""ES"",""FI"",""FR"",""GR"",""HR"",""HU"",""IE"",""IT"",""LI"",""LT"",""LU"",""LV"",""MT"",""NL"",""NO"",""PL"",""PT"",""RO"",""SE"",""SI"",""SK""]","2024-11-23 00:00:00","The decision was taken pursuant to own-initiative investigations.",SOURCE_VOLUNTARY,,Yes,AUTOMATED_DECISION_FULLY,TikTok,7440291914479311649,"2024-11-23 02:13:07"
f79f5328-41dc-4a48-bd1b-91e5951d79e1,"[""DECISION_VISIBILITY_OTHER""]","Video not eligible for recommendation in the For You feed",,,,,,,,,,DECISION_GROUND_INCOMPATIBLE_CONTENT,,,,"Alcohol, Tobacco, and Drugs","While adults make personal choices about how they engage with alcohol, drugs, and tobacco, we recognize that there are risks connected to trading and using these substances. Content is ineligible for the For You feed and harder to find in search if it shows adults consuming excessive amounts of alcohol or tobacco products.We proactively enforce our Community Guidelines through a mix of technology and human moderation. We have detected this policy violation using automated measures. We have used automated measures in making this decision.",,STATEMENT_CATEGORY_SCOPE_OF_PLATFORM_SERVICE,,,,"[""CONTENT_TYPE_VIDEO""]",,,"2024-11-23 00:00:00","[""AT"",""BE"",""BG"",""CY"",""CZ"",""DE"",""DK"",""EE"",""ES"",""FI"",""FR"",""GR"",""HR"",""HU"",""IE"",""IT"",""LI"",""LT"",""LU"",""LV"",""MT"",""NL"",""NO"",""PL"",""PT"",""RO"",""SE"",""SI"",""SK""]","2024-11-23 00:00:00","The decision was taken pursuant to own-initiative investigations.",SOURCE_VOLUNTARY,,Yes,AUTOMATED_DECISION_FULLY,TikTok,7440291905390385952,"2024-11-23 02:13:07"
3811d118-2fca-4894-a5dd-8ce853757f5c,"[""DECISION_VISIBILITY_CONTENT_REMOVED""]",,,,,,,,,,,DECISION_GROUND_INCOMPATIBLE_CONTENT,,,,"Harassment and Bullying","We welcome the respectful expression of different viewpoints, but not toxicity or trolling. We do not allow language or behavior that harasses, humiliates, threatens, or doxes anyone. This also includes responding to such acts with retaliatory harassment (but excludes non-harassing counterspeech).We proactively enforce our Community Guidelines through a mix of technology and human moderation. We have detected this policy violation using automated measures. We have used automated measures in making this decision.",,STATEMENT_CATEGORY_ILLEGAL_OR_HARMFUL_SPEECH,,,,"[""CONTENT_TYPE_TEXT""]",,,"2024-11-23 00:00:00","[""AT"",""BE"",""BG"",""CY"",""CZ"",""DE"",""DK"",""EE"",""ES"",""FI"",""FR"",""GR"",""HR"",""HU"",""IE"",""IT"",""LI"",""LT"",""LU"",""LV"",""MT"",""NL"",""NO"",""PL"",""PT"",""RO"",""SE"",""SI"",""SK""]","2024-11-23 00:00:00","The decision was taken pursuant to own-initiative investigations.",SOURCE_VOLUNTARY,,Yes,AUTOMATED_DECISION_FULLY,TikTok,7440291914479426337,"2024-11-23 02:13:07"
cc0c6cdf-27ce-4d13-8423-1fb5bd661e07,"[""DECISION_VISIBILITY_CONTENT_REMOVED""]",,,,,,,,,,,DECISION_GROUND_INCOMPATIBLE_CONTENT,,,,"Harassment and Bullying","We welcome the respectful expression of different viewpoints, but not toxicity or trolling. We do not allow language or behavior that harasses, humiliates, threatens, or doxes anyone. This also includes responding to such acts with retaliatory harassment (but excludes non-harassing counterspeech).We proactively enforce our Community Guidelines through a mix of technology and human moderation. We have detected this policy violation using automated measures. We have used automated measures in making this decision.",,STATEMENT_CATEGORY_ILLEGAL_OR_HARMFUL_SPEECH,,,,"[""CONTENT_TYPE_TEXT""]",,,"2024-11-23 00:00:00","[""AT"",""BE"",""BG"",""CY"",""CZ"",""DE"",""DK"",""EE"",""ES"",""FI"",""FR"",""GR"",""HR"",""HU"",""IE"",""IT"",""LI"",""LT"",""LU"",""LV"",""MT"",""NL"",""NO"",""PL"",""PT"",""RO"",""SE"",""SI"",""SK""]","2024-11-23 00:00:00","The decision was taken pursuant to own-initiative investigations.",SOURCE_VOLUNTARY,,Yes,AUTOMATED_DECISION_FULLY,TikTok,7440291917193124641,"2024-11-23 02:13:07"
d8a00fde-76bc-4ddb-868a-a8bc807b8604,"[""DECISION_VISIBILITY_CONTENT_REMOVED""]",,,,,,,,,,,DECISION_GROUND_INCOMPATIBLE_CONTENT,,,,"Alcohol, Tobacco, and Drugs","While adults make personal choices about how they engage with alcohol, drugs, and tobacco, we recognize that there are risks connected to trading and using these substances. We do not allow showing or promoting recreational drug use, or the trade of alcohol, tobacco products, and drugs.We proactively enforce our Community Guidelines through a mix of technology and human moderation. We have detected this policy violation using automated measures. We have used automated measures in making this decision.",,STATEMENT_CATEGORY_SCOPE_OF_PLATFORM_SERVICE,,,,"[""CONTENT_TYPE_VIDEO""]",,,"2024-11-23 00:00:00","[""AT"",""BE"",""BG"",""CY"",""CZ"",""DE"",""DK"",""EE"",""ES"",""FI"",""FR"",""GR"",""HR"",""HU"",""IE"",""IT"",""LI"",""LT"",""LU"",""LV"",""MT"",""NL"",""NO"",""PL"",""PT"",""RO"",""SE"",""SI"",""SK""]","2024-11-23 00:00:00","The decision was taken pursuant to own-initiative investigations.",SOURCE_VOLUNTARY,,Yes,AUTOMATED_DECISION_FULLY,TikTok,7440291914479442721,"2024-11-23 02:13:07"
7f0ab793-8e07-4907-95d4-ddb9a1f67578,"[""DECISION_VISIBILITY_OTHER""]","Video not eligible for recommendation in the For You feed",,,,,,,,,,DECISION_GROUND_INCOMPATIBLE_CONTENT,,,,"Community Guidelines","We maintain content eligibility standards for the For You feed (FYF) that prioritize safety and are informed by the diversity of our community and cultural norms. We make ineligible for the FYF certain content that may not be appropriate for a broad audience related to: (1) Behavioral Health, (2) Sensitive and Mature Themes, (3) Integrity and Authenticity, and (4) Regulated Goods. Content that is ineligible for the FYF can still be discovered in other ways, such as through search tools or by following an account.We proactively enforce our Community Guidelines through a mix of technology and human moderation. We have detected this policy violation using automated measures. We have used automated measures in making this decision.",,STATEMENT_CATEGORY_SCOPE_OF_PLATFORM_SERVICE,,,,"[""CONTENT_TYPE_VIDEO""]",,,"2024-11-23 00:00:00","[""AT"",""BE"",""BG"",""CY"",""CZ"",""DE"",""DK"",""EE"",""ES"",""FI"",""FR"",""GR"",""HR"",""HU"",""IE"",""IT"",""LI"",""LT"",""LU"",""LV"",""MT"",""NL"",""NO"",""PL"",""PT"",""RO"",""SE"",""SI"",""SK""]","2024-11-23 00:00:00","The decision was taken pursuant to own-initiative investigations.",SOURCE_VOLUNTARY,,Yes,AUTOMATED_DECISION_FULLY,TikTok,7440291920020036385,"2024-11-23 02:13:07"
31f08c17-39eb-4a15-b657-8c404a45ce06,"[""DECISION_VISIBILITY_OTHER""]","Video not eligible for recommendation in the For You feed",,,,,,,,,,DECISION_GROUND_INCOMPATIBLE_CONTENT,,,,"Community Guidelines","We maintain content eligibility standards for the For You feed (FYF) that prioritize safety and are informed by the diversity of our community and cultural norms. We make ineligible for the FYF certain content that may not be appropriate for a broad audience related to: (1) Behavioral Health, (2) Sensitive and Mature Themes, (3) Integrity and Authenticity, and (4) Regulated Goods. Content that is ineligible for the FYF can still be discovered in other ways, such as through search tools or by following an account.We proactively enforce our Community Guidelines through a mix of technology and human moderation. We have detected this policy violation using automated measures. We have used automated measures in making this decision.",,STATEMENT_CATEGORY_SCOPE_OF_PLATFORM_SERVICE,,,,"[""CONTENT_TYPE_VIDEO""]",,,"2024-11-23 00:00:00","[""AT"",""BE"",""BG"",""CY"",""CZ"",""DE"",""DK"",""EE"",""ES"",""FI"",""FR"",""GR"",""HR"",""HU"",""IE"",""IT"",""LI"",""LT"",""LU"",""LV"",""MT"",""NL"",""NO"",""PL"",""PT"",""RO"",""SE"",""SI"",""SK""]","2024-11-23 00:00:00","The decision was taken pursuant to own-initiative investigations.",SOURCE_VOLUNTARY,,Yes,AUTOMATED_DECISION_FULLY,TikTok,7440291920020118305,"2024-11-23 02:13:07"
0a6658cb-44f7-4bb4-88de-9ab954d55318,"[""DECISION_VISIBILITY_CONTENT_REMOVED""]",,,,,,,,,,,DECISION_GROUND_INCOMPATIBLE_CONTENT,,,,"Harassment and Bullying","We welcome the respectful expression of different viewpoints, but not toxicity or trolling. We do not allow language or behavior that harasses, humiliates, threatens, or doxes anyone. This also includes responding to such acts with retaliatory harassment (but excludes non-harassing counterspeech).We proactively enforce our Community Guidelines through a mix of technology and human moderation. We have detected this policy violation using automated measures. We have used automated measures in making this decision.",,STATEMENT_CATEGORY_ILLEGAL_OR_HARMFUL_SPEECH,,,,"[""CONTENT_TYPE_TEXT""]",,,"2024-11-23 00:00:00","[""AT"",""BE"",""BG"",""CY"",""CZ"",""DE"",""DK"",""EE"",""ES"",""FI"",""FR"",""GR"",""HR"",""HU"",""IE"",""IT"",""LI"",""LT"",""LU"",""LV"",""MT"",""NL"",""NO"",""PL"",""PT"",""RO"",""SE"",""SI"",""SK""]","2024-11-23 00:00:00","The decision was taken pursuant to own-initiative investigations.",SOURCE_VOLUNTARY,,Yes,AUTOMATED_DECISION_FULLY,TikTok,7440291922419227425,"2024-11-23 02:13:07"
02421f8e-59c6-480a-bcff-ac4ce2ecbab7,"[""DECISION_VISIBILITY_CONTENT_REMOVED""]",,,,,,,,,,,DECISION_GROUND_INCOMPATIBLE_CONTENT,,,,"Harassment and Bullying","We welcome the respectful expression of different viewpoints, but not toxicity or trolling. We do not allow language or behavior that harasses, humiliates, threatens, or doxes anyone. This also includes responding to such acts with retaliatory harassment (but excludes non-harassing counterspeech).We proactively enforce our Community Guidelines through a mix of technology and human moderation. We have detected this policy violation using automated measures. We have used automated measures in making this decision.",,STATEMENT_CATEGORY_ILLEGAL_OR_HARMFUL_SPEECH,,,,"[""CONTENT_TYPE_TEXT""]",,,"2024-11-23 00:00:00","[""AT"",""BE"",""BG"",""CY"",""CZ"",""DE"",""DK"",""EE"",""ES"",""FI"",""FR"",""GR"",""HR"",""HU"",""IE"",""IT"",""LI"",""LT"",""LU"",""LV"",""MT"",""NL"",""NO"",""PL"",""PT"",""RO"",""SE"",""SI"",""SK""]","2024-11-23 00:00:00","The decision was taken pursuant to own-initiative investigations.",SOURCE_VOLUNTARY,,Yes,AUTOMATED_DECISION_FULLY,TikTok,7440291920020134689,"2024-11-23 02:13:07"
a33cae73-21d1-4eff-9973-e0ccd6e287cc,"[""DECISION_VISIBILITY_OTHER""]","Video not eligible for recommendation in the For You feed",,,,,,,,,,DECISION_GROUND_INCOMPATIBLE_CONTENT,,,,"Alcohol, Tobacco, and Drugs","While adults make personal choices about how they engage with alcohol, drugs, and tobacco, we recognize that there are risks connected to trading and using these substances. Content is ineligible for the For You feed and harder to find in search if it shows adults consuming excessive amounts of alcohol or tobacco products.We proactively enforce our Community Guidelines through a mix of technology and human moderation. We have detected this policy violation using automated measures. We have used automated measures in making this decision.",,STATEMENT_CATEGORY_SCOPE_OF_PLATFORM_SERVICE,,,,"[""CONTENT_TYPE_VIDEO""]",,,"2024-04-21 00:00:00","[""AT"",""BE"",""BG"",""CY"",""CZ"",""DE"",""DK"",""EE"",""ES"",""FI"",""FR"",""GR"",""HR"",""HU"",""IE"",""IT"",""LI"",""LT"",""LU"",""LV"",""MT"",""NL"",""NO"",""PL"",""PT"",""RO"",""SE"",""SI"",""SK""]","2024-11-23 00:00:00","The decision was taken pursuant to own-initiative investigations.",SOURCE_VOLUNTARY,,Yes,AUTOMATED_DECISION_FULLY,TikTok,7440291922419243809,"2024-11-23 02:13:07"
38fa57dc-10a7-441b-9df4-94f8d5310fdf,"[""DECISION_VISIBILITY_CONTENT_REMOVED""]",,,,,,,,,,,DECISION_GROUND_INCOMPATIBLE_CONTENT,,,,"Harassment and Bullying","We welcome the respectful expression of different viewpoints, but not toxicity or trolling. We do not allow language or behavior that harasses, humiliates, threatens, or doxes anyone. This also includes responding to such acts with retaliatory harassment (but excludes non-harassing counterspeech).We proactively enforce our Community Guidelines through a mix of technology and human moderation. We have detected this policy violation using automated measures. We have used automated measures in making this decision.",,STATEMENT_CATEGORY_ILLEGAL_OR_HARMFUL_SPEECH,,,,"[""CONTENT_TYPE_TEXT""]",,,"2024-11-23 00:00:00","[""AT"",""BE"",""BG"",""CY"",""CZ"",""DE"",""DK"",""EE"",""ES"",""FI"",""FR"",""GR"",""HR"",""HU"",""IE"",""IT"",""LI"",""LT"",""LU"",""LV"",""MT"",""NL"",""NO"",""PL"",""PT"",""RO"",""SE"",""SI"",""SK""]","2024-11-23 00:00:00","The decision was taken pursuant to own-initiative investigations.",SOURCE_VOLUNTARY,,Yes,AUTOMATED_DECISION_FULLY,TikTok,7440291922419260193,"2024-11-23 02:13:07"
f51a0e00-c0ac-4d8e-a0c5-cb44a31cf0c1,"[""DECISION_VISIBILITY_CONTENT_REMOVED""]",,,,,,,,,,,DECISION_GROUND_INCOMPATIBLE_CONTENT,,,,"Harassment and Bullying","We welcome the respectful expression of different viewpoints, but not toxicity or trolling. We do not allow language or behavior that harasses, humiliates, threatens, or doxes anyone. This also includes responding to such acts with retaliatory harassment (but excludes non-harassing counterspeech).We proactively enforce our Community Guidelines through a mix of technology and human moderation. We have detected this policy violation using automated measures. We have used automated measures in making this decision.",,STATEMENT_CATEGORY_ILLEGAL_OR_HARMFUL_SPEECH,,,,"[""CONTENT_TYPE_TEXT""]",,,"2024-11-23 00:00:00","[""AT"",""BE"",""BG"",""CY"",""CZ"",""DE"",""DK"",""EE"",""ES"",""FI"",""FR"",""GR"",""HR"",""HU"",""IE"",""IT"",""LI"",""LT"",""LU"",""LV"",""MT"",""NL"",""NO"",""PL"",""PT"",""RO"",""SE"",""SI"",""SK""]","2024-11-23 00:00:00","The decision was taken pursuant to own-initiative investigations.",SOURCE_VOLUNTARY,,Yes,AUTOMATED_DECISION_FULLY,TikTok,7440291929960487713,"2024-11-23 02:13:07"
95befe38-5965-4ddc-a063-553875585bf6,"[""DECISION_VISIBILITY_CONTENT_REMOVED""]",,,,,,,,,,,DECISION_GROUND_INCOMPATIBLE_CONTENT,,,,"Hate Speech and Hateful Behaviors","TikTok is enriched by the various backgrounds of our community members. Our differences should be respected, rather than a cause for division. We do not allow any hateful behavior, hate speech, or promotion of hateful ideologies. This includes content that attacks a person or group because of protected attributes.We proactively enforce our Community Guidelines through a mix of technology and human moderation. We have detected this policy violation using automated measures. We have used automated measures in making this decision.",,STATEMENT_CATEGORY_ILLEGAL_OR_HARMFUL_SPEECH,,,,"[""CONTENT_TYPE_TEXT""]",,,"2024-11-23 00:00:00","[""AT"",""BE"",""BG"",""CY"",""CZ"",""DE"",""DK"",""EE"",""ES"",""FI"",""FR"",""GR"",""HR"",""HU"",""IE"",""IT"",""LI"",""LT"",""LU"",""LV"",""MT"",""NL"",""NO"",""PL"",""PT"",""RO"",""SE"",""SI"",""SK""]","2024-11-23 00:00:00","The decision was taken pursuant to own-initiative investigations.",SOURCE_VOLUNTARY,,Yes,AUTOMATED_DECISION_FULLY,TikTok,7440291929960504097,"2024-11-23 02:13:07"
e208c8cd-74a3-467f-8890-abe0b3833dac,"[""DECISION_VISIBILITY_CONTENT_REMOVED""]",,,,,,,,,,,DECISION_GROUND_INCOMPATIBLE_CONTENT,,,,"Hate Speech and Hateful Behaviors","TikTok is enriched by the various backgrounds of our community members. Our differences should be respected, rather than a cause for division. We do not allow any hateful behavior, hate speech, or promotion of hateful ideologies. This includes content that attacks a person or group because of protected attributes.We proactively enforce our Community Guidelines through a mix of technology and human moderation. We have detected this policy violation using automated measures. We have used automated measures in making this decision.",,STATEMENT_CATEGORY_ILLEGAL_OR_HARMFUL_SPEECH,,,,"[""CONTENT_TYPE_TEXT""]",,,"2024-11-23 00:00:00","[""AT"",""BE"",""BG"",""CY"",""CZ"",""DE"",""DK"",""EE"",""ES"",""FI"",""FR"",""GR"",""HR"",""HU"",""IE"",""IT"",""LI"",""LT"",""LU"",""LV"",""MT"",""NL"",""NO"",""PL"",""PT"",""RO"",""SE"",""SI"",""SK""]","2024-11-23 00:00:00","The decision was taken pursuant to own-initiative investigations.",SOURCE_VOLUNTARY,,Yes,AUTOMATED_DECISION_FULLY,TikTok,7440291922419276577,"2024-11-23 02:13:07"
ac2295fe-60e4-4084-a884-49b6c5d66bad,"[""DECISION_VISIBILITY_CONTENT_REMOVED""]",,,,,,,,,,,DECISION_GROUND_INCOMPATIBLE_CONTENT,,,,"Harassment and Bullying","We welcome the respectful expression of different viewpoints, but not toxicity or trolling. We do not allow language or behavior that harasses, humiliates, threatens, or doxes anyone. This also includes responding to such acts with retaliatory harassment (but excludes non-harassing counterspeech).We proactively enforce our Community Guidelines through a mix of technology and human moderation. We have detected this policy violation using automated measures. We have used automated measures in making this decision.",,STATEMENT_CATEGORY_ILLEGAL_OR_HARMFUL_SPEECH,,,,"[""CONTENT_TYPE_TEXT""]",,,"2024-11-23 00:00:00","[""AT"",""BE"",""BG"",""CY"",""CZ"",""DE"",""DK"",""EE"",""ES"",""FI"",""FR"",""GR"",""HR"",""HU"",""IE"",""IT"",""LI"",""LT"",""LU"",""LV"",""MT"",""NL"",""NO"",""PL"",""PT"",""RO"",""SE"",""SI"",""SK""]","2024-11-23 00:00:00","The decision was taken pursuant to own-initiative investigations.",SOURCE_VOLUNTARY,,Yes,AUTOMATED_DECISION_FULLY,TikTok,7440291934322563873,"2024-11-23 02:13:07"
afdd4013-a597-452c-8032-76f134b3c822,"[""DECISION_VISIBILITY_CONTENT_REMOVED""]",,,,,,,,,,,DECISION_GROUND_INCOMPATIBLE_CONTENT,,,,"Civic and Election Integrity","Elections are important moments of community conversation and promote the values of an open society. We do not allow misinformation about civic and electoral processes, regardless of intent. This includes misinformation about how to vote, registering to vote, eligibility requirements of  candidates, the processes to count ballots and certify elections, and the final outcome of an election.We proactively enforce our Community Guidelines through a mix of technology and human moderation. We have detected this policy violation using automated measures. We have used automated measures in making this decision.",,STATEMENT_CATEGORY_NEGATIVE_EFFECTS_ON_CIVIC_DISCOURSE_OR_ELECTIONS,,,,"[""CONTENT_TYPE_IMAGE""]",,,"2024-11-23 00:00:00","[""AT"",""BE"",""BG"",""CY"",""CZ"",""DE"",""DK"",""EE"",""ES"",""FI"",""FR"",""GR"",""HR"",""HU"",""IE"",""IT"",""LI"",""LT"",""LU"",""LV"",""MT"",""NL"",""NO"",""PL"",""PT"",""RO"",""SE"",""SI"",""SK""]","2024-11-23 00:00:00","The decision was taken pursuant to own-initiative investigations.",SOURCE_VOLUNTARY,,Yes,AUTOMATED_DECISION_FULLY,TikTok,7440291929960520481,"2024-11-23 02:13:07"
e23a6463-53f4-43b5-83b7-bc06de7ba96c,"[""DECISION_VISIBILITY_CONTENT_REMOVED""]",,,,,,,,,,,DECISION_GROUND_INCOMPATIBLE_CONTENT,,,,"Harassment and Bullying","We welcome the respectful expression of different viewpoints, but not toxicity or trolling. We do not allow language or behavior that harasses, humiliates, threatens, or doxes anyone. This also includes responding to such acts with retaliatory harassment (but excludes non-harassing counterspeech).We proactively enforce our Community Guidelines through a mix of technology and human moderation. We have detected this policy violation using automated measures. We have used automated measures in making this decision.",,STATEMENT_CATEGORY_ILLEGAL_OR_HARMFUL_SPEECH,,,,"[""CONTENT_TYPE_TEXT""]",,,"2024-11-23 00:00:00","[""AT"",""BE"",""BG"",""CY"",""CZ"",""DE"",""DK"",""EE"",""ES"",""FI"",""FR"",""GR"",""HR"",""HU"",""IE"",""IT"",""LI"",""LT"",""LU"",""LV"",""MT"",""NL"",""NO"",""PL"",""PT"",""RO"",""SE"",""SI"",""SK""]","2024-11-23 00:00:00","The decision was taken pursuant to own-initiative investigations.",SOURCE_VOLUNTARY,,Yes,AUTOMATED_DECISION_FULLY,TikTok,7440291934322580257,"2024-11-23 02:13:07"
8ca4e001-b736-4e25-8852-a148519f4b0a,"[""DECISION_VISIBILITY_OTHER""]","Video not eligible for recommendation in the For You feed",,,,,,,,,,DECISION_GROUND_INCOMPATIBLE_CONTENT,,,,"Community Guidelines","We maintain content eligibility standards for the For You feed (FYF) that prioritize safety and are informed by the diversity of our community and cultural norms. We make ineligible for the FYF certain content that may not be appropriate for a broad audience related to: (1) Behavioral Health, (2) Sensitive and Mature Themes, (3) Integrity and Authenticity, and (4) Regulated Goods. Content that is ineligible for the FYF can still be discovered in other ways, such as through search tools or by following an account.We proactively enforce our Community Guidelines through a mix of technology and human moderation. We have detected this policy violation using automated measures. We have used automated measures in making this decision.",,STATEMENT_CATEGORY_SCOPE_OF_PLATFORM_SERVICE,,,,"[""CONTENT_TYPE_VIDEO""]",,,"2024-11-23 00:00:00","[""AT"",""BE"",""BG"",""CY"",""CZ"",""DE"",""DK"",""EE"",""ES"",""FI"",""FR"",""GR"",""HR"",""HU"",""IE"",""IT"",""LI"",""LT"",""LU"",""LV"",""MT"",""NL"",""NO"",""PL"",""PT"",""RO"",""SE"",""SI"",""SK""]","2024-11-23 00:00:00","The decision was taken pursuant to own-initiative investigations.",SOURCE_VOLUNTARY,,Yes,AUTOMATED_DECISION_FULLY,TikTok,7440291934322596641,"2024-11-23 02:13:07"
08de6009-2d3b-4e86-88f1-174f8f11901c,"[""DECISION_VISIBILITY_OTHER""]","Photo not eligible for recommendation in the For You feed",,,,,,,,,,DECISION_GROUND_INCOMPATIBLE_CONTENT,,,,"Community Guidelines","Your content is against our Community Guidelines. The guidelines include rules and standards for using TikTok that apply to everyone and everything on our platform.",,STATEMENT_CATEGORY_DATA_PROTECTION_AND_PRIVACY_VIOLATIONS,,,,"[""CONTENT_TYPE_IMAGE""]",,,"2024-11-23 00:00:00","[""AT"",""BE"",""BG"",""CY"",""CZ"",""DE"",""DK"",""EE"",""ES"",""FI"",""FR"",""GR"",""HR"",""HU"",""IE"",""IT"",""LI"",""LT"",""LU"",""LV"",""MT"",""NL"",""NO"",""PL"",""PT"",""RO"",""SE"",""SI"",""SK""]","2024-11-23 00:00:00","The decision was taken pursuant to own-initiative investigations.",SOURCE_VOLUNTARY,,Yes,AUTOMATED_DECISION_FULLY,TikTok,7440291929960536865,"2024-11-23 02:13:07"
d182ca50-8846-44ae-bb5c-f596ef9e501f,"[""DECISION_VISIBILITY_OTHER""]","Video not eligible for recommendation in the For You feed",,,,,,,,,,DECISION_GROUND_INCOMPATIBLE_CONTENT,,,,"Community Guidelines","We maintain content eligibility standards for the For You feed (FYF) that prioritize safety and are informed by the diversity of our community and cultural norms. We make ineligible for the FYF certain content that may not be appropriate for a broad audience related to: (1) Behavioral Health, (2) Sensitive and Mature Themes, (3) Integrity and Authenticity, and (4) Regulated Goods. Content that is ineligible for the FYF can still be discovered in other ways, such as through search tools or by following an account.We proactively enforce our Community Guidelines through a mix of technology and human moderation. We have detected this policy violation using automated measures. We have used automated measures in making this decision.",,STATEMENT_CATEGORY_SCOPE_OF_PLATFORM_SERVICE,,,,"[""CONTENT_TYPE_VIDEO""]",,,"2024-11-23 00:00:00","[""AT"",""BE"",""BG"",""CY"",""CZ"",""DE"",""DK"",""EE"",""ES"",""FI"",""FR"",""GR"",""HR"",""HU"",""IE"",""IT"",""LI"",""LT"",""LU"",""LV"",""MT"",""NL"",""NO"",""PL"",""PT"",""RO"",""SE"",""SI"",""SK""]","2024-11-23 00:00:00","The decision was taken pursuant to own-initiative investigations.",SOURCE_VOLUNTARY,,Yes,AUTOMATED_DECISION_FULLY,TikTok,7440291934322613025,"2024-11-23 02:13:07"
d8d5e3a9-a54a-4039-892e-6e03ffbde6c4,"[""DECISION_VISIBILITY_OTHER""]","LIVE not eligible for recommendation and restricted in search results for 10 minutes","2024-11-23 00:00:00",,,,,,,,,DECISION_GROUND_INCOMPATIBLE_CONTENT,,,,"Mauvaise qualité visuelle ou images statiques","Ton LIVE n'est pas éligible pour les recommandations et a été restreint dans les résultats de recherche pour les 10 prochaines minutes, car il est possible que son contenu soit d'une mauvaise qualité visuelle ou représente des images statiques. Cette décision est conforme aux normes d'éligibilité du fil d'actualité Pour toi dans le cadre de nos Consignes communautaires.",,STATEMENT_CATEGORY_SCOPE_OF_PLATFORM_SERVICE,,,,"[""CONTENT_TYPE_VIDEO""]",,,"2024-11-23 00:00:00","[""AT"",""BE"",""BG"",""CY"",""CZ"",""DE"",""DK"",""EE"",""ES"",""FI"",""FR"",""GR"",""HR"",""HU"",""IE"",""IS"",""IT"",""LI"",""LT"",""LU"",""LV"",""MT"",""NL"",""NO"",""PL"",""PT"",""RO"",""SE"",""SI"",""SK""]","2024-11-23 00:00:00","The decision was taken pursuant to own-initiative investigations",SOURCE_VOLUNTARY,,Yes,AUTOMATED_DECISION_FULLY,TikTok,7440291929960553249,"2024-11-23 02:13:07"
2f88f95b-39b7-46d0-afac-a9328108385e,"[""DECISION_VISIBILITY_CONTENT_REMOVED""]",,,,,,,,,,,DECISION_GROUND_INCOMPATIBLE_CONTENT,,,,"Harassment and Bullying","We welcome the respectful expression of different viewpoints, but not toxicity or trolling. We do not allow language or behavior that harasses, humiliates, threatens, or doxes anyone. This also includes responding to such acts with retaliatory harassment (but excludes non-harassing counterspeech).We proactively enforce our Community Guidelines through a mix of technology and human moderation. We have detected this policy violation using automated measures. We have used automated measures in making this decision.",,STATEMENT_CATEGORY_ILLEGAL_OR_HARMFUL_SPEECH,,,,"[""CONTENT_TYPE_TEXT""]",,,"2024-11-23 00:00:00","[""AT"",""BE"",""BG"",""CY"",""CZ"",""DE"",""DK"",""EE"",""ES"",""FI"",""FR"",""GR"",""HR"",""HU"",""IE"",""IT"",""LI"",""LT"",""LU"",""LV"",""MT"",""NL"",""NO"",""PL"",""PT"",""RO"",""SE"",""SI"",""SK""]","2024-11-23 00:00:00","The decision was taken pursuant to own-initiative investigations.",SOURCE_VOLUNTARY,,Yes,AUTOMATED_DECISION_FULLY,TikTok,7440291934322629409,"2024-11-23 02:13:07"
5518255c-fa5a-46f2-868b-6e4f6509f11c,"[""DECISION_VISIBILITY_OTHER""]","Photo not eligible for recommendation in the For You feed",,,,,,,,,,DECISION_GROUND_INCOMPATIBLE_CONTENT,,,,"Community Guidelines","Your content is against our Community Guidelines. The guidelines include rules and standards for using TikTok that apply to everyone and everything on our platform.",,STATEMENT_CATEGORY_DATA_PROTECTION_AND_PRIVACY_VIOLATIONS,,,,"[""CONTENT_TYPE_IMAGE""]",,,"2024-11-23 00:00:00","[""AT"",""BE"",""BG"",""CY"",""CZ"",""DE"",""DK"",""EE"",""ES"",""FI"",""FR"",""GR"",""HR"",""HU"",""IE"",""IT"",""LI"",""LT"",""LU"",""LV"",""MT"",""NL"",""NO"",""PL"",""PT"",""RO"",""SE"",""SI"",""SK""]","2024-11-23 00:00:00","The decision was taken pursuant to own-initiative investigations.",SOURCE_VOLUNTARY,,Yes,AUTOMATED_DECISION_FULLY,TikTok,7440291929960569633,"2024-11-23 02:13:07"
4173b7e6-3c04-4ce6-8543-95381adc6d6a,"[""DECISION_VISIBILITY_OTHER""]","Ad is not eligible for posting.",,,,,,,,,,DECISION_GROUND_INCOMPATIBLE_CONTENT,,,,"Our review indicates that your advertising content may violate TikTok's advertising policies by promoting prohibited products or services in the targeted locations. Our review indicates that your advertising content may violate TikTok's advertising policies by featuring a product/service which belongs to a prohibited industry of the targeted location(s) in your ad. For more policy details, please refer to ""TikTok Advertising Policies - Industry Entry"" (https://ads.tiktok.com/help/article?aid=668","For more policy details, please refer to """"TikTok Advertising Policies - Industry Entry"" (https://ads.tiktok.com/help/article?aid=6685586866860720134).Please change the promoted product/service in your ad or change the targeted location(s) in your ad group settings according to our policy. For more policy details, please refer to ""TikTok Advertising Policies - Industry Entry"" (https://ads.tiktok.com/help/article?aid=6685586866860720134). For more policy details, please refer to """"TikTok Advertising Policies - Industry Entry"" (https://ads.tiktok.com/help/article?aid=6685586866860720134).Please change the promoted product/service in your ad or change the targeted location(s) in your ad group settings according to our policy. For more policy details, please refer to ""TikTok Advertising Policies - Industry Entry"" (https://ads.tiktok.com/help/article?aid=6685586866860720134).",,STATEMENT_CATEGORY_SCOPE_OF_PLATFORM_SERVICE,,,,"[""CONTENT_TYPE_VIDEO""]",,,"2024-11-23 00:00:00","[""RO""]","2024-11-23 00:00:00","The decision was taken pursuant to own-initiative investigations.",SOURCE_VOLUNTARY,,Yes,AUTOMATED_DECISION_FULLY,TikTok,7440291929960586017,"2024-11-23 02:13:07"
71ce3ea8-91e2-40a9-aff4-bddcb8951814,"[""DECISION_VISIBILITY_CONTENT_REMOVED""]",,,,,,,,,,,DECISION_GROUND_INCOMPATIBLE_CONTENT,,,,"Sexual Exploitation and Gender-Based Violence","We are committed to providing a space that embraces gender equity, supports healthy relationships, and respects intimate privacy. We do not allow sexual exploitation or gender-based violence, including non-consensual sexual acts, image-based sexual abuse, sextortion, physical abuse, and sexual harassment.We proactively enforce our Community Guidelines through a mix of technology and human moderation. We have detected this policy violation using automated measures. We have used automated measures in making this decision.",,STATEMENT_CATEGORY_VIOLENCE,,,,"[""CONTENT_TYPE_TEXT""]",,,"2024-11-23 00:00:00","[""AT"",""BE"",""BG"",""CY"",""CZ"",""DE"",""DK"",""EE"",""ES"",""FI"",""FR"",""GR"",""HR"",""HU"",""IE"",""IT"",""LI"",""LT"",""LU"",""LV"",""MT"",""NL"",""NO"",""PL"",""PT"",""RO"",""SE"",""SI"",""SK""]","2024-11-23 00:00:00","The decision was taken pursuant to own-initiative investigations.",SOURCE_VOLUNTARY,,Yes,AUTOMATED_DECISION_FULLY,TikTok,7440291929960602401,"2024-11-23 02:13:07"
549f4875-46dc-49be-b814-57f0b5d969b1,"[""DECISION_VISIBILITY_OTHER""]","Video not eligible for recommendation in the For You feed",,,,,,,,,,DECISION_GROUND_INCOMPATIBLE_CONTENT,,,,"Community Guidelines","We maintain content eligibility standards for the For You feed (FYF) that prioritize safety and are informed by the diversity of our community and cultural norms. We make ineligible for the FYF certain content that may not be appropriate for a broad audience related to: (1) Behavioral Health, (2) Sensitive and Mature Themes, (3) Integrity and Authenticity, and (4) Regulated Goods. Content that is ineligible for the FYF can still be discovered in other ways, such as through search tools or by following an account.We proactively enforce our Community Guidelines through a mix of technology and human moderation. We have detected this policy violation using automated measures. We have used automated measures in making this decision.",,STATEMENT_CATEGORY_SCOPE_OF_PLATFORM_SERVICE,,,,"[""CONTENT_TYPE_VIDEO""]",,,"2024-11-23 00:00:00","[""AT"",""BE"",""BG"",""CY"",""CZ"",""DE"",""DK"",""EE"",""ES"",""FI"",""FR"",""GR"",""HR"",""HU"",""IE"",""IT"",""LI"",""LT"",""LU"",""LV"",""MT"",""NL"",""NO"",""PL"",""PT"",""RO"",""SE"",""SI"",""SK""]","2024-11-23 00:00:00","The decision was taken pursuant to own-initiative investigations.",SOURCE_VOLUNTARY,,Yes,AUTOMATED_DECISION_FULLY,TikTok,7440291934322645793,"2024-11-23 02:13:07"
41c06f9a-0de2-4360-a325-5a525cbf3841,"[""DECISION_VISIBILITY_CONTENT_REMOVED""]",,,,,,,,,,,DECISION_GROUND_INCOMPATIBLE_CONTENT,,,,"Harassment and Bullying","We welcome the respectful expression of different viewpoints, but not toxicity or trolling. We do not allow language or behavior that harasses, humiliates, threatens, or doxes anyone. This also includes responding to such acts with retaliatory harassment (but excludes non-harassing counterspeech).We proactively enforce our Community Guidelines through a mix of technology and human moderation. We have detected this policy violation using automated measures. We have used automated measures in making this decision.",,STATEMENT_CATEGORY_ILLEGAL_OR_HARMFUL_SPEECH,,,,"[""CONTENT_TYPE_TEXT""]",,,"2024-11-23 00:00:00","[""AT"",""BE"",""BG"",""CY"",""CZ"",""DE"",""DK"",""EE"",""ES"",""FI"",""FR"",""GR"",""HR"",""HU"",""IE"",""IT"",""LI"",""LT"",""LU"",""LV"",""MT"",""NL"",""NO"",""PL"",""PT"",""RO"",""SE"",""SI"",""SK""]","2024-11-23 00:00:00","The decision was taken pursuant to own-initiative investigations.",SOURCE_VOLUNTARY,,Yes,AUTOMATED_DECISION_FULLY,TikTok,7440291934322662177,"2024-11-23 02:13:07"
f9d957c1-a745-4b21-8b45-e9dd4d8f61b4,,,,,,,DECISION_PROVISION_PARTIAL_SUSPENSION,"2024-11-24 00:00:00",,,,DECISION_GROUND_INCOMPATIBLE_CONTENT,,,,"Dangerous activities and challenges","Most activities or challenges are appropriate for everyone, but some carry a risk of significant injury. We do not allow showing or promoting dangerous activities and challenges. This includes dares, games, tricks, inappropriate use of dangerous tools, eating substances that are harmful to one’s health, or similar activities that may lead to significant physical harm. Visit our {CG_link} for more information.",,STATEMENT_CATEGORY_SCOPE_OF_PLATFORM_SERVICE,,,,"[""CONTENT_TYPE_VIDEO""]",,,"2024-11-23 00:00:00","[""AT"",""BE"",""BG"",""CY"",""CZ"",""DE"",""DK"",""EE"",""ES"",""FI"",""FR"",""GR"",""HR"",""HU"",""IE"",""IS"",""IT"",""LI"",""LT"",""LU"",""LV"",""MT"",""NL"",""NO"",""PL"",""PT"",""RO"",""SE"",""SI"",""SK""]","2024-11-23 00:00:00","The decision was taken pursuant to own-initiative investigations",SOURCE_VOLUNTARY,,Yes,AUTOMATED_DECISION_NOT_AUTOMATED,TikTok,7440291929960618785,"2024-11-23 02:13:07"
2b2dc176-6155-4fe9-86be-1952821be395,"[""DECISION_VISIBILITY_OTHER""]","Video not eligible for recommendation in the For You feed",,,,,,,,,,DECISION_GROUND_INCOMPATIBLE_CONTENT,,,,"Community Guidelines","We maintain content eligibility standards for the For You feed (FYF) that prioritize safety and are informed by the diversity of our community and cultural norms. We make ineligible for the FYF certain content that may not be appropriate for a broad audience related to: (1) Behavioral Health, (2) Sensitive and Mature Themes, (3) Integrity and Authenticity, and (4) Regulated Goods. Content that is ineligible for the FYF can still be discovered in other ways, such as through search tools or by following an account.We proactively enforce our Community Guidelines through a mix of technology and human moderation. We have detected this policy violation using automated measures. We have used automated measures in making this decision.",,STATEMENT_CATEGORY_SCOPE_OF_PLATFORM_SERVICE,,,,"[""CONTENT_TYPE_VIDEO""]",,,"2024-11-23 00:00:00","[""AT"",""BE"",""BG"",""CY"",""CZ"",""DE"",""DK"",""EE"",""ES"",""FI"",""FR"",""GR"",""HR"",""HU"",""IE"",""IT"",""LI"",""LT"",""LU"",""LV"",""MT"",""NL"",""NO"",""PL"",""PT"",""RO"",""SE"",""SI"",""SK""]","2024-11-23 00:00:00","The decision was taken pursuant to own-initiative investigations.",SOURCE_VOLUNTARY,,Yes,AUTOMATED_DECISION_FULLY,TikTok,7440291934322678561,"2024-11-23 02:13:07"
6a346573-2611-4683-8755-85f068f519af,"[""DECISION_VISIBILITY_CONTENT_REMOVED""]",,,,,,,,,,,DECISION_GROUND_INCOMPATIBLE_CONTENT,,,,"Harassment and Bullying","We welcome the respectful expression of different viewpoints, but not toxicity or trolling. We do not allow language or behavior that harasses, humiliates, threatens, or doxes anyone. This also includes responding to such acts with retaliatory harassment (but excludes non-harassing counterspeech).We proactively enforce our Community Guidelines through a mix of technology and human moderation. We have detected this policy violation using automated measures. We have used automated measures in making this decision.",,STATEMENT_CATEGORY_ILLEGAL_OR_HARMFUL_SPEECH,,,,"[""CONTENT_TYPE_TEXT""]",,,"2024-11-23 00:00:00","[""AT"",""BE"",""BG"",""CY"",""CZ"",""DE"",""DK"",""EE"",""ES"",""FI"",""FR"",""GR"",""HR"",""HU"",""IE"",""IT"",""LI"",""LT"",""LU"",""LV"",""MT"",""NL"",""NO"",""PL"",""PT"",""RO"",""SE"",""SI"",""SK""]","2024-11-23 00:00:00","The decision was taken pursuant to own-initiative investigations.",SOURCE_VOLUNTARY,,Yes,AUTOMATED_DECISION_FULLY,TikTok,7440291929960635169,"2024-11-23 02:13:07"
de937607-7283-46e5-b366-a4337118f0f1,,,,,,,DECISION_PROVISION_PARTIAL_SUSPENSION,"2024-11-30 00:00:00",,,,DECISION_GROUND_INCOMPATIBLE_CONTENT,,,,"Discours et comportements haineux","TikTok est riche des origines diverses des membres de sa communauté. Nos différences doivent être respectées, et non être une source de division. Nous n'autorisons aucun comportement ou discours haineux, ni la promotion d'idéologies haineuses. Cela inclut les contenus qui attaquent une personne ou un groupe en raison d'attributs protégés. Consulte notre {CG_link} pour en savoir plus.",,STATEMENT_CATEGORY_ILLEGAL_OR_HARMFUL_SPEECH,,,,"[""CONTENT_TYPE_VIDEO""]",,,"2024-11-22 00:00:00","[""AT"",""BE"",""BG"",""CY"",""CZ"",""DE"",""DK"",""EE"",""ES"",""FI"",""FR"",""GR"",""HR"",""HU"",""IE"",""IS"",""IT"",""LI"",""LT"",""LU"",""LV"",""MT"",""NL"",""NO"",""PL"",""PT"",""RO"",""SE"",""SI"",""SK""]","2024-11-23 00:00:00","The decision was taken pursuant to own-initiative investigations",SOURCE_VOLUNTARY,,Yes,AUTOMATED_DECISION_NOT_AUTOMATED,TikTok,7440291951691176736,"2024-11-23 02:13:07"
0b57f59d-f890-40c4-84bf-8fe08b4edcf4,"[""DECISION_VISIBILITY_OTHER""]","Photo not eligible for recommendation in the For You feed",,,,,,,,,,DECISION_GROUND_INCOMPATIBLE_CONTENT,,,,"Dangerous Activities and Challenges","Most activities or challenges are appropriate for everyone, but some carry a risk of significant injury. Content is ineligible for the For You feed if it involves activities that are likely to lead to moderate physical harm, or includes professionals who are performing extreme sports and stunts that may endanger others.We proactively enforce our Community Guidelines through a mix of technology and human moderation. We have detected this policy violation using automated measures. We have used automated measures in making this decision.",,STATEMENT_CATEGORY_NEGATIVE_EFFECTS_ON_CIVIC_DISCOURSE_OR_ELECTIONS,,,,"[""CONTENT_TYPE_IMAGE""]",,,"2024-11-23 00:00:00","[""AT"",""BE"",""BG"",""CY"",""CZ"",""DE"",""DK"",""EE"",""ES"",""FI"",""FR"",""GR"",""HR"",""HU"",""IE"",""IT"",""LI"",""LT"",""LU"",""LV"",""MT"",""NL"",""NO"",""PL"",""PT"",""RO"",""SE"",""SI"",""SK""]","2024-11-23 00:00:00","The decision was taken pursuant to own-initiative investigations.",SOURCE_VOLUNTARY,,Yes,AUTOMATED_DECISION_FULLY,TikTok,7440291934322694945,"2024-11-23 02:13:07"
07e20670-544d-4211-9f8c-22dc667cfb85,"[""DECISION_VISIBILITY_OTHER""]","Video not eligible for recommendation in the For You feed",,,,,,,,,,DECISION_GROUND_INCOMPATIBLE_CONTENT,,,,"Community Guidelines","We maintain content eligibility standards for the For You feed (FYF) that prioritize safety and are informed by the diversity of our community and cultural norms. We make ineligible for the FYF certain content that may not be appropriate for a broad audience related to: (1) Behavioral Health, (2) Sensitive and Mature Themes, (3) Integrity and Authenticity, and (4) Regulated Goods. Content that is ineligible for the FYF can still be discovered in other ways, such as through search tools or by following an account.We proactively enforce our Community Guidelines through a mix of technology and human moderation. We have detected this policy violation using automated measures. We have used automated measures in making this decision.",,STATEMENT_CATEGORY_SCOPE_OF_PLATFORM_SERVICE,,,,"[""CONTENT_TYPE_VIDEO""]",,,"2024-11-23 00:00:00","[""AT"",""BE"",""BG"",""CY"",""CZ"",""DE"",""DK"",""EE"",""ES"",""FI"",""FR"",""GR"",""HR"",""HU"",""IE"",""IT"",""LI"",""LT"",""LU"",""LV"",""MT"",""NL"",""NO"",""PL"",""PT"",""RO"",""SE"",""SI"",""SK""]","2024-11-23 00:00:00","The decision was taken pursuant to own-initiative investigations.",SOURCE_VOLUNTARY,,Yes,AUTOMATED_DECISION_FULLY,TikTok,7440291951691193120,"2024-11-23 02:13:07"
bbdbdaae-9e6a-4bf7-98b4-75ae035b78ea,"[""DECISION_VISIBILITY_OTHER""]","Photo not eligible for recommendation in the For You feed, and visibility restricted in search results",,,,,,,,,,DECISION_GROUND_INCOMPATIBLE_CONTENT,,,,"Community Guidelines","We maintain content eligibility standards for the For You feed (FYF) that prioritize safety and are informed by the diversity of our community and cultural norms. We make ineligible for the FYF certain content that may not be appropriate for a broad audience related to: (1) Behavioral Health, (2) Sensitive and Mature Themes, (3) Integrity and Authenticity, and (4) Regulated Goods. Content that is ineligible for the FYF can still be discovered in other ways, such as through search tools or by following an account.We proactively enforce our Community Guidelines through a mix of technology and human moderation. We have detected this policy violation using automated measures. We have used automated measures in making this decision.",,STATEMENT_CATEGORY_SCOPE_OF_PLATFORM_SERVICE,,,,"[""CONTENT_TYPE_IMAGE""]",,,"2024-11-23 00:00:00","[""AT"",""BE"",""BG"",""CY"",""CZ"",""DE"",""DK"",""EE"",""ES"",""FI"",""FR"",""GR"",""HR"",""HU"",""IE"",""IT"",""LI"",""LT"",""LU"",""LV"",""MT"",""NL"",""NO"",""PL"",""PT"",""RO"",""SE"",""SI"",""SK""]","2024-11-23 00:00:00","The decision was taken pursuant to own-initiative investigations.",SOURCE_VOLUNTARY,,Yes,AUTOMATED_DECISION_FULLY,TikTok,7440291934322711329,"2024-11-23 02:13:07"
0bfc15ce-5c20-4ba4-a437-99ac97bee29e,"[""DECISION_VISIBILITY_CONTENT_REMOVED""]",,,,,,,,,,,DECISION_GROUND_INCOMPATIBLE_CONTENT,,,,"Harassment and Bullying","We welcome the respectful expression of different viewpoints, but not toxicity or trolling. We do not allow language or behavior that harasses, humiliates, threatens, or doxes anyone. This also includes responding to such acts with retaliatory harassment (but excludes non-harassing counterspeech).We proactively enforce our Community Guidelines through a mix of technology and human moderation. We have detected this policy violation using automated measures. We have used automated measures in making this decision.",,STATEMENT_CATEGORY_ILLEGAL_OR_HARMFUL_SPEECH,,,,"[""CONTENT_TYPE_TEXT""]",,,"2024-11-23 00:00:00","[""AT"",""BE"",""BG"",""CY"",""CZ"",""DE"",""DK"",""EE"",""ES"",""FI"",""FR"",""GR"",""HR"",""HU"",""IE"",""IT"",""LI"",""LT"",""LU"",""LV"",""MT"",""NL"",""NO"",""PL"",""PT"",""RO"",""SE"",""SI"",""SK""]","2024-11-23 00:00:00","The decision was taken pursuant to own-initiative investigations.",SOURCE_VOLUNTARY,,Yes,AUTOMATED_DECISION_FULLY,TikTok,7440291951691209504,"2024-11-23 02:13:07"
81e8d3b8-e051-4a35-895f-dbbf206f9f11,"[""DECISION_VISIBILITY_CONTENT_REMOVED""]",,,,,,,,,,,DECISION_GROUND_INCOMPATIBLE_CONTENT,,,,"Harassment and Bullying","We welcome the respectful expression of different viewpoints, but not toxicity or trolling. We do not allow language or behavior that harasses, humiliates, threatens, or doxes anyone. This also includes responding to such acts with retaliatory harassment (but excludes non-harassing counterspeech).We proactively enforce our Community Guidelines through a mix of technology and human moderation. We have detected this policy violation using automated measures. We have used automated measures in making this decision.",,STATEMENT_CATEGORY_ILLEGAL_OR_HARMFUL_SPEECH,,,,"[""CONTENT_TYPE_TEXT""]",,,"2024-11-23 00:00:00","[""AT"",""BE"",""BG"",""CY"",""CZ"",""DE"",""DK"",""EE"",""ES"",""FI"",""FR"",""GR"",""HR"",""HU"",""IE"",""IT"",""LI"",""LT"",""LU"",""LV"",""MT"",""NL"",""NO"",""PL"",""PT"",""RO"",""SE"",""SI"",""SK""]","2024-11-23 00:00:00","The decision was taken pursuant to own-initiative investigations.",SOURCE_VOLUNTARY,,Yes,AUTOMATED_DECISION_FULLY,TikTok,7440291958708247329,"2024-11-23 02:13:07"
54af79c9-32cc-4518-abb0-3d3c2fb6a9c4,"[""DECISION_VISIBILITY_CONTENT_REMOVED""]",,,,,,,,,,,DECISION_GROUND_INCOMPATIBLE_CONTENT,,,,"Alcohol, Tobacco, and Drugs","While adults make personal choices about how they engage with alcohol, drugs, and tobacco, we recognize that there are risks connected to trading and using these substances. We do not allow showing or promoting recreational drug use, or the trade of alcohol, tobacco products, and drugs.We proactively enforce our Community Guidelines through a mix of technology and human moderation. We have detected this policy violation using automated measures.",,STATEMENT_CATEGORY_SCOPE_OF_PLATFORM_SERVICE,,,,"[""CONTENT_TYPE_VIDEO""]",,,"2024-11-23 00:00:00","[""AT"",""BE"",""BG"",""CY"",""CZ"",""DE"",""DK"",""EE"",""ES"",""FI"",""FR"",""GR"",""HR"",""HU"",""IE"",""IT"",""LI"",""LT"",""LU"",""LV"",""MT"",""NL"",""NO"",""PL"",""PT"",""RO"",""SE"",""SI"",""SK""]","2024-11-23 00:00:00","The decision was taken pursuant to own-initiative investigations.",SOURCE_VOLUNTARY,,Yes,AUTOMATED_DECISION_NOT_AUTOMATED,TikTok,7440291951691225888,"2024-11-23 02:13:07"
97a3250d-5339-4824-9009-e5b92694a5e1,"[""DECISION_VISIBILITY_CONTENT_REMOVED""]",,,,,,,,,,,DECISION_GROUND_INCOMPATIBLE_CONTENT,,,,"Discours et comportements haineux","TikTok est riche des origines diverses des membres de sa communauté. Nos différences doivent être respectées, et non être une source de division. Nous n'autorisons aucun comportement ou discours haineux, ni la promotion d'idéologies haineuses. Cela inclut les contenus qui attaquent une personne ou un groupe en raison d'attributs protégés. Consulte notre {CG_link} pour en savoir plus.",,STATEMENT_CATEGORY_ILLEGAL_OR_HARMFUL_SPEECH,,,,"[""CONTENT_TYPE_VIDEO""]",,,"2024-11-22 00:00:00","[""AT"",""BE"",""BG"",""CY"",""CZ"",""DE"",""DK"",""EE"",""ES"",""FI"",""FR"",""GR"",""HR"",""HU"",""IE"",""IS"",""IT"",""LI"",""LT"",""LU"",""LV"",""MT"",""NL"",""NO"",""PL"",""PT"",""RO"",""SE"",""SI"",""SK""]","2024-11-23 00:00:00","The decision was taken pursuant to own-initiative investigations",SOURCE_VOLUNTARY,,Yes,AUTOMATED_DECISION_NOT_AUTOMATED,TikTok,7440291951691242272,"2024-11-23 02:13:07"
8ca62510-7fac-4496-bb3d-b286b4055a24,"[""DECISION_VISIBILITY_CONTENT_REMOVED""]",,,,,,,,,,,DECISION_GROUND_INCOMPATIBLE_CONTENT,,,,"Harassment and Bullying","We welcome the respectful expression of different viewpoints, but not toxicity or trolling. We do not allow language or behavior that harasses, humiliates, threatens, or doxes anyone. This also includes responding to such acts with retaliatory harassment (but excludes non-harassing counterspeech).We proactively enforce our Community Guidelines through a mix of technology and human moderation. We have detected this policy violation using automated measures. We have used automated measures in making this decision.",,STATEMENT_CATEGORY_ILLEGAL_OR_HARMFUL_SPEECH,,,,"[""CONTENT_TYPE_TEXT""]",,,"2024-11-23 00:00:00","[""AT"",""BE"",""BG"",""CY"",""CZ"",""DE"",""DK"",""EE"",""ES"",""FI"",""FR"",""GR"",""HR"",""HU"",""IE"",""IT"",""LI"",""LT"",""LU"",""LV"",""MT"",""NL"",""NO"",""PL"",""PT"",""RO"",""SE"",""SI"",""SK""]","2024-11-23 00:00:00","The decision was taken pursuant to own-initiative investigations.",SOURCE_VOLUNTARY,,Yes,AUTOMATED_DECISION_FULLY,TikTok,7440292004715617056,"2024-11-23 02:13:08"
fef08a48-b5dc-4b8a-9d04-cfa23834c7ba,"[""DECISION_VISIBILITY_CONTENT_REMOVED""]",,,,,,,,,,,DECISION_GROUND_INCOMPATIBLE_CONTENT,,,,"Harassment and Bullying","We welcome the respectful expression of different viewpoints, but not toxicity or trolling. We do not allow language or behavior that harasses, humiliates, threatens, or doxes anyone. This also includes responding to such acts with retaliatory harassment (but excludes non-harassing counterspeech).We proactively enforce our Community Guidelines through a mix of technology and human moderation. We have detected this policy violation using automated measures. We have used automated measures in making this decision.",,STATEMENT_CATEGORY_ILLEGAL_OR_HARMFUL_SPEECH,,,,"[""CONTENT_TYPE_TEXT""]",,,"2024-11-23 00:00:00","[""AT"",""BE"",""BG"",""CY"",""CZ"",""DE"",""DK"",""EE"",""ES"",""FI"",""FR"",""GR"",""HR"",""HU"",""IE"",""IT"",""LI"",""LT"",""LU"",""LV"",""MT"",""NL"",""NO"",""PL"",""PT"",""RO"",""SE"",""SI"",""SK""]","2024-11-23 00:00:00","The decision was taken pursuant to own-initiative investigations.",SOURCE_VOLUNTARY,,Yes,AUTOMATED_DECISION_FULLY,TikTok,7440292002521979681,"2024-11-23 02:13:08"
d5e25f1b-108e-46a1-a257-f61c497a141d,"[""DECISION_VISIBILITY_OTHER""]","Video not eligible for recommendation in the For You feed",,,,,,,,,,DECISION_GROUND_INCOMPATIBLE_CONTENT,,,,"Community Guidelines","We maintain content eligibility standards for the For You feed (FYF) that prioritize safety and are informed by the diversity of our community and cultural norms. We make ineligible for the FYF certain content that may not be appropriate for a broad audience related to: (1) Behavioral Health, (2) Sensitive and Mature Themes, (3) Integrity and Authenticity, and (4) Regulated Goods. Content that is ineligible for the FYF can still be discovered in other ways, such as through search tools or by following an account.We proactively enforce our Community Guidelines through a mix of technology and human moderation. We have detected this policy violation using automated measures. We have used automated measures in making this decision.",,STATEMENT_CATEGORY_SCOPE_OF_PLATFORM_SERVICE,,,,"[""CONTENT_TYPE_VIDEO""]",,,"2024-11-23 00:00:00","[""AT"",""BE"",""BG"",""CY"",""CZ"",""DE"",""DK"",""EE"",""ES"",""FI"",""FR"",""GR"",""HR"",""HU"",""IE"",""IT"",""LI"",""LT"",""LU"",""LV"",""MT"",""NL"",""NO"",""PL"",""PT"",""RO"",""SE"",""SI"",""SK""]","2024-11-23 00:00:00","The decision was taken pursuant to own-initiative investigations.",SOURCE_VOLUNTARY,,Yes,AUTOMATED_DECISION_FULLY,TikTok,7440292004715633440,"2024-11-23 02:13:08"
6ed87284-ae34-4ddb-a111-ab788b622b38,"[""DECISION_VISIBILITY_CONTENT_REMOVED""]",,,,,,,,,,,DECISION_GROUND_INCOMPATIBLE_CONTENT,,,,"Harassment and Bullying","We welcome the respectful expression of different viewpoints, but not toxicity or trolling. We do not allow language or behavior that harasses, humiliates, threatens, or doxes anyone. This also includes responding to such acts with retaliatory harassment (but excludes non-harassing counterspeech).We proactively enforce our Community Guidelines through a mix of technology and human moderation. We have detected this policy violation using automated measures. We have used automated measures in making this decision.",,STATEMENT_CATEGORY_ILLEGAL_OR_HARMFUL_SPEECH,,,,"[""CONTENT_TYPE_TEXT""]",,,"2024-11-23 00:00:00","[""AT"",""BE"",""BG"",""CY"",""CZ"",""DE"",""DK"",""EE"",""ES"",""FI"",""FR"",""GR"",""HR"",""HU"",""IE"",""IT"",""LI"",""LT"",""LU"",""LV"",""MT"",""NL"",""NO"",""PL"",""PT"",""RO"",""SE"",""SI"",""SK""]","2024-11-23 00:00:00","The decision was taken pursuant to own-initiative investigations.",SOURCE_VOLUNTARY,,Yes,AUTOMATED_DECISION_FULLY,TikTok,7440292002521996065,"2024-11-23 02:13:08"
08ed1a32-11e0-4fcc-9a00-23dc0f4f93fd,"[""DECISION_VISIBILITY_CONTENT_REMOVED""]",,,,,,,,,,,DECISION_GROUND_INCOMPATIBLE_CONTENT,,,,"Harassment and Bullying","We welcome the respectful expression of different viewpoints, but not toxicity or trolling. We do not allow language or behavior that harasses, humiliates, threatens, or doxes anyone. This also includes responding to such acts with retaliatory harassment (but excludes non-harassing counterspeech).We proactively enforce our Community Guidelines through a mix of technology and human moderation. We have detected this policy violation using automated measures. We have used automated measures in making this decision.",,STATEMENT_CATEGORY_ILLEGAL_OR_HARMFUL_SPEECH,,,,"[""CONTENT_TYPE_TEXT""]",,,"2024-11-23 00:00:00","[""AT"",""BE"",""BG"",""CY"",""CZ"",""DE"",""DK"",""EE"",""ES"",""FI"",""FR"",""GR"",""HR"",""HU"",""IE"",""IT"",""LI"",""LT"",""LU"",""LV"",""MT"",""NL"",""NO"",""PL"",""PT"",""RO"",""SE"",""SI"",""SK""]","2024-11-23 00:00:00","The decision was taken pursuant to own-initiative investigations.",SOURCE_VOLUNTARY,,Yes,AUTOMATED_DECISION_FULLY,TikTok,7440292002522012449,"2024-11-23 02:13:08"
da56a388-4e58-4a12-92d3-62531d9b9462,"[""DECISION_VISIBILITY_CONTENT_REMOVED""]",,,,,,,,,,,DECISION_GROUND_INCOMPATIBLE_CONTENT,,,,"Nudity and Body Exposure","We celebrate all shapes and sizes and want people to feel comfortable in how they present themselves and their bodies. We do not allow nudity, including uncovered genitals and buttocks, as well as nipples and areolas of women and girls. Sheer and partially see-through clothing is not considered covered.We proactively enforce our Community Guidelines through a mix of technology and human moderation. We have detected this policy violation using automated measures. We have used automated measures in making this decision.",,STATEMENT_CATEGORY_SCOPE_OF_PLATFORM_SERVICE,,,,"[""CONTENT_TYPE_VIDEO""]",,,"2024-11-23 00:00:00","[""AT"",""BE"",""BG"",""CY"",""CZ"",""DE"",""DK"",""EE"",""ES"",""FI"",""FR"",""GR"",""HR"",""HU"",""IE"",""IT"",""LI"",""LT"",""LU"",""LV"",""MT"",""NL"",""NO"",""PL"",""PT"",""RO"",""SE"",""SI"",""SK""]","2024-11-23 00:00:00","The decision was taken pursuant to own-initiative investigations.",SOURCE_VOLUNTARY,,Yes,AUTOMATED_DECISION_FULLY,TikTok,7440292004715649824,"2024-11-23 02:13:08"
53c80d14-ef90-4e7a-a835-71f0a7e6a79b,"[""DECISION_VISIBILITY_CONTENT_REMOVED""]",,,,,,,,,,,DECISION_GROUND_INCOMPATIBLE_CONTENT,,,,"Nudity and Body Exposure","We celebrate all shapes and sizes and want people to feel comfortable in how they present themselves and their bodies. We do not allow nudity, including uncovered genitals and buttocks, as well as nipples and areolas of women and girls. Sheer and partially see-through clothing is not considered covered.We proactively enforce our Community Guidelines through a mix of technology and human moderation. We have detected this policy violation using automated measures. We have used automated measures in making this decision.",,STATEMENT_CATEGORY_SCOPE_OF_PLATFORM_SERVICE,,,,"[""CONTENT_TYPE_VIDEO""]",,,"2024-11-23 00:00:00","[""AT"",""BE"",""BG"",""CY"",""CZ"",""DE"",""DK"",""EE"",""ES"",""FI"",""FR"",""GR"",""HR"",""HU"",""IE"",""IT"",""LI"",""LT"",""LU"",""LV"",""MT"",""NL"",""NO"",""PL"",""PT"",""RO"",""SE"",""SI"",""SK""]","2024-11-23 00:00:00","The decision was taken pursuant to own-initiative investigations.",SOURCE_VOLUNTARY,,Yes,AUTOMATED_DECISION_FULLY,TikTok,7440292002522028833,"2024-11-23 02:13:08"
5cb8df57-d3fa-43df-a1fa-884a7851c8df,"[""DECISION_VISIBILITY_CONTENT_REMOVED""]",,,,,,,,,,,DECISION_GROUND_INCOMPATIBLE_CONTENT,,,,"Harassment and Bullying","We welcome the respectful expression of different viewpoints, but not toxicity or trolling. We do not allow language or behavior that harasses, humiliates, threatens, or doxes anyone. This also includes responding to such acts with retaliatory harassment (but excludes non-harassing counterspeech).We proactively enforce our Community Guidelines through a mix of technology and human moderation. We have detected this policy violation using automated measures. We have used automated measures in making this decision.",,STATEMENT_CATEGORY_ILLEGAL_OR_HARMFUL_SPEECH,,,,"[""CONTENT_TYPE_TEXT""]",,,"2024-11-23 00:00:00","[""AT"",""BE"",""BG"",""CY"",""CZ"",""DE"",""DK"",""EE"",""ES"",""FI"",""FR"",""GR"",""HR"",""HU"",""IE"",""IT"",""LI"",""LT"",""LU"",""LV"",""MT"",""NL"",""NO"",""PL"",""PT"",""RO"",""SE"",""SI"",""SK""]","2024-11-23 00:00:00","The decision was taken pursuant to own-initiative investigations.",SOURCE_VOLUNTARY,,Yes,AUTOMATED_DECISION_FULLY,TikTok,7440292004715666208,"2024-11-23 02:13:08"
54ba1034-f180-4c47-94e0-243b464138cd,"[""DECISION_VISIBILITY_CONTENT_REMOVED""]",,,,,,,,,,,DECISION_GROUND_INCOMPATIBLE_CONTENT,,,,"Harassment and Bullying","We welcome the respectful expression of different viewpoints, but not toxicity or trolling. We do not allow language or behavior that harasses, humiliates, threatens, or doxes anyone. This also includes responding to such acts with retaliatory harassment (but excludes non-harassing counterspeech).We proactively enforce our Community Guidelines through a mix of technology and human moderation. We have detected this policy violation using automated measures. We have used automated measures in making this decision.",,STATEMENT_CATEGORY_ILLEGAL_OR_HARMFUL_SPEECH,,,,"[""CONTENT_TYPE_TEXT""]",,,"2024-11-23 00:00:00","[""AT"",""BE"",""BG"",""CY"",""CZ"",""DE"",""DK"",""EE"",""ES"",""FI"",""FR"",""GR"",""HR"",""HU"",""IE"",""IT"",""LI"",""LT"",""LU"",""LV"",""MT"",""NL"",""NO"",""PL"",""PT"",""RO"",""SE"",""SI"",""SK""]","2024-11-23 00:00:00","The decision was taken pursuant to own-initiative investigations.",SOURCE_VOLUNTARY,,Yes,AUTOMATED_DECISION_FULLY,TikTok,7440292002522045217,"2024-11-23 02:13:08"
384413da-2dc1-4439-80b5-66ab1d888538,"[""DECISION_VISIBILITY_CONTENT_REMOVED""]",,,,,,,,,,,DECISION_GROUND_INCOMPATIBLE_CONTENT,,,,"Harassment and Bullying","We welcome the respectful expression of different viewpoints, but not toxicity or trolling. We do not allow language or behavior that harasses, humiliates, threatens, or doxes anyone. This also includes responding to such acts with retaliatory harassment (but excludes non-harassing counterspeech).We proactively enforce our Community Guidelines through a mix of technology and human moderation. We have detected this policy violation using automated measures. We have used automated measures in making this decision.",,STATEMENT_CATEGORY_ILLEGAL_OR_HARMFUL_SPEECH,,,,"[""CONTENT_TYPE_TEXT""]",,,"2024-11-23 00:00:00","[""AT"",""BE"",""BG"",""CY"",""CZ"",""DE"",""DK"",""EE"",""ES"",""FI"",""FR"",""GR"",""HR"",""HU"",""IE"",""IT"",""LI"",""LT"",""LU"",""LV"",""MT"",""NL"",""NO"",""PL"",""PT"",""RO"",""SE"",""SI"",""SK""]","2024-11-23 00:00:00","The decision was taken pursuant to own-initiative investigations.",SOURCE_VOLUNTARY,,Yes,AUTOMATED_DECISION_FULLY,TikTok,7440292004715682592,"2024-11-23 02:13:08"
22ca5de4-a82b-4db8-8fb2-f45303c5d3dc,"[""DECISION_VISIBILITY_CONTENT_REMOVED""]",,,,,,,,,,,DECISION_GROUND_INCOMPATIBLE_CONTENT,,,,"Community Guidelines","Your content is against our Community Guidelines. The guidelines include rules and standards for using TikTok that apply to everyone and everything on our platform.We proactively enforce our Community Guidelines through a mix of technology and human moderation. We have detected this policy violation using automated measures.",,STATEMENT_CATEGORY_SCOPE_OF_PLATFORM_SERVICE,,,,"[""CONTENT_TYPE_OTHER""]","Profile information",,"2024-11-23 00:00:00","[""AT"",""BE"",""BG"",""CY"",""CZ"",""DE"",""DK"",""EE"",""ES"",""FI"",""FR"",""GR"",""HR"",""HU"",""IE"",""IT"",""LI"",""LT"",""LU"",""LV"",""MT"",""NL"",""NO"",""PL"",""PT"",""RO"",""SE"",""SI"",""SK""]","2024-11-23 00:00:00","The decision was taken pursuant to own-initiative investigations.",SOURCE_VOLUNTARY,,Yes,AUTOMATED_DECISION_NOT_AUTOMATED,TikTok,7440292002522061601,"2024-11-23 02:13:08"
5373d367-c9bd-4920-b4ca-930800d60411,"[""DECISION_VISIBILITY_OTHER""]","Video not eligible for recommendation in the For You feed",,,,,,,,,,DECISION_GROUND_INCOMPATIBLE_CONTENT,,,,"Nudity and Body Exposure","We celebrate all shapes and sizes and want people to feel comfortable in how they present themselves and their bodies. Content is ineligible for the For You feed and harder to find in search if it shows moderate body exposure of a young person, or significant body exposure of an adult. We allow regional exceptions for body exposure in limited situations, such as common cultural practices.We proactively enforce our Community Guidelines through a mix of technology and human moderation. We have detected this policy violation using automated measures. We have used automated measures in making this decision.",,STATEMENT_CATEGORY_SCOPE_OF_PLATFORM_SERVICE,,,,"[""CONTENT_TYPE_VIDEO""]",,,"2024-11-23 00:00:00","[""AT"",""BE"",""BG"",""CY"",""CZ"",""DE"",""DK"",""EE"",""ES"",""FI"",""FR"",""GR"",""HR"",""HU"",""IE"",""IT"",""LI"",""LT"",""LU"",""LV"",""MT"",""NL"",""NO"",""PL"",""PT"",""RO"",""SE"",""SI"",""SK""]","2024-11-23 00:00:00","The decision was taken pursuant to own-initiative investigations.",SOURCE_VOLUNTARY,,Yes,AUTOMATED_DECISION_FULLY,TikTok,7440292002522077985,"2024-11-23 02:13:08"
78683efe-278c-4d49-9739-96460ef4c6de,"[""DECISION_VISIBILITY_CONTENT_REMOVED""]",,,,,,,,,,,DECISION_GROUND_INCOMPATIBLE_CONTENT,,,,"Violent Behaviors and Criminal Activities","We recognize that online content related to violence can cause real-world harm. We do not allow any violent threats, incitement to violence, or promotion of criminal activities that may harm people, animals, or property. If there is a specific, credible, and imminent threat to human life or serious physical injury, we will report it to relevant law enforcement authorities.We proactively enforce our Community Guidelines through a mix of technology and human moderation. We have detected this policy violation using automated measures. We have used automated measures in making this decision.",,STATEMENT_CATEGORY_VIOLENCE,,,,"[""CONTENT_TYPE_TEXT""]",,,"2024-11-23 00:00:00","[""AT"",""BE"",""BG"",""CY"",""CZ"",""DE"",""DK"",""EE"",""ES"",""FI"",""FR"",""GR"",""HR"",""HU"",""IE"",""IT"",""LI"",""LT"",""LU"",""LV"",""MT"",""NL"",""NO"",""PL"",""PT"",""RO"",""SE"",""SI"",""SK""]","2024-11-23 00:00:00","The decision was taken pursuant to own-initiative investigations.",SOURCE_VOLUNTARY,,Yes,AUTOMATED_DECISION_FULLY,TikTok,7440292004715698976,"2024-11-23 02:13:10"
b9a94f4b-d0bf-42a8-b691-4a7ef83db910,"[""DECISION_VISIBILITY_CONTENT_REMOVED""]",,,,,,,,,,,DECISION_GROUND_INCOMPATIBLE_CONTENT,,,,"Dangerous activities and challenges","Most activities or challenges are appropriate for everyone, but some carry a risk of significant injury. We do not allow showing or promoting dangerous activities and challenges. This includes dares, games, tricks, inappropriate use of dangerous tools, eating substances that are harmful to one’s health, or similar activities that may lead to significant physical harm. Visit our {CG_link} for more information.",,STATEMENT_CATEGORY_SCOPE_OF_PLATFORM_SERVICE,,,,"[""CONTENT_TYPE_VIDEO""]",,,"2024-11-23 00:00:00","[""AT"",""BE"",""BG"",""CY"",""CZ"",""DE"",""DK"",""EE"",""ES"",""FI"",""FR"",""GR"",""HR"",""HU"",""IE"",""IS"",""IT"",""LI"",""LT"",""LU"",""LV"",""MT"",""NL"",""NO"",""PL"",""PT"",""RO"",""SE"",""SI"",""SK""]","2024-11-23 00:00:00","The decision was taken pursuant to own-initiative investigations",SOURCE_VOLUNTARY,,Yes,AUTOMATED_DECISION_FULLY,TikTok,7440292004715715360,"2024-11-23 02:13:10"
cbb16b86-2b2d-4a63-81c8-5009bd309fdd,"[""DECISION_VISIBILITY_CONTENT_REMOVED""]",,,,,,,,,,,DECISION_GROUND_INCOMPATIBLE_CONTENT,,,,"Hate Speech and Hateful Behaviors","TikTok is enriched by the various backgrounds of our community members. Our differences should be respected, rather than a cause for division. We do not allow any hateful behavior, hate speech, or promotion of hateful ideologies. This includes content that attacks a person or group because of protected attributes.We proactively enforce our Community Guidelines through a mix of technology and human moderation. We have detected this policy violation using automated measures. We have used automated measures in making this decision.",,STATEMENT_CATEGORY_ILLEGAL_OR_HARMFUL_SPEECH,,,,"[""CONTENT_TYPE_TEXT""]",,,"2024-11-23 00:00:00","[""AT"",""BE"",""BG"",""CY"",""CZ"",""DE"",""DK"",""EE"",""ES"",""FI"",""FR"",""GR"",""HR"",""HU"",""IE"",""IT"",""LI"",""LT"",""LU"",""LV"",""MT"",""NL"",""NO"",""PL"",""PT"",""RO"",""SE"",""SI"",""SK""]","2024-11-23 00:00:00","The decision was taken pursuant to own-initiative investigations.",SOURCE_VOLUNTARY,,Yes,AUTOMATED_DECISION_FULLY,TikTok,7440292014752537376,"2024-11-23 02:13:10"
ca9f44f6-5d9a-4373-8ee6-0a3b29d6b86c,"[""DECISION_VISIBILITY_OTHER""]","Video not eligible for recommendation in the For You feed",,,,,,,,,,DECISION_GROUND_INCOMPATIBLE_CONTENT,,,,"Alcohol, Tobacco, and Drugs","While adults make personal choices about how they engage with alcohol, drugs, and tobacco, we recognize that there are risks connected to trading and using these substances. Content is ineligible for the For You feed and harder to find in search if it shows adults consuming excessive amounts of alcohol or tobacco products.We proactively enforce our Community Guidelines through a mix of technology and human moderation. We have detected this policy violation using automated measures. We have used automated measures in making this decision.",,STATEMENT_CATEGORY_SCOPE_OF_PLATFORM_SERVICE,,,,"[""CONTENT_TYPE_VIDEO""]",,,"2024-11-23 00:00:00","[""AT"",""BE"",""BG"",""CY"",""CZ"",""DE"",""DK"",""EE"",""ES"",""FI"",""FR"",""GR"",""HR"",""HU"",""IE"",""IT"",""LI"",""LT"",""LU"",""LV"",""MT"",""NL"",""NO"",""PL"",""PT"",""RO"",""SE"",""SI"",""SK""]","2024-11-23 00:00:00","The decision was taken pursuant to own-initiative investigations.",SOURCE_VOLUNTARY,,Yes,AUTOMATED_DECISION_FULLY,TikTok,7440292013481663265,"2024-11-23 02:13:10"
445aab1c-569e-4b02-bc96-ad30b9c05b36,"[""DECISION_VISIBILITY_CONTENT_REMOVED""]",,,,,,,,,,,DECISION_GROUND_INCOMPATIBLE_CONTENT,,,,"Harassment and Bullying","We welcome the respectful expression of different viewpoints, but not toxicity or trolling. We do not allow language or behavior that harasses, humiliates, threatens, or doxes anyone. This also includes responding to such acts with retaliatory harassment (but excludes non-harassing counterspeech).We proactively enforce our Community Guidelines through a mix of technology and human moderation. We have detected this policy violation using automated measures. We have used automated measures in making this decision.",,STATEMENT_CATEGORY_ILLEGAL_OR_HARMFUL_SPEECH,,,,"[""CONTENT_TYPE_TEXT""]",,,"2024-11-23 00:00:00","[""AT"",""BE"",""BG"",""CY"",""CZ"",""DE"",""DK"",""EE"",""ES"",""FI"",""FR"",""GR"",""HR"",""HU"",""IE"",""IT"",""LI"",""LT"",""LU"",""LV"",""MT"",""NL"",""NO"",""PL"",""PT"",""RO"",""SE"",""SI"",""SK""]","2024-11-23 00:00:00","The decision was taken pursuant to own-initiative investigations.",SOURCE_VOLUNTARY,,Yes,AUTOMATED_DECISION_FULLY,TikTok,7440292013481679649,"2024-11-23 02:13:10"
7bab3033-0402-4beb-a4b0-2b72e8753bfe,"[""DECISION_VISIBILITY_CONTENT_REMOVED""]",,,,,,,,,,,DECISION_GROUND_INCOMPATIBLE_CONTENT,,,,"Community Guidelines","Your content is against our Community Guidelines. The guidelines include rules and standards for using TikTok that apply to everyone and everything on our platform.We proactively enforce our Community Guidelines through a mix of technology and human moderation. We have detected this policy violation using automated measures. We have used automated measures in making this decision.",,STATEMENT_CATEGORY_SCOPE_OF_PLATFORM_SERVICE,,,,"[""CONTENT_TYPE_VIDEO""]",,,"2024-11-23 00:00:00","[""AT"",""BE"",""BG"",""CY"",""CZ"",""DE"",""DK"",""EE"",""ES"",""FI"",""FR"",""GR"",""HR"",""HU"",""IE"",""IT"",""LI"",""LT"",""LU"",""LV"",""MT"",""NL"",""NO"",""PL"",""PT"",""RO"",""SE"",""SI"",""SK""]","2024-11-23 00:00:00","The decision was taken pursuant to own-initiative investigations.",SOURCE_VOLUNTARY,,Yes,AUTOMATED_DECISION_FULLY,TikTok,7440292013481696033,"2024-11-23 02:13:10"
9bebad9a-8913-4373-8898-b78f1dd9be90,"[""DECISION_VISIBILITY_CONTENT_REMOVED""]",,,,,,,,,,,DECISION_GROUND_INCOMPATIBLE_CONTENT,,,,"Hate Speech and Hateful Behaviors","TikTok is enriched by the various backgrounds of our community members. Our differences should be respected, rather than a cause for division. We do not allow any hateful behavior, hate speech, or promotion of hateful ideologies. This includes content that attacks a person or group because of protected attributes.We proactively enforce our Community Guidelines through a mix of technology and human moderation. We have detected this policy violation using automated measures. We have used automated measures in making this decision.",,STATEMENT_CATEGORY_ILLEGAL_OR_HARMFUL_SPEECH,,,,"[""CONTENT_TYPE_TEXT""]",,,"2024-11-23 00:00:00","[""AT"",""BE"",""BG"",""CY"",""CZ"",""DE"",""DK"",""EE"",""ES"",""FI"",""FR"",""GR"",""HR"",""HU"",""IE"",""IT"",""LI"",""LT"",""LU"",""LV"",""MT"",""NL"",""NO"",""PL"",""PT"",""RO"",""SE"",""SI"",""SK""]","2024-11-23 00:00:00","The decision was taken pursuant to own-initiative investigations.",SOURCE_VOLUNTARY,,Yes,AUTOMATED_DECISION_FULLY,TikTok,7440292014752553760,"2024-11-23 02:13:10"
ee69b52b-d7ac-40fc-a8ed-873da8389074,,,,,,,DECISION_PROVISION_PARTIAL_SUSPENSION,"2024-11-24 00:00:00",,,,DECISION_GROUND_INCOMPATIBLE_CONTENT,,,,"Dangerous activities and challenges","Most activities or challenges are appropriate for everyone, but some carry a risk of significant injury. We do not allow showing or promoting dangerous activities and challenges. This includes dares, games, tricks, inappropriate use of dangerous tools, eating substances that are harmful to one’s health, or similar activities that may lead to significant physical harm. Visit our {CG_link} for more information.",,STATEMENT_CATEGORY_SCOPE_OF_PLATFORM_SERVICE,,,,"[""CONTENT_TYPE_VIDEO""]",,,"2024-11-23 00:00:00","[""AT"",""BE"",""BG"",""CY"",""CZ"",""DE"",""DK"",""EE"",""ES"",""FI"",""FR"",""GR"",""HR"",""HU"",""IE"",""IS"",""IT"",""LI"",""LT"",""LU"",""LV"",""MT"",""NL"",""NO"",""PL"",""PT"",""RO"",""SE"",""SI"",""SK""]","2024-11-23 00:00:00","The decision was taken pursuant to own-initiative investigations",SOURCE_VOLUNTARY,,Yes,AUTOMATED_DECISION_FULLY,TikTok,7440292013481712417,"2024-11-23 02:13:10"
40fb3e3d-fd85-47fa-b63e-df8091d2c58f,"[""DECISION_VISIBILITY_OTHER""]","Video not eligible for recommendation in the For You feed",,,,,,,,,,DECISION_GROUND_INCOMPATIBLE_CONTENT,,,,"Community Guidelines","We maintain content eligibility standards for the For You feed (FYF) that prioritize safety and are informed by the diversity of our community and cultural norms. We make ineligible for the FYF certain content that may not be appropriate for a broad audience related to: (1) Behavioral Health, (2) Sensitive and Mature Themes, (3) Integrity and Authenticity, and (4) Regulated Goods. Content that is ineligible for the FYF can still be discovered in other ways, such as through search tools or by following an account.We proactively enforce our Community Guidelines through a mix of technology and human moderation. We have detected this policy violation using automated measures. We have used automated measures in making this decision.",,STATEMENT_CATEGORY_SCOPE_OF_PLATFORM_SERVICE,,,,"[""CONTENT_TYPE_VIDEO""]",,,"2024-11-23 00:00:00","[""AT"",""BE"",""BG"",""CY"",""CZ"",""DE"",""DK"",""EE"",""ES"",""FI"",""FR"",""GR"",""HR"",""HU"",""IE"",""IT"",""LI"",""LT"",""LU"",""LV"",""MT"",""NL"",""NO"",""PL"",""PT"",""RO"",""SE"",""SI"",""SK""]","2024-11-23 00:00:00","The decision was taken pursuant to own-initiative investigations.",SOURCE_VOLUNTARY,,Yes,AUTOMATED_DECISION_FULLY,TikTok,7440292014752570144,"2024-11-23 02:13:10"
f99447bd-03c4-4ddf-a32b-d3765e2e6d8a,"[""DECISION_VISIBILITY_CONTENT_REMOVED""]",,,,,,,,,,,DECISION_GROUND_INCOMPATIBLE_CONTENT,,,,"Harassment and Bullying","We welcome the respectful expression of different viewpoints, but not toxicity or trolling. We do not allow language or behavior that harasses, humiliates, threatens, or doxes anyone. This also includes responding to such acts with retaliatory harassment (but excludes non-harassing counterspeech).We proactively enforce our Community Guidelines through a mix of technology and human moderation. We have detected this policy violation using automated measures. We have used automated measures in making this decision.",,STATEMENT_CATEGORY_ILLEGAL_OR_HARMFUL_SPEECH,,,,"[""CONTENT_TYPE_TEXT""]",,,"2024-11-23 00:00:00","[""AT"",""BE"",""BG"",""CY"",""CZ"",""DE"",""DK"",""EE"",""ES"",""FI"",""FR"",""GR"",""HR"",""HU"",""IE"",""IT"",""LI"",""LT"",""LU"",""LV"",""MT"",""NL"",""NO"",""PL"",""PT"",""RO"",""SE"",""SI"",""SK""]","2024-11-23 00:00:00","The decision was taken pursuant to own-initiative investigations.",SOURCE_VOLUNTARY,,Yes,AUTOMATED_DECISION_FULLY,TikTok,7440292014752586528,"2024-11-23 02:13:10"
23b7a80d-a4de-4668-ac64-267e54bd92e4,"[""DECISION_VISIBILITY_CONTENT_REMOVED""]",,,,,,,,,,,DECISION_GROUND_INCOMPATIBLE_CONTENT,,,,"Harassment and Bullying","We welcome the respectful expression of different viewpoints, but not toxicity or trolling. We do not allow language or behavior that harasses, humiliates, threatens, or doxes anyone. This also includes responding to such acts with retaliatory harassment (but excludes non-harassing counterspeech).We proactively enforce our Community Guidelines through a mix of technology and human moderation. We have detected this policy violation using automated measures. We have used automated measures in making this decision.",,STATEMENT_CATEGORY_ILLEGAL_OR_HARMFUL_SPEECH,,,,"[""CONTENT_TYPE_TEXT""]",,,"2024-11-23 00:00:00","[""AT"",""BE"",""BG"",""CY"",""CZ"",""DE"",""DK"",""EE"",""ES"",""FI"",""FR"",""GR"",""HR"",""HU"",""IE"",""IT"",""LI"",""LT"",""LU"",""LV"",""MT"",""NL"",""NO"",""PL"",""PT"",""RO"",""SE"",""SI"",""SK""]","2024-11-23 00:00:00","The decision was taken pursuant to own-initiative investigations.",SOURCE_VOLUNTARY,,Yes,AUTOMATED_DECISION_FULLY,TikTok,7440292014752602912,"2024-11-23 02:13:10"
474fe51c-9581-442c-89fe-f5e96544e490,"[""DECISION_VISIBILITY_OTHER""]","Video not eligible for recommendation in the For You feed",,,,,,,,,,DECISION_GROUND_INCOMPATIBLE_CONTENT,,,,"Community Guidelines","We maintain content eligibility standards for the For You feed (FYF) that prioritize safety and are informed by the diversity of our community and cultural norms. We make ineligible for the FYF certain content that may not be appropriate for a broad audience related to: (1) Behavioral Health, (2) Sensitive and Mature Themes, (3) Integrity and Authenticity, and (4) Regulated Goods. Content that is ineligible for the FYF can still be discovered in other ways, such as through search tools or by following an account.We proactively enforce our Community Guidelines through a mix of technology and human moderation. We have detected this policy violation using automated measures. We have used automated measures in making this decision.",,STATEMENT_CATEGORY_SCOPE_OF_PLATFORM_SERVICE,,,,"[""CONTENT_TYPE_VIDEO""]",,,"2024-11-23 00:00:00","[""AT"",""BE"",""BG"",""CY"",""CZ"",""DE"",""DK"",""EE"",""ES"",""FI"",""FR"",""GR"",""HR"",""HU"",""IE"",""IT"",""LI"",""LT"",""LU"",""LV"",""MT"",""NL"",""NO"",""PL"",""PT"",""RO"",""SE"",""SI"",""SK""]","2024-11-23 00:00:00","The decision was taken pursuant to own-initiative investigations.",SOURCE_VOLUNTARY,,Yes,AUTOMATED_DECISION_FULLY,TikTok,7440292014752619296,"2024-11-23 02:13:10"
bff7a3b9-93ba-4348-b13f-b4d8e79470c0,"[""DECISION_VISIBILITY_CONTENT_REMOVED""]",,,,,,,,,,,DECISION_GROUND_INCOMPATIBLE_CONTENT,,,,"Dangerous Activities and Challenges","Most activities or challenges are appropriate for everyone, but some carry a risk of significant injury. We do not allow showing or promoting dangerous activities and challenges. This includes dares, games, tricks, inappropriate use of dangerous tools, eating substances that are harmful to one’s health, or similar activities that may lead to significant physical harm.We proactively enforce our Community Guidelines through a mix of technology and human moderation. We have detected this policy violation using automated measures. We have used automated measures in making this decision.",,STATEMENT_CATEGORY_SCOPE_OF_PLATFORM_SERVICE,,,,"[""CONTENT_TYPE_VIDEO""]",,,"2024-11-23 00:00:00","[""AT"",""BE"",""BG"",""CY"",""CZ"",""DE"",""DK"",""EE"",""ES"",""FI"",""FR"",""GR"",""HR"",""HU"",""IE"",""IT"",""LI"",""LT"",""LU"",""LV"",""MT"",""NL"",""NO"",""PL"",""PT"",""RO"",""SE"",""SI"",""SK""]","2024-11-23 00:00:00","The decision was taken pursuant to own-initiative investigations.",SOURCE_VOLUNTARY,,Yes,AUTOMATED_DECISION_FULLY,TikTok,7440292014752635680,"2024-11-23 02:13:10"
557314eb-f6d7-4692-9237-f537257cd39d,"[""DECISION_VISIBILITY_CONTENT_REMOVED""]",,,,,,,,,,,DECISION_GROUND_INCOMPATIBLE_CONTENT,,,,"Community Guidelines","Your content is against our Community Guidelines. The guidelines include rules and standards for using TikTok that apply to everyone and everything on our platform.We proactively enforce our Community Guidelines through a mix of technology and human moderation. We have detected this policy violation using automated measures.",,STATEMENT_CATEGORY_SCOPE_OF_PLATFORM_SERVICE,,,,"[""CONTENT_TYPE_VIDEO""]",,,"2024-11-18 00:00:00","[""AT"",""BE"",""BG"",""CY"",""CZ"",""DE"",""DK"",""EE"",""ES"",""FI"",""FR"",""GR"",""HR"",""HU"",""IE"",""IT"",""LI"",""LT"",""LU"",""LV"",""MT"",""NL"",""NO"",""PL"",""PT"",""RO"",""SE"",""SI"",""SK""]","2024-11-23 00:00:00","The decision was taken pursuant to own-initiative investigations.",SOURCE_VOLUNTARY,,Yes,AUTOMATED_DECISION_NOT_AUTOMATED,TikTok,7440292013481728801,"2024-11-23 02:13:10"
eacf5146-d158-4720-9871-5be1c9c8f855,"[""DECISION_VISIBILITY_CONTENT_REMOVED""]",,,,,,,,,,,DECISION_GROUND_INCOMPATIBLE_CONTENT,,,,"Hate Speech and Hateful Behaviors","TikTok is enriched by the various backgrounds of our community members. Our differences should be respected, rather than a cause for division. We do not allow any hateful behavior, hate speech, or promotion of hateful ideologies. This includes content that attacks a person or group because of protected attributes.We proactively enforce our Community Guidelines through a mix of technology and human moderation. We have detected this policy violation using automated measures. We have used automated measures in making this decision.",,STATEMENT_CATEGORY_ILLEGAL_OR_HARMFUL_SPEECH,,,,"[""CONTENT_TYPE_TEXT""]",,,"2024-11-23 00:00:00","[""AT"",""BE"",""BG"",""CY"",""CZ"",""DE"",""DK"",""EE"",""ES"",""FI"",""FR"",""GR"",""HR"",""HU"",""IE"",""IT"",""LI"",""LT"",""LU"",""LV"",""MT"",""NL"",""NO"",""PL"",""PT"",""RO"",""SE"",""SI"",""SK""]","2024-11-23 00:00:00","The decision was taken pursuant to own-initiative investigations.",SOURCE_VOLUNTARY,,Yes,AUTOMATED_DECISION_FULLY,TikTok,7440292013481745185,"2024-11-23 02:13:10"
9118c9a9-959a-4005-9d1d-845d35b5409f,"[""DECISION_VISIBILITY_CONTENT_REMOVED""]",,,,,,,,,,,DECISION_GROUND_INCOMPATIBLE_CONTENT,,,,"Dangerous Activities and Challenges","Most activities or challenges are appropriate for everyone, but some carry a risk of significant injury. We do not allow showing or promoting dangerous activities and challenges. This includes dares, games, tricks, inappropriate use of dangerous tools, eating substances that are harmful to one’s health, or similar activities that may lead to significant physical harm.We proactively enforce our Community Guidelines through a mix of technology and human moderation. We have detected this policy violation using automated measures.",,STATEMENT_CATEGORY_SCOPE_OF_PLATFORM_SERVICE,,,,"[""CONTENT_TYPE_VIDEO""]",,,"2024-11-23 00:00:00","[""AT"",""BE"",""BG"",""CY"",""CZ"",""DE"",""DK"",""EE"",""ES"",""FI"",""FR"",""GR"",""HR"",""HU"",""IE"",""IT"",""LI"",""LT"",""LU"",""LV"",""MT"",""NL"",""NO"",""PL"",""PT"",""RO"",""SE"",""SI"",""SK""]","2024-11-23 00:00:00","The decision was taken pursuant to own-initiative investigations.",SOURCE_VOLUNTARY,,Yes,AUTOMATED_DECISION_NOT_AUTOMATED,TikTok,7440292014752652064,"2024-11-23 02:13:10"
f750c928-8700-44b5-9341-189c85277e7a,"[""DECISION_VISIBILITY_CONTENT_REMOVED""]",,,,,,,,,,,DECISION_GROUND_INCOMPATIBLE_CONTENT,,,,"Harassment and Bullying","We welcome the respectful expression of different viewpoints, but not toxicity or trolling. We do not allow language or behavior that harasses, humiliates, threatens, or doxes anyone. This also includes responding to such acts with retaliatory harassment (but excludes non-harassing counterspeech).We proactively enforce our Community Guidelines through a mix of technology and human moderation. We have detected this policy violation using automated measures. We have used automated measures in making this decision.",,STATEMENT_CATEGORY_ILLEGAL_OR_HARMFUL_SPEECH,,,,"[""CONTENT_TYPE_TEXT""]",,,"2024-11-23 00:00:00","[""AT"",""BE"",""BG"",""CY"",""CZ"",""DE"",""DK"",""EE"",""ES"",""FI"",""FR"",""GR"",""HR"",""HU"",""IE"",""IT"",""LI"",""LT"",""LU"",""LV"",""MT"",""NL"",""NO"",""PL"",""PT"",""RO"",""SE"",""SI"",""SK""]","2024-11-23 00:00:00","The decision was taken pursuant to own-initiative investigations.",SOURCE_VOLUNTARY,,Yes,AUTOMATED_DECISION_FULLY,TikTok,7440292013481761569,"2024-11-23 02:13:10"
06efe1f5-8c5e-403d-9c67-e213e7e81782,"[""DECISION_VISIBILITY_CONTENT_REMOVED""]",,,,,,,,,,,DECISION_GROUND_INCOMPATIBLE_CONTENT,,,,"Alcohol, Tobacco, and Drugs","While adults make personal choices about how they engage with alcohol, drugs, and tobacco, we recognize that there are risks connected to trading and using these substances. We do not allow showing or promoting recreational drug use, or the trade of alcohol, tobacco products, and drugs.We proactively enforce our Community Guidelines through a mix of technology and human moderation. We have detected this policy violation using automated measures. We have used automated measures in making this decision.",,STATEMENT_CATEGORY_SCOPE_OF_PLATFORM_SERVICE,,,,"[""CONTENT_TYPE_VIDEO""]",,,"2024-11-23 00:00:00","[""AT"",""BE"",""BG"",""CY"",""CZ"",""DE"",""DK"",""EE"",""ES"",""FI"",""FR"",""GR"",""HR"",""HU"",""IE"",""IT"",""LI"",""LT"",""LU"",""LV"",""MT"",""NL"",""NO"",""PL"",""PT"",""RO"",""SE"",""SI"",""SK""]","2024-11-23 00:00:00","The decision was taken pursuant to own-initiative investigations.",SOURCE_VOLUNTARY,,Yes,AUTOMATED_DECISION_FULLY,TikTok,7440292013481777953,"2024-11-23 02:13:10"
68633296-8f1f-4df7-bb75-df6304ebb311,"[""DECISION_VISIBILITY_CONTENT_REMOVED""]",,,,,,,,,,,DECISION_GROUND_INCOMPATIBLE_CONTENT,,,,"Nudity and Body Exposure","We celebrate all shapes and sizes and want people to feel comfortable in how they present themselves and their bodies. We do not allow nudity, including uncovered genitals and buttocks, as well as nipples and areolas of women and girls. Sheer and partially see-through clothing is not considered covered.We proactively enforce our Community Guidelines through a mix of technology and human moderation. We have detected this policy violation using automated measures. We have used automated measures in making this decision.",,STATEMENT_CATEGORY_SCOPE_OF_PLATFORM_SERVICE,,,,"[""CONTENT_TYPE_VIDEO""]",,,"2024-11-23 00:00:00","[""AT"",""BE"",""BG"",""CY"",""CZ"",""DE"",""DK"",""EE"",""ES"",""FI"",""FR"",""GR"",""HR"",""HU"",""IE"",""IT"",""LI"",""LT"",""LU"",""LV"",""MT"",""NL"",""NO"",""PL"",""PT"",""RO"",""SE"",""SI"",""SK""]","2024-11-23 00:00:00","The decision was taken pursuant to own-initiative investigations.",SOURCE_VOLUNTARY,,Yes,AUTOMATED_DECISION_FULLY,TikTok,7440292013481810721,"2024-11-23 02:13:12"
8fea4088-69a8-4301-ad9b-15e6b7c8a94a,"[""DECISION_VISIBILITY_CONTENT_REMOVED""]",,,,,,,,,,,DECISION_GROUND_INCOMPATIBLE_CONTENT,,,,"Harassment and Bullying","We welcome the respectful expression of different viewpoints, but not toxicity or trolling. We do not allow language or behavior that harasses, humiliates, threatens, or doxes anyone. This also includes responding to such acts with retaliatory harassment (but excludes non-harassing counterspeech).We proactively enforce our Community Guidelines through a mix of technology and human moderation. We have detected this policy violation using automated measures. We have used automated measures in making this decision.",,STATEMENT_CATEGORY_ILLEGAL_OR_HARMFUL_SPEECH,,,,"[""CONTENT_TYPE_TEXT""]",,,"2024-11-23 00:00:00","[""AT"",""BE"",""BG"",""CY"",""CZ"",""DE"",""DK"",""EE"",""ES"",""FI"",""FR"",""GR"",""HR"",""HU"",""IE"",""IT"",""LI"",""LT"",""LU"",""LV"",""MT"",""NL"",""NO"",""PL"",""PT"",""RO"",""SE"",""SI"",""SK""]","2024-11-23 00:00:00","The decision was taken pursuant to own-initiative investigations.",SOURCE_VOLUNTARY,,Yes,AUTOMATED_DECISION_FULLY,TikTok,7440292023829011232,"2024-11-23 02:13:12"
4bc8f8b9-1596-4081-b765-c4c89a9382d9,"[""DECISION_VISIBILITY_OTHER""]","Video not eligible for recommendation in the For You feed",,,,,,,,,,DECISION_GROUND_INCOMPATIBLE_CONTENT,,,,"Community Guidelines","We maintain content eligibility standards for the For You feed (FYF) that prioritize safety and are informed by the diversity of our community and cultural norms. We make ineligible for the FYF certain content that may not be appropriate for a broad audience related to: (1) Behavioral Health, (2) Sensitive and Mature Themes, (3) Integrity and Authenticity, and (4) Regulated Goods. Content that is ineligible for the FYF can still be discovered in other ways, such as through search tools or by following an account.We proactively enforce our Community Guidelines through a mix of technology and human moderation. We have detected this policy violation using automated measures. We have used automated measures in making this decision.",,STATEMENT_CATEGORY_SCOPE_OF_PLATFORM_SERVICE,,,,"[""CONTENT_TYPE_VIDEO""]",,,"2024-11-23 00:00:00","[""AT"",""BE"",""BG"",""CY"",""CZ"",""DE"",""DK"",""EE"",""ES"",""FI"",""FR"",""GR"",""HR"",""HU"",""IE"",""IT"",""LI"",""LT"",""LU"",""LV"",""MT"",""NL"",""NO"",""PL"",""PT"",""RO"",""SE"",""SI"",""SK""]","2024-11-23 00:00:00","The decision was taken pursuant to own-initiative investigations.",SOURCE_VOLUNTARY,,Yes,AUTOMATED_DECISION_FULLY,TikTok,7440292014752684832,"2024-11-23 02:13:12"
a17f5c81-af00-4abe-a942-bfc2a92db390,"[""DECISION_VISIBILITY_OTHER""]","Photo not eligible for recommendation in the For You feed, and visibility restricted in search results",,,,,,,,,,DECISION_GROUND_INCOMPATIBLE_CONTENT,,,,"Dangerous Activities and Challenges","Most activities or challenges are appropriate for everyone, but some may carry a risk of significant injury. Content is ineligible for the For You feed if it involves activities likely to lead to moderate physical harm or includes professionals performing extreme sports and stunts that may endanger others.We proactively enforce our Community Guidelines through a mix of technology and human moderation. We have detected this policy violation using automated measures. We have used automated measures in making this decision.",,STATEMENT_CATEGORY_SCOPE_OF_PLATFORM_SERVICE,,,,"[""CONTENT_TYPE_IMAGE""]",,,"2024-11-23 00:00:00","[""AT"",""BE"",""BG"",""CY"",""CZ"",""DE"",""DK"",""EE"",""ES"",""FI"",""FR"",""GR"",""HR"",""HU"",""IE"",""IT"",""LI"",""LT"",""LU"",""LV"",""MT"",""NL"",""NO"",""PL"",""PT"",""RO"",""SE"",""SI"",""SK""]","2024-11-23 00:00:00","The decision was taken pursuant to own-initiative investigations.",SOURCE_VOLUNTARY,,Yes,AUTOMATED_DECISION_FULLY,TikTok,7440292023829027616,"2024-11-23 02:13:12"
cc6b1d01-c670-47ae-8b14-7d833577b1df,,,,,,,,,DECISION_ACCOUNT_TERMINATED,,,DECISION_GROUND_INCOMPATIBLE_CONTENT,,,,"Advertising policy violation","Reasons why your account may have been suspended: - We received a report or complaint about your account from people on TikTok or other channels. - There are problems with your ad creative, or qualifications or services provided in your ads. - We suspected malicious behavior or intent during ad creation. - You made changes to your ad's landing page after launching the campaign.",,STATEMENT_CATEGORY_SCOPE_OF_PLATFORM_SERVICE,,,,"[""CONTENT_TYPE_OTHER""]","Account Suspended",,"2024-11-21 00:00:00","[""AT"",""BE"",""BG"",""CY"",""CZ"",""DE"",""DK"",""EE"",""ES"",""FI"",""FR"",""GR"",""HR"",""HU"",""IE"",""IT"",""LI"",""LT"",""LU"",""LV"",""MT"",""NL"",""NO"",""PL"",""PT"",""RO"",""SE"",""SI"",""SK""]","2024-11-23 00:00:00","The decision was taken pursuant to own-initiative investigations.",SOURCE_VOLUNTARY,,Yes,AUTOMATED_DECISION_FULLY,TikTok,7440292024797895456,"2024-11-23 02:13:12"
6f66b837-f893-4cab-9f7e-f2f117291bae,"[""DECISION_VISIBILITY_CONTENT_REMOVED""]",,,,,,,,,,,DECISION_GROUND_INCOMPATIBLE_CONTENT,,,,"Harassment and Bullying","We welcome the respectful expression of different viewpoints, but not toxicity or trolling. We do not allow language or behavior that harasses, humiliates, threatens, or doxes anyone. This also includes responding to such acts with retaliatory harassment (but excludes non-harassing counterspeech).We proactively enforce our Community Guidelines through a mix of technology and human moderation. We have detected this policy violation using automated measures. We have used automated measures in making this decision.",,STATEMENT_CATEGORY_ILLEGAL_OR_HARMFUL_SPEECH,,,,"[""CONTENT_TYPE_TEXT""]",,,"2024-11-23 00:00:00","[""AT"",""BE"",""BG"",""CY"",""CZ"",""DE"",""DK"",""EE"",""ES"",""FI"",""FR"",""GR"",""HR"",""HU"",""IE"",""IT"",""LI"",""LT"",""LU"",""LV"",""MT"",""NL"",""NO"",""PL"",""PT"",""RO"",""SE"",""SI"",""SK""]","2024-11-23 00:00:00","The decision was taken pursuant to own-initiative investigations.",SOURCE_VOLUNTARY,,Yes,AUTOMATED_DECISION_FULLY,TikTok,7440292024797911840,"2024-11-23 02:13:12"
e8b205c9-6c30-4eb5-9c54-edc212a641bc,"[""DECISION_VISIBILITY_CONTENT_REMOVED""]",,,,,,,,,,,DECISION_GROUND_INCOMPATIBLE_CONTENT,,,,"Nudity and Body Exposure","We celebrate all shapes and sizes and want people to feel comfortable in how they present themselves and their bodies. We do not allow nudity, including uncovered genitals and buttocks, as well as nipples and areolas of women and girls. Sheer and partially see-through clothing is not considered covered.We proactively enforce our Community Guidelines through a mix of technology and human moderation. We have detected this policy violation using automated measures. We have used automated measures in making this decision.",,STATEMENT_CATEGORY_SCOPE_OF_PLATFORM_SERVICE,,,,"[""CONTENT_TYPE_VIDEO""]",,,"2024-11-23 00:00:00","[""AT"",""BE"",""BG"",""CY"",""CZ"",""DE"",""DK"",""EE"",""ES"",""FI"",""FR"",""GR"",""HR"",""HU"",""IE"",""IT"",""LI"",""LT"",""LU"",""LV"",""MT"",""NL"",""NO"",""PL"",""PT"",""RO"",""SE"",""SI"",""SK""]","2024-11-23 00:00:00","The decision was taken pursuant to own-initiative investigations.",SOURCE_VOLUNTARY,,Yes,AUTOMATED_DECISION_FULLY,TikTok,7440292023829044000,"2024-11-23 02:13:12"
be920326-3dda-4097-ace9-b706be0d3971,"[""DECISION_VISIBILITY_CONTENT_REMOVED""]",,,,,,,,,,,DECISION_GROUND_INCOMPATIBLE_CONTENT,,,,"Personal Information","We are committed to making sure that any personal information shared intentionally or accidentally on TikTok does not lead to harm. We do not allow content that includes personal information that may create a risk of stalking, violence, phishing, fraud, identity theft, or financial exploitation, including content that someone has posted themselves or that they consented to being shared by others.We proactively enforce our Community Guidelines through a mix of technology and human moderation. We have detected this policy violation using automated measures. We have used automated measures in making this decision.",,STATEMENT_CATEGORY_DATA_PROTECTION_AND_PRIVACY_VIOLATIONS,,,,"[""CONTENT_TYPE_IMAGE""]",,,"2024-11-23 00:00:00","[""AT"",""BE"",""BG"",""CY"",""CZ"",""DE"",""DK"",""EE"",""ES"",""FI"",""FR"",""GR"",""HR"",""HU"",""IE"",""IT"",""LI"",""LT"",""LU"",""LV"",""MT"",""NL"",""NO"",""PL"",""PT"",""RO"",""SE"",""SI"",""SK""]","2024-11-23 00:00:00","The decision was taken pursuant to own-initiative investigations.",SOURCE_VOLUNTARY,,Yes,AUTOMATED_DECISION_FULLY,TikTok,7440292023829060384,"2024-11-23 02:13:12"
71c9a4cb-0ec5-4984-a906-1a6fe6107048,"[""DECISION_VISIBILITY_CONTENT_REMOVED""]",,,,,,,,,,,DECISION_GROUND_INCOMPATIBLE_CONTENT,,,,"Community Guidelines","Your content is against our Community Guidelines. The guidelines include rules and standards for using TikTok that apply to everyone and everything on our platform.We proactively enforce our Community Guidelines through a mix of technology and human moderation. We have detected this policy violation using automated measures. We have used automated measures in making this decision.",,STATEMENT_CATEGORY_SCOPE_OF_PLATFORM_SERVICE,,,,"[""CONTENT_TYPE_VIDEO""]",,,"2024-11-23 00:00:00","[""AT"",""BE"",""BG"",""CY"",""CZ"",""DE"",""DK"",""EE"",""ES"",""FI"",""FR"",""GR"",""HR"",""HU"",""IE"",""IT"",""LI"",""LT"",""LU"",""LV"",""MT"",""NL"",""NO"",""PL"",""PT"",""RO"",""SE"",""SI"",""SK""]","2024-11-23 00:00:00","The decision was taken pursuant to own-initiative investigations.",SOURCE_VOLUNTARY,,Yes,AUTOMATED_DECISION_FULLY,TikTok,7440292024797928224,"2024-11-23 02:13:12"
3b913555-771f-4661-92cd-b8fe07d50c2f,"[""DECISION_VISIBILITY_CONTENT_REMOVED""]",,,,,,,,,,,DECISION_GROUND_INCOMPATIBLE_CONTENT,,,,"Harassment and Bullying","We welcome the respectful expression of different viewpoints, but not toxicity or trolling. We do not allow language or behavior that harasses, humiliates, threatens, or doxes anyone. This also includes responding to such acts with retaliatory harassment (but excludes non-harassing counterspeech).We proactively enforce our Community Guidelines through a mix of technology and human moderation. We have detected this policy violation using automated measures. We have used automated measures in making this decision.",,STATEMENT_CATEGORY_ILLEGAL_OR_HARMFUL_SPEECH,,,,"[""CONTENT_TYPE_TEXT""]",,,"2024-11-23 00:00:00","[""AT"",""BE"",""BG"",""CY"",""CZ"",""DE"",""DK"",""EE"",""ES"",""FI"",""FR"",""GR"",""HR"",""HU"",""IE"",""IT"",""LI"",""LT"",""LU"",""LV"",""MT"",""NL"",""NO"",""PL"",""PT"",""RO"",""SE"",""SI"",""SK""]","2024-11-23 00:00:00","The decision was taken pursuant to own-initiative investigations.",SOURCE_VOLUNTARY,,Yes,AUTOMATED_DECISION_FULLY,TikTok,7440292024797944608,"2024-11-23 02:13:12"
ab01be80-2d48-44de-ae0a-b0cb19492a1e,"[""DECISION_VISIBILITY_CONTENT_REMOVED""]",,,,,,,,,,,DECISION_GROUND_INCOMPATIBLE_CONTENT,,,,"Harassment and Bullying","We welcome the respectful expression of different viewpoints, but not toxicity or trolling. We do not allow language or behavior that harasses, humiliates, threatens, or doxes anyone. This also includes responding to such acts with retaliatory harassment (but excludes non-harassing counterspeech).We proactively enforce our Community Guidelines through a mix of technology and human moderation. We have detected this policy violation using automated measures. We have used automated measures in making this decision.",,STATEMENT_CATEGORY_ILLEGAL_OR_HARMFUL_SPEECH,,,,"[""CONTENT_TYPE_TEXT""]",,,"2024-11-23 00:00:00","[""AT"",""BE"",""BG"",""CY"",""CZ"",""DE"",""DK"",""EE"",""ES"",""FI"",""FR"",""GR"",""HR"",""HU"",""IE"",""IT"",""LI"",""LT"",""LU"",""LV"",""MT"",""NL"",""NO"",""PL"",""PT"",""RO"",""SE"",""SI"",""SK""]","2024-11-23 00:00:00","The decision was taken pursuant to own-initiative investigations.",SOURCE_VOLUNTARY,,Yes,AUTOMATED_DECISION_FULLY,TikTok,7440292023829076768,"2024-11-23 02:13:12"
3bbbd5e0-5583-46af-99ce-eb7b15944b8d,,,,,,,DECISION_PROVISION_PARTIAL_SUSPENSION,"2024-11-26 00:00:00",,,,DECISION_GROUND_INCOMPATIBLE_CONTENT,,,,"Contenido sexualmente provocativo","Aplaudimos actuaciones y bailes en los que las personas puedan expresarse de forma creativa, homenajear su cultura o tratar de entretener a otras personas. Somos conscientes de que ciertos comportamientos relacionados con la excitación o provocación sexual podrían ser ofensivos para algunas personas y poner a la juventud en riesgo de explotación. No permitimos actuaciones seductoras o alusiones a la actividad sexual por parte de personas jóvenes o relatos sexualmente explícitos por parte de nadie. Consulta las {CG_link} para obtener más información.",,STATEMENT_CATEGORY_SCOPE_OF_PLATFORM_SERVICE,,,,"[""CONTENT_TYPE_VIDEO""]",,,"2024-11-23 00:00:00","[""AT"",""BE"",""BG"",""CY"",""CZ"",""DE"",""DK"",""EE"",""ES"",""FI"",""FR"",""GR"",""HR"",""HU"",""IE"",""IS"",""IT"",""LI"",""LT"",""LU"",""LV"",""MT"",""NL"",""NO"",""PL"",""PT"",""RO"",""SE"",""SI"",""SK""]","2024-11-23 00:00:00","The decision was taken pursuant to own-initiative investigations",SOURCE_VOLUNTARY,,Yes,AUTOMATED_DECISION_FULLY,TikTok,7440292023829093152,"2024-11-23 02:13:12"
0a6a100e-01ab-408d-8e57-80480a9d9b8c,"[""DECISION_VISIBILITY_CONTENT_REMOVED""]",,,,,,,,,,,DECISION_GROUND_INCOMPATIBLE_CONTENT,,,,"Harassment and Bullying","We welcome the respectful expression of different viewpoints, but not toxicity or trolling. We do not allow language or behavior that harasses, humiliates, threatens, or doxes anyone. This also includes responding to such acts with retaliatory harassment (but excludes non-harassing counterspeech).We proactively enforce our Community Guidelines through a mix of technology and human moderation. We have detected this policy violation using automated measures. We have used automated measures in making this decision.",,STATEMENT_CATEGORY_ILLEGAL_OR_HARMFUL_SPEECH,,,,"[""CONTENT_TYPE_TEXT""]",,,"2024-11-23 00:00:00","[""AT"",""BE"",""BG"",""CY"",""CZ"",""DE"",""DK"",""EE"",""ES"",""FI"",""FR"",""GR"",""HR"",""HU"",""IE"",""IT"",""LI"",""LT"",""LU"",""LV"",""MT"",""NL"",""NO"",""PL"",""PT"",""RO"",""SE"",""SI"",""SK""]","2024-11-23 00:00:00","The decision was taken pursuant to own-initiative investigations.",SOURCE_VOLUNTARY,,Yes,AUTOMATED_DECISION_FULLY,TikTok,7440292023829109536,"2024-11-23 02:13:12"
5f6df812-33ff-45fe-8174-94b780cc2e85,"[""DECISION_VISIBILITY_CONTENT_REMOVED""]",,,,,,,,,,,DECISION_GROUND_INCOMPATIBLE_CONTENT,,,,"Contenido sexualmente provocativo","Aplaudimos actuaciones y bailes en los que las personas puedan expresarse de forma creativa, homenajear su cultura o tratar de entretener a otras personas. Somos conscientes de que ciertos comportamientos relacionados con la excitación o provocación sexual podrían ser ofensivos para algunas personas y poner a la juventud en riesgo de explotación. No permitimos actuaciones seductoras o alusiones a la actividad sexual por parte de personas jóvenes o relatos sexualmente explícitos por parte de nadie. Consulta las {CG_link} para obtener más información.",,STATEMENT_CATEGORY_SCOPE_OF_PLATFORM_SERVICE,,,,"[""CONTENT_TYPE_VIDEO""]",,,"2024-11-23 00:00:00","[""AT"",""BE"",""BG"",""CY"",""CZ"",""DE"",""DK"",""EE"",""ES"",""FI"",""FR"",""GR"",""HR"",""HU"",""IE"",""IS"",""IT"",""LI"",""LT"",""LU"",""LV"",""MT"",""NL"",""NO"",""PL"",""PT"",""RO"",""SE"",""SI"",""SK""]","2024-11-23 00:00:00","The decision was taken pursuant to own-initiative investigations",SOURCE_VOLUNTARY,,Yes,AUTOMATED_DECISION_FULLY,TikTok,7440292024797960992,"2024-11-23 02:13:12"
32583894-7ed8-44ff-bde4-0994010c9935,,,,,,,DECISION_PROVISION_PARTIAL_SUSPENSION,"2024-11-23 00:00:00",,,,DECISION_GROUND_INCOMPATIBLE_CONTENT,,,,"Suicidio y autolesión","Queremos que TikTok sea un lugar donde las personas puedan debatir sobre temas emocionalmente complejos de una manera solidaria sin aumentar el riesgo de daño. No permitimos que se muestren, se promocionen ni se compartan planes de suicidio o autolesión. Si tú o alguien que conoces habéis tenido pensamientos suicidas o ganas de autolesionaros, hay gente que puede ayudaros. Consulta las {CG_link} para obtener más información.",,STATEMENT_CATEGORY_SELF_HARM,,,,"[""CONTENT_TYPE_VIDEO""]",,,"2024-11-23 00:00:00","[""AT"",""BE"",""BG"",""CY"",""CZ"",""DE"",""DK"",""EE"",""ES"",""FI"",""FR"",""GR"",""HR"",""HU"",""IE"",""IS"",""IT"",""LI"",""LT"",""LU"",""LV"",""MT"",""NL"",""NO"",""PL"",""PT"",""RO"",""SE"",""SI"",""SK""]","2024-11-23 00:00:00","The decision was taken pursuant to own-initiative investigations",SOURCE_VOLUNTARY,,Yes,AUTOMATED_DECISION_NOT_AUTOMATED,TikTok,7440292024797977376,"2024-11-23 02:13:14"
93f9abef-2284-422d-b4d8-13f7b8f0bb29,"[""DECISION_VISIBILITY_CONTENT_REMOVED""]",,,,,,,,,,,DECISION_GROUND_INCOMPATIBLE_CONTENT,,,,"Hate Speech and Hateful Behaviors","TikTok is enriched by the various backgrounds of our community members. Our differences should be respected, rather than a cause for division. We do not allow any hateful behavior, hate speech, or promotion of hateful ideologies. This includes content that attacks a person or group because of protected attributes.We proactively enforce our Community Guidelines through a mix of technology and human moderation. We have detected this policy violation using automated measures. We have used automated measures in making this decision.",,STATEMENT_CATEGORY_ILLEGAL_OR_HARMFUL_SPEECH,,,,"[""CONTENT_TYPE_TEXT""]",,,"2024-11-23 00:00:00","[""AT"",""BE"",""BG"",""CY"",""CZ"",""DE"",""DK"",""EE"",""ES"",""FI"",""FR"",""GR"",""HR"",""HU"",""IE"",""IT"",""LI"",""LT"",""LU"",""LV"",""MT"",""NL"",""NO"",""PL"",""PT"",""RO"",""SE"",""SI"",""SK""]","2024-11-23 00:00:00","The decision was taken pursuant to own-initiative investigations.",SOURCE_VOLUNTARY,,Yes,AUTOMATED_DECISION_FULLY,TikTok,7440292023829125920,"2024-11-23 02:13:14"
a3bea3e4-e743-41f5-8c43-45281d8dc0a3,"[""DECISION_VISIBILITY_CONTENT_REMOVED""]",,,,,,,,,,,DECISION_GROUND_INCOMPATIBLE_CONTENT,,,,"Harassment and Bullying","We welcome the respectful expression of different viewpoints, but not toxicity or trolling. We do not allow language or behavior that harasses, humiliates, threatens, or doxes anyone. This also includes responding to such acts with retaliatory harassment (but excludes non-harassing counterspeech).We proactively enforce our Community Guidelines through a mix of technology and human moderation. We have detected this policy violation using automated measures. We have used automated measures in making this decision.",,STATEMENT_CATEGORY_ILLEGAL_OR_HARMFUL_SPEECH,,,,"[""CONTENT_TYPE_TEXT""]",,,"2024-11-23 00:00:00","[""AT"",""BE"",""BG"",""CY"",""CZ"",""DE"",""DK"",""EE"",""ES"",""FI"",""FR"",""GR"",""HR"",""HU"",""IE"",""IT"",""LI"",""LT"",""LU"",""LV"",""MT"",""NL"",""NO"",""PL"",""PT"",""RO"",""SE"",""SI"",""SK""]","2024-11-23 00:00:00","The decision was taken pursuant to own-initiative investigations.",SOURCE_VOLUNTARY,,Yes,AUTOMATED_DECISION_FULLY,TikTok,7440292024797993760,"2024-11-23 02:13:14"
d3fa1278-ae26-44b4-b6fc-1b69819bec95,"[""DECISION_VISIBILITY_CONTENT_REMOVED""]",,,,,,,,,,,DECISION_GROUND_INCOMPATIBLE_CONTENT,,,,"Suicidio y autolesión","Queremos que TikTok sea un lugar donde las personas puedan debatir sobre temas emocionalmente complejos de una manera solidaria sin aumentar el riesgo de daño. No permitimos que se muestren, se promocionen ni se compartan planes de suicidio o autolesión. Si tú o alguien que conoces habéis tenido pensamientos suicidas o ganas de autolesionaros, hay gente que puede ayudaros. Consulta las {CG_link} para obtener más información.",,STATEMENT_CATEGORY_SELF_HARM,,,,"[""CONTENT_TYPE_VIDEO""]",,,"2024-11-23 00:00:00","[""AT"",""BE"",""BG"",""CY"",""CZ"",""DE"",""DK"",""EE"",""ES"",""FI"",""FR"",""GR"",""HR"",""HU"",""IE"",""IS"",""IT"",""LI"",""LT"",""LU"",""LV"",""MT"",""NL"",""NO"",""PL"",""PT"",""RO"",""SE"",""SI"",""SK""]","2024-11-23 00:00:00","The decision was taken pursuant to own-initiative investigations",SOURCE_VOLUNTARY,,Yes,AUTOMATED_DECISION_NOT_AUTOMATED,TikTok,7440292024798010144,"2024-11-23 02:13:14"
aca13edf-4c6e-40c3-b41b-01c6513c284b,,,,,,,DECISION_PROVISION_PARTIAL_SUSPENSION,"2024-11-30 00:00:00",,,,DECISION_GROUND_INCOMPATIBLE_CONTENT,,,,"Discurso de odio o muestras de odio","TikTok se enriquece gracias a la diversa procedencia de los miembros de nuestra comunidad. Nuestras diferencias se deben respetar en lugar de ser motivo de división. No permitimos comportamientos de odio, el discurso de odio ni la promoción de ideologías de odio. Esto incluye contenido que ataca a las personas o grupos de individuos basándose en atributos protegidos. Consulta las {CG_link} para obtener más información.",,STATEMENT_CATEGORY_ILLEGAL_OR_HARMFUL_SPEECH,,,,"[""CONTENT_TYPE_VIDEO""]",,,"2024-11-23 00:00:00","[""AT"",""BE"",""BG"",""CY"",""CZ"",""DE"",""DK"",""EE"",""ES"",""FI"",""FR"",""GR"",""HR"",""HU"",""IE"",""IS"",""IT"",""LI"",""LT"",""LU"",""LV"",""MT"",""NL"",""NO"",""PL"",""PT"",""RO"",""SE"",""SI"",""SK""]","2024-11-23 00:00:00","The decision was taken pursuant to own-initiative investigations",SOURCE_VOLUNTARY,,Yes,AUTOMATED_DECISION_NOT_AUTOMATED,TikTok,7440292023829142304,"2024-11-23 02:13:14"
11706723-fd0e-489b-b764-e9eea722e0c4,"[""DECISION_VISIBILITY_OTHER""]","Photo not eligible for recommendation in the For You feed",,,,,,,,,,DECISION_GROUND_INCOMPATIBLE_CONTENT,,,,"Community Guidelines","Your content is against our Community Guidelines. The guidelines include rules and standards for using TikTok that apply to everyone and everything on our platform.",,STATEMENT_CATEGORY_NEGATIVE_EFFECTS_ON_CIVIC_DISCOURSE_OR_ELECTIONS,,,,"[""CONTENT_TYPE_IMAGE""]",,,"2024-11-23 00:00:00","[""AT"",""BE"",""BG"",""CY"",""CZ"",""DE"",""DK"",""EE"",""ES"",""FI"",""FR"",""GR"",""HR"",""HU"",""IE"",""IT"",""LI"",""LT"",""LU"",""LV"",""MT"",""NL"",""NO"",""PL"",""PT"",""RO"",""SE"",""SI"",""SK""]","2024-11-23 00:00:00","The decision was taken pursuant to own-initiative investigations.",SOURCE_VOLUNTARY,,Yes,AUTOMATED_DECISION_FULLY,TikTok,7440292024798026528,"2024-11-23 02:13:14"
f37117e1-1ead-4f35-b030-230b75a929bc,"[""DECISION_VISIBILITY_CONTENT_REMOVED""]",,,,,,,,,,,DECISION_GROUND_INCOMPATIBLE_CONTENT,,,,"Discurso de odio o muestras de odio","TikTok se enriquece gracias a la diversa procedencia de los miembros de nuestra comunidad. Nuestras diferencias se deben respetar en lugar de ser motivo de división. No permitimos comportamientos de odio, el discurso de odio ni la promoción de ideologías de odio. Esto incluye contenido que ataca a las personas o grupos de individuos basándose en atributos protegidos. Consulta las {CG_link} para obtener más información.",,STATEMENT_CATEGORY_ILLEGAL_OR_HARMFUL_SPEECH,,,,"[""CONTENT_TYPE_VIDEO""]",,,"2024-11-23 00:00:00","[""AT"",""BE"",""BG"",""CY"",""CZ"",""DE"",""DK"",""EE"",""ES"",""FI"",""FR"",""GR"",""HR"",""HU"",""IE"",""IS"",""IT"",""LI"",""LT"",""LU"",""LV"",""MT"",""NL"",""NO"",""PL"",""PT"",""RO"",""SE"",""SI"",""SK""]","2024-11-23 00:00:00","The decision was taken pursuant to own-initiative investigations",SOURCE_VOLUNTARY,,Yes,AUTOMATED_DECISION_NOT_AUTOMATED,TikTok,7440292023829158688,"2024-11-23 02:13:14"
0543c627-84fb-4e2a-bde7-c723ae7f7d43,"[""DECISION_VISIBILITY_CONTENT_REMOVED""]",,,,,,,,,,,DECISION_GROUND_INCOMPATIBLE_CONTENT,,,,"Harassment and Bullying","We welcome the respectful expression of different viewpoints, but not toxicity or trolling. We do not allow language or behavior that harasses, humiliates, threatens, or doxes anyone. This also includes responding to such acts with retaliatory harassment (but excludes non-harassing counterspeech).We proactively enforce our Community Guidelines through a mix of technology and human moderation. We have detected this policy violation using automated measures. We have used automated measures in making this decision.",,STATEMENT_CATEGORY_ILLEGAL_OR_HARMFUL_SPEECH,,,,"[""CONTENT_TYPE_TEXT""]",,,"2024-11-23 00:00:00","[""AT"",""BE"",""BG"",""CY"",""CZ"",""DE"",""DK"",""EE"",""ES"",""FI"",""FR"",""GR"",""HR"",""HU"",""IE"",""IT"",""LI"",""LT"",""LU"",""LV"",""MT"",""NL"",""NO"",""PL"",""PT"",""RO"",""SE"",""SI"",""SK""]","2024-11-23 00:00:00","The decision was taken pursuant to own-initiative investigations.",SOURCE_VOLUNTARY,,Yes,AUTOMATED_DECISION_FULLY,TikTok,7440292024798042912,"2024-11-23 02:13:14"
fd414fbe-015e-4b14-9d61-9fac760db888,"[""DECISION_VISIBILITY_CONTENT_REMOVED""]",,,,,,,,,,,DECISION_GROUND_INCOMPATIBLE_CONTENT,,,,"Harassment and Bullying","We welcome the respectful expression of different viewpoints, but not toxicity or trolling. We do not allow language or behavior that harasses, humiliates, threatens, or doxes anyone. This also includes responding to such acts with retaliatory harassment (but excludes non-harassing counterspeech).We proactively enforce our Community Guidelines through a mix of technology and human moderation. We have detected this policy violation using automated measures. We have used automated measures in making this decision.",,STATEMENT_CATEGORY_ILLEGAL_OR_HARMFUL_SPEECH,,,,"[""CONTENT_TYPE_TEXT""]",,,"2024-11-23 00:00:00","[""AT"",""BE"",""BG"",""CY"",""CZ"",""DE"",""DK"",""EE"",""ES"",""FI"",""FR"",""GR"",""HR"",""HU"",""IE"",""IT"",""LI"",""LT"",""LU"",""LV"",""MT"",""NL"",""NO"",""PL"",""PT"",""RO"",""SE"",""SI"",""SK""]","2024-11-23 00:00:00","The decision was taken pursuant to own-initiative investigations.",SOURCE_VOLUNTARY,,Yes,AUTOMATED_DECISION_FULLY,TikTok,7440292041617054497,"2024-11-23 02:13:14"
bd2558cd-be9f-44ab-9a37-e33bc550c696,"[""DECISION_VISIBILITY_CONTENT_REMOVED""]",,,,,,,,,,,DECISION_GROUND_INCOMPATIBLE_CONTENT,,,,"Harassment and Bullying","We welcome the respectful expression of different viewpoints, but not toxicity or trolling. We do not allow language or behavior that harasses, humiliates, threatens, or doxes anyone. This also includes responding to such acts with retaliatory harassment (but excludes non-harassing counterspeech).We proactively enforce our Community Guidelines through a mix of technology and human moderation. We have detected this policy violation using automated measures. We have used automated measures in making this decision.",,STATEMENT_CATEGORY_ILLEGAL_OR_HARMFUL_SPEECH,,,,"[""CONTENT_TYPE_TEXT""]",,,"2024-11-23 00:00:00","[""AT"",""BE"",""BG"",""CY"",""CZ"",""DE"",""DK"",""EE"",""ES"",""FI"",""FR"",""GR"",""HR"",""HU"",""IE"",""IT"",""LI"",""LT"",""LU"",""LV"",""MT"",""NL"",""NO"",""PL"",""PT"",""RO"",""SE"",""SI"",""SK""]","2024-11-23 00:00:00","The decision was taken pursuant to own-initiative investigations.",SOURCE_VOLUNTARY,,Yes,AUTOMATED_DECISION_FULLY,TikTok,7440292042472692512,"2024-11-23 02:13:14"
97b28eb7-b8d9-4608-803e-06af5ef38d43,"[""DECISION_VISIBILITY_CONTENT_REMOVED""]",,,,,,,,,,,DECISION_GROUND_INCOMPATIBLE_CONTENT,,,,"Harassment and Bullying","We welcome the respectful expression of different viewpoints, but not toxicity or trolling. We do not allow language or behavior that harasses, humiliates, threatens, or doxes anyone. This also includes responding to such acts with retaliatory harassment (but excludes non-harassing counterspeech).We proactively enforce our Community Guidelines through a mix of technology and human moderation. We have detected this policy violation using automated measures. We have used automated measures in making this decision.",,STATEMENT_CATEGORY_ILLEGAL_OR_HARMFUL_SPEECH,,,,"[""CONTENT_TYPE_TEXT""]",,,"2024-11-23 00:00:00","[""AT"",""BE"",""BG"",""CY"",""CZ"",""DE"",""DK"",""EE"",""ES"",""FI"",""FR"",""GR"",""HR"",""HU"",""IE"",""IT"",""LI"",""LT"",""LU"",""LV"",""MT"",""NL"",""NO"",""PL"",""PT"",""RO"",""SE"",""SI"",""SK""]","2024-11-23 00:00:00","The decision was taken pursuant to own-initiative investigations.",SOURCE_VOLUNTARY,,Yes,AUTOMATED_DECISION_FULLY,TikTok,7440292042472708896,"2024-11-23 02:13:14"
24dc13cc-6c35-4b29-a4b6-32b1fb7256f0,"[""DECISION_VISIBILITY_OTHER""]","LIVE not eligible for recommendation and restricted in search results for 10 minutes","2024-11-23 00:00:00",,,,,,,,,DECISION_GROUND_INCOMPATIBLE_CONTENT,,,,"Content with low visual quality or static imagery","Your LIVE is not eligible for recommendation and restricted in search results for the next 10 minutes, because it may contain content with low visual quality or static imagery. This is in line with the For You feed eligibility standards under our Community Guidelines.",,STATEMENT_CATEGORY_SCOPE_OF_PLATFORM_SERVICE,,,,"[""CONTENT_TYPE_VIDEO""]",,,"2024-11-22 00:00:00","[""AT"",""BE"",""BG"",""CY"",""CZ"",""DE"",""DK"",""EE"",""ES"",""FI"",""FR"",""GR"",""HR"",""HU"",""IE"",""IS"",""IT"",""LI"",""LT"",""LU"",""LV"",""MT"",""NL"",""NO"",""PL"",""PT"",""RO"",""SE"",""SI"",""SK""]","2024-11-23 00:00:00","The decision was taken pursuant to own-initiative investigations",SOURCE_VOLUNTARY,,Yes,AUTOMATED_DECISION_NOT_AUTOMATED,TikTok,7440291958708263713,"2024-11-23 02:13:16"
882377f4-bad5-4cb7-aee0-9a28619147cf,"[""DECISION_VISIBILITY_CONTENT_REMOVED""]",,,,,,,,,,,DECISION_GROUND_INCOMPATIBLE_CONTENT,,,,"Hate Speech and Hateful Behaviors","TikTok is enriched by the various backgrounds of our community members. Our differences should be respected, rather than a cause for division. We do not allow any hateful behavior, hate speech, or promotion of hateful ideologies. This includes content that attacks a person or group because of protected attributes.We proactively enforce our Community Guidelines through a mix of technology and human moderation. We have detected this policy violation using automated measures. We have used automated measures in making this decision.",,STATEMENT_CATEGORY_ILLEGAL_OR_HARMFUL_SPEECH,,,,"[""CONTENT_TYPE_TEXT""]",,,"2024-11-23 00:00:00","[""AT"",""BE"",""BG"",""CY"",""CZ"",""DE"",""DK"",""EE"",""ES"",""FI"",""FR"",""GR"",""HR"",""HU"",""IE"",""IT"",""LI"",""LT"",""LU"",""LV"",""MT"",""NL"",""NO"",""PL"",""PT"",""RO"",""SE"",""SI"",""SK""]","2024-11-23 00:00:00","The decision was taken pursuant to own-initiative investigations.",SOURCE_VOLUNTARY,,Yes,AUTOMATED_DECISION_FULLY,TikTok,7440291951691258656,"2024-11-23 02:13:16"
96a3ed19-a4ff-4923-80c6-9ce3dc95caf5,"[""DECISION_VISIBILITY_CONTENT_REMOVED""]",,,,,,,,,,,DECISION_GROUND_INCOMPATIBLE_CONTENT,,,,"Sexual Activity and Services","TikTok is a place where people can come to discuss or learn about sexuality, sex or reproductive health. We are mindful that certain content involving sexuality, sex or reproductive health may not be appropriate for young people, be considered offensive by some, or create the potential for exploitation. We do not allow sexual activity or services, including sex, sexual arousal, fetish and kink behavior, and seeking or offering sexual services.We proactively enforce our Community Guidelines through a mix of technology and human moderation. We have detected this policy violation using automated measures.",,STATEMENT_CATEGORY_PORNOGRAPHY_OR_SEXUALIZED_CONTENT,,,,"[""CONTENT_TYPE_VIDEO""]",,,"2024-11-23 00:00:00","[""AT"",""BE"",""BG"",""CY"",""CZ"",""DE"",""DK"",""EE"",""ES"",""FI"",""FR"",""GR"",""HR"",""HU"",""IE"",""IT"",""LI"",""LT"",""LU"",""LV"",""MT"",""NL"",""NO"",""PL"",""PT"",""RO"",""SE"",""SI"",""SK""]","2024-11-23 00:00:00","The decision was taken pursuant to own-initiative investigations.",SOURCE_VOLUNTARY,,Yes,AUTOMATED_DECISION_NOT_AUTOMATED,TikTok,7440291958708280097,"2024-11-23 02:13:16"
00fa99a5-7963-42c3-ae5f-d40e2e00a7b1,"[""DECISION_VISIBILITY_CONTENT_REMOVED""]",,,,,,,,,,,DECISION_GROUND_INCOMPATIBLE_CONTENT,,,,"Alcohol, Tobacco, and Drugs","While adults make personal choices about how they engage with alcohol, drugs, and tobacco, we recognize that there are risks connected to trading and using these substances. We do not allow showing or promoting recreational drug use, or the trade of alcohol, tobacco products, and drugs.We proactively enforce our Community Guidelines through a mix of technology and human moderation. We have detected this policy violation using automated measures. We have used automated measures in making this decision.",,STATEMENT_CATEGORY_SCOPE_OF_PLATFORM_SERVICE,,,,"[""CONTENT_TYPE_VIDEO""]",,,"2024-11-23 00:00:00","[""AT"",""BE"",""BG"",""CY"",""CZ"",""DE"",""DK"",""EE"",""ES"",""FI"",""FR"",""GR"",""HR"",""HU"",""IE"",""IT"",""LI"",""LT"",""LU"",""LV"",""MT"",""NL"",""NO"",""PL"",""PT"",""RO"",""SE"",""SI"",""SK""]","2024-11-23 00:00:00","The decision was taken pursuant to own-initiative investigations.",SOURCE_VOLUNTARY,,Yes,AUTOMATED_DECISION_FULLY,TikTok,7440291958708296481,"2024-11-23 02:13:16"
eac9540b-db33-4f4c-a7d7-567ad249a317,"[""DECISION_VISIBILITY_CONTENT_REMOVED""]",,,,,,,,,,,DECISION_GROUND_INCOMPATIBLE_CONTENT,,,,"Dangerous activities and challenges","Most activities or challenges are appropriate for everyone, but some carry a risk of significant injury. We do not allow showing or promoting dangerous activities and challenges. This includes dares, games, tricks, inappropriate use of dangerous tools, eating substances that are harmful to one’s health, or similar activities that may lead to significant physical harm. Visit our {CG_link} for more information.",,STATEMENT_CATEGORY_SCOPE_OF_PLATFORM_SERVICE,,,,"[""CONTENT_TYPE_VIDEO""]",,,"2024-11-23 00:00:00","[""AT"",""BE"",""BG"",""CY"",""CZ"",""DE"",""DK"",""EE"",""ES"",""FI"",""FR"",""GR"",""HR"",""HU"",""IE"",""IS"",""IT"",""LI"",""LT"",""LU"",""LV"",""MT"",""NL"",""NO"",""PL"",""PT"",""RO"",""SE"",""SI"",""SK""]","2024-11-23 00:00:00","The decision was taken pursuant to own-initiative investigations",SOURCE_VOLUNTARY,,Yes,AUTOMATED_DECISION_NOT_AUTOMATED,TikTok,7440291958708312865,"2024-11-23 02:13:16"
71f710bb-9ee2-401f-b126-581ef1a04f0b,"[""DECISION_VISIBILITY_OTHER""]","Video not eligible for recommendation in the For You feed",,,,,,,,,,DECISION_GROUND_INCOMPATIBLE_CONTENT,,,,"Alcohol, Tobacco, and Drugs","While adults make personal choices about how they engage with alcohol, drugs, and tobacco, we recognize that there are risks connected to trading and using these substances. Content is ineligible for the For You feed and harder to find in search if it shows adults consuming excessive amounts of alcohol or tobacco products.We proactively enforce our Community Guidelines through a mix of technology and human moderation. We have detected this policy violation using automated measures. We have used automated measures in making this decision.",,STATEMENT_CATEGORY_SCOPE_OF_PLATFORM_SERVICE,,,,"[""CONTENT_TYPE_VIDEO""]",,,"2024-11-23 00:00:00","[""AT"",""BE"",""BG"",""CY"",""CZ"",""DE"",""DK"",""EE"",""ES"",""FI"",""FR"",""GR"",""HR"",""HU"",""IE"",""IT"",""LI"",""LT"",""LU"",""LV"",""MT"",""NL"",""NO"",""PL"",""PT"",""RO"",""SE"",""SI"",""SK""]","2024-11-23 00:00:00","The decision was taken pursuant to own-initiative investigations.",SOURCE_VOLUNTARY,,Yes,AUTOMATED_DECISION_FULLY,TikTok,7440291951691275040,"2024-11-23 02:13:16"
cf56d8a5-ca55-42ff-a203-131f105e7e00,"[""DECISION_VISIBILITY_CONTENT_REMOVED""]",,,,,,,,,,,DECISION_GROUND_INCOMPATIBLE_CONTENT,,,,"Harassment and Bullying","We welcome the respectful expression of different viewpoints, but not toxicity or trolling. We do not allow language or behavior that harasses, humiliates, threatens, or doxes anyone. This also includes responding to such acts with retaliatory harassment (but excludes non-harassing counterspeech).We proactively enforce our Community Guidelines through a mix of technology and human moderation. We have detected this policy violation using automated measures. We have used automated measures in making this decision.",,STATEMENT_CATEGORY_ILLEGAL_OR_HARMFUL_SPEECH,,,,"[""CONTENT_TYPE_TEXT""]",,,"2024-11-23 00:00:00","[""AT"",""BE"",""BG"",""CY"",""CZ"",""DE"",""DK"",""EE"",""ES"",""FI"",""FR"",""GR"",""HR"",""HU"",""IE"",""IT"",""LI"",""LT"",""LU"",""LV"",""MT"",""NL"",""NO"",""PL"",""PT"",""RO"",""SE"",""SI"",""SK""]","2024-11-23 00:00:00","The decision was taken pursuant to own-initiative investigations.",SOURCE_VOLUNTARY,,Yes,AUTOMATED_DECISION_FULLY,TikTok,7440291958708329249,"2024-11-23 02:13:16"
d9ad5309-cde3-47f7-b985-cec854714b5c,"[""DECISION_VISIBILITY_CONTENT_REMOVED""]",,,,,,,,,,,DECISION_GROUND_INCOMPATIBLE_CONTENT,,,,"Harassment and Bullying","We welcome the respectful expression of different viewpoints, but not toxicity or trolling. We do not allow language or behavior that harasses, humiliates, threatens, or doxes anyone. This also includes responding to such acts with retaliatory harassment (but excludes non-harassing counterspeech).We proactively enforce our Community Guidelines through a mix of technology and human moderation. We have detected this policy violation using automated measures. We have used automated measures in making this decision.",,STATEMENT_CATEGORY_ILLEGAL_OR_HARMFUL_SPEECH,,,,"[""CONTENT_TYPE_TEXT""]",,,"2024-11-23 00:00:00","[""AT"",""BE"",""BG"",""CY"",""CZ"",""DE"",""DK"",""EE"",""ES"",""FI"",""FR"",""GR"",""HR"",""HU"",""IE"",""IT"",""LI"",""LT"",""LU"",""LV"",""MT"",""NL"",""NO"",""PL"",""PT"",""RO"",""SE"",""SI"",""SK""]","2024-11-23 00:00:00","The decision was taken pursuant to own-initiative investigations.",SOURCE_VOLUNTARY,,Yes,AUTOMATED_DECISION_FULLY,TikTok,7440291951691291424,"2024-11-23 02:13:16"
9bad1231-5ab8-4676-a14a-5d51c6fd3cc4,"[""DECISION_VISIBILITY_CONTENT_REMOVED""]",,,,,,,,,,,DECISION_GROUND_INCOMPATIBLE_CONTENT,,,,"Sexually Suggestive Content","We welcome performances and dances where people can creatively express themselves, celebrate their culture, or seek to entertain. We are mindful that certain behaviors related to sexual arousal or suggestiveness may be offensive to some people and may put young people at risk of exploitation. We do not allow seductive performances or allusions to sexual activity by young people, or the use of sexually explicit narratives by anyone.We proactively enforce our Community Guidelines through a mix of technology and human moderation. We have detected this policy violation using automated measures. We have used automated measures in making this decision.",,STATEMENT_CATEGORY_SCOPE_OF_PLATFORM_SERVICE,,,,"[""CONTENT_TYPE_TEXT""]",,,"2024-11-23 00:00:00","[""AT"",""BE"",""BG"",""CY"",""CZ"",""DE"",""DK"",""EE"",""ES"",""FI"",""FR"",""GR"",""HR"",""HU"",""IE"",""IT"",""LI"",""LT"",""LU"",""LV"",""MT"",""NL"",""NO"",""PL"",""PT"",""RO"",""SE"",""SI"",""SK""]","2024-11-23 00:00:00","The decision was taken pursuant to own-initiative investigations.",SOURCE_VOLUNTARY,,Yes,AUTOMATED_DECISION_FULLY,TikTok,7440291958708345633,"2024-11-23 02:13:16"
c0cd87a6-82fe-4bd4-b8c1-c6b1dd7d14d6,"[""DECISION_VISIBILITY_CONTENT_REMOVED""]",,,,,,,,,,,DECISION_GROUND_INCOMPATIBLE_CONTENT,,,,"Harassment and Bullying","We welcome the respectful expression of different viewpoints, but not toxicity or trolling. We do not allow language or behavior that harasses, humiliates, threatens, or doxes anyone. This also includes responding to such acts with retaliatory harassment (but excludes non-harassing counterspeech).We proactively enforce our Community Guidelines through a mix of technology and human moderation. We have detected this policy violation using automated measures. We have used automated measures in making this decision.",,STATEMENT_CATEGORY_ILLEGAL_OR_HARMFUL_SPEECH,,,,"[""CONTENT_TYPE_TEXT""]",,,"2024-11-23 00:00:00","[""AT"",""BE"",""BG"",""CY"",""CZ"",""DE"",""DK"",""EE"",""ES"",""FI"",""FR"",""GR"",""HR"",""HU"",""IE"",""IT"",""LI"",""LT"",""LU"",""LV"",""MT"",""NL"",""NO"",""PL"",""PT"",""RO"",""SE"",""SI"",""SK""]","2024-11-23 00:00:00","The decision was taken pursuant to own-initiative investigations.",SOURCE_VOLUNTARY,,Yes,AUTOMATED_DECISION_FULLY,TikTok,7440291951691307808,"2024-11-23 02:13:16"
166652c8-8462-4328-81a9-e10c377a3d3a,"[""DECISION_VISIBILITY_CONTENT_REMOVED""]",,,,,,,,,,,DECISION_GROUND_INCOMPATIBLE_CONTENT,,,,"Harassment and Bullying","We welcome the respectful expression of different viewpoints, but not toxicity or trolling. We do not allow language or behavior that harasses, humiliates, threatens, or doxes anyone. This also includes responding to such acts with retaliatory harassment (but excludes non-harassing counterspeech).We proactively enforce our Community Guidelines through a mix of technology and human moderation. We have detected this policy violation using automated measures. We have used automated measures in making this decision.",,STATEMENT_CATEGORY_ILLEGAL_OR_HARMFUL_SPEECH,,,,"[""CONTENT_TYPE_TEXT""]",,,"2024-11-23 00:00:00","[""AT"",""BE"",""BG"",""CY"",""CZ"",""DE"",""DK"",""EE"",""ES"",""FI"",""FR"",""GR"",""HR"",""HU"",""IE"",""IT"",""LI"",""LT"",""LU"",""LV"",""MT"",""NL"",""NO"",""PL"",""PT"",""RO"",""SE"",""SI"",""SK""]","2024-11-23 00:00:00","The decision was taken pursuant to own-initiative investigations.",SOURCE_VOLUNTARY,,Yes,AUTOMATED_DECISION_FULLY,TikTok,7440291958708362017,"2024-11-23 02:13:16"
b008044f-6279-4496-9326-f3c50131d795,"[""DECISION_VISIBILITY_OTHER""]","Video not eligible for recommendation in the For You feed",,,,,,,,,,DECISION_GROUND_INCOMPATIBLE_CONTENT,,,,"Dangerous Activities and Challenges","Most activities or challenges are appropriate for everyone, but some carry a risk of significant injury. Content is ineligible for the For You feed if it involves activities that are likely to lead to moderate physical harm, or includes professionals who are performing extreme sports and stunts that may endanger others.We proactively enforce our Community Guidelines through a mix of technology and human moderation. We have detected this policy violation using automated measures. We have used automated measures in making this decision.",,STATEMENT_CATEGORY_SCOPE_OF_PLATFORM_SERVICE,,,,"[""CONTENT_TYPE_VIDEO""]",,,"2024-11-23 00:00:00","[""AT"",""BE"",""BG"",""CY"",""CZ"",""DE"",""DK"",""EE"",""ES"",""FI"",""FR"",""GR"",""HR"",""HU"",""IE"",""IT"",""LI"",""LT"",""LU"",""LV"",""MT"",""NL"",""NO"",""PL"",""PT"",""RO"",""SE"",""SI"",""SK""]","2024-11-23 00:00:00","The decision was taken pursuant to own-initiative investigations.",SOURCE_VOLUNTARY,,Yes,AUTOMATED_DECISION_FULLY,TikTok,7440291951691324192,"2024-11-23 02:13:16"
7f232998-4949-4d1d-a0ae-78261a3c0242,"[""DECISION_VISIBILITY_CONTENT_REMOVED""]",,,,,,,,,,,DECISION_GROUND_INCOMPATIBLE_CONTENT,,,,"Harassment and Bullying","We welcome the respectful expression of different viewpoints, but not toxicity or trolling. We do not allow language or behavior that harasses, humiliates, threatens, or doxes anyone. This also includes responding to such acts with retaliatory harassment (but excludes non-harassing counterspeech).We proactively enforce our Community Guidelines through a mix of technology and human moderation. We have detected this policy violation using automated measures. We have used automated measures in making this decision.",,STATEMENT_CATEGORY_ILLEGAL_OR_HARMFUL_SPEECH,,,,"[""CONTENT_TYPE_TEXT""]",,,"2024-11-23 00:00:00","[""AT"",""BE"",""BG"",""CY"",""CZ"",""DE"",""DK"",""EE"",""ES"",""FI"",""FR"",""GR"",""HR"",""HU"",""IE"",""IT"",""LI"",""LT"",""LU"",""LV"",""MT"",""NL"",""NO"",""PL"",""PT"",""RO"",""SE"",""SI"",""SK""]","2024-11-23 00:00:00","The decision was taken pursuant to own-initiative investigations.",SOURCE_VOLUNTARY,,Yes,AUTOMATED_DECISION_FULLY,TikTok,7440291965771455264,"2024-11-23 02:13:16"
480bcd77-cd64-476b-a877-77cc47675cb8,"[""DECISION_VISIBILITY_CONTENT_REMOVED""]",,,,,,,,,,,DECISION_GROUND_INCOMPATIBLE_CONTENT,,,,"Harassment and Bullying","We welcome the respectful expression of different viewpoints, but not toxicity or trolling. We do not allow language or behavior that harasses, humiliates, threatens, or doxes anyone. This also includes responding to such acts with retaliatory harassment (but excludes non-harassing counterspeech).We proactively enforce our Community Guidelines through a mix of technology and human moderation. We have detected this policy violation using automated measures. We have used automated measures in making this decision.",,STATEMENT_CATEGORY_ILLEGAL_OR_HARMFUL_SPEECH,,,,"[""CONTENT_TYPE_TEXT""]",,,"2024-11-23 00:00:00","[""AT"",""BE"",""BG"",""CY"",""CZ"",""DE"",""DK"",""EE"",""ES"",""FI"",""FR"",""GR"",""HR"",""HU"",""IE"",""IT"",""LI"",""LT"",""LU"",""LV"",""MT"",""NL"",""NO"",""PL"",""PT"",""RO"",""SE"",""SI"",""SK""]","2024-11-23 00:00:00","The decision was taken pursuant to own-initiative investigations.",SOURCE_VOLUNTARY,,Yes,AUTOMATED_DECISION_FULLY,TikTok,7440291958708378401,"2024-11-23 02:13:16"
82aeed89-be88-482b-810a-11d797282833,"[""DECISION_VISIBILITY_CONTENT_REMOVED""]",,,,,,,,,,,DECISION_GROUND_INCOMPATIBLE_CONTENT,,,,"Harassment and Bullying","We welcome the respectful expression of different viewpoints, but not toxicity or trolling. We do not allow language or behavior that harasses, humiliates, threatens, or doxes anyone. This also includes responding to such acts with retaliatory harassment (but excludes non-harassing counterspeech).We proactively enforce our Community Guidelines through a mix of technology and human moderation. We have detected this policy violation using automated measures. We have used automated measures in making this decision.",,STATEMENT_CATEGORY_ILLEGAL_OR_HARMFUL_SPEECH,,,,"[""CONTENT_TYPE_TEXT""]",,,"2024-11-23 00:00:00","[""AT"",""BE"",""BG"",""CY"",""CZ"",""DE"",""DK"",""EE"",""ES"",""FI"",""FR"",""GR"",""HR"",""HU"",""IE"",""IT"",""LI"",""LT"",""LU"",""LV"",""MT"",""NL"",""NO"",""PL"",""PT"",""RO"",""SE"",""SI"",""SK""]","2024-11-23 00:00:00","The decision was taken pursuant to own-initiative investigations.",SOURCE_VOLUNTARY,,Yes,AUTOMATED_DECISION_FULLY,TikTok,7440291958708394785,"2024-11-23 02:13:16"
ec33f389-f664-43ca-a643-17c16cc12135,"[""DECISION_VISIBILITY_CONTENT_REMOVED""]",,,,,,,,,,,DECISION_GROUND_INCOMPATIBLE_CONTENT,,,,"Sexual Activity and Services","TikTok is a place where people can come to discuss or learn about sexuality, sex or reproductive health. We are mindful that certain content involving sexuality, sex or reproductive health may not be appropriate for young people, be considered offensive by some, or create the potential for exploitation. We do not allow sexual activity or services, including sex, sexual arousal, fetish and kink behavior, and seeking or offering sexual services.We proactively enforce our Community Guidelines through a mix of technology and human moderation. We have detected this policy violation using automated measures.",,STATEMENT_CATEGORY_PORNOGRAPHY_OR_SEXUALIZED_CONTENT,,,,"[""CONTENT_TYPE_VIDEO""]",,,"2024-11-23 00:00:00","[""AT"",""BE"",""BG"",""CY"",""CZ"",""DE"",""DK"",""EE"",""ES"",""FI"",""FR"",""GR"",""HR"",""HU"",""IE"",""IT"",""LI"",""LT"",""LU"",""LV"",""MT"",""NL"",""NO"",""PL"",""PT"",""RO"",""SE"",""SI"",""SK""]","2024-11-23 00:00:00","The decision was taken pursuant to own-initiative investigations.",SOURCE_VOLUNTARY,,Yes,AUTOMATED_DECISION_NOT_AUTOMATED,TikTok,7440291969735072544,"2024-11-23 02:13:16"
9c3b6696-d28a-47ac-a244-b5d1b913a1db,"[""DECISION_VISIBILITY_OTHER""]","Photo not eligible for recommendation in the For You feed",,,,,,,,,,DECISION_GROUND_INCOMPATIBLE_CONTENT,,,,"Community Guidelines","Your content is against our Community Guidelines. The guidelines include rules and standards for using TikTok that apply to everyone and everything on our platform.",,STATEMENT_CATEGORY_SCOPE_OF_PLATFORM_SERVICE,,,,"[""CONTENT_TYPE_IMAGE""]",,,"2024-11-23 00:00:00","[""AT"",""BE"",""BG"",""CY"",""CZ"",""DE"",""DK"",""EE"",""ES"",""FI"",""FR"",""GR"",""HR"",""HU"",""IE"",""IT"",""LI"",""LT"",""LU"",""LV"",""MT"",""NL"",""NO"",""PL"",""PT"",""RO"",""SE"",""SI"",""SK""]","2024-11-23 00:00:00","The decision was taken pursuant to own-initiative investigations.",SOURCE_VOLUNTARY,,Yes,AUTOMATED_DECISION_FULLY,TikTok,7440291965771471648,"2024-11-23 02:13:16"
ebdcabff-4d74-4311-8766-67096314368f,"[""DECISION_VISIBILITY_CONTENT_REMOVED""]",,,,,,,,,,,DECISION_GROUND_INCOMPATIBLE_CONTENT,,,,"Harassment and Bullying","We welcome the respectful expression of different viewpoints, but not toxicity or trolling. We do not allow language or behavior that harasses, humiliates, threatens, or doxes anyone. This also includes responding to such acts with retaliatory harassment (but excludes non-harassing counterspeech).We proactively enforce our Community Guidelines through a mix of technology and human moderation. We have detected this policy violation using automated measures. We have used automated measures in making this decision.",,STATEMENT_CATEGORY_ILLEGAL_OR_HARMFUL_SPEECH,,,,"[""CONTENT_TYPE_TEXT""]",,,"2024-11-23 00:00:00","[""AT"",""BE"",""BG"",""CY"",""CZ"",""DE"",""DK"",""EE"",""ES"",""FI"",""FR"",""GR"",""HR"",""HU"",""IE"",""IT"",""LI"",""LT"",""LU"",""LV"",""MT"",""NL"",""NO"",""PL"",""PT"",""RO"",""SE"",""SI"",""SK""]","2024-11-23 00:00:00","The decision was taken pursuant to own-initiative investigations.",SOURCE_VOLUNTARY,,Yes,AUTOMATED_DECISION_FULLY,TikTok,7440291965771488032,"2024-11-23 02:13:16"
cac2beb1-060a-4553-b61c-013aaebc31e6,"[""DECISION_VISIBILITY_CONTENT_REMOVED""]",,,,,,,,,,,DECISION_GROUND_INCOMPATIBLE_CONTENT,,,,Gambling,"Many people around the world find entertainment through games of chance. While TikTok is an entertainment platform, we recognize that risking money in a game or a bet may lead to potential harm for some people, including serious financial loss or addiction. We do not allow the promotion of gambling services.We proactively enforce our Community Guidelines through a mix of technology and human moderation. We have detected this policy violation using automated measures. We have used automated measures in making this decision.",,STATEMENT_CATEGORY_SCOPE_OF_PLATFORM_SERVICE,,,,"[""CONTENT_TYPE_VIDEO""]",,,"2024-11-23 00:00:00","[""AT"",""BE"",""BG"",""CY"",""CZ"",""DE"",""DK"",""EE"",""ES"",""FI"",""FR"",""GR"",""HR"",""HU"",""IE"",""IT"",""LI"",""LT"",""LU"",""LV"",""MT"",""NL"",""NO"",""PL"",""PT"",""RO"",""SE"",""SI"",""SK""]","2024-11-23 00:00:00","The decision was taken pursuant to own-initiative investigations.",SOURCE_VOLUNTARY,,Yes,AUTOMATED_DECISION_FULLY,TikTok,7440291965771504416,"2024-11-23 02:13:16"
b30c9d70-7c18-4c24-8ae9-0270e581c0bf,"[""DECISION_VISIBILITY_CONTENT_REMOVED""]",,,,,,,,,,,DECISION_GROUND_INCOMPATIBLE_CONTENT,,,,"Harassment and Bullying","We welcome the respectful expression of different viewpoints, but not toxicity or trolling. We do not allow language or behavior that harasses, humiliates, threatens, or doxes anyone. This also includes responding to such acts with retaliatory harassment (but excludes non-harassing counterspeech).We proactively enforce our Community Guidelines through a mix of technology and human moderation. We have detected this policy violation using automated measures. We have used automated measures in making this decision.",,STATEMENT_CATEGORY_ILLEGAL_OR_HARMFUL_SPEECH,,,,"[""CONTENT_TYPE_TEXT""]",,,"2024-11-23 00:00:00","[""AT"",""BE"",""BG"",""CY"",""CZ"",""DE"",""DK"",""EE"",""ES"",""FI"",""FR"",""GR"",""HR"",""HU"",""IE"",""IT"",""LI"",""LT"",""LU"",""LV"",""MT"",""NL"",""NO"",""PL"",""PT"",""RO"",""SE"",""SI"",""SK""]","2024-11-23 00:00:00","The decision was taken pursuant to own-initiative investigations.",SOURCE_VOLUNTARY,,Yes,AUTOMATED_DECISION_FULLY,TikTok,7440291969735088928,"2024-11-23 02:13:16"
10683654-a04b-4cb1-9bfe-03fbdd1870cf,"[""DECISION_VISIBILITY_CONTENT_REMOVED""]",,,,,,,,,,,DECISION_GROUND_INCOMPATIBLE_CONTENT,,,,"Harassment and Bullying","We welcome the respectful expression of different viewpoints, but not toxicity or trolling. We do not allow language or behavior that harasses, humiliates, threatens, or doxes anyone. This also includes responding to such acts with retaliatory harassment (but excludes non-harassing counterspeech).We proactively enforce our Community Guidelines through a mix of technology and human moderation. We have detected this policy violation using automated measures. We have used automated measures in making this decision.",,STATEMENT_CATEGORY_ILLEGAL_OR_HARMFUL_SPEECH,,,,"[""CONTENT_TYPE_TEXT""]",,,"2024-11-23 00:00:00","[""AT"",""BE"",""BG"",""CY"",""CZ"",""DE"",""DK"",""EE"",""ES"",""FI"",""FR"",""GR"",""HR"",""HU"",""IE"",""IT"",""LI"",""LT"",""LU"",""LV"",""MT"",""NL"",""NO"",""PL"",""PT"",""RO"",""SE"",""SI"",""SK""]","2024-11-23 00:00:00","The decision was taken pursuant to own-initiative investigations.",SOURCE_VOLUNTARY,,Yes,AUTOMATED_DECISION_FULLY,TikTok,7440291965771520800,"2024-11-23 02:13:16"
544915e2-994d-4191-9cd0-50bcf60532b8,"[""DECISION_VISIBILITY_CONTENT_REMOVED""]",,,,,,,,,,,DECISION_GROUND_INCOMPATIBLE_CONTENT,,,,"Harassment and Bullying","We welcome the respectful expression of different viewpoints, but not toxicity or trolling. We do not allow language or behavior that harasses, humiliates, threatens, or doxes anyone. This also includes responding to such acts with retaliatory harassment (but excludes non-harassing counterspeech).We proactively enforce our Community Guidelines through a mix of technology and human moderation. We have detected this policy violation using automated measures. We have used automated measures in making this decision.",,STATEMENT_CATEGORY_ILLEGAL_OR_HARMFUL_SPEECH,,,,"[""CONTENT_TYPE_TEXT""]",,,"2024-11-23 00:00:00","[""AT"",""BE"",""BG"",""CY"",""CZ"",""DE"",""DK"",""EE"",""ES"",""FI"",""FR"",""GR"",""HR"",""HU"",""IE"",""IT"",""LI"",""LT"",""LU"",""LV"",""MT"",""NL"",""NO"",""PL"",""PT"",""RO"",""SE"",""SI"",""SK""]","2024-11-23 00:00:00","The decision was taken pursuant to own-initiative investigations.",SOURCE_VOLUNTARY,,Yes,AUTOMATED_DECISION_FULLY,TikTok,7440291965771537184,"2024-11-23 02:13:16"
b42bc84d-4b42-4cb3-abbf-e04298024342,"[""DECISION_VISIBILITY_OTHER""]","Video not eligible for recommendation in the For You feed",,,,,,,,,,DECISION_GROUND_INCOMPATIBLE_CONTENT,,,,"Community Guidelines","We maintain content eligibility standards for the For You feed (FYF) that prioritize safety and are informed by the diversity of our community and cultural norms. We make ineligible for the FYF certain content that may not be appropriate for a broad audience related to: (1) Behavioral Health, (2) Sensitive and Mature Themes, (3) Integrity and Authenticity, and (4) Regulated Goods. Content that is ineligible for the FYF can still be discovered in other ways, such as through search tools or by following an account.We proactively enforce our Community Guidelines through a mix of technology and human moderation. We have detected this policy violation using automated measures. We have used automated measures in making this decision.",,STATEMENT_CATEGORY_SCOPE_OF_PLATFORM_SERVICE,,,,"[""CONTENT_TYPE_VIDEO""]",,,"2024-11-23 00:00:00","[""AT"",""BE"",""BG"",""CY"",""CZ"",""DE"",""DK"",""EE"",""ES"",""FI"",""FR"",""GR"",""HR"",""HU"",""IE"",""IT"",""LI"",""LT"",""LU"",""LV"",""MT"",""NL"",""NO"",""PL"",""PT"",""RO"",""SE"",""SI"",""SK""]","2024-11-23 00:00:00","The decision was taken pursuant to own-initiative investigations.",SOURCE_VOLUNTARY,,Yes,AUTOMATED_DECISION_FULLY,TikTok,7440291965771553568,"2024-11-23 02:13:16"
77cd0265-827d-4a78-abc0-69c1bfe65ea6,,,,,,,,,DECISION_ACCOUNT_TERMINATED,,,DECISION_GROUND_INCOMPATIBLE_CONTENT,,,,"Advertising policy violation","Reasons why your account may have been suspended: - We received a report or complaint about your account from people on TikTok or other channels. - There are problems with your ad creative, or qualifications or services provided in your ads. - We suspected malicious behavior or intent during ad creation. - You made changes to your ad's landing page after launching the campaign.",,STATEMENT_CATEGORY_SCOPE_OF_PLATFORM_SERVICE,,,,"[""CONTENT_TYPE_OTHER""]","Account Suspended",,"2024-11-22 00:00:00","[""AT"",""BE"",""BG"",""CY"",""CZ"",""DE"",""DK"",""EE"",""ES"",""FI"",""FR"",""GR"",""HR"",""HU"",""IE"",""IT"",""LI"",""LT"",""LU"",""LV"",""MT"",""NL"",""NO"",""PL"",""PT"",""RO"",""SE"",""SI"",""SK""]","2024-11-23 00:00:00","The decision was taken pursuant to own-initiative investigations.",SOURCE_VOLUNTARY,,Yes,AUTOMATED_DECISION_FULLY,TikTok,7440291969735105312,"2024-11-23 02:13:16"
353314c3-2926-4e09-8ff6-ab4be5ed479d,,,,,,,,,DECISION_ACCOUNT_TERMINATED,,,DECISION_GROUND_INCOMPATIBLE_CONTENT,,,,"Advertising policy violation","Reasons why your account may have been suspended: - We received a report or complaint about your account from people on TikTok or other channels. - There are problems with your ad creative, or qualifications or services provided in your ads. - We suspected malicious behavior or intent during ad creation. - You made changes to your ad's landing page after launching the campaign.",,STATEMENT_CATEGORY_SCOPE_OF_PLATFORM_SERVICE,,,,"[""CONTENT_TYPE_OTHER""]","Account Suspended",,"2024-11-22 00:00:00","[""AT"",""BE"",""BG"",""CY"",""CZ"",""DE"",""DK"",""EE"",""ES"",""FI"",""FR"",""GR"",""HR"",""HU"",""IE"",""IT"",""LI"",""LT"",""LU"",""LV"",""MT"",""NL"",""NO"",""PL"",""PT"",""RO"",""SE"",""SI"",""SK""]","2024-11-23 00:00:00","The decision was taken pursuant to own-initiative investigations.",SOURCE_VOLUNTARY,,Yes,AUTOMATED_DECISION_FULLY,TikTok,7440291969735121696,"2024-11-23 02:13:16"
84dda002-b4ec-42c9-b9bf-4b67a9e3f801,"[""DECISION_VISIBILITY_OTHER""]","Video not eligible for recommendation in the For You feed",,,,,,,,,,DECISION_GROUND_INCOMPATIBLE_CONTENT,,,,"Sexually Suggestive Content","We are mindful that certain behaviors related to sexual arousal or suggestiveness may be offensive to some people and may put young people at risk of exploitation. Content is ineligible for the For You feed and harder to find in search if it shows sex products or intends to sexually arouse (such as intimate kissing, sexualized posing, and seductive performances or allusions to sexual activity by adults). We proactively enforce our Community Guidelines through a mix of technology and human moderation. We have detected this policy violation using automated measures. We have used automated measures in making this decision.",,STATEMENT_CATEGORY_SCOPE_OF_PLATFORM_SERVICE,,,,"[""CONTENT_TYPE_VIDEO""]",,,"2024-11-23 00:00:00","[""AT"",""BE"",""BG"",""CY"",""CZ"",""DE"",""DK"",""EE"",""ES"",""FI"",""FR"",""GR"",""HR"",""HU"",""IE"",""IT"",""LI"",""LT"",""LU"",""LV"",""MT"",""NL"",""NO"",""PL"",""PT"",""RO"",""SE"",""SI"",""SK""]","2024-11-23 00:00:00","The decision was taken pursuant to own-initiative investigations.",SOURCE_VOLUNTARY,,Yes,AUTOMATED_DECISION_FULLY,TikTok,7440291969735138080,"2024-11-23 02:13:16"
24771d12-7e6f-404b-8b60-6687f2e58fb0,"[""DECISION_VISIBILITY_OTHER""]","LIVE not eligible for recommendation and restricted in search results for 10 minutes","2024-11-23 00:00:00",,,,,,,,,DECISION_GROUND_INCOMPATIBLE_CONTENT,,,,"Content with low visual quality or static imagery","Your LIVE is not eligible for recommendation and restricted in search results for the next 10 minutes, because it may contain content with low visual quality or static imagery. This is in line with the For You feed eligibility standards under our Community Guidelines.",,STATEMENT_CATEGORY_SCOPE_OF_PLATFORM_SERVICE,,,,"[""CONTENT_TYPE_VIDEO""]",,,"2024-11-23 00:00:00","[""AT"",""BE"",""BG"",""CY"",""CZ"",""DE"",""DK"",""EE"",""ES"",""FI"",""FR"",""GR"",""HR"",""HU"",""IE"",""IS"",""IT"",""LI"",""LT"",""LU"",""LV"",""MT"",""NL"",""NO"",""PL"",""PT"",""RO"",""SE"",""SI"",""SK""]","2024-11-23 00:00:00","The decision was taken pursuant to own-initiative investigations",SOURCE_VOLUNTARY,,Yes,AUTOMATED_DECISION_FULLY,TikTok,7440291969735154464,"2024-11-23 02:13:16"
d5dc9aa0-24c5-4272-ae97-60ccdce52912,"[""DECISION_VISIBILITY_CONTENT_REMOVED""]",,,,,,,,,,,DECISION_GROUND_INCOMPATIBLE_CONTENT,,,,"Harassment and Bullying","We welcome the respectful expression of different viewpoints, but not toxicity or trolling. We do not allow language or behavior that harasses, humiliates, threatens, or doxes anyone. This also includes responding to such acts with retaliatory harassment (but excludes non-harassing counterspeech).We proactively enforce our Community Guidelines through a mix of technology and human moderation. We have detected this policy violation using automated measures. We have used automated measures in making this decision.",,STATEMENT_CATEGORY_ILLEGAL_OR_HARMFUL_SPEECH,,,,"[""CONTENT_TYPE_TEXT""]",,,"2024-11-23 00:00:00","[""AT"",""BE"",""BG"",""CY"",""CZ"",""DE"",""DK"",""EE"",""ES"",""FI"",""FR"",""GR"",""HR"",""HU"",""IE"",""IT"",""LI"",""LT"",""LU"",""LV"",""MT"",""NL"",""NO"",""PL"",""PT"",""RO"",""SE"",""SI"",""SK""]","2024-11-23 00:00:00","The decision was taken pursuant to own-initiative investigations.",SOURCE_VOLUNTARY,,Yes,AUTOMATED_DECISION_FULLY,TikTok,7440291965771569952,"2024-11-23 02:13:16"
a6b17d90-427f-4878-8387-a7ef5d22d383,"[""DECISION_VISIBILITY_CONTENT_REMOVED""]",,,,,,,,,,,DECISION_GROUND_INCOMPATIBLE_CONTENT,,,,"Community Guidelines","Your content is against our Community Guidelines. The guidelines include rules and standards for using TikTok that apply to everyone and everything on our platform.We proactively enforce our Community Guidelines through a mix of technology and human moderation. We have detected this policy violation using automated measures. We have used automated measures in making this decision.",,STATEMENT_CATEGORY_SCOPE_OF_PLATFORM_SERVICE,,,,"[""CONTENT_TYPE_VIDEO""]",,,"2024-11-23 00:00:00","[""AT"",""BE"",""BG"",""CY"",""CZ"",""DE"",""DK"",""EE"",""ES"",""FI"",""FR"",""GR"",""HR"",""HU"",""IE"",""IT"",""LI"",""LT"",""LU"",""LV"",""MT"",""NL"",""NO"",""PL"",""PT"",""RO"",""SE"",""SI"",""SK""]","2024-11-23 00:00:00","The decision was taken pursuant to own-initiative investigations.",SOURCE_VOLUNTARY,,Yes,AUTOMATED_DECISION_FULLY,TikTok,7440291969735170848,"2024-11-23 02:13:16"
333f6166-404d-40f3-8019-7749c14a8d2a,"[""DECISION_VISIBILITY_OTHER""]","Video not eligible for recommendation in the For You feed",,,,,,,,,,DECISION_GROUND_INCOMPATIBLE_CONTENT,,,,"Alcohol, Tobacco, and Drugs","While adults make personal choices about how they engage with alcohol, drugs, and tobacco, we recognize that there are risks connected to trading and using these substances. Content is ineligible for the For You feed and harder to find in search if it shows adults consuming excessive amounts of alcohol or tobacco products.We proactively enforce our Community Guidelines through a mix of technology and human moderation. We have detected this policy violation using automated measures. We have used automated measures in making this decision.",,STATEMENT_CATEGORY_SCOPE_OF_PLATFORM_SERVICE,,,,"[""CONTENT_TYPE_VIDEO""]",,,"2024-11-23 00:00:00","[""AT"",""BE"",""BG"",""CY"",""CZ"",""DE"",""DK"",""EE"",""ES"",""FI"",""FR"",""GR"",""HR"",""HU"",""IE"",""IT"",""LI"",""LT"",""LU"",""LV"",""MT"",""NL"",""NO"",""PL"",""PT"",""RO"",""SE"",""SI"",""SK""]","2024-11-23 00:00:00","The decision was taken pursuant to own-initiative investigations.",SOURCE_VOLUNTARY,,Yes,AUTOMATED_DECISION_FULLY,TikTok,7440291965771586336,"2024-11-23 02:13:16"
5673bf5a-f5d8-4ada-8023-2124ed9f52d2,"[""DECISION_VISIBILITY_CONTENT_REMOVED""]",,,,,,,,,,,DECISION_GROUND_INCOMPATIBLE_CONTENT,,,,"Harassment and Bullying","We welcome the respectful expression of different viewpoints, but not toxicity or trolling. We do not allow language or behavior that harasses, humiliates, threatens, or doxes anyone. This also includes responding to such acts with retaliatory harassment (but excludes non-harassing counterspeech).We proactively enforce our Community Guidelines through a mix of technology and human moderation. We have detected this policy violation using automated measures. We have used automated measures in making this decision.",,STATEMENT_CATEGORY_ILLEGAL_OR_HARMFUL_SPEECH,,,,"[""CONTENT_TYPE_TEXT""]",,,"2024-11-23 00:00:00","[""AT"",""BE"",""BG"",""CY"",""CZ"",""DE"",""DK"",""EE"",""ES"",""FI"",""FR"",""GR"",""HR"",""HU"",""IE"",""IT"",""LI"",""LT"",""LU"",""LV"",""MT"",""NL"",""NO"",""PL"",""PT"",""RO"",""SE"",""SI"",""SK""]","2024-11-23 00:00:00","The decision was taken pursuant to own-initiative investigations.",SOURCE_VOLUNTARY,,Yes,AUTOMATED_DECISION_FULLY,TikTok,7440291965771602720,"2024-11-23 02:13:16"
3226ca3f-879b-4621-9d6b-91d8a5b58035,"[""DECISION_VISIBILITY_CONTENT_REMOVED""]",,,,,,,,,,,DECISION_GROUND_INCOMPATIBLE_CONTENT,,,,"Violent Behaviors and Criminal Activities","We recognize that online content related to violence can cause real-world harm. We do not allow any violent threats, incitement to violence, or promotion of criminal activities that may harm people, animals, or property. If there is a specific, credible, and imminent threat to human life or serious physical injury, we will report it to relevant law enforcement authorities.We proactively enforce our Community Guidelines through a mix of technology and human moderation. We have detected this policy violation using automated measures. We have used automated measures in making this decision.",,STATEMENT_CATEGORY_VIOLENCE,,,,"[""CONTENT_TYPE_TEXT""]",,,"2024-11-23 00:00:00","[""AT"",""BE"",""BG"",""CY"",""CZ"",""DE"",""DK"",""EE"",""ES"",""FI"",""FR"",""GR"",""HR"",""HU"",""IE"",""IT"",""LI"",""LT"",""LU"",""LV"",""MT"",""NL"",""NO"",""PL"",""PT"",""RO"",""SE"",""SI"",""SK""]","2024-11-23 00:00:00","The decision was taken pursuant to own-initiative investigations.",SOURCE_VOLUNTARY,,Yes,AUTOMATED_DECISION_FULLY,TikTok,7440291980938058528,"2024-11-23 02:13:16"
91240e18-d739-475c-a7c5-621ac949b1d5,"[""DECISION_VISIBILITY_CONTENT_REMOVED""]",,,,,,,,,,,DECISION_GROUND_INCOMPATIBLE_CONTENT,,,,"Hate Speech and Hateful Behaviors","TikTok is enriched by the various backgrounds of our community members. Our differences should be respected, rather than a cause for division. We do not allow any hateful behavior, hate speech, or promotion of hateful ideologies. This includes content that attacks a person or group because of protected attributes.We proactively enforce our Community Guidelines through a mix of technology and human moderation. We have detected this policy violation using automated measures. We have used automated measures in making this decision.",,STATEMENT_CATEGORY_ILLEGAL_OR_HARMFUL_SPEECH,,,,"[""CONTENT_TYPE_TEXT""]",,,"2024-11-23 00:00:00","[""AT"",""BE"",""BG"",""CY"",""CZ"",""DE"",""DK"",""EE"",""ES"",""FI"",""FR"",""GR"",""HR"",""HU"",""IE"",""IT"",""LI"",""LT"",""LU"",""LV"",""MT"",""NL"",""NO"",""PL"",""PT"",""RO"",""SE"",""SI"",""SK""]","2024-11-23 00:00:00","The decision was taken pursuant to own-initiative investigations.",SOURCE_VOLUNTARY,,Yes,AUTOMATED_DECISION_FULLY,TikTok,7440291969735187232,"2024-11-23 02:13:16"
8d418c3e-3a85-419e-aa3c-e25e9bc4a660,"[""DECISION_VISIBILITY_CONTENT_REMOVED""]",,,,,,,,,,,DECISION_GROUND_INCOMPATIBLE_CONTENT,,,,"Harassment and Bullying","We welcome the respectful expression of different viewpoints, but not toxicity or trolling. We do not allow language or behavior that harasses, humiliates, threatens, or doxes anyone. This also includes responding to such acts with retaliatory harassment (but excludes non-harassing counterspeech).We proactively enforce our Community Guidelines through a mix of technology and human moderation. We have detected this policy violation using automated measures. We have used automated measures in making this decision.",,STATEMENT_CATEGORY_ILLEGAL_OR_HARMFUL_SPEECH,,,,"[""CONTENT_TYPE_TEXT""]",,,"2024-11-23 00:00:00","[""AT"",""BE"",""BG"",""CY"",""CZ"",""DE"",""DK"",""EE"",""ES"",""FI"",""FR"",""GR"",""HR"",""HU"",""IE"",""IT"",""LI"",""LT"",""LU"",""LV"",""MT"",""NL"",""NO"",""PL"",""PT"",""RO"",""SE"",""SI"",""SK""]","2024-11-23 00:00:00","The decision was taken pursuant to own-initiative investigations.",SOURCE_VOLUNTARY,,Yes,AUTOMATED_DECISION_FULLY,TikTok,7440291969735203616,"2024-11-23 02:13:16"
b6849475-4b7e-4e25-89a5-6d3e818381d7,"[""DECISION_VISIBILITY_CONTENT_REMOVED""]",,,,,,,,,,,DECISION_GROUND_INCOMPATIBLE_CONTENT,,,,"Harassment and Bullying","We welcome the respectful expression of different viewpoints, but not toxicity or trolling. We do not allow language or behavior that harasses, humiliates, threatens, or doxes anyone. This also includes responding to such acts with retaliatory harassment (but excludes non-harassing counterspeech).We proactively enforce our Community Guidelines through a mix of technology and human moderation. We have detected this policy violation using automated measures. We have used automated measures in making this decision.",,STATEMENT_CATEGORY_ILLEGAL_OR_HARMFUL_SPEECH,,,,"[""CONTENT_TYPE_TEXT""]",,,"2024-11-23 00:00:00","[""AT"",""BE"",""BG"",""CY"",""CZ"",""DE"",""DK"",""EE"",""ES"",""FI"",""FR"",""GR"",""HR"",""HU"",""IE"",""IT"",""LI"",""LT"",""LU"",""LV"",""MT"",""NL"",""NO"",""PL"",""PT"",""RO"",""SE"",""SI"",""SK""]","2024-11-23 00:00:00","The decision was taken pursuant to own-initiative investigations.",SOURCE_VOLUNTARY,,Yes,AUTOMATED_DECISION_FULLY,TikTok,7440291969735220000,"2024-11-23 02:13:16"
2d52521d-e3bd-421f-aaab-51d6ca9f1c3b,"[""DECISION_VISIBILITY_CONTENT_REMOVED""]",,,,,,,,,,,DECISION_GROUND_INCOMPATIBLE_CONTENT,,,,"Violent Behaviors and Criminal Activities","We recognize that online content related to violence can cause real-world harm. We do not allow any violent threats, incitement to violence, or promotion of criminal activities that may harm people, animals, or property. If there is a specific, credible, and imminent threat to human life or serious physical injury, we will report it to relevant law enforcement authorities.We proactively enforce our Community Guidelines through a mix of technology and human moderation. We have detected this policy violation using automated measures. We have used automated measures in making this decision.",,STATEMENT_CATEGORY_VIOLENCE,,,,"[""CONTENT_TYPE_TEXT""]",,,"2024-11-23 00:00:00","[""AT"",""BE"",""BG"",""CY"",""CZ"",""DE"",""DK"",""EE"",""ES"",""FI"",""FR"",""GR"",""HR"",""HU"",""IE"",""IT"",""LI"",""LT"",""LU"",""LV"",""MT"",""NL"",""NO"",""PL"",""PT"",""RO"",""SE"",""SI"",""SK""]","2024-11-23 00:00:00","The decision was taken pursuant to own-initiative investigations.",SOURCE_VOLUNTARY,,Yes,AUTOMATED_DECISION_FULLY,TikTok,7440291984289307424,"2024-11-23 02:13:16"
1cb3aa57-e716-4245-b8fc-a6f82e4dce7c,"[""DECISION_VISIBILITY_CONTENT_REMOVED""]",,,,,,,,,,,DECISION_GROUND_INCOMPATIBLE_CONTENT,,,,"Hate Speech and Hateful Behaviors","TikTok is enriched by the various backgrounds of our community members. Our differences should be respected, rather than a cause for division. We do not allow any hateful behavior, hate speech, or promotion of hateful ideologies. This includes content that attacks a person or group because of protected attributes.We proactively enforce our Community Guidelines through a mix of technology and human moderation. We have detected this policy violation using automated measures. We have used automated measures in making this decision.",,STATEMENT_CATEGORY_ILLEGAL_OR_HARMFUL_SPEECH,,,,"[""CONTENT_TYPE_TEXT""]",,,"2024-11-23 00:00:00","[""AT"",""BE"",""BG"",""CY"",""CZ"",""DE"",""DK"",""EE"",""ES"",""FI"",""FR"",""GR"",""HR"",""HU"",""IE"",""IT"",""LI"",""LT"",""LU"",""LV"",""MT"",""NL"",""NO"",""PL"",""PT"",""RO"",""SE"",""SI"",""SK""]","2024-11-23 00:00:00","The decision was taken pursuant to own-initiative investigations.",SOURCE_VOLUNTARY,,Yes,AUTOMATED_DECISION_FULLY,TikTok,7440291980938074912,"2024-11-23 02:13:16"
f11a0b14-8238-4266-8bc1-9c7a06495683,"[""DECISION_VISIBILITY_CONTENT_REMOVED""]",,,,,,,,,,,DECISION_GROUND_INCOMPATIBLE_CONTENT,,,,"Harassment and Bullying","We welcome the respectful expression of different viewpoints, but not toxicity or trolling. We do not allow language or behavior that harasses, humiliates, threatens, or doxes anyone. This also includes responding to such acts with retaliatory harassment (but excludes non-harassing counterspeech).We proactively enforce our Community Guidelines through a mix of technology and human moderation. We have detected this policy violation using automated measures. We have used automated measures in making this decision.",,STATEMENT_CATEGORY_ILLEGAL_OR_HARMFUL_SPEECH,,,,"[""CONTENT_TYPE_TEXT""]",,,"2024-11-23 00:00:00","[""AT"",""BE"",""BG"",""CY"",""CZ"",""DE"",""DK"",""EE"",""ES"",""FI"",""FR"",""GR"",""HR"",""HU"",""IE"",""IT"",""LI"",""LT"",""LU"",""LV"",""MT"",""NL"",""NO"",""PL"",""PT"",""RO"",""SE"",""SI"",""SK""]","2024-11-23 00:00:00","The decision was taken pursuant to own-initiative investigations.",SOURCE_VOLUNTARY,,Yes,AUTOMATED_DECISION_FULLY,TikTok,7440291980938091296,"2024-11-23 02:13:16"
2407174a-549f-4051-977c-9a9289707cd3,"[""DECISION_VISIBILITY_CONTENT_REMOVED""]",,,,,,,,,,,DECISION_GROUND_INCOMPATIBLE_CONTENT,,,,"Sexually Suggestive Content","We welcome performances and dances where people can creatively express themselves, celebrate their culture, or seek to entertain. We are mindful that certain behaviors related to sexual arousal or suggestiveness may be offensive to some people and may put young people at risk of exploitation. We do not allow seductive performances or allusions to sexual activity by young people, or the use of sexually explicit narratives by anyone.We proactively enforce our Community Guidelines through a mix of technology and human moderation. We have detected this policy violation using automated measures. We have used automated measures in making this decision.",,STATEMENT_CATEGORY_SCOPE_OF_PLATFORM_SERVICE,,,,"[""CONTENT_TYPE_TEXT""]",,,"2024-11-23 00:00:00","[""AT"",""BE"",""BG"",""CY"",""CZ"",""DE"",""DK"",""EE"",""ES"",""FI"",""FR"",""GR"",""HR"",""HU"",""IE"",""IT"",""LI"",""LT"",""LU"",""LV"",""MT"",""NL"",""NO"",""PL"",""PT"",""RO"",""SE"",""SI"",""SK""]","2024-11-23 00:00:00","The decision was taken pursuant to own-initiative investigations.",SOURCE_VOLUNTARY,,Yes,AUTOMATED_DECISION_FULLY,TikTok,7440291984289323808,"2024-11-23 02:13:16"
b966591d-13f1-4300-8086-cca897bbb070,"[""DECISION_VISIBILITY_CONTENT_REMOVED""]",,,,,,,,,,,DECISION_GROUND_INCOMPATIBLE_CONTENT,,,,"Harassment and Bullying","We welcome the respectful expression of different viewpoints, but not toxicity or trolling. We do not allow language or behavior that harasses, humiliates, threatens, or doxes anyone. This also includes responding to such acts with retaliatory harassment (but excludes non-harassing counterspeech).We proactively enforce our Community Guidelines through a mix of technology and human moderation. We have detected this policy violation using automated measures. We have used automated measures in making this decision.",,STATEMENT_CATEGORY_ILLEGAL_OR_HARMFUL_SPEECH,,,,"[""CONTENT_TYPE_TEXT""]",,,"2024-11-23 00:00:00","[""AT"",""BE"",""BG"",""CY"",""CZ"",""DE"",""DK"",""EE"",""ES"",""FI"",""FR"",""GR"",""HR"",""HU"",""IE"",""IT"",""LI"",""LT"",""LU"",""LV"",""MT"",""NL"",""NO"",""PL"",""PT"",""RO"",""SE"",""SI"",""SK""]","2024-11-23 00:00:00","The decision was taken pursuant to own-initiative investigations.",SOURCE_VOLUNTARY,,Yes,AUTOMATED_DECISION_FULLY,TikTok,7440291984289340192,"2024-11-23 02:13:16"
e1e2eb3a-9260-4a8f-83fe-ef8ef75afcb3,"[""DECISION_VISIBILITY_CONTENT_REMOVED""]",,,,,,,,,,,DECISION_GROUND_INCOMPATIBLE_CONTENT,,,,"Harassment and Bullying","We welcome the respectful expression of different viewpoints, but not toxicity or trolling. We do not allow language or behavior that harasses, humiliates, threatens, or doxes anyone. This also includes responding to such acts with retaliatory harassment (but excludes non-harassing counterspeech).We proactively enforce our Community Guidelines through a mix of technology and human moderation. We have detected this policy violation using automated measures. We have used automated measures in making this decision.",,STATEMENT_CATEGORY_ILLEGAL_OR_HARMFUL_SPEECH,,,,"[""CONTENT_TYPE_TEXT""]",,,"2024-11-23 00:00:00","[""AT"",""BE"",""BG"",""CY"",""CZ"",""DE"",""DK"",""EE"",""ES"",""FI"",""FR"",""GR"",""HR"",""HU"",""IE"",""IT"",""LI"",""LT"",""LU"",""LV"",""MT"",""NL"",""NO"",""PL"",""PT"",""RO"",""SE"",""SI"",""SK""]","2024-11-23 00:00:00","The decision was taken pursuant to own-initiative investigations.",SOURCE_VOLUNTARY,,Yes,AUTOMATED_DECISION_FULLY,TikTok,7440291980938107680,"2024-11-23 02:13:16"
e327d5a1-3e01-498a-a141-2d24bf0a31a5,"[""DECISION_VISIBILITY_CONTENT_REMOVED""]",,,,,,,,,,,DECISION_GROUND_INCOMPATIBLE_CONTENT,,,,"Harassment and Bullying","We welcome the respectful expression of different viewpoints, but not toxicity or trolling. We do not allow language or behavior that harasses, humiliates, threatens, or doxes anyone. This also includes responding to such acts with retaliatory harassment (but excludes non-harassing counterspeech).We proactively enforce our Community Guidelines through a mix of technology and human moderation. We have detected this policy violation using automated measures. We have used automated measures in making this decision.",,STATEMENT_CATEGORY_ILLEGAL_OR_HARMFUL_SPEECH,,,,"[""CONTENT_TYPE_TEXT""]",,,"2024-11-23 00:00:00","[""AT"",""BE"",""BG"",""CY"",""CZ"",""DE"",""DK"",""EE"",""ES"",""FI"",""FR"",""GR"",""HR"",""HU"",""IE"",""IT"",""LI"",""LT"",""LU"",""LV"",""MT"",""NL"",""NO"",""PL"",""PT"",""RO"",""SE"",""SI"",""SK""]","2024-11-23 00:00:00","The decision was taken pursuant to own-initiative investigations.",SOURCE_VOLUNTARY,,Yes,AUTOMATED_DECISION_FULLY,TikTok,7440291980938124064,"2024-11-23 02:13:16"
597c60d0-f9ac-464a-81be-f5108fc6f810,,,,,,,DECISION_PROVISION_PARTIAL_SUSPENSION,"2024-11-30 00:00:00",,,,DECISION_GROUND_INCOMPATIBLE_CONTENT,,,,"Discurso de odio o muestras de odio","TikTok se enriquece gracias a la diversa procedencia de los miembros de nuestra comunidad. Nuestras diferencias se deben respetar en lugar de ser motivo de división. No permitimos comportamientos de odio, el discurso de odio ni la promoción de ideologías de odio. Esto incluye contenido que ataca a las personas o grupos de individuos basándose en atributos protegidos. Consulta las {CG_link} para obtener más información.",,STATEMENT_CATEGORY_ILLEGAL_OR_HARMFUL_SPEECH,,,,"[""CONTENT_TYPE_VIDEO""]",,,"2024-11-23 00:00:00","[""AT"",""BE"",""BG"",""CY"",""CZ"",""DE"",""DK"",""EE"",""ES"",""FI"",""FR"",""GR"",""HR"",""HU"",""IE"",""IS"",""IT"",""LI"",""LT"",""LU"",""LV"",""MT"",""NL"",""NO"",""PL"",""PT"",""RO"",""SE"",""SI"",""SK""]","2024-11-23 00:00:00","The decision was taken pursuant to own-initiative investigations",SOURCE_VOLUNTARY,,Yes,AUTOMATED_DECISION_NOT_AUTOMATED,TikTok,7440291980938140448,"2024-11-23 02:13:16"
b8202883-ce1b-401f-8095-5f01b3c3a151,"[""DECISION_VISIBILITY_CONTENT_REMOVED""]",,,,,,,,,,,DECISION_GROUND_INCOMPATIBLE_CONTENT,,,,"Harassment and Bullying","We welcome the respectful expression of different viewpoints, but not toxicity or trolling. We do not allow language or behavior that harasses, humiliates, threatens, or doxes anyone. This also includes responding to such acts with retaliatory harassment (but excludes non-harassing counterspeech).We proactively enforce our Community Guidelines through a mix of technology and human moderation. We have detected this policy violation using automated measures. We have used automated measures in making this decision.",,STATEMENT_CATEGORY_ILLEGAL_OR_HARMFUL_SPEECH,,,,"[""CONTENT_TYPE_TEXT""]",,,"2024-11-23 00:00:00","[""AT"",""BE"",""BG"",""CY"",""CZ"",""DE"",""DK"",""EE"",""ES"",""FI"",""FR"",""GR"",""HR"",""HU"",""IE"",""IT"",""LI"",""LT"",""LU"",""LV"",""MT"",""NL"",""NO"",""PL"",""PT"",""RO"",""SE"",""SI"",""SK""]","2024-11-23 00:00:00","The decision was taken pursuant to own-initiative investigations.",SOURCE_VOLUNTARY,,Yes,AUTOMATED_DECISION_FULLY,TikTok,7440291984289356576,"2024-11-23 02:13:16"
6b1cbaa0-af8c-45f4-a47b-51905a1cfcf4,"[""DECISION_VISIBILITY_OTHER""]","Photo not eligible for recommendation in the For You feed",,,,,,,,,,DECISION_GROUND_INCOMPATIBLE_CONTENT,,,,"Community Guidelines","Your content is against our Community Guidelines. The guidelines include rules and standards for using TikTok that apply to everyone and everything on our platform.",,STATEMENT_CATEGORY_SCOPE_OF_PLATFORM_SERVICE,,,,"[""CONTENT_TYPE_IMAGE""]",,,"2024-11-23 00:00:00","[""AT"",""BE"",""BG"",""CY"",""CZ"",""DE"",""DK"",""EE"",""ES"",""FI"",""FR"",""GR"",""HR"",""HU"",""IE"",""IT"",""LI"",""LT"",""LU"",""LV"",""MT"",""NL"",""NO"",""PL"",""PT"",""RO"",""SE"",""SI"",""SK""]","2024-11-23 00:00:00","The decision was taken pursuant to own-initiative investigations.",SOURCE_VOLUNTARY,,Yes,AUTOMATED_DECISION_FULLY,TikTok,7440291980938156832,"2024-11-23 02:13:16"
7b72049d-32d6-40fb-ba1a-04424e862c90,"[""DECISION_VISIBILITY_CONTENT_REMOVED""]",,,,,,,,,,,DECISION_GROUND_INCOMPATIBLE_CONTENT,,,,"Harassment and Bullying","We welcome the respectful expression of different viewpoints, but not toxicity or trolling. We do not allow language or behavior that harasses, humiliates, threatens, or doxes anyone. This also includes responding to such acts with retaliatory harassment (but excludes non-harassing counterspeech).We proactively enforce our Community Guidelines through a mix of technology and human moderation. We have detected this policy violation using automated measures. We have used automated measures in making this decision.",,STATEMENT_CATEGORY_ILLEGAL_OR_HARMFUL_SPEECH,,,,"[""CONTENT_TYPE_TEXT""]",,,"2024-11-23 00:00:00","[""AT"",""BE"",""BG"",""CY"",""CZ"",""DE"",""DK"",""EE"",""ES"",""FI"",""FR"",""GR"",""HR"",""HU"",""IE"",""IT"",""LI"",""LT"",""LU"",""LV"",""MT"",""NL"",""NO"",""PL"",""PT"",""RO"",""SE"",""SI"",""SK""]","2024-11-23 00:00:00","The decision was taken pursuant to own-initiative investigations.",SOURCE_VOLUNTARY,,Yes,AUTOMATED_DECISION_FULLY,TikTok,7440291984289372960,"2024-11-23 02:13:16"
44e0c9b0-7656-4523-bb18-6f35d6776033,"[""DECISION_VISIBILITY_CONTENT_REMOVED""]",,,,,,,,,,,DECISION_GROUND_INCOMPATIBLE_CONTENT,,,,"Discurso de odio o muestras de odio","TikTok se enriquece gracias a la diversa procedencia de los miembros de nuestra comunidad. Nuestras diferencias se deben respetar en lugar de ser motivo de división. No permitimos comportamientos de odio, el discurso de odio ni la promoción de ideologías de odio. Esto incluye contenido que ataca a las personas o grupos de individuos basándose en atributos protegidos. Consulta las {CG_link} para obtener más información.",,STATEMENT_CATEGORY_ILLEGAL_OR_HARMFUL_SPEECH,,,,"[""CONTENT_TYPE_VIDEO""]",,,"2024-11-23 00:00:00","[""AT"",""BE"",""BG"",""CY"",""CZ"",""DE"",""DK"",""EE"",""ES"",""FI"",""FR"",""GR"",""HR"",""HU"",""IE"",""IS"",""IT"",""LI"",""LT"",""LU"",""LV"",""MT"",""NL"",""NO"",""PL"",""PT"",""RO"",""SE"",""SI"",""SK""]","2024-11-23 00:00:00","The decision was taken pursuant to own-initiative investigations",SOURCE_VOLUNTARY,,Yes,AUTOMATED_DECISION_NOT_AUTOMATED,TikTok,7440291984289389344,"2024-11-23 02:13:16"
d4e2515d-9c3e-489f-8a7e-c81e43313cde,"[""DECISION_VISIBILITY_CONTENT_AGE_RESTRICTED""]",,,,,,,,,,,DECISION_GROUND_INCOMPATIBLE_CONTENT,,,,"Sexually Suggestive Content","We are mindful that certain behaviors related to sexual arousal or suggestiveness may be offensive to some people and may put young people at risk of exploitation. Content is ineligible for the For You feed and harder to find in search if it shows sex products or intends to sexually arouse (such as intimate kissing, sexualized posing, and seductive performances or allusions to sexual activity by adults). We proactively enforce our Community Guidelines through a mix of technology and human moderation. We have detected this policy violation using automated measures.",,STATEMENT_CATEGORY_SCOPE_OF_PLATFORM_SERVICE,,,,"[""CONTENT_TYPE_VIDEO""]",,,"2022-11-27 00:00:00","[""AT"",""BE"",""BG"",""CY"",""CZ"",""DE"",""DK"",""EE"",""ES"",""FI"",""FR"",""GR"",""HR"",""HU"",""IE"",""IT"",""LI"",""LT"",""LU"",""LV"",""MT"",""NL"",""NO"",""PL"",""PT"",""RO"",""SE"",""SI"",""SK""]","2024-11-23 00:00:00","The decision was taken pursuant to own-initiative investigations.",SOURCE_VOLUNTARY,,Yes,AUTOMATED_DECISION_NOT_AUTOMATED,TikTok,7440291984289405728,"2024-11-23 02:13:16"
8e1e2a89-c4a4-4bf7-9b07-d1b7e40f5e6b,"[""DECISION_VISIBILITY_CONTENT_REMOVED""]",,,,,,,,,,,DECISION_GROUND_INCOMPATIBLE_CONTENT,,,,"Harassment and Bullying","We welcome the respectful expression of different viewpoints, but not toxicity or trolling. We do not allow language or behavior that harasses, humiliates, threatens, or doxes anyone. This also includes responding to such acts with retaliatory harassment (but excludes non-harassing counterspeech).We proactively enforce our Community Guidelines through a mix of technology and human moderation. We have detected this policy violation using automated measures. We have used automated measures in making this decision.",,STATEMENT_CATEGORY_ILLEGAL_OR_HARMFUL_SPEECH,,,,"[""CONTENT_TYPE_TEXT""]",,,"2024-11-23 00:00:00","[""AT"",""BE"",""BG"",""CY"",""CZ"",""DE"",""DK"",""EE"",""ES"",""FI"",""FR"",""GR"",""HR"",""HU"",""IE"",""IT"",""LI"",""LT"",""LU"",""LV"",""MT"",""NL"",""NO"",""PL"",""PT"",""RO"",""SE"",""SI"",""SK""]","2024-11-23 00:00:00","The decision was taken pursuant to own-initiative investigations.",SOURCE_VOLUNTARY,,Yes,AUTOMATED_DECISION_FULLY,TikTok,7440291980938173216,"2024-11-23 02:13:16"
e1893484-4789-4a22-acac-420abb902d43,"[""DECISION_VISIBILITY_CONTENT_REMOVED""]",,,,,,,,,,,DECISION_GROUND_INCOMPATIBLE_CONTENT,,,,"Violent Behaviors and Criminal Activities","We recognize that online content related to violence can cause real-world harm. We do not allow any violent threats, incitement to violence, or promotion of criminal activities that may harm people, animals, or property. If there is a specific, credible, and imminent threat to human life or serious physical injury, we will report it to relevant law enforcement authorities.We proactively enforce our Community Guidelines through a mix of technology and human moderation. We have detected this policy violation using automated measures. We have used automated measures in making this decision.",,STATEMENT_CATEGORY_VIOLENCE,,,,"[""CONTENT_TYPE_TEXT""]",,,"2024-11-23 00:00:00","[""AT"",""BE"",""BG"",""CY"",""CZ"",""DE"",""DK"",""EE"",""ES"",""FI"",""FR"",""GR"",""HR"",""HU"",""IE"",""IT"",""LI"",""LT"",""LU"",""LV"",""MT"",""NL"",""NO"",""PL"",""PT"",""RO"",""SE"",""SI"",""SK""]","2024-11-23 00:00:00","The decision was taken pursuant to own-initiative investigations.",SOURCE_VOLUNTARY,,Yes,AUTOMATED_DECISION_FULLY,TikTok,7440291984289422112,"2024-11-23 02:13:16"
d913096a-aa89-4f14-b4f3-3f6e82c21d63,"[""DECISION_VISIBILITY_CONTENT_REMOVED""]",,,,,,,,,,,DECISION_GROUND_INCOMPATIBLE_CONTENT,,,,"Community Guidelines","Your content is against our Community Guidelines. The guidelines include rules and standards for using TikTok that apply to everyone and everything on our platform.We proactively enforce our Community Guidelines through a mix of technology and human moderation. We have detected this policy violation using automated measures. We have used automated measures in making this decision.",,STATEMENT_CATEGORY_SCOPE_OF_PLATFORM_SERVICE,,,,"[""CONTENT_TYPE_VIDEO""]",,,"2024-11-23 00:00:00","[""AT"",""BE"",""BG"",""CY"",""CZ"",""DE"",""DK"",""EE"",""ES"",""FI"",""FR"",""GR"",""HR"",""HU"",""IE"",""IT"",""LI"",""LT"",""LU"",""LV"",""MT"",""NL"",""NO"",""PL"",""PT"",""RO"",""SE"",""SI"",""SK""]","2024-11-23 00:00:00","The decision was taken pursuant to own-initiative investigations.",SOURCE_VOLUNTARY,,Yes,AUTOMATED_DECISION_FULLY,TikTok,7440291980938189600,"2024-11-23 02:13:16"
4bc3db3c-1b4b-4ab8-99e2-5da4edec9e8b,"[""DECISION_VISIBILITY_CONTENT_REMOVED""]",,,,,,,,,,,DECISION_GROUND_INCOMPATIBLE_CONTENT,,,,"Hate Speech and Hateful Behaviors","TikTok is enriched by the various backgrounds of our community members. Our differences should be respected, rather than a cause for division. We do not allow any hateful behavior, hate speech, or promotion of hateful ideologies. This includes content that attacks a person or group because of protected attributes.We proactively enforce our Community Guidelines through a mix of technology and human moderation. We have detected this policy violation using automated measures. We have used automated measures in making this decision.",,STATEMENT_CATEGORY_ILLEGAL_OR_HARMFUL_SPEECH,,,,"[""CONTENT_TYPE_TEXT""]",,,"2024-11-23 00:00:00","[""AT"",""BE"",""BG"",""CY"",""CZ"",""DE"",""DK"",""EE"",""ES"",""FI"",""FR"",""GR"",""HR"",""HU"",""IE"",""IT"",""LI"",""LT"",""LU"",""LV"",""MT"",""NL"",""NO"",""PL"",""PT"",""RO"",""SE"",""SI"",""SK""]","2024-11-23 00:00:00","The decision was taken pursuant to own-initiative investigations.",SOURCE_VOLUNTARY,,Yes,AUTOMATED_DECISION_FULLY,TikTok,7440291980938205984,"2024-11-23 02:13:16"
a48c43a1-5172-41b2-b00e-ea9316a295ab,"[""DECISION_VISIBILITY_OTHER""]","Video not eligible for recommendation in the For You feed",,,,,,,,,,DECISION_GROUND_INCOMPATIBLE_CONTENT,,,,"Community Guidelines","We maintain content eligibility standards for the For You feed (FYF) that prioritize safety and are informed by the diversity of our community and cultural norms. We make ineligible for the FYF certain content that may not be appropriate for a broad audience related to: (1) Behavioral Health, (2) Sensitive and Mature Themes, (3) Integrity and Authenticity, and (4) Regulated Goods. Content that is ineligible for the FYF can still be discovered in other ways, such as through search tools or by following an account.We proactively enforce our Community Guidelines through a mix of technology and human moderation. We have detected this policy violation using automated measures. We have used automated measures in making this decision.",,STATEMENT_CATEGORY_SCOPE_OF_PLATFORM_SERVICE,,,,"[""CONTENT_TYPE_VIDEO""]",,,"2024-11-23 00:00:00","[""AT"",""BE"",""BG"",""CY"",""CZ"",""DE"",""DK"",""EE"",""ES"",""FI"",""FR"",""GR"",""HR"",""HU"",""IE"",""IT"",""LI"",""LT"",""LU"",""LV"",""MT"",""NL"",""NO"",""PL"",""PT"",""RO"",""SE"",""SI"",""SK""]","2024-11-23 00:00:00","The decision was taken pursuant to own-initiative investigations.",SOURCE_VOLUNTARY,,Yes,AUTOMATED_DECISION_FULLY,TikTok,7440291995857197857,"2024-11-23 02:13:16"
ee6aaca2-f063-40c1-abb4-8b22e9b97800,"[""DECISION_VISIBILITY_OTHER""]","Video not eligible for recommendation in the For You feed",,,,,,,,,,DECISION_GROUND_INCOMPATIBLE_CONTENT,,,,"Community Guidelines","We maintain content eligibility standards for the For You feed (FYF) that prioritize safety and are informed by the diversity of our community and cultural norms. We make ineligible for the FYF certain content that may not be appropriate for a broad audience related to: (1) Behavioral Health, (2) Sensitive and Mature Themes, (3) Integrity and Authenticity, and (4) Regulated Goods. Content that is ineligible for the FYF can still be discovered in other ways, such as through search tools or by following an account.We proactively enforce our Community Guidelines through a mix of technology and human moderation. We have detected this policy violation using automated measures. We have used automated measures in making this decision.",,STATEMENT_CATEGORY_SCOPE_OF_PLATFORM_SERVICE,,,,"[""CONTENT_TYPE_VIDEO""]",,,"2024-11-23 00:00:00","[""AT"",""BE"",""BG"",""CY"",""CZ"",""DE"",""DK"",""EE"",""ES"",""FI"",""FR"",""GR"",""HR"",""HU"",""IE"",""IT"",""LI"",""LT"",""LU"",""LV"",""MT"",""NL"",""NO"",""PL"",""PT"",""RO"",""SE"",""SI"",""SK""]","2024-11-23 00:00:00","The decision was taken pursuant to own-initiative investigations.",SOURCE_VOLUNTARY,,Yes,AUTOMATED_DECISION_FULLY,TikTok,7440291995857214241,"2024-11-23 02:13:16"
ebca1529-478a-4dcd-8b74-3f646bbc7700,"[""DECISION_VISIBILITY_CONTENT_REMOVED""]",,,,,,,,,,,DECISION_GROUND_INCOMPATIBLE_CONTENT,,,,"Violent and Hateful Organizations and Individuals","There is no place on our platform for beliefs or propaganda that encourages violence or hate. We do not allow the presence of violent and hateful organizations or individuals on our platform. Often the ideas of these actors are amplified by others. We do not allow anyone to promote or materially support violent or hateful actors.We proactively enforce our Community Guidelines through a mix of technology and human moderation. We have detected this policy violation using automated measures.",,STATEMENT_CATEGORY_VIOLENCE,,,,"[""CONTENT_TYPE_VIDEO""]",,,"2024-11-23 00:00:00","[""AT"",""BE"",""BG"",""CY"",""CZ"",""DE"",""DK"",""EE"",""ES"",""FI"",""FR"",""GR"",""HR"",""HU"",""IE"",""IT"",""LI"",""LT"",""LU"",""LV"",""MT"",""NL"",""NO"",""PL"",""PT"",""RO"",""SE"",""SI"",""SK""]","2024-11-23 00:00:00","The decision was taken pursuant to own-initiative investigations.",SOURCE_VOLUNTARY,,Yes,AUTOMATED_DECISION_NOT_AUTOMATED,TikTok,7440291984289438496,"2024-11-23 02:13:16"
0298da1f-1bf9-4b76-a82b-0b8a473bfc4e,"[""DECISION_VISIBILITY_CONTENT_REMOVED""]",,,,,,,,,,,DECISION_GROUND_INCOMPATIBLE_CONTENT,,,,"Harassment and Bullying","We welcome the respectful expression of different viewpoints, but not toxicity or trolling. We do not allow language or behavior that harasses, humiliates, threatens, or doxes anyone. This also includes responding to such acts with retaliatory harassment (but excludes non-harassing counterspeech).We proactively enforce our Community Guidelines through a mix of technology and human moderation. We have detected this policy violation using automated measures. We have used automated measures in making this decision.",,STATEMENT_CATEGORY_ILLEGAL_OR_HARMFUL_SPEECH,,,,"[""CONTENT_TYPE_TEXT""]",,,"2024-11-23 00:00:00","[""AT"",""BE"",""BG"",""CY"",""CZ"",""DE"",""DK"",""EE"",""ES"",""FI"",""FR"",""GR"",""HR"",""HU"",""IE"",""IT"",""LI"",""LT"",""LU"",""LV"",""MT"",""NL"",""NO"",""PL"",""PT"",""RO"",""SE"",""SI"",""SK""]","2024-11-23 00:00:00","The decision was taken pursuant to own-initiative investigations.",SOURCE_VOLUNTARY,,Yes,AUTOMATED_DECISION_FULLY,TikTok,7440291984289454880,"2024-11-23 02:13:16"
f8a922e9-5056-4651-acb8-c6baa55d4b16,"[""DECISION_VISIBILITY_OTHER""]","Video not eligible for recommendation in the For You feed",,,,,,,,,,DECISION_GROUND_INCOMPATIBLE_CONTENT,,,,"Community Guidelines","We maintain content eligibility standards for the For You feed (FYF) that prioritize safety and are informed by the diversity of our community and cultural norms. We make ineligible for the FYF certain content that may not be appropriate for a broad audience related to: (1) Behavioral Health, (2) Sensitive and Mature Themes, (3) Integrity and Authenticity, and (4) Regulated Goods. Content that is ineligible for the FYF can still be discovered in other ways, such as through search tools or by following an account.We proactively enforce our Community Guidelines through a mix of technology and human moderation. We have detected this policy violation using automated measures. We have used automated measures in making this decision.",,STATEMENT_CATEGORY_SCOPE_OF_PLATFORM_SERVICE,,,,"[""CONTENT_TYPE_VIDEO""]",,,"2024-11-23 00:00:00","[""AT"",""BE"",""BG"",""CY"",""CZ"",""DE"",""DK"",""EE"",""ES"",""FI"",""FR"",""GR"",""HR"",""HU"",""IE"",""IT"",""LI"",""LT"",""LU"",""LV"",""MT"",""NL"",""NO"",""PL"",""PT"",""RO"",""SE"",""SI"",""SK""]","2024-11-23 00:00:00","The decision was taken pursuant to own-initiative investigations.",SOURCE_VOLUNTARY,,Yes,AUTOMATED_DECISION_FULLY,TikTok,7440291995857230625,"2024-11-23 02:13:16"
0516165f-cada-43de-8218-08ff15b45f0f,"[""DECISION_VISIBILITY_CONTENT_REMOVED""]",,,,,,,,,,,DECISION_GROUND_INCOMPATIBLE_CONTENT,,,,"Sexually Suggestive Content","We welcome performances and dances where people can creatively express themselves, celebrate their culture, or seek to entertain. We are mindful that certain behaviors related to sexual arousal or suggestiveness may be offensive to some people and may put young people at risk of exploitation. We do not allow seductive performances or allusions to sexual activity by young people, or the use of sexually explicit narratives by anyone.We proactively enforce our Community Guidelines through a mix of technology and human moderation. We have detected this policy violation using automated measures. We have used automated measures in making this decision.",,STATEMENT_CATEGORY_SCOPE_OF_PLATFORM_SERVICE,,,,"[""CONTENT_TYPE_TEXT""]",,,"2024-11-23 00:00:00","[""AT"",""BE"",""BG"",""CY"",""CZ"",""DE"",""DK"",""EE"",""ES"",""FI"",""FR"",""GR"",""HR"",""HU"",""IE"",""IT"",""LI"",""LT"",""LU"",""LV"",""MT"",""NL"",""NO"",""PL"",""PT"",""RO"",""SE"",""SI"",""SK""]","2024-11-23 00:00:00","The decision was taken pursuant to own-initiative investigations.",SOURCE_VOLUNTARY,,Yes,AUTOMATED_DECISION_FULLY,TikTok,7440291996616366880,"2024-11-23 02:13:16"
3c73bab1-bd9d-4bc4-868b-74bead159d21,"[""DECISION_VISIBILITY_CONTENT_REMOVED""]",,,,,,,,,,,DECISION_GROUND_INCOMPATIBLE_CONTENT,,,,"Harassment and Bullying","We welcome the respectful expression of different viewpoints, but not toxicity or trolling. We do not allow language or behavior that harasses, humiliates, threatens, or doxes anyone. This also includes responding to such acts with retaliatory harassment (but excludes non-harassing counterspeech).We proactively enforce our Community Guidelines through a mix of technology and human moderation. We have detected this policy violation using automated measures. We have used automated measures in making this decision.",,STATEMENT_CATEGORY_ILLEGAL_OR_HARMFUL_SPEECH,,,,"[""CONTENT_TYPE_TEXT""]",,,"2024-11-23 00:00:00","[""AT"",""BE"",""BG"",""CY"",""CZ"",""DE"",""DK"",""EE"",""ES"",""FI"",""FR"",""GR"",""HR"",""HU"",""IE"",""IT"",""LI"",""LT"",""LU"",""LV"",""MT"",""NL"",""NO"",""PL"",""PT"",""RO"",""SE"",""SI"",""SK""]","2024-11-23 00:00:00","The decision was taken pursuant to own-initiative investigations.",SOURCE_VOLUNTARY,,Yes,AUTOMATED_DECISION_FULLY,TikTok,7440291995857247009,"2024-11-23 02:13:16"
2fe18a1c-23f8-41b4-8dad-7477553a6d68,"[""DECISION_VISIBILITY_OTHER""]","Video not eligible for recommendation in the For You feed",,,,,,,,,,DECISION_GROUND_INCOMPATIBLE_CONTENT,,,,"Community Guidelines","We maintain content eligibility standards for the For You feed (FYF) that prioritize safety and are informed by the diversity of our community and cultural norms. We make ineligible for the FYF certain content that may not be appropriate for a broad audience related to: (1) Behavioral Health, (2) Sensitive and Mature Themes, (3) Integrity and Authenticity, and (4) Regulated Goods. Content that is ineligible for the FYF can still be discovered in other ways, such as through search tools or by following an account.We proactively enforce our Community Guidelines through a mix of technology and human moderation. We have detected this policy violation using automated measures. We have used automated measures in making this decision.",,STATEMENT_CATEGORY_SCOPE_OF_PLATFORM_SERVICE,,,,"[""CONTENT_TYPE_VIDEO""]",,,"2024-11-23 00:00:00","[""AT"",""BE"",""BG"",""CY"",""CZ"",""DE"",""DK"",""EE"",""ES"",""FI"",""FR"",""GR"",""HR"",""HU"",""IE"",""IT"",""LI"",""LT"",""LU"",""LV"",""MT"",""NL"",""NO"",""PL"",""PT"",""RO"",""SE"",""SI"",""SK""]","2024-11-23 00:00:00","The decision was taken pursuant to own-initiative investigations.",SOURCE_VOLUNTARY,,Yes,AUTOMATED_DECISION_FULLY,TikTok,7440291996616383264,"2024-11-23 02:13:16"
f36a637e-7393-44ef-8ff0-c8517bca1f0c,"[""DECISION_VISIBILITY_CONTENT_REMOVED""]",,,,,,,,,,,DECISION_GROUND_INCOMPATIBLE_CONTENT,,,,"Harassment and Bullying","We welcome the respectful expression of different viewpoints, but not toxicity or trolling. We do not allow language or behavior that harasses, humiliates, threatens, or doxes anyone. This also includes responding to such acts with retaliatory harassment (but excludes non-harassing counterspeech).We proactively enforce our Community Guidelines through a mix of technology and human moderation. We have detected this policy violation using automated measures. We have used automated measures in making this decision.",,STATEMENT_CATEGORY_ILLEGAL_OR_HARMFUL_SPEECH,,,,"[""CONTENT_TYPE_TEXT""]",,,"2024-11-23 00:00:00","[""AT"",""BE"",""BG"",""CY"",""CZ"",""DE"",""DK"",""EE"",""ES"",""FI"",""FR"",""GR"",""HR"",""HU"",""IE"",""IT"",""LI"",""LT"",""LU"",""LV"",""MT"",""NL"",""NO"",""PL"",""PT"",""RO"",""SE"",""SI"",""SK""]","2024-11-23 00:00:00","The decision was taken pursuant to own-initiative investigations.",SOURCE_VOLUNTARY,,Yes,AUTOMATED_DECISION_FULLY,TikTok,7440291995857263393,"2024-11-23 02:13:16"
13faeea1-9ed3-498a-b2fa-8ca06e7e5245,"[""DECISION_VISIBILITY_CONTENT_REMOVED""]",,,,,,,,,,,DECISION_GROUND_INCOMPATIBLE_CONTENT,,,,"Nudity and Body Exposure","We celebrate all shapes and sizes and want people to feel comfortable in how they present themselves and their bodies. We do not allow nudity, including uncovered genitals and buttocks, as well as nipples and areolas of women and girls. Sheer and partially see-through clothing is not considered covered.We proactively enforce our Community Guidelines through a mix of technology and human moderation. We have detected this policy violation using automated measures. We have used automated measures in making this decision.",,STATEMENT_CATEGORY_SCOPE_OF_PLATFORM_SERVICE,,,,"[""CONTENT_TYPE_VIDEO""]",,,"2024-11-23 00:00:00","[""AT"",""BE"",""BG"",""CY"",""CZ"",""DE"",""DK"",""EE"",""ES"",""FI"",""FR"",""GR"",""HR"",""HU"",""IE"",""IT"",""LI"",""LT"",""LU"",""LV"",""MT"",""NL"",""NO"",""PL"",""PT"",""RO"",""SE"",""SI"",""SK""]","2024-11-23 00:00:00","The decision was taken pursuant to own-initiative investigations.",SOURCE_VOLUNTARY,,Yes,AUTOMATED_DECISION_FULLY,TikTok,7440291996616399648,"2024-11-23 02:13:16"
3052b003-502d-4837-b592-1e2e137e98f3,"[""DECISION_VISIBILITY_OTHER""]","Video not eligible for recommendation in the For You feed",,,,,,,,,,DECISION_GROUND_INCOMPATIBLE_CONTENT,,,,"Community Guidelines","We maintain content eligibility standards for the For You feed (FYF) that prioritize safety and are informed by the diversity of our community and cultural norms. We make ineligible for the FYF certain content that may not be appropriate for a broad audience related to: (1) Behavioral Health, (2) Sensitive and Mature Themes, (3) Integrity and Authenticity, and (4) Regulated Goods. Content that is ineligible for the FYF can still be discovered in other ways, such as through search tools or by following an account.We proactively enforce our Community Guidelines through a mix of technology and human moderation. We have detected this policy violation using automated measures. We have used automated measures in making this decision.",,STATEMENT_CATEGORY_SCOPE_OF_PLATFORM_SERVICE,,,,"[""CONTENT_TYPE_VIDEO""]",,,"2024-11-23 00:00:00","[""AT"",""BE"",""BG"",""CY"",""CZ"",""DE"",""DK"",""EE"",""ES"",""FI"",""FR"",""GR"",""HR"",""HU"",""IE"",""IT"",""LI"",""LT"",""LU"",""LV"",""MT"",""NL"",""NO"",""PL"",""PT"",""RO"",""SE"",""SI"",""SK""]","2024-11-23 00:00:00","The decision was taken pursuant to own-initiative investigations.",SOURCE_VOLUNTARY,,Yes,AUTOMATED_DECISION_FULLY,TikTok,7440291996616416032,"2024-11-23 02:13:16"
3e38c2b3-e6b6-4dc7-a94d-8c91e73ef7e2,"[""DECISION_VISIBILITY_CONTENT_REMOVED""]",,,,,,,,,,,DECISION_GROUND_INCOMPATIBLE_CONTENT,,,,"Violent Behaviors and Criminal Activities","We recognize that online content related to violence can cause real-world harm. We do not allow any violent threats, incitement to violence, or promotion of criminal activities that may harm people, animals, or property. If there is a specific, credible, and imminent threat to human life or serious physical injury, we will report it to relevant law enforcement authorities.We proactively enforce our Community Guidelines through a mix of technology and human moderation. We have detected this policy violation using automated measures. We have used automated measures in making this decision.",,STATEMENT_CATEGORY_VIOLENCE,,,,"[""CONTENT_TYPE_TEXT""]",,,"2024-11-23 00:00:00","[""AT"",""BE"",""BG"",""CY"",""CZ"",""DE"",""DK"",""EE"",""ES"",""FI"",""FR"",""GR"",""HR"",""HU"",""IE"",""IT"",""LI"",""LT"",""LU"",""LV"",""MT"",""NL"",""NO"",""PL"",""PT"",""RO"",""SE"",""SI"",""SK""]","2024-11-23 00:00:00","The decision was taken pursuant to own-initiative investigations.",SOURCE_VOLUNTARY,,Yes,AUTOMATED_DECISION_FULLY,TikTok,7440291995857279777,"2024-11-23 02:13:16"
0909f0c2-dbd7-4ac0-b7df-33821f09b8d6,"[""DECISION_VISIBILITY_CONTENT_REMOVED""]",,,,,,,,,,,DECISION_GROUND_INCOMPATIBLE_CONTENT,,,,"Harassment and Bullying","We welcome the respectful expression of different viewpoints, but not toxicity or trolling. We do not allow language or behavior that harasses, humiliates, threatens, or doxes anyone. This also includes responding to such acts with retaliatory harassment (but excludes non-harassing counterspeech).We proactively enforce our Community Guidelines through a mix of technology and human moderation. We have detected this policy violation using automated measures. We have used automated measures in making this decision.",,STATEMENT_CATEGORY_ILLEGAL_OR_HARMFUL_SPEECH,,,,"[""CONTENT_TYPE_TEXT""]",,,"2024-11-23 00:00:00","[""AT"",""BE"",""BG"",""CY"",""CZ"",""DE"",""DK"",""EE"",""ES"",""FI"",""FR"",""GR"",""HR"",""HU"",""IE"",""IT"",""LI"",""LT"",""LU"",""LV"",""MT"",""NL"",""NO"",""PL"",""PT"",""RO"",""SE"",""SI"",""SK""]","2024-11-23 00:00:00","The decision was taken pursuant to own-initiative investigations.",SOURCE_VOLUNTARY,,Yes,AUTOMATED_DECISION_FULLY,TikTok,7440291995857296161,"2024-11-23 02:13:16"
b78aed37-0b05-4fe7-bf65-76e7c68b8395,"[""DECISION_VISIBILITY_CONTENT_REMOVED""]",,,,,,,,,,,DECISION_GROUND_INCOMPATIBLE_CONTENT,,,,"Civic and Election Integrity","Elections are important moments of community conversation and promote the values of an open society. We do not allow misinformation about civic and electoral processes, regardless of intent. This includes misinformation about how to vote, registering to vote, eligibility requirements of  candidates, the processes to count ballots and certify elections, and the final outcome of an election.We proactively enforce our Community Guidelines through a mix of technology and human moderation. We have detected this policy violation using automated measures. We have used automated measures in making this decision.",,STATEMENT_CATEGORY_NEGATIVE_EFFECTS_ON_CIVIC_DISCOURSE_OR_ELECTIONS,,,,"[""CONTENT_TYPE_IMAGE""]",,,"2024-11-23 00:00:00","[""AT"",""BE"",""BG"",""CY"",""CZ"",""DE"",""DK"",""EE"",""ES"",""FI"",""FR"",""GR"",""HR"",""HU"",""IE"",""IT"",""LI"",""LT"",""LU"",""LV"",""MT"",""NL"",""NO"",""PL"",""PT"",""RO"",""SE"",""SI"",""SK""]","2024-11-23 00:00:00","The decision was taken pursuant to own-initiative investigations.",SOURCE_VOLUNTARY,,Yes,AUTOMATED_DECISION_FULLY,TikTok,7440291995857312545,"2024-11-23 02:13:16"
6f1916c6-a46f-426a-96b1-7a146c333074,"[""DECISION_VISIBILITY_OTHER""]","Video not eligible for recommendation in the For You feed",,,,,,,,,,DECISION_GROUND_INCOMPATIBLE_CONTENT,,,,"Community Guidelines","We maintain content eligibility standards for the For You feed (FYF) that prioritize safety and are informed by the diversity of our community and cultural norms. We make ineligible for the FYF certain content that may not be appropriate for a broad audience related to: (1) Behavioral Health, (2) Sensitive and Mature Themes, (3) Integrity and Authenticity, and (4) Regulated Goods. Content that is ineligible for the FYF can still be discovered in other ways, such as through search tools or by following an account.We proactively enforce our Community Guidelines through a mix of technology and human moderation. We have detected this policy violation using automated measures. We have used automated measures in making this decision.",,STATEMENT_CATEGORY_SCOPE_OF_PLATFORM_SERVICE,,,,"[""CONTENT_TYPE_VIDEO""]",,,"2024-11-23 00:00:00","[""AT"",""BE"",""BG"",""CY"",""CZ"",""DE"",""DK"",""EE"",""ES"",""FI"",""FR"",""GR"",""HR"",""HU"",""IE"",""IT"",""LI"",""LT"",""LU"",""LV"",""MT"",""NL"",""NO"",""PL"",""PT"",""RO"",""SE"",""SI"",""SK""]","2024-11-23 00:00:00","The decision was taken pursuant to own-initiative investigations.",SOURCE_VOLUNTARY,,Yes,AUTOMATED_DECISION_FULLY,TikTok,7440291996616432416,"2024-11-23 02:13:16"
eb8a0703-e33d-4d83-9e3d-7f54622a38aa,"[""DECISION_VISIBILITY_CONTENT_REMOVED""]",,,,,,,,,,,DECISION_GROUND_INCOMPATIBLE_CONTENT,,,,"Harassment and Bullying","We welcome the respectful expression of different viewpoints, but not toxicity or trolling. We do not allow language or behavior that harasses, humiliates, threatens, or doxes anyone. This also includes responding to such acts with retaliatory harassment (but excludes non-harassing counterspeech).We proactively enforce our Community Guidelines through a mix of technology and human moderation. We have detected this policy violation using automated measures. We have used automated measures in making this decision.",,STATEMENT_CATEGORY_ILLEGAL_OR_HARMFUL_SPEECH,,,,"[""CONTENT_TYPE_TEXT""]",,,"2024-11-23 00:00:00","[""AT"",""BE"",""BG"",""CY"",""CZ"",""DE"",""DK"",""EE"",""ES"",""FI"",""FR"",""GR"",""HR"",""HU"",""IE"",""IT"",""LI"",""LT"",""LU"",""LV"",""MT"",""NL"",""NO"",""PL"",""PT"",""RO"",""SE"",""SI"",""SK""]","2024-11-23 00:00:00","The decision was taken pursuant to own-initiative investigations.",SOURCE_VOLUNTARY,,Yes,AUTOMATED_DECISION_FULLY,TikTok,7440291995857328929,"2024-11-23 02:13:16"
7cf5aedd-e724-4023-8856-99449bb18442,"[""DECISION_VISIBILITY_CONTENT_REMOVED""]",,,,,,,,,,,DECISION_GROUND_INCOMPATIBLE_CONTENT,,,,"Dangerous Activities and Challenges","Most activities or challenges are appropriate for everyone, but some carry a risk of significant injury. We do not allow showing or promoting dangerous activities and challenges. This includes dares, games, tricks, inappropriate use of dangerous tools, eating substances that are harmful to one’s health, or similar activities that may lead to significant physical harm.We proactively enforce our Community Guidelines through a mix of technology and human moderation. We have detected this policy violation using automated measures. We have used automated measures in making this decision.",,STATEMENT_CATEGORY_SCOPE_OF_PLATFORM_SERVICE,,,,"[""CONTENT_TYPE_VIDEO""]",,,"2024-11-23 00:00:00","[""AT"",""BE"",""BG"",""CY"",""CZ"",""DE"",""DK"",""EE"",""ES"",""FI"",""FR"",""GR"",""HR"",""HU"",""IE"",""IT"",""LI"",""LT"",""LU"",""LV"",""MT"",""NL"",""NO"",""PL"",""PT"",""RO"",""SE"",""SI"",""SK""]","2024-11-23 00:00:00","The decision was taken pursuant to own-initiative investigations.",SOURCE_VOLUNTARY,,Yes,AUTOMATED_DECISION_FULLY,TikTok,7440291996616448800,"2024-11-23 02:13:16"
e5e6e25a-8527-42b3-9447-e2ac0e834d03,"[""DECISION_VISIBILITY_CONTENT_REMOVED""]",,,,,,,,,,,DECISION_GROUND_INCOMPATIBLE_CONTENT,,,,"Community Guidelines","Your content is against our Community Guidelines. The guidelines include rules and standards for using TikTok that apply to everyone and everything on our platform.We proactively enforce our Community Guidelines through a mix of technology and human moderation. We have detected this policy violation using automated measures. We have used automated measures in making this decision.",,STATEMENT_CATEGORY_SCOPE_OF_PLATFORM_SERVICE,,,,"[""CONTENT_TYPE_VIDEO""]",,,"2024-11-23 00:00:00","[""AT"",""BE"",""BG"",""CY"",""CZ"",""DE"",""DK"",""EE"",""ES"",""FI"",""FR"",""GR"",""HR"",""HU"",""IE"",""IT"",""LI"",""LT"",""LU"",""LV"",""MT"",""NL"",""NO"",""PL"",""PT"",""RO"",""SE"",""SI"",""SK""]","2024-11-23 00:00:00","The decision was taken pursuant to own-initiative investigations.",SOURCE_VOLUNTARY,,Yes,AUTOMATED_DECISION_FULLY,TikTok,7440291996616465184,"2024-11-23 02:13:16"
9ebb2674-4062-4de7-b7cb-9254be5b418f,"[""DECISION_VISIBILITY_CONTENT_REMOVED""]",,,,,,,,,,,DECISION_GROUND_INCOMPATIBLE_CONTENT,,,,"Hate Speech and Hateful Behaviors","TikTok is enriched by the various backgrounds of our community members. Our differences should be respected, rather than a cause for division. We do not allow any hateful behavior, hate speech, or promotion of hateful ideologies. This includes content that attacks a person or group because of protected attributes.We proactively enforce our Community Guidelines through a mix of technology and human moderation. We have detected this policy violation using automated measures. We have used automated measures in making this decision.",,STATEMENT_CATEGORY_ILLEGAL_OR_HARMFUL_SPEECH,,,,"[""CONTENT_TYPE_TEXT""]",,,"2024-11-23 00:00:00","[""AT"",""BE"",""BG"",""CY"",""CZ"",""DE"",""DK"",""EE"",""ES"",""FI"",""FR"",""GR"",""HR"",""HU"",""IE"",""IT"",""LI"",""LT"",""LU"",""LV"",""MT"",""NL"",""NO"",""PL"",""PT"",""RO"",""SE"",""SI"",""SK""]","2024-11-23 00:00:00","The decision was taken pursuant to own-initiative investigations.",SOURCE_VOLUNTARY,,Yes,AUTOMATED_DECISION_FULLY,TikTok,7440291995857345313,"2024-11-23 02:13:16"
a2554d75-0282-4098-b4f2-eb6f8984f11e,"[""DECISION_VISIBILITY_OTHER""]","Video not eligible for recommendation in the For You feed",,,,,,,,,,DECISION_GROUND_INCOMPATIBLE_CONTENT,,,,"Community Guidelines","We maintain content eligibility standards for the For You feed (FYF) that prioritize safety and are informed by the diversity of our community and cultural norms. We make ineligible for the FYF certain content that may not be appropriate for a broad audience related to: (1) Behavioral Health, (2) Sensitive and Mature Themes, (3) Integrity and Authenticity, and (4) Regulated Goods. Content that is ineligible for the FYF can still be discovered in other ways, such as through search tools or by following an account.We proactively enforce our Community Guidelines through a mix of technology and human moderation. We have detected this policy violation using automated measures. We have used automated measures in making this decision.",,STATEMENT_CATEGORY_SCOPE_OF_PLATFORM_SERVICE,,,,"[""CONTENT_TYPE_VIDEO""]",,,"2024-11-23 00:00:00","[""AT"",""BE"",""BG"",""CY"",""CZ"",""DE"",""DK"",""EE"",""ES"",""FI"",""FR"",""GR"",""HR"",""HU"",""IE"",""IT"",""LI"",""LT"",""LU"",""LV"",""MT"",""NL"",""NO"",""PL"",""PT"",""RO"",""SE"",""SI"",""SK""]","2024-11-23 00:00:00","The decision was taken pursuant to own-initiative investigations.",SOURCE_VOLUNTARY,,Yes,AUTOMATED_DECISION_FULLY,TikTok,7440291996616481568,"2024-11-23 02:13:16"
10d7a8aa-7a26-4b3f-837a-54572fab15f5,"[""DECISION_VISIBILITY_CONTENT_REMOVED""]",,,,,,,,,,,DECISION_GROUND_INCOMPATIBLE_CONTENT,,,,"Harassment and Bullying","We welcome the respectful expression of different viewpoints, but not toxicity or trolling. We do not allow language or behavior that harasses, humiliates, threatens, or doxes anyone. This also includes responding to such acts with retaliatory harassment (but excludes non-harassing counterspeech).We proactively enforce our Community Guidelines through a mix of technology and human moderation. We have detected this policy violation using automated measures. We have used automated measures in making this decision.",,STATEMENT_CATEGORY_ILLEGAL_OR_HARMFUL_SPEECH,,,,"[""CONTENT_TYPE_TEXT""]",,,"2024-11-23 00:00:00","[""AT"",""BE"",""BG"",""CY"",""CZ"",""DE"",""DK"",""EE"",""ES"",""FI"",""FR"",""GR"",""HR"",""HU"",""IE"",""IT"",""LI"",""LT"",""LU"",""LV"",""MT"",""NL"",""NO"",""PL"",""PT"",""RO"",""SE"",""SI"",""SK""]","2024-11-23 00:00:00","The decision was taken pursuant to own-initiative investigations.",SOURCE_VOLUNTARY,,Yes,AUTOMATED_DECISION_FULLY,TikTok,7440291996616497952,"2024-11-23 02:13:16"
3ed2cdfb-10dd-4917-8a65-f70aa4adbe64,"[""DECISION_VISIBILITY_CONTENT_REMOVED""]",,,,,,,,,,,DECISION_GROUND_INCOMPATIBLE_CONTENT,,,,"Sexual Exploitation and Gender-Based Violence","We are committed to providing a space that embraces gender equity, supports healthy relationships, and respects intimate privacy. We do not allow sexual exploitation or gender-based violence, including non-consensual sexual acts, image-based sexual abuse, sextortion, physical abuse, and sexual harassment.We proactively enforce our Community Guidelines through a mix of technology and human moderation. We have detected this policy violation using automated measures. We have used automated measures in making this decision.",,STATEMENT_CATEGORY_VIOLENCE,,,,"[""CONTENT_TYPE_VIDEO""]",,,"2024-11-23 00:00:00","[""AT"",""BE"",""BG"",""CY"",""CZ"",""DE"",""DK"",""EE"",""ES"",""FI"",""FR"",""GR"",""HR"",""HU"",""IE"",""IT"",""LI"",""LT"",""LU"",""LV"",""MT"",""NL"",""NO"",""PL"",""PT"",""RO"",""SE"",""SI"",""SK""]","2024-11-23 00:00:00","The decision was taken pursuant to own-initiative investigations.",SOURCE_VOLUNTARY,,Yes,AUTOMATED_DECISION_FULLY,TikTok,7440291996616514336,"2024-11-23 02:13:16"
61f51f4e-0b3b-471d-8825-2772ad6ccee2,"[""DECISION_VISIBILITY_CONTENT_REMOVED""]",,,,,,,,,,,DECISION_GROUND_INCOMPATIBLE_CONTENT,,,,"Harassment and Bullying","We welcome the respectful expression of different viewpoints, but not toxicity or trolling. We do not allow language or behavior that harasses, humiliates, threatens, or doxes anyone. This also includes responding to such acts with retaliatory harassment (but excludes non-harassing counterspeech).We proactively enforce our Community Guidelines through a mix of technology and human moderation. We have detected this policy violation using automated measures. We have used automated measures in making this decision.",,STATEMENT_CATEGORY_ILLEGAL_OR_HARMFUL_SPEECH,,,,"[""CONTENT_TYPE_TEXT""]",,,"2024-11-23 00:00:00","[""AT"",""BE"",""BG"",""CY"",""CZ"",""DE"",""DK"",""EE"",""ES"",""FI"",""FR"",""GR"",""HR"",""HU"",""IE"",""IT"",""LI"",""LT"",""LU"",""LV"",""MT"",""NL"",""NO"",""PL"",""PT"",""RO"",""SE"",""SI"",""SK""]","2024-11-23 00:00:00","The decision was taken pursuant to own-initiative investigations.",SOURCE_VOLUNTARY,,Yes,AUTOMATED_DECISION_FULLY,TikTok,7440292002521946913,"2024-11-23 02:13:16"
6c75bbb9-b892-410d-9bf0-0b4e46289806,"[""DECISION_VISIBILITY_CONTENT_REMOVED""]",,,,,,,,,,,DECISION_GROUND_INCOMPATIBLE_CONTENT,,,,"Community Guidelines","Your content is against our Community Guidelines. The guidelines include rules and standards for using TikTok that apply to everyone and everything on our platform.We proactively enforce our Community Guidelines through a mix of technology and human moderation. We have detected this policy violation using automated measures. We have used automated measures in making this decision.",,STATEMENT_CATEGORY_SCOPE_OF_PLATFORM_SERVICE,,,,"[""CONTENT_TYPE_VIDEO""]",,,"2024-11-23 00:00:00","[""AT"",""BE"",""BG"",""CY"",""CZ"",""DE"",""DK"",""EE"",""ES"",""FI"",""FR"",""GR"",""HR"",""HU"",""IE"",""IT"",""LI"",""LT"",""LU"",""LV"",""MT"",""NL"",""NO"",""PL"",""PT"",""RO"",""SE"",""SI"",""SK""]","2024-11-23 00:00:00","The decision was taken pursuant to own-initiative investigations.",SOURCE_VOLUNTARY,,Yes,AUTOMATED_DECISION_FULLY,TikTok,7440292004715567904,"2024-11-23 02:13:16"
620d2c01-736f-4f16-9a4c-14f7ace55e43,"[""DECISION_VISIBILITY_OTHER""]","Video not eligible for recommendation in the For You feed",,,,,,,,,,DECISION_GROUND_INCOMPATIBLE_CONTENT,,,,"Community Guidelines","We maintain content eligibility standards for the For You feed (FYF) that prioritize safety and are informed by the diversity of our community and cultural norms. We make ineligible for the FYF certain content that may not be appropriate for a broad audience related to: (1) Behavioral Health, (2) Sensitive and Mature Themes, (3) Integrity and Authenticity, and (4) Regulated Goods. Content that is ineligible for the FYF can still be discovered in other ways, such as through search tools or by following an account.We proactively enforce our Community Guidelines through a mix of technology and human moderation. We have detected this policy violation using automated measures. We have used automated measures in making this decision.",,STATEMENT_CATEGORY_SCOPE_OF_PLATFORM_SERVICE,,,,"[""CONTENT_TYPE_VIDEO""]",,,"2024-11-23 00:00:00","[""AT"",""BE"",""BG"",""CY"",""CZ"",""DE"",""DK"",""EE"",""ES"",""FI"",""FR"",""GR"",""HR"",""HU"",""IE"",""IT"",""LI"",""LT"",""LU"",""LV"",""MT"",""NL"",""NO"",""PL"",""PT"",""RO"",""SE"",""SI"",""SK""]","2024-11-23 00:00:00","The decision was taken pursuant to own-initiative investigations.",SOURCE_VOLUNTARY,,Yes,AUTOMATED_DECISION_FULLY,TikTok,7440292004715584288,"2024-11-23 02:13:16"
d6af898e-48d6-4d23-a9f6-a4d99f2f877e,"[""DECISION_VISIBILITY_OTHER""]","Video not eligible for recommendation in the For You feed",,,,,,,,,,DECISION_GROUND_INCOMPATIBLE_CONTENT,,,,"Community Guidelines","Your content is against our Community Guidelines. The guidelines include rules and standards for using TikTok that apply to everyone and everything on our platform.We proactively enforce our Community Guidelines through a mix of technology and human moderation. We have detected this policy violation using automated measures. We have used automated measures in making this decision.",,STATEMENT_CATEGORY_SCOPE_OF_PLATFORM_SERVICE,,,,"[""CONTENT_TYPE_OTHER""]","Video Sticker",,"2024-11-23 00:00:00","[""AT"",""BE"",""BG"",""CY"",""CZ"",""DE"",""DK"",""EE"",""ES"",""FI"",""FR"",""GR"",""HR"",""HU"",""IE"",""IT"",""LI"",""LT"",""LU"",""LV"",""MT"",""NL"",""NO"",""PL"",""PT"",""RO"",""SE"",""SI"",""SK""]","2024-11-23 00:00:00","The decision was taken pursuant to own-initiative investigations.",SOURCE_VOLUNTARY,,Yes,AUTOMATED_DECISION_FULLY,TikTok,7440292041617087265,"2024-11-23 02:13:16"
b5a93fa6-77cd-4a0f-b368-358251eb4a6a,"[""DECISION_VISIBILITY_CONTENT_REMOVED""]",,,,,,,,,,,DECISION_GROUND_INCOMPATIBLE_CONTENT,,,,"Harassment and Bullying","We welcome the respectful expression of different viewpoints, but not toxicity or trolling. We do not allow language or behavior that harasses, humiliates, threatens, or doxes anyone. This also includes responding to such acts with retaliatory harassment (but excludes non-harassing counterspeech).We proactively enforce our Community Guidelines through a mix of technology and human moderation. We have detected this policy violation using automated measures. We have used automated measures in making this decision.",,STATEMENT_CATEGORY_ILLEGAL_OR_HARMFUL_SPEECH,,,,"[""CONTENT_TYPE_TEXT""]",,,"2024-11-23 00:00:00","[""AT"",""BE"",""BG"",""CY"",""CZ"",""DE"",""DK"",""EE"",""ES"",""FI"",""FR"",""GR"",""HR"",""HU"",""IE"",""IT"",""LI"",""LT"",""LU"",""LV"",""MT"",""NL"",""NO"",""PL"",""PT"",""RO"",""SE"",""SI"",""SK""]","2024-11-23 00:00:00","The decision was taken pursuant to own-initiative investigations.",SOURCE_VOLUNTARY,,Yes,AUTOMATED_DECISION_FULLY,TikTok,7440292042472725280,"2024-11-23 02:13:16"
3f731c78-b212-48d7-8878-43f7de7c0e6e,"[""DECISION_VISIBILITY_OTHER""]","Photo not eligible for recommendation in the For You feed",,,,,,,,,,DECISION_GROUND_INCOMPATIBLE_CONTENT,,,,"Community Guidelines","Your content is against our Community Guidelines. The guidelines include rules and standards for using TikTok that apply to everyone and everything on our platform.",,STATEMENT_CATEGORY_NEGATIVE_EFFECTS_ON_CIVIC_DISCOURSE_OR_ELECTIONS,,,,"[""CONTENT_TYPE_IMAGE""]",,,"2024-11-23 00:00:00","[""AT"",""BE"",""BG"",""CY"",""CZ"",""DE"",""DK"",""EE"",""ES"",""FI"",""FR"",""GR"",""HR"",""HU"",""IE"",""IT"",""LI"",""LT"",""LU"",""LV"",""MT"",""NL"",""NO"",""PL"",""PT"",""RO"",""SE"",""SI"",""SK""]","2024-11-23 00:00:00","The decision was taken pursuant to own-initiative investigations.",SOURCE_VOLUNTARY,,Yes,AUTOMATED_DECISION_FULLY,TikTok,7440292041617103649,"2024-11-23 02:13:16"
fbc1434e-8f60-453d-8352-b2dace5ea515,"[""DECISION_VISIBILITY_CONTENT_REMOVED""]",,,,,,,,,,,DECISION_GROUND_INCOMPATIBLE_CONTENT,,,,"Hate Speech and Hateful Behaviors","TikTok is enriched by the various backgrounds of our community members. Our differences should be respected, rather than a cause for division. We do not allow any hateful behavior, hate speech, or promotion of hateful ideologies. This includes content that attacks a person or group because of protected attributes.We proactively enforce our Community Guidelines through a mix of technology and human moderation. We have detected this policy violation using automated measures. We have used automated measures in making this decision.",,STATEMENT_CATEGORY_ILLEGAL_OR_HARMFUL_SPEECH,,,,"[""CONTENT_TYPE_TEXT""]",,,"2024-11-23 00:00:00","[""AT"",""BE"",""BG"",""CY"",""CZ"",""DE"",""DK"",""EE"",""ES"",""FI"",""FR"",""GR"",""HR"",""HU"",""IE"",""IT"",""LI"",""LT"",""LU"",""LV"",""MT"",""NL"",""NO"",""PL"",""PT"",""RO"",""SE"",""SI"",""SK""]","2024-11-23 00:00:00","The decision was taken pursuant to own-initiative investigations.",SOURCE_VOLUNTARY,,Yes,AUTOMATED_DECISION_FULLY,TikTok,7440292042472741664,"2024-11-23 02:13:16"
4b3dfe43-0c05-4ecc-9f22-28253e060c6e,"[""DECISION_VISIBILITY_CONTENT_REMOVED""]",,,,,,,,,,,DECISION_GROUND_INCOMPATIBLE_CONTENT,,,,"Harassment and Bullying","We welcome the respectful expression of different viewpoints, but not toxicity or trolling. We do not allow language or behavior that harasses, humiliates, threatens, or doxes anyone. This also includes responding to such acts with retaliatory harassment (but excludes non-harassing counterspeech).We proactively enforce our Community Guidelines through a mix of technology and human moderation. We have detected this policy violation using automated measures. We have used automated measures in making this decision.",,STATEMENT_CATEGORY_ILLEGAL_OR_HARMFUL_SPEECH,,,,"[""CONTENT_TYPE_TEXT""]",,,"2024-11-23 00:00:00","[""AT"",""BE"",""BG"",""CY"",""CZ"",""DE"",""DK"",""EE"",""ES"",""FI"",""FR"",""GR"",""HR"",""HU"",""IE"",""IT"",""LI"",""LT"",""LU"",""LV"",""MT"",""NL"",""NO"",""PL"",""PT"",""RO"",""SE"",""SI"",""SK""]","2024-11-23 00:00:00","The decision was taken pursuant to own-initiative investigations.",SOURCE_VOLUNTARY,,Yes,AUTOMATED_DECISION_FULLY,TikTok,7440292041617120033,"2024-11-23 02:13:16"
20eaf41e-a5cc-4734-9136-9f544db463e5,"[""DECISION_VISIBILITY_CONTENT_REMOVED""]",,,,,,,,,,,DECISION_GROUND_INCOMPATIBLE_CONTENT,,,,"Harassment and Bullying","We welcome the respectful expression of different viewpoints, but not toxicity or trolling. We do not allow language or behavior that harasses, humiliates, threatens, or doxes anyone. This also includes responding to such acts with retaliatory harassment (but excludes non-harassing counterspeech).We proactively enforce our Community Guidelines through a mix of technology and human moderation. We have detected this policy violation using automated measures. We have used automated measures in making this decision.",,STATEMENT_CATEGORY_ILLEGAL_OR_HARMFUL_SPEECH,,,,"[""CONTENT_TYPE_TEXT""]",,,"2024-11-23 00:00:00","[""AT"",""BE"",""BG"",""CY"",""CZ"",""DE"",""DK"",""EE"",""ES"",""FI"",""FR"",""GR"",""HR"",""HU"",""IE"",""IT"",""LI"",""LT"",""LU"",""LV"",""MT"",""NL"",""NO"",""PL"",""PT"",""RO"",""SE"",""SI"",""SK""]","2024-11-23 00:00:00","The decision was taken pursuant to own-initiative investigations.",SOURCE_VOLUNTARY,,Yes,AUTOMATED_DECISION_FULLY,TikTok,7440292042472758048,"2024-11-23 02:13:16"
44d8492e-de3f-442a-9645-59f562fd38ab,"[""DECISION_VISIBILITY_CONTENT_REMOVED""]",,,,,,,,,,,DECISION_GROUND_INCOMPATIBLE_CONTENT,,,,"Harassment and Bullying","We welcome the respectful expression of different viewpoints, but not toxicity or trolling. We do not allow language or behavior that harasses, humiliates, threatens, or doxes anyone. This also includes responding to such acts with retaliatory harassment (but excludes non-harassing counterspeech).We proactively enforce our Community Guidelines through a mix of technology and human moderation. We have detected this policy violation using automated measures. We have used automated measures in making this decision.",,STATEMENT_CATEGORY_ILLEGAL_OR_HARMFUL_SPEECH,,,,"[""CONTENT_TYPE_TEXT""]",,,"2024-11-23 00:00:00","[""AT"",""BE"",""BG"",""CY"",""CZ"",""DE"",""DK"",""EE"",""ES"",""FI"",""FR"",""GR"",""HR"",""HU"",""IE"",""IT"",""LI"",""LT"",""LU"",""LV"",""MT"",""NL"",""NO"",""PL"",""PT"",""RO"",""SE"",""SI"",""SK""]","2024-11-23 00:00:00","The decision was taken pursuant to own-initiative investigations.",SOURCE_VOLUNTARY,,Yes,AUTOMATED_DECISION_FULLY,TikTok,7440292042472774432,"2024-11-23 02:13:16"
6efce747-9650-4b00-b1c4-b4cf496cf692,"[""DECISION_VISIBILITY_CONTENT_REMOVED""]",,,,,,,,,,,DECISION_GROUND_INCOMPATIBLE_CONTENT,,,,"Community Guidelines","Your content is against our Community Guidelines. The guidelines include rules and standards for using TikTok that apply to everyone and everything on our platform.We proactively enforce our Community Guidelines through a mix of technology and human moderation. We have detected this policy violation using automated measures.",,STATEMENT_CATEGORY_SCOPE_OF_PLATFORM_SERVICE,,,,"[""CONTENT_TYPE_OTHER""]",Hashtag,,"2015-06-09 00:00:00","[""AT"",""BE"",""BG"",""CY"",""CZ"",""DE"",""DK"",""EE"",""ES"",""FI"",""FR"",""GR"",""HR"",""HU"",""IE"",""IT"",""LI"",""LT"",""LU"",""LV"",""MT"",""NL"",""NO"",""PL"",""PT"",""RO"",""SE"",""SI"",""SK""]","2024-11-23 00:00:00","The decision was taken pursuant to own-initiative investigations.",SOURCE_VOLUNTARY,,Yes,AUTOMATED_DECISION_NOT_AUTOMATED,TikTok,7440292042472790816,"2024-11-23 02:13:16"
27043e73-f5f1-4238-8950-ed92d358159c,"[""DECISION_VISIBILITY_CONTENT_REMOVED""]",,,,,,,,,,,DECISION_GROUND_INCOMPATIBLE_CONTENT,,,,"Harassment and Bullying","We welcome the respectful expression of different viewpoints, but not toxicity or trolling. We do not allow language or behavior that harasses, humiliates, threatens, or doxes anyone. This also includes responding to such acts with retaliatory harassment (but excludes non-harassing counterspeech).We proactively enforce our Community Guidelines through a mix of technology and human moderation. We have detected this policy violation using automated measures. We have used automated measures in making this decision.",,STATEMENT_CATEGORY_ILLEGAL_OR_HARMFUL_SPEECH,,,,"[""CONTENT_TYPE_TEXT""]",,,"2024-11-23 00:00:00","[""AT"",""BE"",""BG"",""CY"",""CZ"",""DE"",""DK"",""EE"",""ES"",""FI"",""FR"",""GR"",""HR"",""HU"",""IE"",""IT"",""LI"",""LT"",""LU"",""LV"",""MT"",""NL"",""NO"",""PL"",""PT"",""RO"",""SE"",""SI"",""SK""]","2024-11-23 00:00:00","The decision was taken pursuant to own-initiative investigations.",SOURCE_VOLUNTARY,,Yes,AUTOMATED_DECISION_FULLY,TikTok,7440292042472807200,"2024-11-23 02:13:16"
b4e7ba93-215e-4f1a-8039-0e57d85a85f3,"[""DECISION_VISIBILITY_OTHER""]","Photo not eligible for recommendation in the For You feed",,,,,,,,,,DECISION_GROUND_INCOMPATIBLE_CONTENT,,,,"Community Guidelines","Your content is against our Community Guidelines. The guidelines include rules and standards for using TikTok that apply to everyone and everything on our platform.",,STATEMENT_CATEGORY_NEGATIVE_EFFECTS_ON_CIVIC_DISCOURSE_OR_ELECTIONS,,,,"[""CONTENT_TYPE_IMAGE""]",,,"2024-11-23 00:00:00","[""AT"",""BE"",""BG"",""CY"",""CZ"",""DE"",""DK"",""EE"",""ES"",""FI"",""FR"",""GR"",""HR"",""HU"",""IE"",""IT"",""LI"",""LT"",""LU"",""LV"",""MT"",""NL"",""NO"",""PL"",""PT"",""RO"",""SE"",""SI"",""SK""]","2024-11-23 00:00:00","The decision was taken pursuant to own-initiative investigations.",SOURCE_VOLUNTARY,,Yes,AUTOMATED_DECISION_FULLY,TikTok,7440292042472823584,"2024-11-23 02:13:16"
fa32f31b-016b-46be-929e-58764586371a,"[""DECISION_VISIBILITY_CONTENT_REMOVED""]",,,,,,,,,,,DECISION_GROUND_INCOMPATIBLE_CONTENT,,,,"Harassment and Bullying","We welcome the respectful expression of different viewpoints, but not toxicity or trolling. We do not allow language or behavior that harasses, humiliates, threatens, or doxes anyone. This also includes responding to such acts with retaliatory harassment (but excludes non-harassing counterspeech).We proactively enforce our Community Guidelines through a mix of technology and human moderation. We have detected this policy violation using automated measures. We have used automated measures in making this decision.",,STATEMENT_CATEGORY_ILLEGAL_OR_HARMFUL_SPEECH,,,,"[""CONTENT_TYPE_TEXT""]",,,"2024-11-23 00:00:00","[""AT"",""BE"",""BG"",""CY"",""CZ"",""DE"",""DK"",""EE"",""ES"",""FI"",""FR"",""GR"",""HR"",""HU"",""IE"",""IT"",""LI"",""LT"",""LU"",""LV"",""MT"",""NL"",""NO"",""PL"",""PT"",""RO"",""SE"",""SI"",""SK""]","2024-11-23 00:00:00","The decision was taken pursuant to own-initiative investigations.",SOURCE_VOLUNTARY,,Yes,AUTOMATED_DECISION_FULLY,TikTok,7440292041617136417,"2024-11-23 02:13:16"
d985027a-38a1-4709-8231-67f05268f8b8,"[""DECISION_VISIBILITY_CONTENT_REMOVED""]",,,,,,,,,,,DECISION_GROUND_INCOMPATIBLE_CONTENT,,,,"Spam and Deceptive Account Behaviors","To build a trusted community online, it is important that the behaviors and identities of accounts are authentic and truthful. We do not allow account behaviors that may spam or mislead our community. We will restrict the visibility of comments that contain excessive or irrelevant spam content. We proactively enforce our Community Guidelines through a mix of technology and human moderation. We have detected this policy violation using automated measures. We have used automated measures in making this decision.",,STATEMENT_CATEGORY_SCAMS_AND_FRAUD,,,,"[""CONTENT_TYPE_TEXT""]",,,"2024-11-23 00:00:00","[""AT"",""BE"",""BG"",""CY"",""CZ"",""DE"",""DK"",""EE"",""ES"",""FI"",""FR"",""GR"",""HR"",""HU"",""IE"",""IT"",""LI"",""LT"",""LU"",""LV"",""MT"",""NL"",""NO"",""PL"",""PT"",""RO"",""SE"",""SI"",""SK""]","2024-11-23 00:00:00","The decision was taken pursuant to own-initiative investigations.",SOURCE_VOLUNTARY,,Yes,AUTOMATED_DECISION_FULLY,TikTok,7440292041617152801,"2024-11-23 02:13:16"
a93e40ef-5dd9-44f7-9460-8d23b1bb41de,"[""DECISION_VISIBILITY_CONTENT_REMOVED""]",,,,,,,,,,,DECISION_GROUND_INCOMPATIBLE_CONTENT,,,,"Harassment and Bullying","We welcome the respectful expression of different viewpoints, but not toxicity or trolling. We do not allow language or behavior that harasses, humiliates, threatens, or doxes anyone. This also includes responding to such acts with retaliatory harassment (but excludes non-harassing counterspeech).We proactively enforce our Community Guidelines through a mix of technology and human moderation. We have detected this policy violation using automated measures. We have used automated measures in making this decision.",,STATEMENT_CATEGORY_ILLEGAL_OR_HARMFUL_SPEECH,,,,"[""CONTENT_TYPE_TEXT""]",,,"2024-11-23 00:00:00","[""AT"",""BE"",""BG"",""CY"",""CZ"",""DE"",""DK"",""EE"",""ES"",""FI"",""FR"",""GR"",""HR"",""HU"",""IE"",""IT"",""LI"",""LT"",""LU"",""LV"",""MT"",""NL"",""NO"",""PL"",""PT"",""RO"",""SE"",""SI"",""SK""]","2024-11-23 00:00:00","The decision was taken pursuant to own-initiative investigations.",SOURCE_VOLUNTARY,,Yes,AUTOMATED_DECISION_FULLY,TikTok,7440292041617185569,"2024-11-23 02:13:18"
8a7bbcae-d85a-4410-8fbe-54031e3fd1bd,"[""DECISION_VISIBILITY_CONTENT_REMOVED""]",,,,,,,,,,,DECISION_GROUND_INCOMPATIBLE_CONTENT,,,,"Hate Speech and Hateful Behaviors","TikTok is enriched by the various backgrounds of our community members. Our differences should be respected, rather than a cause for division. We do not allow any hateful behavior, hate speech, or promotion of hateful ideologies. This includes content that attacks a person or group because of protected attributes.We proactively enforce our Community Guidelines through a mix of technology and human moderation. We have detected this policy violation using automated measures. We have used automated measures in making this decision.",,STATEMENT_CATEGORY_ILLEGAL_OR_HARMFUL_SPEECH,,,,"[""CONTENT_TYPE_TEXT""]",,,"2024-11-23 00:00:00","[""AT"",""BE"",""BG"",""CY"",""CZ"",""DE"",""DK"",""EE"",""ES"",""FI"",""FR"",""GR"",""HR"",""HU"",""IE"",""IT"",""LI"",""LT"",""LU"",""LV"",""MT"",""NL"",""NO"",""PL"",""PT"",""RO"",""SE"",""SI"",""SK""]","2024-11-23 00:00:00","The decision was taken pursuant to own-initiative investigations.",SOURCE_VOLUNTARY,,Yes,AUTOMATED_DECISION_FULLY,TikTok,7440292042472839968,"2024-11-23 02:13:18"
396aa4e0-c793-40ad-88d7-8ec34bffe85c,"[""DECISION_VISIBILITY_OTHER""]","Video not eligible for recommendation in the For You feed",,,,,,,,,,DECISION_GROUND_INCOMPATIBLE_CONTENT,,,,"Alcohol, Tobacco, and Drugs","While adults make personal choices about how they engage with alcohol, drugs, and tobacco, we recognize that there are risks connected to trading and using these substances. Content is ineligible for the For You feed and harder to find in search if it shows adults consuming excessive amounts of alcohol or tobacco products.We proactively enforce our Community Guidelines through a mix of technology and human moderation. We have detected this policy violation using automated measures. We have used automated measures in making this decision.",,STATEMENT_CATEGORY_SCOPE_OF_PLATFORM_SERVICE,,,,"[""CONTENT_TYPE_VIDEO""]",,,"2024-11-23 00:00:00","[""AT"",""BE"",""BG"",""CY"",""CZ"",""DE"",""DK"",""EE"",""ES"",""FI"",""FR"",""GR"",""HR"",""HU"",""IE"",""IT"",""LI"",""LT"",""LU"",""LV"",""MT"",""NL"",""NO"",""PL"",""PT"",""RO"",""SE"",""SI"",""SK""]","2024-11-23 00:00:00","The decision was taken pursuant to own-initiative investigations.",SOURCE_VOLUNTARY,,Yes,AUTOMATED_DECISION_FULLY,TikTok,7440292054480984864,"2024-11-23 02:13:18"
1c1c864b-9429-4dde-b13b-d37af277e727,"[""DECISION_VISIBILITY_OTHER""]","Video not eligible for recommendation in the For You feed",,,,,,,,,,DECISION_GROUND_INCOMPATIBLE_CONTENT,,,,"Shocking and Graphic Content","Part of the joy of TikTok is coming across new and unexpected content. But the platform is not a space to intentionally shock, upset, or disgust others. Content is ineligible for the For You feed and harder to find in search if it shows fictional violence, blood, potentially distressing or mildly graphic material, animal genitalia or sexual activity between animals, or if it contains graphic footage of events that are in the public interest to view.We proactively enforce our Community Guidelines through a mix of technology and human moderation. We have detected this policy violation using automated measures. We have used automated measures in making this decision.",,STATEMENT_CATEGORY_VIOLENCE,,,,"[""CONTENT_TYPE_VIDEO""]",,,"2024-11-23 00:00:00","[""AT"",""BE"",""BG"",""CY"",""CZ"",""DE"",""DK"",""EE"",""ES"",""FI"",""FR"",""GR"",""HR"",""HU"",""IE"",""IT"",""LI"",""LT"",""LU"",""LV"",""MT"",""NL"",""NO"",""PL"",""PT"",""RO"",""SE"",""SI"",""SK""]","2024-11-23 00:00:00","The decision was taken pursuant to own-initiative investigations.",SOURCE_VOLUNTARY,,Yes,AUTOMATED_DECISION_FULLY,TikTok,7440292054481001248,"2024-11-23 02:13:18"
9c11e935-2188-4138-9a19-291cf884ddf5,"[""DECISION_VISIBILITY_OTHER""]","Video not eligible for recommendation in the For You feed",,,,,,,,,,DECISION_GROUND_INCOMPATIBLE_CONTENT,,,,"Alcohol, Tobacco, and Drugs","While adults make personal choices about how they engage with alcohol, drugs, and tobacco, we recognize that there are risks connected to trading and using these substances. Content is ineligible for the For You feed and harder to find in search if it shows adults consuming excessive amounts of alcohol or tobacco products.Users and 3rd-parties can report policy violations to us. We have detected this policy violation based on a report that the content violated our Community Guidelines. We have used automated measures to make the decision.",,STATEMENT_CATEGORY_SCOPE_OF_PLATFORM_SERVICE,,,,"[""CONTENT_TYPE_VIDEO""]",,,"2024-10-20 00:00:00","[""AT"",""BE"",""BG"",""CY"",""CZ"",""DE"",""DK"",""EE"",""ES"",""FI"",""FR"",""GR"",""HR"",""HU"",""IE"",""IT"",""LI"",""LT"",""LU"",""LV"",""MT"",""NL"",""NO"",""PL"",""PT"",""RO"",""SE"",""SI"",""SK""]","2024-11-23 00:00:00","The decision was taken in response to a report alleging a violation of our Community Guidelines.",SOURCE_VOLUNTARY,,No,AUTOMATED_DECISION_FULLY,TikTok,7440292041617201953,"2024-11-23 02:13:18"
db08840b-6fc5-4285-9553-cf5ffb082735,,,,,,,,,DECISION_ACCOUNT_TERMINATED,,,DECISION_GROUND_INCOMPATIBLE_CONTENT,,,,"Advertising policy violation","Reasons why your account may have been suspended: - We received a report or complaint about your account from people on TikTok or other channels. - There are problems with your ad creative, or qualifications or services provided in your ads. - We suspected malicious behavior or intent during ad creation. - You made changes to your ad's landing page after launching the campaign.",,STATEMENT_CATEGORY_SCOPE_OF_PLATFORM_SERVICE,,,,"[""CONTENT_TYPE_OTHER""]","Account Suspended",,"2024-11-23 00:00:00","[""AT"",""BE"",""BG"",""CY"",""CZ"",""DE"",""DK"",""EE"",""ES"",""FI"",""FR"",""GR"",""HR"",""HU"",""IE"",""IT"",""LI"",""LT"",""LU"",""LV"",""MT"",""NL"",""NO"",""PL"",""PT"",""RO"",""SE"",""SI"",""SK""]","2024-11-23 00:00:00","The decision was taken pursuant to own-initiative investigations.",SOURCE_VOLUNTARY,,Yes,AUTOMATED_DECISION_FULLY,TikTok,7440292054053165856,"2024-11-23 02:13:18"
cc781491-d2ca-4fd6-b7e2-7ff77b508014,"[""DECISION_VISIBILITY_OTHER""]","Video not eligible for recommendation in the For You feed, and visibility restricted in search results",,,,,,,,,,DECISION_GROUND_INCOMPATIBLE_CONTENT,,,,"Community Guidelines","We maintain content eligibility standards for the For You feed (FYF) that prioritize safety and are informed by the diversity of our community and cultural norms. We make ineligible for the FYF certain content that may not be appropriate for a broad audience related to: (1) Behavioral Health, (2) Sensitive and Mature Themes, (3) Integrity and Authenticity, and (4) Regulated Goods. Content that is ineligible for the FYF can still be discovered in other ways, such as through search tools or by following an account.We proactively enforce our Community Guidelines through a mix of technology and human moderation. We have detected this policy violation using automated measures.",,STATEMENT_CATEGORY_SCOPE_OF_PLATFORM_SERVICE,,,,"[""CONTENT_TYPE_VIDEO""]",,,"2024-11-22 00:00:00","[""AT"",""BE"",""BG"",""CY"",""CZ"",""DE"",""DK"",""EE"",""ES"",""FI"",""FR"",""GR"",""HR"",""HU"",""IE"",""IT"",""LI"",""LT"",""LU"",""LV"",""MT"",""NL"",""NO"",""PL"",""PT"",""RO"",""SE"",""SI"",""SK""]","2024-11-23 00:00:00","The decision was taken pursuant to own-initiative investigations.",SOURCE_VOLUNTARY,,Yes,AUTOMATED_DECISION_NOT_AUTOMATED,TikTok,7440292054053182240,"2024-11-23 02:13:18"
a8d95c74-0c75-4441-b785-16e898a79bd6,"[""DECISION_VISIBILITY_CONTENT_REMOVED""]",,,,,,,,,,,DECISION_GROUND_INCOMPATIBLE_CONTENT,,,,"Harassment and Bullying","We welcome the respectful expression of different viewpoints, but not toxicity or trolling. We do not allow language or behavior that harasses, humiliates, threatens, or doxes anyone. This also includes responding to such acts with retaliatory harassment (but excludes non-harassing counterspeech).We proactively enforce our Community Guidelines through a mix of technology and human moderation. We have detected this policy violation using automated measures. We have used automated measures in making this decision.",,STATEMENT_CATEGORY_ILLEGAL_OR_HARMFUL_SPEECH,,,,"[""CONTENT_TYPE_TEXT""]",,,"2024-11-23 00:00:00","[""AT"",""BE"",""BG"",""CY"",""CZ"",""DE"",""DK"",""EE"",""ES"",""FI"",""FR"",""GR"",""HR"",""HU"",""IE"",""IT"",""LI"",""LT"",""LU"",""LV"",""MT"",""NL"",""NO"",""PL"",""PT"",""RO"",""SE"",""SI"",""SK""]","2024-11-23 00:00:00","The decision was taken pursuant to own-initiative investigations.",SOURCE_VOLUNTARY,,Yes,AUTOMATED_DECISION_FULLY,TikTok,7440292054053198624,"2024-11-23 02:13:18"
f7003cb6-c230-4861-97ab-30440bb3bd25,"[""DECISION_VISIBILITY_OTHER""]","Video not eligible for recommendation in the For You feed",,,,,,,,,,DECISION_GROUND_INCOMPATIBLE_CONTENT,,,,"Community Guidelines","We maintain content eligibility standards for the For You feed (FYF) that prioritize safety and are informed by the diversity of our community and cultural norms. We make ineligible for the FYF certain content that may not be appropriate for a broad audience related to: (1) Behavioral Health, (2) Sensitive and Mature Themes, (3) Integrity and Authenticity, and (4) Regulated Goods. Content that is ineligible for the FYF can still be discovered in other ways, such as through search tools or by following an account.We proactively enforce our Community Guidelines through a mix of technology and human moderation. We have detected this policy violation using automated measures. We have used automated measures in making this decision.",,STATEMENT_CATEGORY_SCOPE_OF_PLATFORM_SERVICE,,,,"[""CONTENT_TYPE_VIDEO""]",,,"2024-11-23 00:00:00","[""AT"",""BE"",""BG"",""CY"",""CZ"",""DE"",""DK"",""EE"",""ES"",""FI"",""FR"",""GR"",""HR"",""HU"",""IE"",""IT"",""LI"",""LT"",""LU"",""LV"",""MT"",""NL"",""NO"",""PL"",""PT"",""RO"",""SE"",""SI"",""SK""]","2024-11-23 00:00:00","The decision was taken pursuant to own-initiative investigations.",SOURCE_VOLUNTARY,,Yes,AUTOMATED_DECISION_FULLY,TikTok,7440292054481017632,"2024-11-23 02:13:18"
1fd60bca-c253-42d2-9d8d-a3a761b2f0a4,"[""DECISION_VISIBILITY_CONTENT_REMOVED""]",,,,,,,,,,,DECISION_GROUND_INCOMPATIBLE_CONTENT,,,,"Harassment and Bullying","We welcome the respectful expression of different viewpoints, but not toxicity or trolling. We do not allow language or behavior that harasses, humiliates, threatens, or doxes anyone. This also includes responding to such acts with retaliatory harassment (but excludes non-harassing counterspeech).We proactively enforce our Community Guidelines through a mix of technology and human moderation. We have detected this policy violation using automated measures. We have used automated measures in making this decision.",,STATEMENT_CATEGORY_ILLEGAL_OR_HARMFUL_SPEECH,,,,"[""CONTENT_TYPE_TEXT""]",,,"2024-11-23 00:00:00","[""AT"",""BE"",""BG"",""CY"",""CZ"",""DE"",""DK"",""EE"",""ES"",""FI"",""FR"",""GR"",""HR"",""HU"",""IE"",""IT"",""LI"",""LT"",""LU"",""LV"",""MT"",""NL"",""NO"",""PL"",""PT"",""RO"",""SE"",""SI"",""SK""]","2024-11-23 00:00:00","The decision was taken pursuant to own-initiative investigations.",SOURCE_VOLUNTARY,,Yes,AUTOMATED_DECISION_FULLY,TikTok,7440292054481034016,"2024-11-23 02:13:18"
24aa140e-a62a-4c78-b397-49737182f057,"[""DECISION_VISIBILITY_CONTENT_REMOVED""]",,,,,,,,,,,DECISION_GROUND_INCOMPATIBLE_CONTENT,,,,"Harassment and Bullying","We welcome the respectful expression of different viewpoints, but not toxicity or trolling. We do not allow language or behavior that harasses, humiliates, threatens, or doxes anyone. This also includes responding to such acts with retaliatory harassment (but excludes non-harassing counterspeech).We proactively enforce our Community Guidelines through a mix of technology and human moderation. We have detected this policy violation using automated measures. We have used automated measures in making this decision.",,STATEMENT_CATEGORY_ILLEGAL_OR_HARMFUL_SPEECH,,,,"[""CONTENT_TYPE_TEXT""]",,,"2024-11-23 00:00:00","[""AT"",""BE"",""BG"",""CY"",""CZ"",""DE"",""DK"",""EE"",""ES"",""FI"",""FR"",""GR"",""HR"",""HU"",""IE"",""IT"",""LI"",""LT"",""LU"",""LV"",""MT"",""NL"",""NO"",""PL"",""PT"",""RO"",""SE"",""SI"",""SK""]","2024-11-23 00:00:00","The decision was taken pursuant to own-initiative investigations.",SOURCE_VOLUNTARY,,Yes,AUTOMATED_DECISION_FULLY,TikTok,7440292054481050400,"2024-11-23 02:13:18"
42d22858-aa1f-49d1-bcf8-fe1346017427,"[""DECISION_VISIBILITY_CONTENT_REMOVED""]",,,,,,,,,,,DECISION_GROUND_INCOMPATIBLE_CONTENT,,,,"Harassment and Bullying","We welcome the respectful expression of different viewpoints, but not toxicity or trolling. We do not allow language or behavior that harasses, humiliates, threatens, or doxes anyone. This also includes responding to such acts with retaliatory harassment (but excludes non-harassing counterspeech).We proactively enforce our Community Guidelines through a mix of technology and human moderation. We have detected this policy violation using automated measures. We have used automated measures in making this decision.",,STATEMENT_CATEGORY_ILLEGAL_OR_HARMFUL_SPEECH,,,,"[""CONTENT_TYPE_TEXT""]",,,"2024-11-23 00:00:00","[""AT"",""BE"",""BG"",""CY"",""CZ"",""DE"",""DK"",""EE"",""ES"",""FI"",""FR"",""GR"",""HR"",""HU"",""IE"",""IT"",""LI"",""LT"",""LU"",""LV"",""MT"",""NL"",""NO"",""PL"",""PT"",""RO"",""SE"",""SI"",""SK""]","2024-11-23 00:00:00","The decision was taken pursuant to own-initiative investigations.",SOURCE_VOLUNTARY,,Yes,AUTOMATED_DECISION_FULLY,TikTok,7440292054053215008,"2024-11-23 02:13:18"
6d11895f-36e3-4208-a357-b218f298ed06,"[""DECISION_VISIBILITY_OTHER""]","Video not eligible for recommendation in the For You feed",,,,,,,,,,DECISION_GROUND_INCOMPATIBLE_CONTENT,,,,"Alcohol, Tobacco, and Drugs","While adults make personal choices about how they engage with alcohol, drugs, and tobacco, we recognize that there are risks connected to trading and using these substances. Content is ineligible for the For You feed and harder to find in search if it shows adults consuming excessive amounts of alcohol or tobacco products.We proactively enforce our Community Guidelines through a mix of technology and human moderation. We have detected this policy violation using automated measures. We have used automated measures in making this decision.",,STATEMENT_CATEGORY_SCOPE_OF_PLATFORM_SERVICE,,,,"[""CONTENT_TYPE_VIDEO""]",,,"2024-11-23 00:00:00","[""AT"",""BE"",""BG"",""CY"",""CZ"",""DE"",""DK"",""EE"",""ES"",""FI"",""FR"",""GR"",""HR"",""HU"",""IE"",""IT"",""LI"",""LT"",""LU"",""LV"",""MT"",""NL"",""NO"",""PL"",""PT"",""RO"",""SE"",""SI"",""SK""]","2024-11-23 00:00:00","The decision was taken pursuant to own-initiative investigations.",SOURCE_VOLUNTARY,,Yes,AUTOMATED_DECISION_FULLY,TikTok,7440292054053231392,"2024-11-23 02:13:20"
710cfeb7-524f-4b55-a630-ee2e81f27ff1,"[""DECISION_VISIBILITY_CONTENT_REMOVED""]",,,,,,,,,,,DECISION_GROUND_INCOMPATIBLE_CONTENT,,,,"Harassment and Bullying","We welcome the respectful expression of different viewpoints, but not toxicity or trolling. We do not allow language or behavior that harasses, humiliates, threatens, or doxes anyone. This also includes responding to such acts with retaliatory harassment (but excludes non-harassing counterspeech).We proactively enforce our Community Guidelines through a mix of technology and human moderation. We have detected this policy violation using automated measures. We have used automated measures in making this decision.",,STATEMENT_CATEGORY_ILLEGAL_OR_HARMFUL_SPEECH,,,,"[""CONTENT_TYPE_TEXT""]",,,"2024-11-23 00:00:00","[""AT"",""BE"",""BG"",""CY"",""CZ"",""DE"",""DK"",""EE"",""ES"",""FI"",""FR"",""GR"",""HR"",""HU"",""IE"",""IT"",""LI"",""LT"",""LU"",""LV"",""MT"",""NL"",""NO"",""PL"",""PT"",""RO"",""SE"",""SI"",""SK""]","2024-11-23 00:00:00","The decision was taken pursuant to own-initiative investigations.",SOURCE_VOLUNTARY,,Yes,AUTOMATED_DECISION_FULLY,TikTok,7440292054481066784,"2024-11-23 02:13:20"
27137055-fe62-4279-b155-a7ae7339262e,"[""DECISION_VISIBILITY_CONTENT_REMOVED""]",,,,,,,,,,,DECISION_GROUND_INCOMPATIBLE_CONTENT,,,,"Hate Speech and Hateful Behaviors","TikTok is enriched by the various backgrounds of our community members. Our differences should be respected, rather than a cause for division. We do not allow any hateful behavior, hate speech, or promotion of hateful ideologies. This includes content that attacks a person or group because of protected attributes.We proactively enforce our Community Guidelines through a mix of technology and human moderation. We have detected this policy violation using automated measures. We have used automated measures in making this decision.",,STATEMENT_CATEGORY_ILLEGAL_OR_HARMFUL_SPEECH,,,,"[""CONTENT_TYPE_TEXT""]",,,"2024-11-23 00:00:00","[""AT"",""BE"",""BG"",""CY"",""CZ"",""DE"",""DK"",""EE"",""ES"",""FI"",""FR"",""GR"",""HR"",""HU"",""IE"",""IT"",""LI"",""LT"",""LU"",""LV"",""MT"",""NL"",""NO"",""PL"",""PT"",""RO"",""SE"",""SI"",""SK""]","2024-11-23 00:00:00","The decision was taken pursuant to own-initiative investigations.",SOURCE_VOLUNTARY,,Yes,AUTOMATED_DECISION_FULLY,TikTok,7440292054053247776,"2024-11-23 02:13:20"
cfd056dc-3328-4712-a216-c6421bb14bfe,"[""DECISION_VISIBILITY_CONTENT_REMOVED""]",,,,,,,,,,,DECISION_GROUND_INCOMPATIBLE_CONTENT,,,,"Harassment and Bullying","We welcome the respectful expression of different viewpoints, but not toxicity or trolling. We do not allow language or behavior that harasses, humiliates, threatens, or doxes anyone. This also includes responding to such acts with retaliatory harassment (but excludes non-harassing counterspeech).We proactively enforce our Community Guidelines through a mix of technology and human moderation. We have detected this policy violation using automated measures. We have used automated measures in making this decision.",,STATEMENT_CATEGORY_ILLEGAL_OR_HARMFUL_SPEECH,,,,"[""CONTENT_TYPE_TEXT""]",,,"2024-11-23 00:00:00","[""AT"",""BE"",""BG"",""CY"",""CZ"",""DE"",""DK"",""EE"",""ES"",""FI"",""FR"",""GR"",""HR"",""HU"",""IE"",""IT"",""LI"",""LT"",""LU"",""LV"",""MT"",""NL"",""NO"",""PL"",""PT"",""RO"",""SE"",""SI"",""SK""]","2024-11-23 00:00:00","The decision was taken pursuant to own-initiative investigations.",SOURCE_VOLUNTARY,,Yes,AUTOMATED_DECISION_FULLY,TikTok,7440292054481083168,"2024-11-23 02:13:20"
70656fbd-6362-4261-a570-e52e6582b882,"[""DECISION_VISIBILITY_OTHER""]","Photo not eligible for recommendation in the For You feed",,,,,,,,,,DECISION_GROUND_INCOMPATIBLE_CONTENT,,,,"Community Guidelines","Your content is against our Community Guidelines. The guidelines include rules and standards for using TikTok that apply to everyone and everything on our platform.",,STATEMENT_CATEGORY_SCOPE_OF_PLATFORM_SERVICE,,,,"[""CONTENT_TYPE_IMAGE""]",,,"2024-11-23 00:00:00","[""AT"",""BE"",""BG"",""CY"",""CZ"",""DE"",""DK"",""EE"",""ES"",""FI"",""FR"",""GR"",""HR"",""HU"",""IE"",""IT"",""LI"",""LT"",""LU"",""LV"",""MT"",""NL"",""NO"",""PL"",""PT"",""RO"",""SE"",""SI"",""SK""]","2024-11-23 00:00:00","The decision was taken pursuant to own-initiative investigations.",SOURCE_VOLUNTARY,,Yes,AUTOMATED_DECISION_FULLY,TikTok,7440292054481099552,"2024-11-23 02:13:20"
54c0edb3-0e0e-4bbf-9504-f217bb16c1e0,"[""DECISION_VISIBILITY_CONTENT_REMOVED""]",,,,,,,,,,,DECISION_GROUND_INCOMPATIBLE_CONTENT,,,,"Harassment and Bullying","We welcome the respectful expression of different viewpoints, but not toxicity or trolling. We do not allow language or behavior that harasses, humiliates, threatens, or doxes anyone. This also includes responding to such acts with retaliatory harassment (but excludes non-harassing counterspeech).We proactively enforce our Community Guidelines through a mix of technology and human moderation. We have detected this policy violation using automated measures. We have used automated measures in making this decision.",,STATEMENT_CATEGORY_ILLEGAL_OR_HARMFUL_SPEECH,,,,"[""CONTENT_TYPE_TEXT""]",,,"2024-11-23 00:00:00","[""AT"",""BE"",""BG"",""CY"",""CZ"",""DE"",""DK"",""EE"",""ES"",""FI"",""FR"",""GR"",""HR"",""HU"",""IE"",""IT"",""LI"",""LT"",""LU"",""LV"",""MT"",""NL"",""NO"",""PL"",""PT"",""RO"",""SE"",""SI"",""SK""]","2024-11-23 00:00:00","The decision was taken pursuant to own-initiative investigations.",SOURCE_VOLUNTARY,,Yes,AUTOMATED_DECISION_FULLY,TikTok,7440292054481115936,"2024-11-23 02:13:20"
ccfa6f60-6e1a-42b0-a9d6-d8a753afe907,"[""DECISION_VISIBILITY_CONTENT_REMOVED""]",,,,,,,,,,,DECISION_GROUND_INCOMPATIBLE_CONTENT,,,,"Harassment and Bullying","We welcome the respectful expression of different viewpoints, but not toxicity or trolling. We do not allow language or behavior that harasses, humiliates, threatens, or doxes anyone. This also includes responding to such acts with retaliatory harassment (but excludes non-harassing counterspeech).We proactively enforce our Community Guidelines through a mix of technology and human moderation. We have detected this policy violation using automated measures. We have used automated measures in making this decision.",,STATEMENT_CATEGORY_ILLEGAL_OR_HARMFUL_SPEECH,,,,"[""CONTENT_TYPE_TEXT""]",,,"2024-11-23 00:00:00","[""AT"",""BE"",""BG"",""CY"",""CZ"",""DE"",""DK"",""EE"",""ES"",""FI"",""FR"",""GR"",""HR"",""HU"",""IE"",""IT"",""LI"",""LT"",""LU"",""LV"",""MT"",""NL"",""NO"",""PL"",""PT"",""RO"",""SE"",""SI"",""SK""]","2024-11-23 00:00:00","The decision was taken pursuant to own-initiative investigations.",SOURCE_VOLUNTARY,,Yes,AUTOMATED_DECISION_FULLY,TikTok,7440292054053264160,"2024-11-23 02:13:20"
fe8ba69a-83ff-4d3f-ac6f-0f3f657048b2,"[""DECISION_VISIBILITY_CONTENT_REMOVED""]",,,,,,,,,,,DECISION_GROUND_INCOMPATIBLE_CONTENT,,,,"Community Guidelines","Your content is against our Community Guidelines. The guidelines include rules and standards for using TikTok that apply to everyone and everything on our platform.We proactively enforce our Community Guidelines through a mix of technology and human moderation. We have detected this policy violation using automated measures. We have used automated measures in making this decision.",,STATEMENT_CATEGORY_SCOPE_OF_PLATFORM_SERVICE,,,,"[""CONTENT_TYPE_VIDEO""]",,,"2024-11-23 00:00:00","[""AT"",""BE"",""BG"",""CY"",""CZ"",""DE"",""DK"",""EE"",""ES"",""FI"",""FR"",""GR"",""HR"",""HU"",""IE"",""IT"",""LI"",""LT"",""LU"",""LV"",""MT"",""NL"",""NO"",""PL"",""PT"",""RO"",""SE"",""SI"",""SK""]","2024-11-23 00:00:00","The decision was taken pursuant to own-initiative investigations.",SOURCE_VOLUNTARY,,Yes,AUTOMATED_DECISION_FULLY,TikTok,7440292054481132320,"2024-11-23 02:13:20"
d6033aec-06af-44ce-b7ad-dc028c6df449,"[""DECISION_VISIBILITY_CONTENT_REMOVED""]",,,,,,,,,,,DECISION_GROUND_INCOMPATIBLE_CONTENT,,,,"Harassment and Bullying","We welcome the respectful expression of different viewpoints, but not toxicity or trolling. We do not allow language or behavior that harasses, humiliates, threatens, or doxes anyone. This also includes responding to such acts with retaliatory harassment (but excludes non-harassing counterspeech).We proactively enforce our Community Guidelines through a mix of technology and human moderation. We have detected this policy violation using automated measures. We have used automated measures in making this decision.",,STATEMENT_CATEGORY_ILLEGAL_OR_HARMFUL_SPEECH,,,,"[""CONTENT_TYPE_TEXT""]",,,"2024-11-23 00:00:00","[""AT"",""BE"",""BG"",""CY"",""CZ"",""DE"",""DK"",""EE"",""ES"",""FI"",""FR"",""GR"",""HR"",""HU"",""IE"",""IT"",""LI"",""LT"",""LU"",""LV"",""MT"",""NL"",""NO"",""PL"",""PT"",""RO"",""SE"",""SI"",""SK""]","2024-11-23 00:00:00","The decision was taken pursuant to own-initiative investigations.",SOURCE_VOLUNTARY,,Yes,AUTOMATED_DECISION_FULLY,TikTok,7440292063611984673,"2024-11-23 02:13:20"
833ccdb5-4df6-467f-80c3-218ad769606a,"[""DECISION_VISIBILITY_OTHER""]","Video not eligible for recommendation in the For You feed, and visibility restricted in search results",,,,,,,,,,DECISION_GROUND_INCOMPATIBLE_CONTENT,,,,"Community Guidelines","We maintain content eligibility standards for the For You feed (FYF) that prioritize safety and are informed by the diversity of our community and cultural norms. We make ineligible for the FYF certain content that may not be appropriate for a broad audience related to: (1) Behavioral Health, (2) Sensitive and Mature Themes, (3) Integrity and Authenticity, and (4) Regulated Goods. Content that is ineligible for the FYF can still be discovered in other ways, such as through search tools or by following an account.We proactively enforce our Community Guidelines through a mix of technology and human moderation. We have detected this policy violation using automated measures.",,STATEMENT_CATEGORY_SCOPE_OF_PLATFORM_SERVICE,,,,"[""CONTENT_TYPE_VIDEO""]",,,"2024-11-21 00:00:00","[""AT"",""BE"",""BG"",""CY"",""CZ"",""DE"",""DK"",""EE"",""ES"",""FI"",""FR"",""GR"",""HR"",""HU"",""IE"",""IT"",""LI"",""LT"",""LU"",""LV"",""MT"",""NL"",""NO"",""PL"",""PT"",""RO"",""SE"",""SI"",""SK""]","2024-11-23 00:00:00","The decision was taken pursuant to own-initiative investigations.",SOURCE_VOLUNTARY,,Yes,AUTOMATED_DECISION_NOT_AUTOMATED,TikTok,7440292054053280544,"2024-11-23 02:13:20"
cf502802-09ca-482e-a088-6e3f5bd09349,"[""DECISION_VISIBILITY_OTHER""]","LIVE not eligible for recommendation and restricted in search results","2024-11-23 00:00:00",,,,,,,,,DECISION_GROUND_INCOMPATIBLE_CONTENT,,,,"Reproduced content","Your LIVE is not eligible for recommendation and restricted in search results, because it may contain unoriginal or reproduced content. This is in line with the For You feed eligibility standards under our Community Guidelines.",,STATEMENT_CATEGORY_SCOPE_OF_PLATFORM_SERVICE,,,,"[""CONTENT_TYPE_VIDEO""]",,,"2024-11-23 00:00:00","[""AT"",""BE"",""BG"",""CY"",""CZ"",""DE"",""DK"",""EE"",""ES"",""FI"",""FR"",""GR"",""HR"",""HU"",""IE"",""IS"",""IT"",""LI"",""LT"",""LU"",""LV"",""MT"",""NL"",""NO"",""PL"",""PT"",""RO"",""SE"",""SI"",""SK""]","2024-11-23 00:00:00","The decision was taken pursuant to own-initiative investigations",SOURCE_VOLUNTARY,,Yes,AUTOMATED_DECISION_NOT_AUTOMATED,TikTok,7440292054053296928,"2024-11-23 02:13:20"
a29736a0-6c7a-432a-82d1-8e3207edd9f5,"[""DECISION_VISIBILITY_CONTENT_REMOVED""]",,,,,,,,,,,DECISION_GROUND_INCOMPATIBLE_CONTENT,,,,"Spam and Deceptive Account Behaviors","To build a trusted community online, it is important that the behaviors and identities of accounts are authentic and truthful. We do not allow account behaviors that may spam or mislead our community. We will restrict the visibility of comments that contain excessive or irrelevant spam content. We proactively enforce our Community Guidelines through a mix of technology and human moderation. We have detected this policy violation using automated measures. We have used automated measures in making this decision.",,STATEMENT_CATEGORY_SCAMS_AND_FRAUD,,,,"[""CONTENT_TYPE_TEXT""]",,,"2024-11-23 00:00:00","[""AT"",""BE"",""BG"",""CY"",""CZ"",""DE"",""DK"",""EE"",""ES"",""FI"",""FR"",""GR"",""HR"",""HU"",""IE"",""IT"",""LI"",""LT"",""LU"",""LV"",""MT"",""NL"",""NO"",""PL"",""PT"",""RO"",""SE"",""SI"",""SK""]","2024-11-23 00:00:00","The decision was taken pursuant to own-initiative investigations.",SOURCE_VOLUNTARY,,Yes,AUTOMATED_DECISION_FULLY,TikTok,7440292054053313312,"2024-11-23 02:13:20"
e03fa7e8-3621-4e1a-acc9-bbc0bd19d828,"[""DECISION_VISIBILITY_OTHER""]","Video not eligible for recommendation in the For You feed, and visibility restricted in search results",,,,,,,,,,DECISION_GROUND_INCOMPATIBLE_CONTENT,,,,"Community Guidelines","We maintain content eligibility standards for the For You feed (FYF) that prioritize safety and are informed by the diversity of our community and cultural norms. We make ineligible for the FYF certain content that may not be appropriate for a broad audience related to: (1) Behavioral Health, (2) Sensitive and Mature Themes, (3) Integrity and Authenticity, and (4) Regulated Goods. Content that is ineligible for the FYF can still be discovered in other ways, such as through search tools or by following an account.We proactively enforce our Community Guidelines through a mix of technology and human moderation. We have detected this policy violation using automated measures.",,STATEMENT_CATEGORY_SCOPE_OF_PLATFORM_SERVICE,,,,"[""CONTENT_TYPE_VIDEO""]",,,"2024-11-21 00:00:00","[""AT"",""BE"",""BG"",""CY"",""CZ"",""DE"",""DK"",""EE"",""ES"",""FI"",""FR"",""GR"",""HR"",""HU"",""IE"",""IT"",""LI"",""LT"",""LU"",""LV"",""MT"",""NL"",""NO"",""PL"",""PT"",""RO"",""SE"",""SI"",""SK""]","2024-11-23 00:00:00","The decision was taken pursuant to own-initiative investigations.",SOURCE_VOLUNTARY,,Yes,AUTOMATED_DECISION_NOT_AUTOMATED,TikTok,7440292063096085280,"2024-11-23 02:13:20"
ac3e4a18-ed76-4e8f-8e0d-284c52fe870b,"[""DECISION_VISIBILITY_OTHER""]","Photo not eligible for recommendation in the For You feed",,,,,,,,,,DECISION_GROUND_INCOMPATIBLE_CONTENT,,,,"Community Guidelines","Your content is against our Community Guidelines. The guidelines include rules and standards for using TikTok that apply to everyone and everything on our platform.",,STATEMENT_CATEGORY_NEGATIVE_EFFECTS_ON_CIVIC_DISCOURSE_OR_ELECTIONS,,,,"[""CONTENT_TYPE_IMAGE""]",,,"2024-11-23 00:00:00","[""AT"",""BE"",""BG"",""CY"",""CZ"",""DE"",""DK"",""EE"",""ES"",""FI"",""FR"",""GR"",""HR"",""HU"",""IE"",""IT"",""LI"",""LT"",""LU"",""LV"",""MT"",""NL"",""NO"",""PL"",""PT"",""RO"",""SE"",""SI"",""SK""]","2024-11-23 00:00:00","The decision was taken pursuant to own-initiative investigations.",SOURCE_VOLUNTARY,,Yes,AUTOMATED_DECISION_FULLY,TikTok,7440292063612001057,"2024-11-23 02:13:20"