uuid,decision_visibility,decision_visibility_other,end_date_visibility_restriction,decision_monetary,decision_monetary_other,end_date_monetary_restriction,decision_provision,end_date_service_restriction,decision_account,end_date_account_restriction,account_type,decision_ground,decision_ground_reference_url,illegal_content_legal_ground,illegal_content_explanation,incompatible_content_ground,incompatible_content_explanation,incompatible_content_illegal,category,category_addition,category_specification,category_specification_other,content_type,content_type_other,content_language,content_date,territorial_scope,application_date,decision_facts,source_type,source_identity,automated_detection,automated_decision,platform_name,platform_uid,created_at
128c4a95-a50d-4f52-88af-af761ef2d789,"[""DECISION_VISIBILITY_CONTENT_REMOVED""]",,,,,,,,,,,DECISION_GROUND_INCOMPATIBLE_CONTENT,,,,"Dangerous Activities and Challenges","Most activities or challenges are appropriate for everyone, but some carry a risk of significant injury. We do not allow showing or promoting dangerous activities and challenges. This includes dares, games, tricks, inappropriate use of dangerous tools, eating substances that are harmful to one’s health, or similar activities that may lead to significant physical harm.We proactively enforce our Community Guidelines through a mix of technology and human moderation. We have detected this policy violation using automated measures. We have used automated measures in making this decision.",,STATEMENT_CATEGORY_SCOPE_OF_PLATFORM_SERVICE,,,,"[""CONTENT_TYPE_VIDEO""]",,,"2024-11-23 00:00:00","[""AT"",""BE"",""BG"",""CY"",""CZ"",""DE"",""DK"",""EE"",""ES"",""FI"",""FR"",""GR"",""HR"",""HU"",""IE"",""IT"",""LI"",""LT"",""LU"",""LV"",""MT"",""NL"",""NO"",""PL"",""PT"",""RO"",""SE"",""SI"",""SK""]","2024-11-23 00:00:00","The decision was taken pursuant to own-initiative investigations.",SOURCE_VOLUNTARY,,Yes,AUTOMATED_DECISION_FULLY,TikTok,7440309321424034593,"2024-11-23 03:20:24"
7449dcef-c3a0-4e03-98eb-dfe856cf7b94,"[""DECISION_VISIBILITY_OTHER""]","Photo not eligible for recommendation in the For You feed",,,,,,,,,,DECISION_GROUND_INCOMPATIBLE_CONTENT,,,,"Dangerous Activities and Challenges","Most activities or challenges are appropriate for everyone, but some carry a risk of significant injury. Content is ineligible for the For You feed if it involves activities that are likely to lead to moderate physical harm, or includes professionals who are performing extreme sports and stunts that may endanger others.We proactively enforce our Community Guidelines through a mix of technology and human moderation. We have detected this policy violation using automated measures. We have used automated measures in making this decision.",,STATEMENT_CATEGORY_NEGATIVE_EFFECTS_ON_CIVIC_DISCOURSE_OR_ELECTIONS,,,,"[""CONTENT_TYPE_IMAGE""]",,,"2024-11-23 00:00:00","[""AT"",""BE"",""BG"",""CY"",""CZ"",""DE"",""DK"",""EE"",""ES"",""FI"",""FR"",""GR"",""HR"",""HU"",""IE"",""IT"",""LI"",""LT"",""LU"",""LV"",""MT"",""NL"",""NO"",""PL"",""PT"",""RO"",""SE"",""SI"",""SK""]","2024-11-23 00:00:00","The decision was taken pursuant to own-initiative investigations.",SOURCE_VOLUNTARY,,Yes,AUTOMATED_DECISION_FULLY,TikTok,7440309328206158625,"2024-11-23 03:20:24"
01c62fe8-0768-4ffd-970f-4261a4fba1b9,"[""DECISION_VISIBILITY_CONTENT_REMOVED""]",,,,,,,,,,,DECISION_GROUND_INCOMPATIBLE_CONTENT,,,,"Sexual Exploitation and Gender-Based Violence","We are committed to providing a space that embraces gender equity, supports healthy relationships, and respects intimate privacy. We do not allow sexual exploitation or gender-based violence, including non-consensual sexual acts, image-based sexual abuse, sextortion, physical abuse, and sexual harassment.We proactively enforce our Community Guidelines through a mix of technology and human moderation. We have detected this policy violation using automated measures. We have used automated measures in making this decision.",,STATEMENT_CATEGORY_VIOLENCE,,,,"[""CONTENT_TYPE_TEXT""]",,,"2024-11-23 00:00:00","[""AT"",""BE"",""BG"",""CY"",""CZ"",""DE"",""DK"",""EE"",""ES"",""FI"",""FR"",""GR"",""HR"",""HU"",""IE"",""IT"",""LI"",""LT"",""LU"",""LV"",""MT"",""NL"",""NO"",""PL"",""PT"",""RO"",""SE"",""SI"",""SK""]","2024-11-23 00:00:00","The decision was taken pursuant to own-initiative investigations.",SOURCE_VOLUNTARY,,Yes,AUTOMATED_DECISION_FULLY,TikTok,7440309328206175009,"2024-11-23 03:20:24"
c52d6763-cf2f-429e-b2e9-3c1ed706a08c,"[""DECISION_VISIBILITY_CONTENT_REMOVED""]",,,,,,,,,,,DECISION_GROUND_INCOMPATIBLE_CONTENT,,,,"Sexual Exploitation and Gender-Based Violence","We are committed to providing a space that embraces gender equity, supports healthy relationships, and respects intimate privacy. We do not allow sexual exploitation or gender-based violence, including non-consensual sexual acts, image-based sexual abuse, sextortion, physical abuse, and sexual harassment.We proactively enforce our Community Guidelines through a mix of technology and human moderation. We have detected this policy violation using automated measures. We have used automated measures in making this decision.",,STATEMENT_CATEGORY_VIOLENCE,,,,"[""CONTENT_TYPE_TEXT""]",,,"2024-11-23 00:00:00","[""AT"",""BE"",""BG"",""CY"",""CZ"",""DE"",""DK"",""EE"",""ES"",""FI"",""FR"",""GR"",""HR"",""HU"",""IE"",""IT"",""LI"",""LT"",""LU"",""LV"",""MT"",""NL"",""NO"",""PL"",""PT"",""RO"",""SE"",""SI"",""SK""]","2024-11-23 00:00:00","The decision was taken pursuant to own-initiative investigations.",SOURCE_VOLUNTARY,,Yes,AUTOMATED_DECISION_FULLY,TikTok,7440309321424050977,"2024-11-23 03:20:24"
7244ccdb-a2e3-4555-90a3-feaecd1cb960,"[""DECISION_VISIBILITY_OTHER""]","Video not eligible for recommendation in the For You feed",,,,,,,,,,DECISION_GROUND_INCOMPATIBLE_CONTENT,,,,"Community Guidelines","We maintain content eligibility standards for the For You feed (FYF) that prioritize safety and are informed by the diversity of our community and cultural norms. We make ineligible for the FYF certain content that may not be appropriate for a broad audience related to: (1) Behavioral Health, (2) Sensitive and Mature Themes, (3) Integrity and Authenticity, and (4) Regulated Goods. Content that is ineligible for the FYF can still be discovered in other ways, such as through search tools or by following an account.We proactively enforce our Community Guidelines through a mix of technology and human moderation. We have detected this policy violation using automated measures. We have used automated measures in making this decision.",,STATEMENT_CATEGORY_SCOPE_OF_PLATFORM_SERVICE,,,,"[""CONTENT_TYPE_VIDEO""]",,,"2024-11-23 00:00:00","[""AT"",""BE"",""BG"",""CY"",""CZ"",""DE"",""DK"",""EE"",""ES"",""FI"",""FR"",""GR"",""HR"",""HU"",""IE"",""IT"",""LI"",""LT"",""LU"",""LV"",""MT"",""NL"",""NO"",""PL"",""PT"",""RO"",""SE"",""SI"",""SK""]","2024-11-23 00:00:00","The decision was taken pursuant to own-initiative investigations.",SOURCE_VOLUNTARY,,Yes,AUTOMATED_DECISION_FULLY,TikTok,7440309321424067361,"2024-11-23 03:20:24"
59f0e2d8-4007-4ce6-8595-07eda7b51ebc,"[""DECISION_VISIBILITY_CONTENT_REMOVED""]",,,,,,,,,,,DECISION_GROUND_INCOMPATIBLE_CONTENT,,,,"Sexual Exploitation and Gender-Based Violence","We are committed to providing a space that embraces gender equity, supports healthy relationships, and respects intimate privacy. We do not allow sexual exploitation or gender-based violence, including non-consensual sexual acts, image-based sexual abuse, sextortion, physical abuse, and sexual harassment.We proactively enforce our Community Guidelines through a mix of technology and human moderation. We have detected this policy violation using automated measures. We have used automated measures in making this decision.",,STATEMENT_CATEGORY_VIOLENCE,,,,"[""CONTENT_TYPE_TEXT""]",,,"2024-11-23 00:00:00","[""AT"",""BE"",""BG"",""CY"",""CZ"",""DE"",""DK"",""EE"",""ES"",""FI"",""FR"",""GR"",""HR"",""HU"",""IE"",""IT"",""LI"",""LT"",""LU"",""LV"",""MT"",""NL"",""NO"",""PL"",""PT"",""RO"",""SE"",""SI"",""SK""]","2024-11-23 00:00:00","The decision was taken pursuant to own-initiative investigations.",SOURCE_VOLUNTARY,,Yes,AUTOMATED_DECISION_FULLY,TikTok,7440309328206191393,"2024-11-23 03:20:24"
3dc4adef-fc47-4ba0-b629-9269e5de2156,"[""DECISION_VISIBILITY_OTHER""]","Video not eligible for recommendation in the For You feed",,,,,,,,,,DECISION_GROUND_INCOMPATIBLE_CONTENT,,,,"Community Guidelines","We maintain content eligibility standards for the For You feed (FYF) that prioritize safety and are informed by the diversity of our community and cultural norms. We make ineligible for the FYF certain content that may not be appropriate for a broad audience related to: (1) Behavioral Health, (2) Sensitive and Mature Themes, (3) Integrity and Authenticity, and (4) Regulated Goods. Content that is ineligible for the FYF can still be discovered in other ways, such as through search tools or by following an account.We proactively enforce our Community Guidelines through a mix of technology and human moderation. We have detected this policy violation using automated measures. We have used automated measures in making this decision.",,STATEMENT_CATEGORY_SCOPE_OF_PLATFORM_SERVICE,,,,"[""CONTENT_TYPE_VIDEO""]",,,"2024-11-23 00:00:00","[""AT"",""BE"",""BG"",""CY"",""CZ"",""DE"",""DK"",""EE"",""ES"",""FI"",""FR"",""GR"",""HR"",""HU"",""IE"",""IT"",""LI"",""LT"",""LU"",""LV"",""MT"",""NL"",""NO"",""PL"",""PT"",""RO"",""SE"",""SI"",""SK""]","2024-11-23 00:00:00","The decision was taken pursuant to own-initiative investigations.",SOURCE_VOLUNTARY,,Yes,AUTOMATED_DECISION_FULLY,TikTok,7440309328206207777,"2024-11-23 03:20:24"
eff6b5b7-aeff-4f6c-84a0-1ab2ed8e61e4,"[""DECISION_VISIBILITY_OTHER""]","Photo not eligible for recommendation in the For You feed",,,,,,,,,,DECISION_GROUND_INCOMPATIBLE_CONTENT,,,,"Dangerous Activities and Challenges","Most activities or challenges are appropriate for everyone, but some carry a risk of significant injury. Content is ineligible for the For You feed if it involves activities that are likely to lead to moderate physical harm, or includes professionals who are performing extreme sports and stunts that may endanger others.We proactively enforce our Community Guidelines through a mix of technology and human moderation. We have detected this policy violation using automated measures. We have used automated measures in making this decision.",,STATEMENT_CATEGORY_NEGATIVE_EFFECTS_ON_CIVIC_DISCOURSE_OR_ELECTIONS,,,,"[""CONTENT_TYPE_IMAGE""]",,,"2024-11-23 00:00:00","[""AT"",""BE"",""BG"",""CY"",""CZ"",""DE"",""DK"",""EE"",""ES"",""FI"",""FR"",""GR"",""HR"",""HU"",""IE"",""IT"",""LI"",""LT"",""LU"",""LV"",""MT"",""NL"",""NO"",""PL"",""PT"",""RO"",""SE"",""SI"",""SK""]","2024-11-23 00:00:00","The decision was taken pursuant to own-initiative investigations.",SOURCE_VOLUNTARY,,Yes,AUTOMATED_DECISION_FULLY,TikTok,7440309328206224161,"2024-11-23 03:20:24"
b8e761f6-da87-4851-95be-4321730258c2,"[""DECISION_VISIBILITY_OTHER""]","LIVE not eligible for recommendation and restricted in search results for 10 minutes","2024-11-23 00:00:00",,,,,,,,,DECISION_GROUND_INCOMPATIBLE_CONTENT,,,,"Content with low visual quality or static imagery","Your LIVE is not eligible for recommendation and restricted in search results for the next 10 minutes, because it may contain content with low visual quality or static imagery. This is in line with the For You feed eligibility standards under our Community Guidelines.",,STATEMENT_CATEGORY_SCOPE_OF_PLATFORM_SERVICE,,,,"[""CONTENT_TYPE_VIDEO""]",,,"2024-11-23 00:00:00","[""AT"",""BE"",""BG"",""CY"",""CZ"",""DE"",""DK"",""EE"",""ES"",""FI"",""FR"",""GR"",""HR"",""HU"",""IE"",""IS"",""IT"",""LI"",""LT"",""LU"",""LV"",""MT"",""NL"",""NO"",""PL"",""PT"",""RO"",""SE"",""SI"",""SK""]","2024-11-23 00:00:00","The decision was taken pursuant to own-initiative investigations",SOURCE_VOLUNTARY,,Yes,AUTOMATED_DECISION_FULLY,TikTok,7440309328206240545,"2024-11-23 03:20:26"
0aee1f30-5a0e-497a-9100-0b1f19670b4b,"[""DECISION_VISIBILITY_OTHER""]","Photo not eligible for recommendation in the For You feed, and visibility restricted in search results",,,,,,,,,,DECISION_GROUND_INCOMPATIBLE_CONTENT,,,,"Dangerous Activities and Challenges","Most activities or challenges are appropriate for everyone, but some may carry a risk of significant injury. Content is ineligible for the For You feed if it involves activities likely to lead to moderate physical harm or includes professionals performing extreme sports and stunts that may endanger others.We proactively enforce our Community Guidelines through a mix of technology and human moderation. We have detected this policy violation using automated measures. We have used automated measures in making this decision.",,STATEMENT_CATEGORY_SCOPE_OF_PLATFORM_SERVICE,,,,"[""CONTENT_TYPE_IMAGE""]",,,"2024-11-23 00:00:00","[""AT"",""BE"",""BG"",""CY"",""CZ"",""DE"",""DK"",""EE"",""ES"",""FI"",""FR"",""GR"",""HR"",""HU"",""IE"",""IT"",""LI"",""LT"",""LU"",""LV"",""MT"",""NL"",""NO"",""PL"",""PT"",""RO"",""SE"",""SI"",""SK""]","2024-11-23 00:00:00","The decision was taken pursuant to own-initiative investigations.",SOURCE_VOLUNTARY,,Yes,AUTOMATED_DECISION_FULLY,TikTok,7440309340646447904,"2024-11-23 03:20:26"
79324510-e635-4209-a48a-9ee56fbacffe,"[""DECISION_VISIBILITY_CONTENT_REMOVED""]",,,,,,,,,,,DECISION_GROUND_INCOMPATIBLE_CONTENT,,,,"Animal Abuse","We want our platform to be a place that respects animals and celebrates the ways that they enrich our lives across different cultures and regions. We do not allow animal abuse, cruelty, neglect, trade, or other forms of animal exploitation.We proactively enforce our Community Guidelines through a mix of technology and human moderation. We have detected this policy violation using automated measures. We have used automated measures in making this decision.",,STATEMENT_CATEGORY_ANIMAL_WELFARE,,,,"[""CONTENT_TYPE_VIDEO""]",,,"2024-11-23 00:00:00","[""AT"",""BE"",""BG"",""CY"",""CZ"",""DE"",""DK"",""EE"",""ES"",""FI"",""FR"",""GR"",""HR"",""HU"",""IE"",""IT"",""LI"",""LT"",""LU"",""LV"",""MT"",""NL"",""NO"",""PL"",""PT"",""RO"",""SE"",""SI"",""SK""]","2024-11-23 00:00:00","The decision was taken pursuant to own-initiative investigations.",SOURCE_VOLUNTARY,,Yes,AUTOMATED_DECISION_FULLY,TikTok,7440309340646464288,"2024-11-23 03:20:26"
e2bff719-5ae1-4014-b872-d55f31ecd1df,"[""DECISION_VISIBILITY_CONTENT_REMOVED""]",,,,,,,,,,,DECISION_GROUND_INCOMPATIBLE_CONTENT,,,,"Harassment and Bullying","We welcome the respectful expression of different viewpoints, but not toxicity or trolling. We do not allow language or behavior that harasses, humiliates, threatens, or doxes anyone. This also includes responding to such acts with retaliatory harassment (but excludes non-harassing counterspeech).We proactively enforce our Community Guidelines through a mix of technology and human moderation. We have detected this policy violation using automated measures. We have used automated measures in making this decision.",,STATEMENT_CATEGORY_ILLEGAL_OR_HARMFUL_SPEECH,,,,"[""CONTENT_TYPE_TEXT""]",,,"2024-11-23 00:00:00","[""AT"",""BE"",""BG"",""CY"",""CZ"",""DE"",""DK"",""EE"",""ES"",""FI"",""FR"",""GR"",""HR"",""HU"",""IE"",""IT"",""LI"",""LT"",""LU"",""LV"",""MT"",""NL"",""NO"",""PL"",""PT"",""RO"",""SE"",""SI"",""SK""]","2024-11-23 00:00:00","The decision was taken pursuant to own-initiative investigations.",SOURCE_VOLUNTARY,,Yes,AUTOMATED_DECISION_FULLY,TikTok,7440309328206256929,"2024-11-23 03:20:26"
4c795aa1-11a4-4dbd-bf86-8aa57e784e5d,"[""DECISION_VISIBILITY_OTHER""]","Video not eligible for recommendation in the For You feed",,,,,,,,,,DECISION_GROUND_INCOMPATIBLE_CONTENT,,,,"Community Guidelines","Your content is against our Community Guidelines. The guidelines include rules and standards for using TikTok that apply to everyone and everything on our platform.",,STATEMENT_CATEGORY_SCOPE_OF_PLATFORM_SERVICE,,,,"[""CONTENT_TYPE_VIDEO""]",,,"2024-11-23 00:00:00","[""AT"",""BE"",""BG"",""CY"",""CZ"",""DE"",""DK"",""EE"",""ES"",""FI"",""FR"",""GR"",""HR"",""HU"",""IE"",""IT"",""LI"",""LT"",""LU"",""LV"",""MT"",""NL"",""NO"",""PL"",""PT"",""RO"",""SE"",""SI"",""SK""]","2024-11-23 00:00:00","The decision was taken pursuant to own-initiative investigations.",SOURCE_VOLUNTARY,,Yes,AUTOMATED_DECISION_FULLY,TikTok,7440309340646480672,"2024-11-23 03:20:26"
960bc5f1-1800-4e4e-9dee-ac5650792b5e,"[""DECISION_VISIBILITY_CONTENT_REMOVED""]",,,,,,,,,,,DECISION_GROUND_INCOMPATIBLE_CONTENT,,,,"Harassment and Bullying","We welcome the respectful expression of different viewpoints, but not toxicity or trolling. We do not allow language or behavior that harasses, humiliates, threatens, or doxes anyone. This also includes responding to such acts with retaliatory harassment (but excludes non-harassing counterspeech).We proactively enforce our Community Guidelines through a mix of technology and human moderation. We have detected this policy violation using automated measures. We have used automated measures in making this decision.",,STATEMENT_CATEGORY_ILLEGAL_OR_HARMFUL_SPEECH,,,,"[""CONTENT_TYPE_TEXT""]",,,"2024-11-23 00:00:00","[""AT"",""BE"",""BG"",""CY"",""CZ"",""DE"",""DK"",""EE"",""ES"",""FI"",""FR"",""GR"",""HR"",""HU"",""IE"",""IT"",""LI"",""LT"",""LU"",""LV"",""MT"",""NL"",""NO"",""PL"",""PT"",""RO"",""SE"",""SI"",""SK""]","2024-11-23 00:00:00","The decision was taken pursuant to own-initiative investigations.",SOURCE_VOLUNTARY,,Yes,AUTOMATED_DECISION_FULLY,TikTok,7440309343729228576,"2024-11-23 03:20:26"
d9528f5b-023a-4085-bdec-35b9a218e591,"[""DECISION_VISIBILITY_CONTENT_REMOVED""]",,,,,,,,,,,DECISION_GROUND_INCOMPATIBLE_CONTENT,,,,"Sexual Exploitation and Gender-Based Violence","We are committed to providing a space that embraces gender equity, supports healthy relationships, and respects intimate privacy. We do not allow sexual exploitation or gender-based violence, including non-consensual sexual acts, image-based sexual abuse, sextortion, physical abuse, and sexual harassment.We proactively enforce our Community Guidelines through a mix of technology and human moderation. We have detected this policy violation using automated measures. We have used automated measures in making this decision.",,STATEMENT_CATEGORY_VIOLENCE,,,,"[""CONTENT_TYPE_TEXT""]",,,"2024-11-23 00:00:00","[""AT"",""BE"",""BG"",""CY"",""CZ"",""DE"",""DK"",""EE"",""ES"",""FI"",""FR"",""GR"",""HR"",""HU"",""IE"",""IT"",""LI"",""LT"",""LU"",""LV"",""MT"",""NL"",""NO"",""PL"",""PT"",""RO"",""SE"",""SI"",""SK""]","2024-11-23 00:00:00","The decision was taken pursuant to own-initiative investigations.",SOURCE_VOLUNTARY,,Yes,AUTOMATED_DECISION_FULLY,TikTok,7440309343729244960,"2024-11-23 03:20:26"
ea914121-50a8-4915-a179-7e56a3e9c0b3,"[""DECISION_VISIBILITY_CONTENT_REMOVED""]",,,,,,,,,,,DECISION_GROUND_INCOMPATIBLE_CONTENT,,,,"Harassment and Bullying","We welcome the respectful expression of different viewpoints, but not toxicity or trolling. We do not allow language or behavior that harasses, humiliates, threatens, or doxes anyone. This also includes responding to such acts with retaliatory harassment (but excludes non-harassing counterspeech).We proactively enforce our Community Guidelines through a mix of technology and human moderation. We have detected this policy violation using automated measures. We have used automated measures in making this decision.",,STATEMENT_CATEGORY_ILLEGAL_OR_HARMFUL_SPEECH,,,,"[""CONTENT_TYPE_TEXT""]",,,"2024-11-23 00:00:00","[""AT"",""BE"",""BG"",""CY"",""CZ"",""DE"",""DK"",""EE"",""ES"",""FI"",""FR"",""GR"",""HR"",""HU"",""IE"",""IT"",""LI"",""LT"",""LU"",""LV"",""MT"",""NL"",""NO"",""PL"",""PT"",""RO"",""SE"",""SI"",""SK""]","2024-11-23 00:00:00","The decision was taken pursuant to own-initiative investigations.",SOURCE_VOLUNTARY,,Yes,AUTOMATED_DECISION_FULLY,TikTok,7440309340646497056,"2024-11-23 03:20:26"
bff8fb1a-59d6-4294-8fa4-852c5e64d906,"[""DECISION_VISIBILITY_OTHER""]","Photo not eligible for recommendation in the For You feed, and visibility restricted in search results",,,,,,,,,,DECISION_GROUND_INCOMPATIBLE_CONTENT,,,,"Civic and Election Integrity","We want to enable the informed exchange of civic ideas in a way that fosters productive dialogue. Your video didn’t meet our eligibility standards for the For You Feed. Please review our Community Guidelines for more information.We proactively enforce our Community Guidelines through a mix of technology and human moderation. We have detected this policy violation using automated measures. We have used automated measures in making this decision.",,STATEMENT_CATEGORY_NEGATIVE_EFFECTS_ON_CIVIC_DISCOURSE_OR_ELECTIONS,,,,"[""CONTENT_TYPE_IMAGE""]",,,"2024-11-23 00:00:00","[""AT"",""BE"",""BG"",""CY"",""CZ"",""DE"",""DK"",""EE"",""ES"",""FI"",""FR"",""GR"",""HR"",""HU"",""IE"",""IT"",""LI"",""LT"",""LU"",""LV"",""MT"",""NL"",""NO"",""PL"",""PT"",""RO"",""SE"",""SI"",""SK""]","2024-11-23 00:00:00","The decision was taken pursuant to own-initiative investigations.",SOURCE_VOLUNTARY,,Yes,AUTOMATED_DECISION_FULLY,TikTok,7440309343729294112,"2024-11-23 03:20:28"
025d2d0b-bcca-4f6d-9ab1-2d1e44f2d446,"[""DECISION_VISIBILITY_CONTENT_REMOVED""]",,,,,,,,,,,DECISION_GROUND_INCOMPATIBLE_CONTENT,,,,"Harassment and Bullying","We welcome the respectful expression of different viewpoints, but not toxicity or trolling. We do not allow language or behavior that harasses, humiliates, threatens, or doxes anyone. This also includes responding to such acts with retaliatory harassment (but excludes non-harassing counterspeech).We proactively enforce our Community Guidelines through a mix of technology and human moderation. We have detected this policy violation using automated measures. We have used automated measures in making this decision.",,STATEMENT_CATEGORY_ILLEGAL_OR_HARMFUL_SPEECH,,,,"[""CONTENT_TYPE_TEXT""]",,,"2024-11-23 00:00:00","[""AT"",""BE"",""BG"",""CY"",""CZ"",""DE"",""DK"",""EE"",""ES"",""FI"",""FR"",""GR"",""HR"",""HU"",""IE"",""IT"",""LI"",""LT"",""LU"",""LV"",""MT"",""NL"",""NO"",""PL"",""PT"",""RO"",""SE"",""SI"",""SK""]","2024-11-23 00:00:00","The decision was taken pursuant to own-initiative investigations.",SOURCE_VOLUNTARY,,Yes,AUTOMATED_DECISION_FULLY,TikTok,7440309340646546208,"2024-11-23 03:20:28"
f6f05d61-3333-4c51-90a2-b67231e80c88,"[""DECISION_VISIBILITY_CONTENT_REMOVED""]",,,,,,,,,,,DECISION_GROUND_INCOMPATIBLE_CONTENT,,,,"Harassment and Bullying","We welcome the respectful expression of different viewpoints, but not toxicity or trolling. We do not allow language or behavior that harasses, humiliates, threatens, or doxes anyone. This also includes responding to such acts with retaliatory harassment (but excludes non-harassing counterspeech).We proactively enforce our Community Guidelines through a mix of technology and human moderation. We have detected this policy violation using automated measures. We have used automated measures in making this decision.",,STATEMENT_CATEGORY_ILLEGAL_OR_HARMFUL_SPEECH,,,,"[""CONTENT_TYPE_TEXT""]",,,"2024-11-23 00:00:00","[""AT"",""BE"",""BG"",""CY"",""CZ"",""DE"",""DK"",""EE"",""ES"",""FI"",""FR"",""GR"",""HR"",""HU"",""IE"",""IT"",""LI"",""LT"",""LU"",""LV"",""MT"",""NL"",""NO"",""PL"",""PT"",""RO"",""SE"",""SI"",""SK""]","2024-11-23 00:00:00","The decision was taken pursuant to own-initiative investigations.",SOURCE_VOLUNTARY,,Yes,AUTOMATED_DECISION_FULLY,TikTok,7440309340646562592,"2024-11-23 03:20:28"
a6ec1dbf-6297-4cc3-b5de-41cfa6f87d07,"[""DECISION_VISIBILITY_OTHER""]","Photo not eligible for recommendation in the For You feed",,,,,,,,,,DECISION_GROUND_INCOMPATIBLE_CONTENT,,,,"Dangerous Activities and Challenges","Most activities or challenges are appropriate for everyone, but some carry a risk of significant injury. Content is ineligible for the For You feed if it involves activities that are likely to lead to moderate physical harm, or includes professionals who are performing extreme sports and stunts that may endanger others.We proactively enforce our Community Guidelines through a mix of technology and human moderation. We have detected this policy violation using automated measures. We have used automated measures in making this decision.",,STATEMENT_CATEGORY_NEGATIVE_EFFECTS_ON_CIVIC_DISCOURSE_OR_ELECTIONS,,,,"[""CONTENT_TYPE_IMAGE""]",,,"2024-11-23 00:00:00","[""AT"",""BE"",""BG"",""CY"",""CZ"",""DE"",""DK"",""EE"",""ES"",""FI"",""FR"",""GR"",""HR"",""HU"",""IE"",""IT"",""LI"",""LT"",""LU"",""LV"",""MT"",""NL"",""NO"",""PL"",""PT"",""RO"",""SE"",""SI"",""SK""]","2024-11-23 00:00:00","The decision was taken pursuant to own-initiative investigations.",SOURCE_VOLUNTARY,,Yes,AUTOMATED_DECISION_FULLY,TikTok,7440309360405781280,"2024-11-23 03:20:28"
24885cdd-be0c-4708-a6c1-38352c5c4220,"[""DECISION_VISIBILITY_CONTENT_REMOVED""]",,,,,,,,,,,DECISION_GROUND_INCOMPATIBLE_CONTENT,,,,"Personal Information","We are committed to making sure that any personal information shared intentionally or accidentally on TikTok does not lead to harm. We do not allow content that includes personal information that may create a risk of stalking, violence, phishing, fraud, identity theft, or financial exploitation, including content that someone has posted themselves or that they consented to being shared by others.We proactively enforce our Community Guidelines through a mix of technology and human moderation. We have detected this policy violation using automated measures. We have used automated measures in making this decision.",,STATEMENT_CATEGORY_DATA_PROTECTION_AND_PRIVACY_VIOLATIONS,,,,"[""CONTENT_TYPE_IMAGE""]",,,"2024-11-23 00:00:00","[""AT"",""BE"",""BG"",""CY"",""CZ"",""DE"",""DK"",""EE"",""ES"",""FI"",""FR"",""GR"",""HR"",""HU"",""IE"",""IT"",""LI"",""LT"",""LU"",""LV"",""MT"",""NL"",""NO"",""PL"",""PT"",""RO"",""SE"",""SI"",""SK""]","2024-11-23 00:00:00","The decision was taken pursuant to own-initiative investigations.",SOURCE_VOLUNTARY,,Yes,AUTOMATED_DECISION_FULLY,TikTok,7440309360405797664,"2024-11-23 03:20:28"
79628f6e-b683-4835-bd8c-6b9dbb395d3f,"[""DECISION_VISIBILITY_CONTENT_REMOVED""]",,,,,,,,,,,DECISION_GROUND_INCOMPATIBLE_CONTENT,,,,"Community Guidelines","Your content is against our Community Guidelines. The guidelines include rules and standards for using TikTok that apply to everyone and everything on our platform.We proactively enforce our Community Guidelines through a mix of technology and human moderation. We have detected this policy violation using automated measures. We have used automated measures in making this decision.",,STATEMENT_CATEGORY_SCOPE_OF_PLATFORM_SERVICE,,,,"[""CONTENT_TYPE_IMAGE""]",,,"2024-11-22 00:00:00","[""AT"",""BE"",""BG"",""CY"",""CZ"",""DE"",""DK"",""EE"",""ES"",""FI"",""FR"",""GR"",""HR"",""HU"",""IE"",""IT"",""LI"",""LT"",""LU"",""LV"",""MT"",""NL"",""NO"",""PL"",""PT"",""RO"",""SE"",""SI"",""SK""]","2024-11-23 00:00:00","The decision was taken pursuant to own-initiative investigations.",SOURCE_VOLUNTARY,,Yes,AUTOMATED_DECISION_FULLY,TikTok,7440309343729359648,"2024-11-23 03:20:31"
5aada0d3-45a4-40d2-94b5-e32e87f7a5fc,"[""DECISION_VISIBILITY_CONTENT_REMOVED""]",,,,,,,,,,,DECISION_GROUND_INCOMPATIBLE_CONTENT,,,,"Community Guidelines","Your content is against our Community Guidelines. The guidelines include rules and standards for using TikTok that apply to everyone and everything on our platform.We proactively enforce our Community Guidelines through a mix of technology and human moderation. We have detected this policy violation using automated measures. We have used automated measures in making this decision.",,STATEMENT_CATEGORY_SCOPE_OF_PLATFORM_SERVICE,,,,"[""CONTENT_TYPE_IMAGE""]",,,"2024-09-20 00:00:00","[""AT"",""BE"",""BG"",""CY"",""CZ"",""DE"",""DK"",""EE"",""ES"",""FI"",""FR"",""GR"",""HR"",""HU"",""IE"",""IT"",""LI"",""LT"",""LU"",""LV"",""MT"",""NL"",""NO"",""PL"",""PT"",""RO"",""SE"",""SI"",""SK""]","2024-11-23 00:00:00","The decision was taken pursuant to own-initiative investigations.",SOURCE_VOLUNTARY,,Yes,AUTOMATED_DECISION_FULLY,TikTok,7440309343729376032,"2024-11-23 03:20:31"
99f3c997-f20d-4a25-b441-7646b120b92f,"[""DECISION_VISIBILITY_CONTENT_REMOVED""]",,,,,,,,,,,DECISION_GROUND_INCOMPATIBLE_CONTENT,,,,"Community Guidelines","Your content is against our Community Guidelines. The guidelines include rules and standards for using TikTok that apply to everyone and everything on our platform.We proactively enforce our Community Guidelines through a mix of technology and human moderation. We have detected this policy violation using automated measures. We have used automated measures in making this decision.",,STATEMENT_CATEGORY_SCOPE_OF_PLATFORM_SERVICE,,,,"[""CONTENT_TYPE_IMAGE""]",,,"2024-11-09 00:00:00","[""AT"",""BE"",""BG"",""CY"",""CZ"",""DE"",""DK"",""EE"",""ES"",""FI"",""FR"",""GR"",""HR"",""HU"",""IE"",""IT"",""LI"",""LT"",""LU"",""LV"",""MT"",""NL"",""NO"",""PL"",""PT"",""RO"",""SE"",""SI"",""SK""]","2024-11-23 00:00:00","The decision was taken pursuant to own-initiative investigations.",SOURCE_VOLUNTARY,,Yes,AUTOMATED_DECISION_FULLY,TikTok,7440309365027904288,"2024-11-23 03:20:31"
9a05ec66-f672-4a6e-b315-9ebeeacf311d,"[""DECISION_VISIBILITY_CONTENT_REMOVED""]",,,,,,,,,,,DECISION_GROUND_INCOMPATIBLE_CONTENT,,,,"Community Guidelines","Your content is against our Community Guidelines. The guidelines include rules and standards for using TikTok that apply to everyone and everything on our platform.We proactively enforce our Community Guidelines through a mix of technology and human moderation. We have detected this policy violation using automated measures. We have used automated measures in making this decision.",,STATEMENT_CATEGORY_SCOPE_OF_PLATFORM_SERVICE,,,,"[""CONTENT_TYPE_IMAGE""]",,,"2024-11-08 00:00:00","[""AT"",""BE"",""BG"",""CY"",""CZ"",""DE"",""DK"",""EE"",""ES"",""FI"",""FR"",""GR"",""HR"",""HU"",""IE"",""IT"",""LI"",""LT"",""LU"",""LV"",""MT"",""NL"",""NO"",""PL"",""PT"",""RO"",""SE"",""SI"",""SK""]","2024-11-23 00:00:00","The decision was taken pursuant to own-initiative investigations.",SOURCE_VOLUNTARY,,Yes,AUTOMATED_DECISION_FULLY,TikTok,7440309360405830432,"2024-11-23 03:20:31"
d85bd7d9-6cce-43e5-bf50-f24efc9c2cd0,"[""DECISION_VISIBILITY_CONTENT_REMOVED""]",,,,,,,,,,,DECISION_GROUND_INCOMPATIBLE_CONTENT,,,,"Community Guidelines","Your content is against our Community Guidelines. The guidelines include rules and standards for using TikTok that apply to everyone and everything on our platform.We proactively enforce our Community Guidelines through a mix of technology and human moderation. We have detected this policy violation using automated measures. We have used automated measures in making this decision.",,STATEMENT_CATEGORY_SCOPE_OF_PLATFORM_SERVICE,,,,"[""CONTENT_TYPE_IMAGE""]",,,"2024-10-29 00:00:00","[""AT"",""BE"",""BG"",""CY"",""CZ"",""DE"",""DK"",""EE"",""ES"",""FI"",""FR"",""GR"",""HR"",""HU"",""IE"",""IT"",""LI"",""LT"",""LU"",""LV"",""MT"",""NL"",""NO"",""PL"",""PT"",""RO"",""SE"",""SI"",""SK""]","2024-11-23 00:00:00","The decision was taken pursuant to own-initiative investigations.",SOURCE_VOLUNTARY,,Yes,AUTOMATED_DECISION_FULLY,TikTok,7440309360405846816,"2024-11-23 03:20:31"
cf780b33-b305-4951-b221-24ce27bd52ed,"[""DECISION_VISIBILITY_CONTENT_REMOVED""]",,,,,,,,,,,DECISION_GROUND_INCOMPATIBLE_CONTENT,,,,"Community Guidelines","Your content is against our Community Guidelines. The guidelines include rules and standards for using TikTok that apply to everyone and everything on our platform.We proactively enforce our Community Guidelines through a mix of technology and human moderation. We have detected this policy violation using automated measures. We have used automated measures in making this decision.",,STATEMENT_CATEGORY_SCOPE_OF_PLATFORM_SERVICE,,,,"[""CONTENT_TYPE_IMAGE""]",,,"2024-10-07 00:00:00","[""AT"",""BE"",""BG"",""CY"",""CZ"",""DE"",""DK"",""EE"",""ES"",""FI"",""FR"",""GR"",""HR"",""HU"",""IE"",""IT"",""LI"",""LT"",""LU"",""LV"",""MT"",""NL"",""NO"",""PL"",""PT"",""RO"",""SE"",""SI"",""SK""]","2024-11-23 00:00:00","The decision was taken pursuant to own-initiative investigations.",SOURCE_VOLUNTARY,,Yes,AUTOMATED_DECISION_FULLY,TikTok,7440309365027920672,"2024-11-23 03:20:31"
614acfbd-9e63-45de-9b69-2490af60368b,"[""DECISION_VISIBILITY_CONTENT_REMOVED""]",,,,,,,,,,,DECISION_GROUND_INCOMPATIBLE_CONTENT,,,,"Community Guidelines","Your content is against our Community Guidelines. The guidelines include rules and standards for using TikTok that apply to everyone and everything on our platform.We proactively enforce our Community Guidelines through a mix of technology and human moderation. We have detected this policy violation using automated measures. We have used automated measures in making this decision.",,STATEMENT_CATEGORY_SCOPE_OF_PLATFORM_SERVICE,,,,"[""CONTENT_TYPE_IMAGE""]",,,"2024-08-25 00:00:00","[""AT"",""BE"",""BG"",""CY"",""CZ"",""DE"",""DK"",""EE"",""ES"",""FI"",""FR"",""GR"",""HR"",""HU"",""IE"",""IT"",""LI"",""LT"",""LU"",""LV"",""MT"",""NL"",""NO"",""PL"",""PT"",""RO"",""SE"",""SI"",""SK""]","2024-11-23 00:00:00","The decision was taken pursuant to own-initiative investigations.",SOURCE_VOLUNTARY,,Yes,AUTOMATED_DECISION_FULLY,TikTok,7440309360405863200,"2024-11-23 03:20:31"
40605f6e-707d-45ea-9dde-c88ed6d97a3f,"[""DECISION_VISIBILITY_CONTENT_REMOVED""]",,,,,,,,,,,DECISION_GROUND_INCOMPATIBLE_CONTENT,,,,"Community Guidelines","Your content is against our Community Guidelines. The guidelines include rules and standards for using TikTok that apply to everyone and everything on our platform.We proactively enforce our Community Guidelines through a mix of technology and human moderation. We have detected this policy violation using automated measures. We have used automated measures in making this decision.",,STATEMENT_CATEGORY_SCOPE_OF_PLATFORM_SERVICE,,,,"[""CONTENT_TYPE_IMAGE""]",,,"2024-09-08 00:00:00","[""AT"",""BE"",""BG"",""CY"",""CZ"",""DE"",""DK"",""EE"",""ES"",""FI"",""FR"",""GR"",""HR"",""HU"",""IE"",""IT"",""LI"",""LT"",""LU"",""LV"",""MT"",""NL"",""NO"",""PL"",""PT"",""RO"",""SE"",""SI"",""SK""]","2024-11-23 00:00:00","The decision was taken pursuant to own-initiative investigations.",SOURCE_VOLUNTARY,,Yes,AUTOMATED_DECISION_FULLY,TikTok,7440309360405879584,"2024-11-23 03:20:31"
fd04d530-f1a7-4e8c-88be-3dcac8de60cc,"[""DECISION_VISIBILITY_CONTENT_REMOVED""]",,,,,,,,,,,DECISION_GROUND_INCOMPATIBLE_CONTENT,,,,"Community Guidelines","Your content is against our Community Guidelines. The guidelines include rules and standards for using TikTok that apply to everyone and everything on our platform.We proactively enforce our Community Guidelines through a mix of technology and human moderation. We have detected this policy violation using automated measures. We have used automated measures in making this decision.",,STATEMENT_CATEGORY_SCOPE_OF_PLATFORM_SERVICE,,,,"[""CONTENT_TYPE_IMAGE""]",,,"2024-07-19 00:00:00","[""AT"",""BE"",""BG"",""CY"",""CZ"",""DE"",""DK"",""EE"",""ES"",""FI"",""FR"",""GR"",""HR"",""HU"",""IE"",""IT"",""LI"",""LT"",""LU"",""LV"",""MT"",""NL"",""NO"",""PL"",""PT"",""RO"",""SE"",""SI"",""SK""]","2024-11-23 00:00:00","The decision was taken pursuant to own-initiative investigations.",SOURCE_VOLUNTARY,,Yes,AUTOMATED_DECISION_FULLY,TikTok,7440309360405895968,"2024-11-23 03:20:31"
0993c4df-08eb-46e7-bb1a-36ec1859e1a2,"[""DECISION_VISIBILITY_CONTENT_REMOVED""]",,,,,,,,,,,DECISION_GROUND_INCOMPATIBLE_CONTENT,,,,"Community Guidelines","Your content is against our Community Guidelines. The guidelines include rules and standards for using TikTok that apply to everyone and everything on our platform.We proactively enforce our Community Guidelines through a mix of technology and human moderation. We have detected this policy violation using automated measures. We have used automated measures in making this decision.",,STATEMENT_CATEGORY_SCOPE_OF_PLATFORM_SERVICE,,,,"[""CONTENT_TYPE_IMAGE""]",,,"2024-10-12 00:00:00","[""AT"",""BE"",""BG"",""CY"",""CZ"",""DE"",""DK"",""EE"",""ES"",""FI"",""FR"",""GR"",""HR"",""HU"",""IE"",""IT"",""LI"",""LT"",""LU"",""LV"",""MT"",""NL"",""NO"",""PL"",""PT"",""RO"",""SE"",""SI"",""SK""]","2024-11-23 00:00:00","The decision was taken pursuant to own-initiative investigations.",SOURCE_VOLUNTARY,,Yes,AUTOMATED_DECISION_FULLY,TikTok,7440309365027937056,"2024-11-23 03:20:31"
963ad579-79bd-4c8c-b87d-0eefb0f26a24,"[""DECISION_VISIBILITY_CONTENT_REMOVED""]",,,,,,,,,,,DECISION_GROUND_INCOMPATIBLE_CONTENT,,,,"Community Guidelines","Your content is against our Community Guidelines. The guidelines include rules and standards for using TikTok that apply to everyone and everything on our platform.We proactively enforce our Community Guidelines through a mix of technology and human moderation. We have detected this policy violation using automated measures. We have used automated measures in making this decision.",,STATEMENT_CATEGORY_SCOPE_OF_PLATFORM_SERVICE,,,,"[""CONTENT_TYPE_IMAGE""]",,,"2024-09-14 00:00:00","[""AT"",""BE"",""BG"",""CY"",""CZ"",""DE"",""DK"",""EE"",""ES"",""FI"",""FR"",""GR"",""HR"",""HU"",""IE"",""IT"",""LI"",""LT"",""LU"",""LV"",""MT"",""NL"",""NO"",""PL"",""PT"",""RO"",""SE"",""SI"",""SK""]","2024-11-23 00:00:00","The decision was taken pursuant to own-initiative investigations.",SOURCE_VOLUNTARY,,Yes,AUTOMATED_DECISION_FULLY,TikTok,7440309360405912352,"2024-11-23 03:20:31"
41681852-1ecd-4332-b0b1-02c762099345,"[""DECISION_VISIBILITY_CONTENT_REMOVED""]",,,,,,,,,,,DECISION_GROUND_INCOMPATIBLE_CONTENT,,,,"Personal Information","We are committed to making sure that any personal information shared intentionally or accidentally on TikTok does not lead to harm. We do not allow content that includes personal information that may create a risk of stalking, violence, phishing, fraud, identity theft, or financial exploitation, including content that someone has posted themselves or that they consented to being shared by others.We proactively enforce our Community Guidelines through a mix of technology and human moderation. We have detected this policy violation using automated measures. We have used automated measures in making this decision.",,STATEMENT_CATEGORY_DATA_PROTECTION_AND_PRIVACY_VIOLATIONS,,,,"[""CONTENT_TYPE_TEXT""]",,,"2024-11-23 00:00:00","[""AT"",""BE"",""BG"",""CY"",""CZ"",""DE"",""DK"",""EE"",""ES"",""FI"",""FR"",""GR"",""HR"",""HU"",""IE"",""IT"",""LI"",""LT"",""LU"",""LV"",""MT"",""NL"",""NO"",""PL"",""PT"",""RO"",""SE"",""SI"",""SK""]","2024-11-23 00:00:00","The decision was taken pursuant to own-initiative investigations.",SOURCE_VOLUNTARY,,Yes,AUTOMATED_DECISION_FULLY,TikTok,7440309365027953440,"2024-11-23 03:20:31"
c7aad037-0334-40e4-8195-db4b89c08165,"[""DECISION_VISIBILITY_CONTENT_REMOVED""]",,,,,,,,,,,DECISION_GROUND_INCOMPATIBLE_CONTENT,,,,"Community Guidelines","Your content is against our Community Guidelines. The guidelines include rules and standards for using TikTok that apply to everyone and everything on our platform.We proactively enforce our Community Guidelines through a mix of technology and human moderation. We have detected this policy violation using automated measures. We have used automated measures in making this decision.",,STATEMENT_CATEGORY_SCOPE_OF_PLATFORM_SERVICE,,,,"[""CONTENT_TYPE_IMAGE""]",,,"2024-09-06 00:00:00","[""AT"",""BE"",""BG"",""CY"",""CZ"",""DE"",""DK"",""EE"",""ES"",""FI"",""FR"",""GR"",""HR"",""HU"",""IE"",""IT"",""LI"",""LT"",""LU"",""LV"",""MT"",""NL"",""NO"",""PL"",""PT"",""RO"",""SE"",""SI"",""SK""]","2024-11-23 00:00:00","The decision was taken pursuant to own-initiative investigations.",SOURCE_VOLUNTARY,,Yes,AUTOMATED_DECISION_FULLY,TikTok,7440309365027969824,"2024-11-23 03:20:31"
a700ceaa-54d1-43a3-81d8-6a19b6eb14cf,"[""DECISION_VISIBILITY_CONTENT_REMOVED""]",,,,,,,,,,,DECISION_GROUND_INCOMPATIBLE_CONTENT,,,,"Community Guidelines","Your content is against our Community Guidelines. The guidelines include rules and standards for using TikTok that apply to everyone and everything on our platform.We proactively enforce our Community Guidelines through a mix of technology and human moderation. We have detected this policy violation using automated measures. We have used automated measures in making this decision.",,STATEMENT_CATEGORY_SCOPE_OF_PLATFORM_SERVICE,,,,"[""CONTENT_TYPE_IMAGE""]",,,"2024-10-27 00:00:00","[""AT"",""BE"",""BG"",""CY"",""CZ"",""DE"",""DK"",""EE"",""ES"",""FI"",""FR"",""GR"",""HR"",""HU"",""IE"",""IT"",""LI"",""LT"",""LU"",""LV"",""MT"",""NL"",""NO"",""PL"",""PT"",""RO"",""SE"",""SI"",""SK""]","2024-11-23 00:00:00","The decision was taken pursuant to own-initiative investigations.",SOURCE_VOLUNTARY,,Yes,AUTOMATED_DECISION_FULLY,TikTok,7440309360405928736,"2024-11-23 03:20:31"
7141b209-208c-4f72-af85-2b6da2709138,"[""DECISION_VISIBILITY_CONTENT_REMOVED""]",,,,,,,,,,,DECISION_GROUND_INCOMPATIBLE_CONTENT,,,,"Community Guidelines","Your content is against our Community Guidelines. The guidelines include rules and standards for using TikTok that apply to everyone and everything on our platform.We proactively enforce our Community Guidelines through a mix of technology and human moderation. We have detected this policy violation using automated measures. We have used automated measures in making this decision.",,STATEMENT_CATEGORY_SCOPE_OF_PLATFORM_SERVICE,,,,"[""CONTENT_TYPE_IMAGE""]",,,"2024-09-22 00:00:00","[""AT"",""BE"",""BG"",""CY"",""CZ"",""DE"",""DK"",""EE"",""ES"",""FI"",""FR"",""GR"",""HR"",""HU"",""IE"",""IT"",""LI"",""LT"",""LU"",""LV"",""MT"",""NL"",""NO"",""PL"",""PT"",""RO"",""SE"",""SI"",""SK""]","2024-11-23 00:00:00","The decision was taken pursuant to own-initiative investigations.",SOURCE_VOLUNTARY,,Yes,AUTOMATED_DECISION_FULLY,TikTok,7440309370233035552,"2024-11-23 03:20:31"
3da99aa2-d46c-4079-ba3a-266ae8c32e9d,"[""DECISION_VISIBILITY_CONTENT_REMOVED""]",,,,,,,,,,,DECISION_GROUND_INCOMPATIBLE_CONTENT,,,,"Community Guidelines","Your content is against our Community Guidelines. The guidelines include rules and standards for using TikTok that apply to everyone and everything on our platform.We proactively enforce our Community Guidelines through a mix of technology and human moderation. We have detected this policy violation using automated measures. We have used automated measures in making this decision.",,STATEMENT_CATEGORY_SCOPE_OF_PLATFORM_SERVICE,,,,"[""CONTENT_TYPE_IMAGE""]",,,"2024-07-12 00:00:00","[""AT"",""BE"",""BG"",""CY"",""CZ"",""DE"",""DK"",""EE"",""ES"",""FI"",""FR"",""GR"",""HR"",""HU"",""IE"",""IT"",""LI"",""LT"",""LU"",""LV"",""MT"",""NL"",""NO"",""PL"",""PT"",""RO"",""SE"",""SI"",""SK""]","2024-11-23 00:00:00","The decision was taken pursuant to own-initiative investigations.",SOURCE_VOLUNTARY,,Yes,AUTOMATED_DECISION_FULLY,TikTok,7440309365027986208,"2024-11-23 03:20:31"
086cd873-d0b6-4946-a02d-8723e10c92ba,"[""DECISION_VISIBILITY_CONTENT_REMOVED""]",,,,,,,,,,,DECISION_GROUND_INCOMPATIBLE_CONTENT,,,,"Community Guidelines","Your content is against our Community Guidelines. The guidelines include rules and standards for using TikTok that apply to everyone and everything on our platform.We proactively enforce our Community Guidelines through a mix of technology and human moderation. We have detected this policy violation using automated measures. We have used automated measures in making this decision.",,STATEMENT_CATEGORY_SCOPE_OF_PLATFORM_SERVICE,,,,"[""CONTENT_TYPE_IMAGE""]",,,"2024-09-08 00:00:00","[""AT"",""BE"",""BG"",""CY"",""CZ"",""DE"",""DK"",""EE"",""ES"",""FI"",""FR"",""GR"",""HR"",""HU"",""IE"",""IT"",""LI"",""LT"",""LU"",""LV"",""MT"",""NL"",""NO"",""PL"",""PT"",""RO"",""SE"",""SI"",""SK""]","2024-11-23 00:00:00","The decision was taken pursuant to own-initiative investigations.",SOURCE_VOLUNTARY,,Yes,AUTOMATED_DECISION_FULLY,TikTok,7440309370233051936,"2024-11-23 03:20:31"
4226be8c-9814-4bd6-982c-35898993b25f,"[""DECISION_VISIBILITY_CONTENT_REMOVED""]",,,,,,,,,,,DECISION_GROUND_INCOMPATIBLE_CONTENT,,,,"Community Guidelines","Your content is against our Community Guidelines. The guidelines include rules and standards for using TikTok that apply to everyone and everything on our platform.We proactively enforce our Community Guidelines through a mix of technology and human moderation. We have detected this policy violation using automated measures. We have used automated measures in making this decision.",,STATEMENT_CATEGORY_SCOPE_OF_PLATFORM_SERVICE,,,,"[""CONTENT_TYPE_IMAGE""]",,,"2024-09-08 00:00:00","[""AT"",""BE"",""BG"",""CY"",""CZ"",""DE"",""DK"",""EE"",""ES"",""FI"",""FR"",""GR"",""HR"",""HU"",""IE"",""IT"",""LI"",""LT"",""LU"",""LV"",""MT"",""NL"",""NO"",""PL"",""PT"",""RO"",""SE"",""SI"",""SK""]","2024-11-23 00:00:00","The decision was taken pursuant to own-initiative investigations.",SOURCE_VOLUNTARY,,Yes,AUTOMATED_DECISION_FULLY,TikTok,7440309365028002592,"2024-11-23 03:20:31"
0977da93-8c53-415e-aa86-3c19a9d84649,"[""DECISION_VISIBILITY_CONTENT_REMOVED""]",,,,,,,,,,,DECISION_GROUND_INCOMPATIBLE_CONTENT,,,,"Community Guidelines","Your content is against our Community Guidelines. The guidelines include rules and standards for using TikTok that apply to everyone and everything on our platform.We proactively enforce our Community Guidelines through a mix of technology and human moderation. We have detected this policy violation using automated measures. We have used automated measures in making this decision.",,STATEMENT_CATEGORY_SCOPE_OF_PLATFORM_SERVICE,,,,"[""CONTENT_TYPE_IMAGE""]",,,"2024-07-16 00:00:00","[""AT"",""BE"",""BG"",""CY"",""CZ"",""DE"",""DK"",""EE"",""ES"",""FI"",""FR"",""GR"",""HR"",""HU"",""IE"",""IT"",""LI"",""LT"",""LU"",""LV"",""MT"",""NL"",""NO"",""PL"",""PT"",""RO"",""SE"",""SI"",""SK""]","2024-11-23 00:00:00","The decision was taken pursuant to own-initiative investigations.",SOURCE_VOLUNTARY,,Yes,AUTOMATED_DECISION_FULLY,TikTok,7440309365028018976,"2024-11-23 03:20:31"
e43c7403-4c97-423e-80f6-814c37af005d,"[""DECISION_VISIBILITY_CONTENT_REMOVED""]",,,,,,,,,,,DECISION_GROUND_INCOMPATIBLE_CONTENT,,,,"Community Guidelines","Your content is against our Community Guidelines. The guidelines include rules and standards for using TikTok that apply to everyone and everything on our platform.We proactively enforce our Community Guidelines through a mix of technology and human moderation. We have detected this policy violation using automated measures. We have used automated measures in making this decision.",,STATEMENT_CATEGORY_SCOPE_OF_PLATFORM_SERVICE,,,,"[""CONTENT_TYPE_IMAGE""]",,,"2024-09-06 00:00:00","[""AT"",""BE"",""BG"",""CY"",""CZ"",""DE"",""DK"",""EE"",""ES"",""FI"",""FR"",""GR"",""HR"",""HU"",""IE"",""IT"",""LI"",""LT"",""LU"",""LV"",""MT"",""NL"",""NO"",""PL"",""PT"",""RO"",""SE"",""SI"",""SK""]","2024-11-23 00:00:00","The decision was taken pursuant to own-initiative investigations.",SOURCE_VOLUNTARY,,Yes,AUTOMATED_DECISION_FULLY,TikTok,7440309365028035360,"2024-11-23 03:20:31"
241d8323-a935-4645-856a-8e50c9f24e5d,"[""DECISION_VISIBILITY_CONTENT_REMOVED""]",,,,,,,,,,,DECISION_GROUND_INCOMPATIBLE_CONTENT,,,,"Community Guidelines","Your content is against our Community Guidelines. The guidelines include rules and standards for using TikTok that apply to everyone and everything on our platform.We proactively enforce our Community Guidelines through a mix of technology and human moderation. We have detected this policy violation using automated measures. We have used automated measures in making this decision.",,STATEMENT_CATEGORY_SCOPE_OF_PLATFORM_SERVICE,,,,"[""CONTENT_TYPE_IMAGE""]",,,"2024-09-22 00:00:00","[""AT"",""BE"",""BG"",""CY"",""CZ"",""DE"",""DK"",""EE"",""ES"",""FI"",""FR"",""GR"",""HR"",""HU"",""IE"",""IT"",""LI"",""LT"",""LU"",""LV"",""MT"",""NL"",""NO"",""PL"",""PT"",""RO"",""SE"",""SI"",""SK""]","2024-11-23 00:00:00","The decision was taken pursuant to own-initiative investigations.",SOURCE_VOLUNTARY,,Yes,AUTOMATED_DECISION_FULLY,TikTok,7440309370233068320,"2024-11-23 03:20:31"
73d3007d-90f4-4718-8f6a-95c56dfeaff1,"[""DECISION_VISIBILITY_CONTENT_REMOVED""]",,,,,,,,,,,DECISION_GROUND_INCOMPATIBLE_CONTENT,,,,"Community Guidelines","Your content is against our Community Guidelines. The guidelines include rules and standards for using TikTok that apply to everyone and everything on our platform.We proactively enforce our Community Guidelines through a mix of technology and human moderation. We have detected this policy violation using automated measures. We have used automated measures in making this decision.",,STATEMENT_CATEGORY_SCOPE_OF_PLATFORM_SERVICE,,,,"[""CONTENT_TYPE_IMAGE""]",,,"2024-10-08 00:00:00","[""AT"",""BE"",""BG"",""CY"",""CZ"",""DE"",""DK"",""EE"",""ES"",""FI"",""FR"",""GR"",""HR"",""HU"",""IE"",""IT"",""LI"",""LT"",""LU"",""LV"",""MT"",""NL"",""NO"",""PL"",""PT"",""RO"",""SE"",""SI"",""SK""]","2024-11-23 00:00:00","The decision was taken pursuant to own-initiative investigations.",SOURCE_VOLUNTARY,,Yes,AUTOMATED_DECISION_FULLY,TikTok,7440309365028051744,"2024-11-23 03:20:31"
f2a1e66c-c763-4b12-82af-8e0ece042758,"[""DECISION_VISIBILITY_CONTENT_REMOVED""]",,,,,,,,,,,DECISION_GROUND_INCOMPATIBLE_CONTENT,,,,"Community Guidelines","Your content is against our Community Guidelines. The guidelines include rules and standards for using TikTok that apply to everyone and everything on our platform.We proactively enforce our Community Guidelines through a mix of technology and human moderation. We have detected this policy violation using automated measures. We have used automated measures in making this decision.",,STATEMENT_CATEGORY_SCOPE_OF_PLATFORM_SERVICE,,,,"[""CONTENT_TYPE_IMAGE""]",,,"2024-09-17 00:00:00","[""AT"",""BE"",""BG"",""CY"",""CZ"",""DE"",""DK"",""EE"",""ES"",""FI"",""FR"",""GR"",""HR"",""HU"",""IE"",""IT"",""LI"",""LT"",""LU"",""LV"",""MT"",""NL"",""NO"",""PL"",""PT"",""RO"",""SE"",""SI"",""SK""]","2024-11-23 00:00:00","The decision was taken pursuant to own-initiative investigations.",SOURCE_VOLUNTARY,,Yes,AUTOMATED_DECISION_FULLY,TikTok,7440309380777515808,"2024-11-23 03:20:31"
2e2a83cc-9460-41be-82f1-1b15cbbf9c6c,"[""DECISION_VISIBILITY_CONTENT_REMOVED""]",,,,,,,,,,,DECISION_GROUND_INCOMPATIBLE_CONTENT,,,,"Community Guidelines","Your content is against our Community Guidelines. The guidelines include rules and standards for using TikTok that apply to everyone and everything on our platform.We proactively enforce our Community Guidelines through a mix of technology and human moderation. We have detected this policy violation using automated measures. We have used automated measures in making this decision.",,STATEMENT_CATEGORY_SCOPE_OF_PLATFORM_SERVICE,,,,"[""CONTENT_TYPE_IMAGE""]",,,"2024-11-06 00:00:00","[""AT"",""BE"",""BG"",""CY"",""CZ"",""DE"",""DK"",""EE"",""ES"",""FI"",""FR"",""GR"",""HR"",""HU"",""IE"",""IT"",""LI"",""LT"",""LU"",""LV"",""MT"",""NL"",""NO"",""PL"",""PT"",""RO"",""SE"",""SI"",""SK""]","2024-11-23 00:00:00","The decision was taken pursuant to own-initiative investigations.",SOURCE_VOLUNTARY,,Yes,AUTOMATED_DECISION_FULLY,TikTok,7440309370233084704,"2024-11-23 03:20:31"
f0fd0e85-090a-4bdb-9612-f00e897c5e40,"[""DECISION_VISIBILITY_CONTENT_REMOVED""]",,,,,,,,,,,DECISION_GROUND_INCOMPATIBLE_CONTENT,,,,"Community Guidelines","Your content is against our Community Guidelines. The guidelines include rules and standards for using TikTok that apply to everyone and everything on our platform.We proactively enforce our Community Guidelines through a mix of technology and human moderation. We have detected this policy violation using automated measures. We have used automated measures in making this decision.",,STATEMENT_CATEGORY_SCOPE_OF_PLATFORM_SERVICE,,,,"[""CONTENT_TYPE_IMAGE""]",,,"2024-07-20 00:00:00","[""AT"",""BE"",""BG"",""CY"",""CZ"",""DE"",""DK"",""EE"",""ES"",""FI"",""FR"",""GR"",""HR"",""HU"",""IE"",""IT"",""LI"",""LT"",""LU"",""LV"",""MT"",""NL"",""NO"",""PL"",""PT"",""RO"",""SE"",""SI"",""SK""]","2024-11-23 00:00:00","The decision was taken pursuant to own-initiative investigations.",SOURCE_VOLUNTARY,,Yes,AUTOMATED_DECISION_FULLY,TikTok,7440309380777532192,"2024-11-23 03:20:31"
03826921-ef90-457f-9aa4-f83043c7347c,"[""DECISION_VISIBILITY_CONTENT_REMOVED""]",,,,,,,,,,,DECISION_GROUND_INCOMPATIBLE_CONTENT,,,,"Community Guidelines","Your content is against our Community Guidelines. The guidelines include rules and standards for using TikTok that apply to everyone and everything on our platform.We proactively enforce our Community Guidelines through a mix of technology and human moderation. We have detected this policy violation using automated measures. We have used automated measures in making this decision.",,STATEMENT_CATEGORY_SCOPE_OF_PLATFORM_SERVICE,,,,"[""CONTENT_TYPE_IMAGE""]",,,"2024-10-27 00:00:00","[""AT"",""BE"",""BG"",""CY"",""CZ"",""DE"",""DK"",""EE"",""ES"",""FI"",""FR"",""GR"",""HR"",""HU"",""IE"",""IT"",""LI"",""LT"",""LU"",""LV"",""MT"",""NL"",""NO"",""PL"",""PT"",""RO"",""SE"",""SI"",""SK""]","2024-11-23 00:00:00","The decision was taken pursuant to own-initiative investigations.",SOURCE_VOLUNTARY,,Yes,AUTOMATED_DECISION_FULLY,TikTok,7440309370233101088,"2024-11-23 03:20:31"
5c811889-b4ce-497f-a643-4d9a67bac180,"[""DECISION_VISIBILITY_CONTENT_REMOVED""]",,,,,,,,,,,DECISION_GROUND_INCOMPATIBLE_CONTENT,,,,"Community Guidelines","Your content is against our Community Guidelines. The guidelines include rules and standards for using TikTok that apply to everyone and everything on our platform.We proactively enforce our Community Guidelines through a mix of technology and human moderation. We have detected this policy violation using automated measures. We have used automated measures in making this decision.",,STATEMENT_CATEGORY_SCOPE_OF_PLATFORM_SERVICE,,,,"[""CONTENT_TYPE_IMAGE""]",,,"2024-08-25 00:00:00","[""AT"",""BE"",""BG"",""CY"",""CZ"",""DE"",""DK"",""EE"",""ES"",""FI"",""FR"",""GR"",""HR"",""HU"",""IE"",""IT"",""LI"",""LT"",""LU"",""LV"",""MT"",""NL"",""NO"",""PL"",""PT"",""RO"",""SE"",""SI"",""SK""]","2024-11-23 00:00:00","The decision was taken pursuant to own-initiative investigations.",SOURCE_VOLUNTARY,,Yes,AUTOMATED_DECISION_FULLY,TikTok,7440309380777548576,"2024-11-23 03:20:31"
8d5001f6-4905-4cf6-9394-e7f501a43e20,"[""DECISION_VISIBILITY_CONTENT_REMOVED""]",,,,,,,,,,,DECISION_GROUND_INCOMPATIBLE_CONTENT,,,,"Community Guidelines","Your content is against our Community Guidelines. The guidelines include rules and standards for using TikTok that apply to everyone and everything on our platform.We proactively enforce our Community Guidelines through a mix of technology and human moderation. We have detected this policy violation using automated measures. We have used automated measures in making this decision.",,STATEMENT_CATEGORY_SCOPE_OF_PLATFORM_SERVICE,,,,"[""CONTENT_TYPE_IMAGE""]",,,"2024-09-22 00:00:00","[""AT"",""BE"",""BG"",""CY"",""CZ"",""DE"",""DK"",""EE"",""ES"",""FI"",""FR"",""GR"",""HR"",""HU"",""IE"",""IT"",""LI"",""LT"",""LU"",""LV"",""MT"",""NL"",""NO"",""PL"",""PT"",""RO"",""SE"",""SI"",""SK""]","2024-11-23 00:00:00","The decision was taken pursuant to own-initiative investigations.",SOURCE_VOLUNTARY,,Yes,AUTOMATED_DECISION_FULLY,TikTok,7440309370233117472,"2024-11-23 03:20:31"
508d5587-9af8-439d-aa75-5fc933a1f277,"[""DECISION_VISIBILITY_CONTENT_REMOVED""]",,,,,,,,,,,DECISION_GROUND_INCOMPATIBLE_CONTENT,,,,"Community Guidelines","Your content is against our Community Guidelines. The guidelines include rules and standards for using TikTok that apply to everyone and everything on our platform.We proactively enforce our Community Guidelines through a mix of technology and human moderation. We have detected this policy violation using automated measures. We have used automated measures in making this decision.",,STATEMENT_CATEGORY_SCOPE_OF_PLATFORM_SERVICE,,,,"[""CONTENT_TYPE_IMAGE""]",,,"2024-07-20 00:00:00","[""AT"",""BE"",""BG"",""CY"",""CZ"",""DE"",""DK"",""EE"",""ES"",""FI"",""FR"",""GR"",""HR"",""HU"",""IE"",""IT"",""LI"",""LT"",""LU"",""LV"",""MT"",""NL"",""NO"",""PL"",""PT"",""RO"",""SE"",""SI"",""SK""]","2024-11-23 00:00:00","The decision was taken pursuant to own-initiative investigations.",SOURCE_VOLUNTARY,,Yes,AUTOMATED_DECISION_FULLY,TikTok,7440309380777564960,"2024-11-23 03:20:31"
8c19e40f-7dbb-4fc1-b17a-2c5557ee5274,"[""DECISION_VISIBILITY_CONTENT_REMOVED""]",,,,,,,,,,,DECISION_GROUND_INCOMPATIBLE_CONTENT,,,,"Community Guidelines","Your content is against our Community Guidelines. The guidelines include rules and standards for using TikTok that apply to everyone and everything on our platform.We proactively enforce our Community Guidelines through a mix of technology and human moderation. We have detected this policy violation using automated measures. We have used automated measures in making this decision.",,STATEMENT_CATEGORY_SCOPE_OF_PLATFORM_SERVICE,,,,"[""CONTENT_TYPE_IMAGE""]",,,"2024-09-22 00:00:00","[""AT"",""BE"",""BG"",""CY"",""CZ"",""DE"",""DK"",""EE"",""ES"",""FI"",""FR"",""GR"",""HR"",""HU"",""IE"",""IT"",""LI"",""LT"",""LU"",""LV"",""MT"",""NL"",""NO"",""PL"",""PT"",""RO"",""SE"",""SI"",""SK""]","2024-11-23 00:00:00","The decision was taken pursuant to own-initiative investigations.",SOURCE_VOLUNTARY,,Yes,AUTOMATED_DECISION_FULLY,TikTok,7440309380777581344,"2024-11-23 03:20:31"
44b93cc0-60c8-49a9-a8d1-416daebbeefa,"[""DECISION_VISIBILITY_CONTENT_REMOVED""]",,,,,,,,,,,DECISION_GROUND_INCOMPATIBLE_CONTENT,,,,"Community Guidelines","Your content is against our Community Guidelines. The guidelines include rules and standards for using TikTok that apply to everyone and everything on our platform.We proactively enforce our Community Guidelines through a mix of technology and human moderation. We have detected this policy violation using automated measures. We have used automated measures in making this decision.",,STATEMENT_CATEGORY_SCOPE_OF_PLATFORM_SERVICE,,,,"[""CONTENT_TYPE_IMAGE""]",,,"2024-07-24 00:00:00","[""AT"",""BE"",""BG"",""CY"",""CZ"",""DE"",""DK"",""EE"",""ES"",""FI"",""FR"",""GR"",""HR"",""HU"",""IE"",""IT"",""LI"",""LT"",""LU"",""LV"",""MT"",""NL"",""NO"",""PL"",""PT"",""RO"",""SE"",""SI"",""SK""]","2024-11-23 00:00:00","The decision was taken pursuant to own-initiative investigations.",SOURCE_VOLUNTARY,,Yes,AUTOMATED_DECISION_FULLY,TikTok,7440309380777597728,"2024-11-23 03:20:31"
3e1e8955-6edf-4948-87c9-ec463c58c628,"[""DECISION_VISIBILITY_CONTENT_REMOVED""]",,,,,,,,,,,DECISION_GROUND_INCOMPATIBLE_CONTENT,,,,"Community Guidelines","Your content is against our Community Guidelines. The guidelines include rules and standards for using TikTok that apply to everyone and everything on our platform.We proactively enforce our Community Guidelines through a mix of technology and human moderation. We have detected this policy violation using automated measures. We have used automated measures in making this decision.",,STATEMENT_CATEGORY_SCOPE_OF_PLATFORM_SERVICE,,,,"[""CONTENT_TYPE_IMAGE""]",,,"2024-07-12 00:00:00","[""AT"",""BE"",""BG"",""CY"",""CZ"",""DE"",""DK"",""EE"",""ES"",""FI"",""FR"",""GR"",""HR"",""HU"",""IE"",""IT"",""LI"",""LT"",""LU"",""LV"",""MT"",""NL"",""NO"",""PL"",""PT"",""RO"",""SE"",""SI"",""SK""]","2024-11-23 00:00:00","The decision was taken pursuant to own-initiative investigations.",SOURCE_VOLUNTARY,,Yes,AUTOMATED_DECISION_FULLY,TikTok,7440309370233133856,"2024-11-23 03:20:31"
e269bf52-598f-444f-8b73-48134efa71b5,"[""DECISION_VISIBILITY_CONTENT_REMOVED""]",,,,,,,,,,,DECISION_GROUND_INCOMPATIBLE_CONTENT,,,,"Community Guidelines","Your content is against our Community Guidelines. The guidelines include rules and standards for using TikTok that apply to everyone and everything on our platform.We proactively enforce our Community Guidelines through a mix of technology and human moderation. We have detected this policy violation using automated measures. We have used automated measures in making this decision.",,STATEMENT_CATEGORY_SCOPE_OF_PLATFORM_SERVICE,,,,"[""CONTENT_TYPE_IMAGE""]",,,"2024-07-20 00:00:00","[""AT"",""BE"",""BG"",""CY"",""CZ"",""DE"",""DK"",""EE"",""ES"",""FI"",""FR"",""GR"",""HR"",""HU"",""IE"",""IT"",""LI"",""LT"",""LU"",""LV"",""MT"",""NL"",""NO"",""PL"",""PT"",""RO"",""SE"",""SI"",""SK""]","2024-11-23 00:00:00","The decision was taken pursuant to own-initiative investigations.",SOURCE_VOLUNTARY,,Yes,AUTOMATED_DECISION_FULLY,TikTok,7440309370233150240,"2024-11-23 03:20:31"
6610db08-90f2-4dc1-83c9-0c6c4c844e15,"[""DECISION_VISIBILITY_CONTENT_REMOVED""]",,,,,,,,,,,DECISION_GROUND_INCOMPATIBLE_CONTENT,,,,"Community Guidelines","Your content is against our Community Guidelines. The guidelines include rules and standards for using TikTok that apply to everyone and everything on our platform.We proactively enforce our Community Guidelines through a mix of technology and human moderation. We have detected this policy violation using automated measures. We have used automated measures in making this decision.",,STATEMENT_CATEGORY_SCOPE_OF_PLATFORM_SERVICE,,,,"[""CONTENT_TYPE_IMAGE""]",,,"2024-03-09 00:00:00","[""AT"",""BE"",""BG"",""CY"",""CZ"",""DE"",""DK"",""EE"",""ES"",""FI"",""FR"",""GR"",""HR"",""HU"",""IE"",""IT"",""LI"",""LT"",""LU"",""LV"",""MT"",""NL"",""NO"",""PL"",""PT"",""RO"",""SE"",""SI"",""SK""]","2024-11-23 00:00:00","The decision was taken pursuant to own-initiative investigations.",SOURCE_VOLUNTARY,,Yes,AUTOMATED_DECISION_FULLY,TikTok,7440309380777614112,"2024-11-23 03:20:31"
3011b8a0-366c-43ce-b6c5-1a8fe852a8c5,"[""DECISION_VISIBILITY_CONTENT_REMOVED""]",,,,,,,,,,,DECISION_GROUND_INCOMPATIBLE_CONTENT,,,,"Community Guidelines","Your content is against our Community Guidelines. The guidelines include rules and standards for using TikTok that apply to everyone and everything on our platform.We proactively enforce our Community Guidelines through a mix of technology and human moderation. We have detected this policy violation using automated measures. We have used automated measures in making this decision.",,STATEMENT_CATEGORY_SCOPE_OF_PLATFORM_SERVICE,,,,"[""CONTENT_TYPE_IMAGE""]",,,"2024-07-20 00:00:00","[""AT"",""BE"",""BG"",""CY"",""CZ"",""DE"",""DK"",""EE"",""ES"",""FI"",""FR"",""GR"",""HR"",""HU"",""IE"",""IT"",""LI"",""LT"",""LU"",""LV"",""MT"",""NL"",""NO"",""PL"",""PT"",""RO"",""SE"",""SI"",""SK""]","2024-11-23 00:00:00","The decision was taken pursuant to own-initiative investigations.",SOURCE_VOLUNTARY,,Yes,AUTOMATED_DECISION_FULLY,TikTok,7440309380777630496,"2024-11-23 03:20:31"
405a63e3-b4c9-4f1a-9707-48939f9a01fc,"[""DECISION_VISIBILITY_CONTENT_REMOVED""]",,,,,,,,,,,DECISION_GROUND_INCOMPATIBLE_CONTENT,,,,"Community Guidelines","Your content is against our Community Guidelines. The guidelines include rules and standards for using TikTok that apply to everyone and everything on our platform.We proactively enforce our Community Guidelines through a mix of technology and human moderation. We have detected this policy violation using automated measures. We have used automated measures in making this decision.",,STATEMENT_CATEGORY_SCOPE_OF_PLATFORM_SERVICE,,,,"[""CONTENT_TYPE_IMAGE""]",,,"2024-07-20 00:00:00","[""AT"",""BE"",""BG"",""CY"",""CZ"",""DE"",""DK"",""EE"",""ES"",""FI"",""FR"",""GR"",""HR"",""HU"",""IE"",""IT"",""LI"",""LT"",""LU"",""LV"",""MT"",""NL"",""NO"",""PL"",""PT"",""RO"",""SE"",""SI"",""SK""]","2024-11-23 00:00:00","The decision was taken pursuant to own-initiative investigations.",SOURCE_VOLUNTARY,,Yes,AUTOMATED_DECISION_FULLY,TikTok,7440309370233166624,"2024-11-23 03:20:31"
dc3a39a4-c4ff-427c-a4a7-523e055524ba,"[""DECISION_VISIBILITY_CONTENT_REMOVED""]",,,,,,,,,,,DECISION_GROUND_INCOMPATIBLE_CONTENT,,,,"Community Guidelines","Your content is against our Community Guidelines. The guidelines include rules and standards for using TikTok that apply to everyone and everything on our platform.We proactively enforce our Community Guidelines through a mix of technology and human moderation. We have detected this policy violation using automated measures. We have used automated measures in making this decision.",,STATEMENT_CATEGORY_SCOPE_OF_PLATFORM_SERVICE,,,,"[""CONTENT_TYPE_IMAGE""]",,,"2024-05-02 00:00:00","[""AT"",""BE"",""BG"",""CY"",""CZ"",""DE"",""DK"",""EE"",""ES"",""FI"",""FR"",""GR"",""HR"",""HU"",""IE"",""IT"",""LI"",""LT"",""LU"",""LV"",""MT"",""NL"",""NO"",""PL"",""PT"",""RO"",""SE"",""SI"",""SK""]","2024-11-23 00:00:00","The decision was taken pursuant to own-initiative investigations.",SOURCE_VOLUNTARY,,Yes,AUTOMATED_DECISION_FULLY,TikTok,7440309370233183008,"2024-11-23 03:20:31"
24958d04-1ce2-4a4e-8e3f-3c7648d2532b,"[""DECISION_VISIBILITY_CONTENT_REMOVED""]",,,,,,,,,,,DECISION_GROUND_INCOMPATIBLE_CONTENT,,,,"Community Guidelines","Your content is against our Community Guidelines. The guidelines include rules and standards for using TikTok that apply to everyone and everything on our platform.We proactively enforce our Community Guidelines through a mix of technology and human moderation. We have detected this policy violation using automated measures. We have used automated measures in making this decision.",,STATEMENT_CATEGORY_SCOPE_OF_PLATFORM_SERVICE,,,,"[""CONTENT_TYPE_IMAGE""]",,,"2024-07-20 00:00:00","[""AT"",""BE"",""BG"",""CY"",""CZ"",""DE"",""DK"",""EE"",""ES"",""FI"",""FR"",""GR"",""HR"",""HU"",""IE"",""IT"",""LI"",""LT"",""LU"",""LV"",""MT"",""NL"",""NO"",""PL"",""PT"",""RO"",""SE"",""SI"",""SK""]","2024-11-23 00:00:00","The decision was taken pursuant to own-initiative investigations.",SOURCE_VOLUNTARY,,Yes,AUTOMATED_DECISION_FULLY,TikTok,7440309380777646880,"2024-11-23 03:20:31"
35a6b949-21e4-41bd-9443-992bb75b8086,"[""DECISION_VISIBILITY_CONTENT_REMOVED""]",,,,,,,,,,,DECISION_GROUND_INCOMPATIBLE_CONTENT,,,,"Community Guidelines","Your content is against our Community Guidelines. The guidelines include rules and standards for using TikTok that apply to everyone and everything on our platform.We proactively enforce our Community Guidelines through a mix of technology and human moderation. We have detected this policy violation using automated measures. We have used automated measures in making this decision.",,STATEMENT_CATEGORY_SCOPE_OF_PLATFORM_SERVICE,,,,"[""CONTENT_TYPE_IMAGE""]",,,"2024-02-29 00:00:00","[""AT"",""BE"",""BG"",""CY"",""CZ"",""DE"",""DK"",""EE"",""ES"",""FI"",""FR"",""GR"",""HR"",""HU"",""IE"",""IT"",""LI"",""LT"",""LU"",""LV"",""MT"",""NL"",""NO"",""PL"",""PT"",""RO"",""SE"",""SI"",""SK""]","2024-11-23 00:00:00","The decision was taken pursuant to own-initiative investigations.",SOURCE_VOLUNTARY,,Yes,AUTOMATED_DECISION_FULLY,TikTok,7440309380777663264,"2024-11-23 03:20:31"
4c8371e2-96ca-44f9-bc9b-68882097f2f6,,,,,,,DECISION_PROVISION_PARTIAL_SUSPENSION,"2024-11-30 00:00:00",,,,DECISION_GROUND_INCOMPATIBLE_CONTENT,,,,"Nudité et exposition corporelle","Nous célébrons toutes les formes et toutes les tailles et voulons que chacun et chacune se sente à l'aise dans la manière dont il ou elle se présente et présente son corps. Nous n'autorisons pas la nudité, notamment l'exposition des organes génitaux et des fesses, ainsi que des mamelons et des aréoles des femmes et des jeunes filles. Les vêtements transparents ou partiellement transparents ne sont pas considérés comme des vêtements couvrants. Consulte nos {CG_link} pour en savoir plus.",,STATEMENT_CATEGORY_SCOPE_OF_PLATFORM_SERVICE,,,,"[""CONTENT_TYPE_VIDEO""]",,,"2024-11-23 00:00:00","[""AT"",""BE"",""BG"",""CY"",""CZ"",""DE"",""DK"",""EE"",""ES"",""FI"",""FR"",""GR"",""HR"",""HU"",""IE"",""IS"",""IT"",""LI"",""LT"",""LU"",""LV"",""MT"",""NL"",""NO"",""PL"",""PT"",""RO"",""SE"",""SI"",""SK""]","2024-11-23 00:00:00","The decision was taken pursuant to own-initiative investigations",SOURCE_VOLUNTARY,,Yes,AUTOMATED_DECISION_NOT_AUTOMATED,TikTok,7440309386355940128,"2024-11-23 03:20:31"
f98efc7b-43fb-4bc3-8bc5-c7420c2236ca,"[""DECISION_VISIBILITY_CONTENT_REMOVED""]",,,,,,,,,,,DECISION_GROUND_INCOMPATIBLE_CONTENT,,,,"Community Guidelines","Your content is against our Community Guidelines. The guidelines include rules and standards for using TikTok that apply to everyone and everything on our platform.We proactively enforce our Community Guidelines through a mix of technology and human moderation. We have detected this policy violation using automated measures. We have used automated measures in making this decision.",,STATEMENT_CATEGORY_SCOPE_OF_PLATFORM_SERVICE,,,,"[""CONTENT_TYPE_IMAGE""]",,,"2024-01-27 00:00:00","[""AT"",""BE"",""BG"",""CY"",""CZ"",""DE"",""DK"",""EE"",""ES"",""FI"",""FR"",""GR"",""HR"",""HU"",""IE"",""IT"",""LI"",""LT"",""LU"",""LV"",""MT"",""NL"",""NO"",""PL"",""PT"",""RO"",""SE"",""SI"",""SK""]","2024-11-23 00:00:00","The decision was taken pursuant to own-initiative investigations.",SOURCE_VOLUNTARY,,Yes,AUTOMATED_DECISION_FULLY,TikTok,7440309386355956512,"2024-11-23 03:20:31"
2fe73645-7fd3-4047-9ae1-06502069a435,"[""DECISION_VISIBILITY_CONTENT_REMOVED""]",,,,,,,,,,,DECISION_GROUND_INCOMPATIBLE_CONTENT,,,,"Community Guidelines","Your content is against our Community Guidelines. The guidelines include rules and standards for using TikTok that apply to everyone and everything on our platform.We proactively enforce our Community Guidelines through a mix of technology and human moderation. We have detected this policy violation using automated measures. We have used automated measures in making this decision.",,STATEMENT_CATEGORY_SCOPE_OF_PLATFORM_SERVICE,,,,"[""CONTENT_TYPE_IMAGE""]",,,"2024-07-11 00:00:00","[""AT"",""BE"",""BG"",""CY"",""CZ"",""DE"",""DK"",""EE"",""ES"",""FI"",""FR"",""GR"",""HR"",""HU"",""IE"",""IT"",""LI"",""LT"",""LU"",""LV"",""MT"",""NL"",""NO"",""PL"",""PT"",""RO"",""SE"",""SI"",""SK""]","2024-11-23 00:00:00","The decision was taken pursuant to own-initiative investigations.",SOURCE_VOLUNTARY,,Yes,AUTOMATED_DECISION_FULLY,TikTok,7440309386355972896,"2024-11-23 03:20:31"
f174b93e-4c81-4d55-a599-029bb949ed50,"[""DECISION_VISIBILITY_CONTENT_REMOVED""]",,,,,,,,,,,DECISION_GROUND_INCOMPATIBLE_CONTENT,,,,"Community Guidelines","Your content is against our Community Guidelines. The guidelines include rules and standards for using TikTok that apply to everyone and everything on our platform.We proactively enforce our Community Guidelines through a mix of technology and human moderation. We have detected this policy violation using automated measures. We have used automated measures in making this decision.",,STATEMENT_CATEGORY_SCOPE_OF_PLATFORM_SERVICE,,,,"[""CONTENT_TYPE_IMAGE""]",,,"2024-07-20 00:00:00","[""AT"",""BE"",""BG"",""CY"",""CZ"",""DE"",""DK"",""EE"",""ES"",""FI"",""FR"",""GR"",""HR"",""HU"",""IE"",""IT"",""LI"",""LT"",""LU"",""LV"",""MT"",""NL"",""NO"",""PL"",""PT"",""RO"",""SE"",""SI"",""SK""]","2024-11-23 00:00:00","The decision was taken pursuant to own-initiative investigations.",SOURCE_VOLUNTARY,,Yes,AUTOMATED_DECISION_FULLY,TikTok,7440309395377888033,"2024-11-23 03:20:31"
0834a250-6821-4dde-9de8-b9537e0b24d2,"[""DECISION_VISIBILITY_CONTENT_REMOVED""]",,,,,,,,,,,DECISION_GROUND_INCOMPATIBLE_CONTENT,,,,"Harassment and Bullying","We welcome the respectful expression of different viewpoints, but not toxicity or trolling. We do not allow language or behavior that harasses, humiliates, threatens, or doxes anyone. This also includes responding to such acts with retaliatory harassment (but excludes non-harassing counterspeech).We proactively enforce our Community Guidelines through a mix of technology and human moderation. We have detected this policy violation using automated measures. We have used automated measures in making this decision.",,STATEMENT_CATEGORY_ILLEGAL_OR_HARMFUL_SPEECH,,,,"[""CONTENT_TYPE_TEXT""]",,,"2024-11-23 00:00:00","[""AT"",""BE"",""BG"",""CY"",""CZ"",""DE"",""DK"",""EE"",""ES"",""FI"",""FR"",""GR"",""HR"",""HU"",""IE"",""IT"",""LI"",""LT"",""LU"",""LV"",""MT"",""NL"",""NO"",""PL"",""PT"",""RO"",""SE"",""SI"",""SK""]","2024-11-23 00:00:00","The decision was taken pursuant to own-initiative investigations.",SOURCE_VOLUNTARY,,Yes,AUTOMATED_DECISION_FULLY,TikTok,7440309386355989280,"2024-11-23 03:20:31"
cfb243fb-8eb4-4d15-bdbd-24054bcbd656,"[""DECISION_VISIBILITY_CONTENT_REMOVED""]",,,,,,,,,,,DECISION_GROUND_INCOMPATIBLE_CONTENT,,,,"Community Guidelines","Your content is against our Community Guidelines. The guidelines include rules and standards for using TikTok that apply to everyone and everything on our platform.We proactively enforce our Community Guidelines through a mix of technology and human moderation. We have detected this policy violation using automated measures. We have used automated measures in making this decision.",,STATEMENT_CATEGORY_SCOPE_OF_PLATFORM_SERVICE,,,,"[""CONTENT_TYPE_VIDEO""]",,,"2024-11-23 00:00:00","[""AT"",""BE"",""BG"",""CY"",""CZ"",""DE"",""DK"",""EE"",""ES"",""FI"",""FR"",""GR"",""HR"",""HU"",""IE"",""IT"",""LI"",""LT"",""LU"",""LV"",""MT"",""NL"",""NO"",""PL"",""PT"",""RO"",""SE"",""SI"",""SK""]","2024-11-23 00:00:00","The decision was taken pursuant to own-initiative investigations.",SOURCE_VOLUNTARY,,Yes,AUTOMATED_DECISION_FULLY,TikTok,7440309395377904417,"2024-11-23 03:20:31"
2f669f5b-7c42-428a-ab52-ba6cc4768ee9,"[""DECISION_VISIBILITY_OTHER""]","Video not eligible for recommendation in the For You feed",,,,,,,,,,DECISION_GROUND_INCOMPATIBLE_CONTENT,,,,"Community Guidelines","We maintain content eligibility standards for the For You feed (FYF) that prioritize safety and are informed by the diversity of our community and cultural norms. We make ineligible for the FYF certain content that may not be appropriate for a broad audience related to: (1) Behavioral Health, (2) Sensitive and Mature Themes, (3) Integrity and Authenticity, and (4) Regulated Goods. Content that is ineligible for the FYF can still be discovered in other ways, such as through search tools or by following an account.We proactively enforce our Community Guidelines through a mix of technology and human moderation. We have detected this policy violation using automated measures. We have used automated measures in making this decision.",,STATEMENT_CATEGORY_SCOPE_OF_PLATFORM_SERVICE,,,,"[""CONTENT_TYPE_VIDEO""]",,,"2024-11-23 00:00:00","[""AT"",""BE"",""BG"",""CY"",""CZ"",""DE"",""DK"",""EE"",""ES"",""FI"",""FR"",""GR"",""HR"",""HU"",""IE"",""IT"",""LI"",""LT"",""LU"",""LV"",""MT"",""NL"",""NO"",""PL"",""PT"",""RO"",""SE"",""SI"",""SK""]","2024-11-23 00:00:00","The decision was taken pursuant to own-initiative investigations.",SOURCE_VOLUNTARY,,Yes,AUTOMATED_DECISION_FULLY,TikTok,7440309395377953569,"2024-11-23 03:20:32"
a64ef747-4433-42b3-b823-111bdb54fb2b,"[""DECISION_VISIBILITY_OTHER""]","Video not eligible for recommendation in the For You feed",,,,,,,,,,DECISION_GROUND_INCOMPATIBLE_CONTENT,,,,"Alcohol, Tobacco, and Drugs","While adults make personal choices about how they engage with alcohol, drugs, and tobacco, we recognize that there are risks connected to trading and using these substances. Content is ineligible for the For You feed and harder to find in search if it shows adults consuming excessive amounts of alcohol or tobacco products.We proactively enforce our Community Guidelines through a mix of technology and human moderation. We have detected this policy violation using automated measures. We have used automated measures in making this decision.",,STATEMENT_CATEGORY_SCOPE_OF_PLATFORM_SERVICE,,,,"[""CONTENT_TYPE_VIDEO""]",,,"2024-11-23 00:00:00","[""AT"",""BE"",""BG"",""CY"",""CZ"",""DE"",""DK"",""EE"",""ES"",""FI"",""FR"",""GR"",""HR"",""HU"",""IE"",""IT"",""LI"",""LT"",""LU"",""LV"",""MT"",""NL"",""NO"",""PL"",""PT"",""RO"",""SE"",""SI"",""SK""]","2024-11-23 00:00:00","The decision was taken pursuant to own-initiative investigations.",SOURCE_VOLUNTARY,,Yes,AUTOMATED_DECISION_FULLY,TikTok,7440309386356038432,"2024-11-23 03:20:32"
159ea680-2c9c-4981-a7ce-61d4397f88ac,"[""DECISION_VISIBILITY_CONTENT_REMOVED""]",,,,,,,,,,,DECISION_GROUND_INCOMPATIBLE_CONTENT,,,,"Harassment and Bullying","We welcome the respectful expression of different viewpoints, but not toxicity or trolling. We do not allow language or behavior that harasses, humiliates, threatens, or doxes anyone. This also includes responding to such acts with retaliatory harassment (but excludes non-harassing counterspeech).We proactively enforce our Community Guidelines through a mix of technology and human moderation. We have detected this policy violation using automated measures. We have used automated measures in making this decision.",,STATEMENT_CATEGORY_ILLEGAL_OR_HARMFUL_SPEECH,,,,"[""CONTENT_TYPE_TEXT""]",,,"2024-11-23 00:00:00","[""AT"",""BE"",""BG"",""CY"",""CZ"",""DE"",""DK"",""EE"",""ES"",""FI"",""FR"",""GR"",""HR"",""HU"",""IE"",""IT"",""LI"",""LT"",""LU"",""LV"",""MT"",""NL"",""NO"",""PL"",""PT"",""RO"",""SE"",""SI"",""SK""]","2024-11-23 00:00:00","The decision was taken pursuant to own-initiative investigations.",SOURCE_VOLUNTARY,,Yes,AUTOMATED_DECISION_FULLY,TikTok,7440309386356054816,"2024-11-23 03:20:32"
8131e1ee-f087-4d86-bb5a-d61035e41a73,"[""DECISION_VISIBILITY_OTHER""]","LIVE not eligible for recommendation and restricted in search results for 10 minutes","2024-11-23 00:00:00",,,,,,,,,DECISION_GROUND_INCOMPATIBLE_CONTENT,,,,"Content with low visual quality or static imagery","Your LIVE is not eligible for recommendation and restricted in search results for the next 10 minutes, because it may contain content with low visual quality or static imagery. This is in line with the For You feed eligibility standards under our Community Guidelines.",,STATEMENT_CATEGORY_SCOPE_OF_PLATFORM_SERVICE,,,,"[""CONTENT_TYPE_VIDEO""]",,,"2024-11-23 00:00:00","[""AT"",""BE"",""BG"",""CY"",""CZ"",""DE"",""DK"",""EE"",""ES"",""FI"",""FR"",""GR"",""HR"",""HU"",""IE"",""IS"",""IT"",""LI"",""LT"",""LU"",""LV"",""MT"",""NL"",""NO"",""PL"",""PT"",""RO"",""SE"",""SI"",""SK""]","2024-11-23 00:00:00","The decision was taken pursuant to own-initiative investigations",SOURCE_VOLUNTARY,,Yes,AUTOMATED_DECISION_FULLY,TikTok,7440309386356071200,"2024-11-23 03:20:32"
a20a6204-49c1-469a-86c3-c337ae7db0c7,"[""DECISION_VISIBILITY_CONTENT_REMOVED""]",,,,,,,,,,,DECISION_GROUND_INCOMPATIBLE_CONTENT,,,,"Hate Speech and Hateful Behaviors","TikTok is enriched by the various backgrounds of our community members. Our differences should be respected, rather than a cause for division. We do not allow any hateful behavior, hate speech, or promotion of hateful ideologies. This includes content that attacks a person or group because of protected attributes.We proactively enforce our Community Guidelines through a mix of technology and human moderation. We have detected this policy violation using automated measures. We have used automated measures in making this decision.",,STATEMENT_CATEGORY_ILLEGAL_OR_HARMFUL_SPEECH,,,,"[""CONTENT_TYPE_TEXT""]",,,"2024-11-23 00:00:00","[""AT"",""BE"",""BG"",""CY"",""CZ"",""DE"",""DK"",""EE"",""ES"",""FI"",""FR"",""GR"",""HR"",""HU"",""IE"",""IT"",""LI"",""LT"",""LU"",""LV"",""MT"",""NL"",""NO"",""PL"",""PT"",""RO"",""SE"",""SI"",""SK""]","2024-11-23 00:00:00","The decision was taken pursuant to own-initiative investigations.",SOURCE_VOLUNTARY,,Yes,AUTOMATED_DECISION_FULLY,TikTok,7440309395377969953,"2024-11-23 03:20:32"
fc3c3d4e-b6b3-4141-9a96-b913f2fda5bb,"[""DECISION_VISIBILITY_OTHER""]","Photo not eligible for recommendation in the For You feed",,,,,,,,,,DECISION_GROUND_INCOMPATIBLE_CONTENT,,,,"Dangerous Activities and Challenges","Most activities or challenges are appropriate for everyone, but some carry a risk of significant injury. Content is ineligible for the For You feed if it involves activities that are likely to lead to moderate physical harm, or includes professionals who are performing extreme sports and stunts that may endanger others.We proactively enforce our Community Guidelines through a mix of technology and human moderation. We have detected this policy violation using automated measures. We have used automated measures in making this decision.",,STATEMENT_CATEGORY_NEGATIVE_EFFECTS_ON_CIVIC_DISCOURSE_OR_ELECTIONS,,,,"[""CONTENT_TYPE_IMAGE""]",,,"2024-11-23 00:00:00","[""AT"",""BE"",""BG"",""CY"",""CZ"",""DE"",""DK"",""EE"",""ES"",""FI"",""FR"",""GR"",""HR"",""HU"",""IE"",""IT"",""LI"",""LT"",""LU"",""LV"",""MT"",""NL"",""NO"",""PL"",""PT"",""RO"",""SE"",""SI"",""SK""]","2024-11-23 00:00:00","The decision was taken pursuant to own-initiative investigations.",SOURCE_VOLUNTARY,,Yes,AUTOMATED_DECISION_FULLY,TikTok,7440309386356087584,"2024-11-23 03:20:32"
4afb22b0-2eca-4a3f-8893-a4d2e00db4eb,"[""DECISION_VISIBILITY_CONTENT_REMOVED""]",,,,,,,,,,,DECISION_GROUND_INCOMPATIBLE_CONTENT,,,,"Sexual Exploitation and Gender-Based Violence","We are committed to providing a space that embraces gender equity, supports healthy relationships, and respects intimate privacy. We do not allow sexual exploitation or gender-based violence, including non-consensual sexual acts, image-based sexual abuse, sextortion, physical abuse, and sexual harassment.We proactively enforce our Community Guidelines through a mix of technology and human moderation. We have detected this policy violation using automated measures. We have used automated measures in making this decision.",,STATEMENT_CATEGORY_VIOLENCE,,,,"[""CONTENT_TYPE_TEXT""]",,,"2024-11-23 00:00:00","[""AT"",""BE"",""BG"",""CY"",""CZ"",""DE"",""DK"",""EE"",""ES"",""FI"",""FR"",""GR"",""HR"",""HU"",""IE"",""IT"",""LI"",""LT"",""LU"",""LV"",""MT"",""NL"",""NO"",""PL"",""PT"",""RO"",""SE"",""SI"",""SK""]","2024-11-23 00:00:00","The decision was taken pursuant to own-initiative investigations.",SOURCE_VOLUNTARY,,Yes,AUTOMATED_DECISION_FULLY,TikTok,7440309405343554336,"2024-11-23 03:20:32"
8a969e2d-c053-4ad8-b351-6c3fa55c0a5e,"[""DECISION_VISIBILITY_OTHER""]","Photo not eligible for recommendation in the For You feed",,,,,,,,,,DECISION_GROUND_INCOMPATIBLE_CONTENT,,,,"Dangerous Activities and Challenges","Most activities or challenges are appropriate for everyone, but some carry a risk of significant injury. Content is ineligible for the For You feed if it involves activities that are likely to lead to moderate physical harm, or includes professionals who are performing extreme sports and stunts that may endanger others.We proactively enforce our Community Guidelines through a mix of technology and human moderation. We have detected this policy violation using automated measures. We have used automated measures in making this decision.",,STATEMENT_CATEGORY_NEGATIVE_EFFECTS_ON_CIVIC_DISCOURSE_OR_ELECTIONS,,,,"[""CONTENT_TYPE_IMAGE""]",,,"2024-11-23 00:00:00","[""AT"",""BE"",""BG"",""CY"",""CZ"",""DE"",""DK"",""EE"",""ES"",""FI"",""FR"",""GR"",""HR"",""HU"",""IE"",""IT"",""LI"",""LT"",""LU"",""LV"",""MT"",""NL"",""NO"",""PL"",""PT"",""RO"",""SE"",""SI"",""SK""]","2024-11-23 00:00:00","The decision was taken pursuant to own-initiative investigations.",SOURCE_VOLUNTARY,,Yes,AUTOMATED_DECISION_FULLY,TikTok,7440309405343619872,"2024-11-23 03:20:34"
cc1acf9e-4ada-41b4-ba71-b3b997815e13,"[""DECISION_VISIBILITY_CONTENT_REMOVED""]",,,,,,,,,,,DECISION_GROUND_INCOMPATIBLE_CONTENT,,,,"Harassment and Bullying","We welcome the respectful expression of different viewpoints, but not toxicity or trolling. We do not allow language or behavior that harasses, humiliates, threatens, or doxes anyone. This also includes responding to such acts with retaliatory harassment (but excludes non-harassing counterspeech).We proactively enforce our Community Guidelines through a mix of technology and human moderation. We have detected this policy violation using automated measures. We have used automated measures in making this decision.",,STATEMENT_CATEGORY_ILLEGAL_OR_HARMFUL_SPEECH,,,,"[""CONTENT_TYPE_TEXT""]",,,"2024-11-23 00:00:00","[""AT"",""BE"",""BG"",""CY"",""CZ"",""DE"",""DK"",""EE"",""ES"",""FI"",""FR"",""GR"",""HR"",""HU"",""IE"",""IT"",""LI"",""LT"",""LU"",""LV"",""MT"",""NL"",""NO"",""PL"",""PT"",""RO"",""SE"",""SI"",""SK""]","2024-11-23 00:00:00","The decision was taken pursuant to own-initiative investigations.",SOURCE_VOLUNTARY,,Yes,AUTOMATED_DECISION_FULLY,TikTok,7440309405343636256,"2024-11-23 03:20:34"
2e1e9be6-84cd-4708-8fb5-66c3ea26cacf,"[""DECISION_VISIBILITY_OTHER""]","Ad is not eligible for posting.",,,,,,,,,,DECISION_GROUND_INCOMPATIBLE_CONTENT,,,,"Our review indicates that your advertising content may violate TikTok's advertising policies by featuring a product/service which belongs to a prohibited industry of the targeted location(s) in your ad. For more policy details, please refer to ""TikTok Advertising Policies - Industry Entry"" (https://ads.tiktok.com/help/article?aid=6685586866860720134). Our review indicates that your advertising content may violate TikTok's advertising policies by promoting prohibited products or services in the t","Please change the promoted product/service in your ad or change the targeted location(s) in your ad group settings according to our policy. For more policy details, please refer to ""TikTok Advertising Policies - Industry Entry"" (https://ads.tiktok.com/help/article?aid=6685586866860720134). For more policy details, please refer to """"TikTok Advertising Policies - Industry Entry"" (https://ads.tiktok.com/help/article?aid=6685586866860720134).Please change the promoted product/service in your ad or change the targeted location(s) in your ad group settings according to our policy. For more policy details, please refer to ""TikTok Advertising Policies - Industry Entry"" (https://ads.tiktok.com/help/article?aid=6685586866860720134). For more policy details, please refer to """"TikTok Advertising Policies - Industry Entry"" (https://ads.tiktok.com/help/article?aid=6685586866860720134).",,STATEMENT_CATEGORY_SCOPE_OF_PLATFORM_SERVICE,,,,"[""CONTENT_TYPE_VIDEO""]",,,"2024-11-23 00:00:00","[""DE""]","2024-11-23 00:00:00","The decision was taken pursuant to own-initiative investigations.",SOURCE_VOLUNTARY,,Yes,AUTOMATED_DECISION_FULLY,TikTok,7440309405343652640,"2024-11-23 03:20:34"
fb9cb1bf-8f03-4656-a237-02fd45b49b43,"[""DECISION_VISIBILITY_CONTENT_REMOVED""]",,,,,,,,,,,DECISION_GROUND_INCOMPATIBLE_CONTENT,,,,"Harassment and Bullying","We welcome the respectful expression of different viewpoints, but not toxicity or trolling. We do not allow language or behavior that harasses, humiliates, threatens, or doxes anyone. This also includes responding to such acts with retaliatory harassment (but excludes non-harassing counterspeech).We proactively enforce our Community Guidelines through a mix of technology and human moderation. We have detected this policy violation using automated measures. We have used automated measures in making this decision.",,STATEMENT_CATEGORY_ILLEGAL_OR_HARMFUL_SPEECH,,,,"[""CONTENT_TYPE_TEXT""]",,,"2024-11-23 00:00:00","[""AT"",""BE"",""BG"",""CY"",""CZ"",""DE"",""DK"",""EE"",""ES"",""FI"",""FR"",""GR"",""HR"",""HU"",""IE"",""IT"",""LI"",""LT"",""LU"",""LV"",""MT"",""NL"",""NO"",""PL"",""PT"",""RO"",""SE"",""SI"",""SK""]","2024-11-23 00:00:00","The decision was taken pursuant to own-initiative investigations.",SOURCE_VOLUNTARY,,Yes,AUTOMATED_DECISION_FULLY,TikTok,7440309410691291936,"2024-11-23 03:20:34"
a6e25516-a4b8-4398-a33b-6e03b14ee29b,"[""DECISION_VISIBILITY_CONTENT_REMOVED""]",,,,,,,,,,,DECISION_GROUND_INCOMPATIBLE_CONTENT,,,,"Harassment and Bullying","We welcome the respectful expression of different viewpoints, but not toxicity or trolling. We do not allow language or behavior that harasses, humiliates, threatens, or doxes anyone. This also includes responding to such acts with retaliatory harassment (but excludes non-harassing counterspeech).We proactively enforce our Community Guidelines through a mix of technology and human moderation. We have detected this policy violation using automated measures. We have used automated measures in making this decision.",,STATEMENT_CATEGORY_ILLEGAL_OR_HARMFUL_SPEECH,,,,"[""CONTENT_TYPE_TEXT""]",,,"2024-11-23 00:00:00","[""AT"",""BE"",""BG"",""CY"",""CZ"",""DE"",""DK"",""EE"",""ES"",""FI"",""FR"",""GR"",""HR"",""HU"",""IE"",""IT"",""LI"",""LT"",""LU"",""LV"",""MT"",""NL"",""NO"",""PL"",""PT"",""RO"",""SE"",""SI"",""SK""]","2024-11-23 00:00:00","The decision was taken pursuant to own-initiative investigations.",SOURCE_VOLUNTARY,,Yes,AUTOMATED_DECISION_FULLY,TikTok,7440309410691308320,"2024-11-23 03:20:34"
60abc65f-465b-4ee0-9f3c-8f4ff009130b,,,,,,,,,DECISION_ACCOUNT_TERMINATED,,,DECISION_GROUND_INCOMPATIBLE_CONTENT,,,,"Advertising policy violation","Reasons why your account may have been suspended: - We received a report or complaint about your account from people on TikTok or other channels. - There are problems with your ad creative, or qualifications or services provided in your ads. - We suspected malicious behavior or intent during ad creation. - You made changes to your ad's landing page after launching the campaign.",,STATEMENT_CATEGORY_SCOPE_OF_PLATFORM_SERVICE,,,,"[""CONTENT_TYPE_OTHER""]","Account Suspended",,"2024-11-23 00:00:00","[""AT"",""BE"",""BG"",""CY"",""CZ"",""DE"",""DK"",""EE"",""ES"",""FI"",""FR"",""GR"",""HR"",""HU"",""IE"",""IT"",""LI"",""LT"",""LU"",""LV"",""MT"",""NL"",""NO"",""PL"",""PT"",""RO"",""SE"",""SI"",""SK""]","2024-11-23 00:00:00","The decision was taken pursuant to own-initiative investigations.",SOURCE_VOLUNTARY,,Yes,AUTOMATED_DECISION_FULLY,TikTok,7440309410691324704,"2024-11-23 03:20:34"
fd6259f8-fb6f-44b7-a3fb-4e4a396bd4de,"[""DECISION_VISIBILITY_CONTENT_REMOVED""]",,,,,,,,,,,DECISION_GROUND_INCOMPATIBLE_CONTENT,,,,"Sexual Exploitation and Gender-Based Violence","We are committed to providing a space that embraces gender equity, supports healthy relationships, and respects intimate privacy. We do not allow sexual exploitation or gender-based violence, including non-consensual sexual acts, image-based sexual abuse, sextortion, physical abuse, and sexual harassment.We proactively enforce our Community Guidelines through a mix of technology and human moderation. We have detected this policy violation using automated measures. We have used automated measures in making this decision.",,STATEMENT_CATEGORY_VIOLENCE,,,,"[""CONTENT_TYPE_TEXT""]",,,"2024-11-23 00:00:00","[""AT"",""BE"",""BG"",""CY"",""CZ"",""DE"",""DK"",""EE"",""ES"",""FI"",""FR"",""GR"",""HR"",""HU"",""IE"",""IT"",""LI"",""LT"",""LU"",""LV"",""MT"",""NL"",""NO"",""PL"",""PT"",""RO"",""SE"",""SI"",""SK""]","2024-11-23 00:00:00","The decision was taken pursuant to own-initiative investigations.",SOURCE_VOLUNTARY,,Yes,AUTOMATED_DECISION_FULLY,TikTok,7440309405343669024,"2024-11-23 03:20:34"
63e04226-bdad-4474-84ba-99ebd68c8b2f,"[""DECISION_VISIBILITY_CONTENT_REMOVED""]",,,,,,,,,,,DECISION_GROUND_INCOMPATIBLE_CONTENT,,,,"Harassment and Bullying","We welcome the respectful expression of different viewpoints, but not toxicity or trolling. We do not allow language or behavior that harasses, humiliates, threatens, or doxes anyone. This also includes responding to such acts with retaliatory harassment (but excludes non-harassing counterspeech).We proactively enforce our Community Guidelines through a mix of technology and human moderation. We have detected this policy violation using automated measures. We have used automated measures in making this decision.",,STATEMENT_CATEGORY_ILLEGAL_OR_HARMFUL_SPEECH,,,,"[""CONTENT_TYPE_TEXT""]",,,"2024-11-23 00:00:00","[""AT"",""BE"",""BG"",""CY"",""CZ"",""DE"",""DK"",""EE"",""ES"",""FI"",""FR"",""GR"",""HR"",""HU"",""IE"",""IT"",""LI"",""LT"",""LU"",""LV"",""MT"",""NL"",""NO"",""PL"",""PT"",""RO"",""SE"",""SI"",""SK""]","2024-11-23 00:00:00","The decision was taken pursuant to own-initiative investigations.",SOURCE_VOLUNTARY,,Yes,AUTOMATED_DECISION_FULLY,TikTok,7440309410691341088,"2024-11-23 03:20:36"
efead5e4-697f-47b2-b04a-a290faced85c,"[""DECISION_VISIBILITY_CONTENT_REMOVED""]",,,,,,,,,,,DECISION_GROUND_INCOMPATIBLE_CONTENT,,,,"Hate Speech and Hateful Behaviors","TikTok is enriched by the various backgrounds of our community members. Our differences should be respected, rather than a cause for division. We do not allow any hateful behavior, hate speech, or promotion of hateful ideologies. This includes content that attacks a person or group because of protected attributes.We proactively enforce our Community Guidelines through a mix of technology and human moderation. We have detected this policy violation using automated measures. We have used automated measures in making this decision.",,STATEMENT_CATEGORY_ILLEGAL_OR_HARMFUL_SPEECH,,,,"[""CONTENT_TYPE_TEXT""]",,,"2024-11-23 00:00:00","[""AT"",""BE"",""BG"",""CY"",""CZ"",""DE"",""DK"",""EE"",""ES"",""FI"",""FR"",""GR"",""HR"",""HU"",""IE"",""IT"",""LI"",""LT"",""LU"",""LV"",""MT"",""NL"",""NO"",""PL"",""PT"",""RO"",""SE"",""SI"",""SK""]","2024-11-23 00:00:00","The decision was taken pursuant to own-initiative investigations.",SOURCE_VOLUNTARY,,Yes,AUTOMATED_DECISION_FULLY,TikTok,7440309411500825376,"2024-11-23 03:20:36"
9ba15fbe-03e9-422e-8862-dc542c04f889,,,,,,,DECISION_PROVISION_PARTIAL_SUSPENSION,"2024-11-24 00:00:00",,,,DECISION_GROUND_INCOMPATIBLE_CONTENT,,,,"Dangerous activities and challenges","Most activities or challenges are appropriate for everyone, but some carry a risk of significant injury. We do not allow showing or promoting dangerous activities and challenges. This includes dares, games, tricks, inappropriate use of dangerous tools, eating substances that are harmful to one’s health, or similar activities that may lead to significant physical harm. Visit our {CG_link} for more information.",,STATEMENT_CATEGORY_SCOPE_OF_PLATFORM_SERVICE,,,,"[""CONTENT_TYPE_VIDEO""]",,,"2024-11-23 00:00:00","[""AT"",""BE"",""BG"",""CY"",""CZ"",""DE"",""DK"",""EE"",""ES"",""FI"",""FR"",""GR"",""HR"",""HU"",""IE"",""IS"",""IT"",""LI"",""LT"",""LU"",""LV"",""MT"",""NL"",""NO"",""PL"",""PT"",""RO"",""SE"",""SI"",""SK""]","2024-11-23 00:00:00","The decision was taken pursuant to own-initiative investigations",SOURCE_VOLUNTARY,,Yes,AUTOMATED_DECISION_NOT_AUTOMATED,TikTok,7440309410691357472,"2024-11-23 03:20:36"
85c9c81d-3e8d-4cfc-b994-bb05f12cba7d,"[""DECISION_VISIBILITY_OTHER""]","Video not eligible for recommendation in the For You feed",,,,,,,,,,DECISION_GROUND_INCOMPATIBLE_CONTENT,,,,"Community Guidelines","We maintain content eligibility standards for the For You feed (FYF) that prioritize safety and are informed by the diversity of our community and cultural norms. We make ineligible for the FYF certain content that may not be appropriate for a broad audience related to: (1) Behavioral Health, (2) Sensitive and Mature Themes, (3) Integrity and Authenticity, and (4) Regulated Goods. Content that is ineligible for the FYF can still be discovered in other ways, such as through search tools or by following an account.We proactively enforce our Community Guidelines through a mix of technology and human moderation. We have detected this policy violation using automated measures. We have used automated measures in making this decision.",,STATEMENT_CATEGORY_SCOPE_OF_PLATFORM_SERVICE,,,,"[""CONTENT_TYPE_VIDEO""]",,,"2024-11-19 00:00:00","[""AT"",""BE"",""BG"",""CY"",""CZ"",""DE"",""DK"",""EE"",""ES"",""FI"",""FR"",""GR"",""HR"",""HU"",""IE"",""IT"",""LI"",""LT"",""LU"",""LV"",""MT"",""NL"",""NO"",""PL"",""PT"",""RO"",""SE"",""SI"",""SK""]","2024-11-23 00:00:00","The decision was taken pursuant to own-initiative investigations.",SOURCE_VOLUNTARY,,Yes,AUTOMATED_DECISION_FULLY,TikTok,7440309410691373856,"2024-11-23 03:20:36"
e5b0a49a-2f9e-447b-b10b-99efdfeac36a,"[""DECISION_VISIBILITY_CONTENT_AGE_RESTRICTED""]",,,,,,,,,,,DECISION_GROUND_INCOMPATIBLE_CONTENT,,,,"Minimum Age Requirement","Users must be 13 years and older to have a TikTok account. We are deeply committed to ensuring that TikTok is a safe and positive experience for people under the age of 18. This starts by being old enough to use TikTok. If we learn someone is below the minimum age on TikTok, we will ban that account. Content created by anyone under 16 is ineligible for the For You feed and harder to find in search.We proactively enforce our Community Guidelines through a mix of technology and human moderation. We have detected this policy violation using automated measures.",,STATEMENT_CATEGORY_PROTECTION_OF_MINORS,,,,"[""CONTENT_TYPE_VIDEO""]",,,"2024-11-22 00:00:00","[""AT"",""BE"",""BG"",""CY"",""CZ"",""DE"",""DK"",""EE"",""ES"",""FI"",""FR"",""GR"",""HR"",""HU"",""IE"",""IT"",""LI"",""LT"",""LU"",""LV"",""MT"",""NL"",""NO"",""PL"",""PT"",""RO"",""SE"",""SI"",""SK""]","2024-11-23 00:00:00","The decision was taken pursuant to own-initiative investigations.",SOURCE_VOLUNTARY,,Yes,AUTOMATED_DECISION_NOT_AUTOMATED,TikTok,7440309411500841760,"2024-11-23 03:20:36"
05f73138-d379-471d-9a94-bccc997ae5d4,"[""DECISION_VISIBILITY_CONTENT_AGE_RESTRICTED""]",,,,,,,,,,,DECISION_GROUND_INCOMPATIBLE_CONTENT,,,,"Minimum Age Requirement","Users must be 13 years and older to have a TikTok account. We are deeply committed to ensuring that TikTok is a safe and positive experience for people under the age of 18. This starts by being old enough to use TikTok. If we learn someone is below the minimum age on TikTok, we will ban that account. Content created by anyone under 16 is ineligible for the For You feed and harder to find in search.We proactively enforce our Community Guidelines through a mix of technology and human moderation. We have detected this policy violation using automated measures.",,STATEMENT_CATEGORY_PROTECTION_OF_MINORS,,,,"[""CONTENT_TYPE_VIDEO""]",,,"2024-11-22 00:00:00","[""AT"",""BE"",""BG"",""CY"",""CZ"",""DE"",""DK"",""EE"",""ES"",""FI"",""FR"",""GR"",""HR"",""HU"",""IE"",""IT"",""LI"",""LT"",""LU"",""LV"",""MT"",""NL"",""NO"",""PL"",""PT"",""RO"",""SE"",""SI"",""SK""]","2024-11-23 00:00:00","The decision was taken pursuant to own-initiative investigations.",SOURCE_VOLUNTARY,,Yes,AUTOMATED_DECISION_NOT_AUTOMATED,TikTok,7440309411500890912,"2024-11-23 03:20:38"
4b170b08-dc5f-4bb8-b001-bf6a60560a1c,"[""DECISION_VISIBILITY_OTHER""]","Ad is not eligible for posting.",,,,,,,,,,DECISION_GROUND_INCOMPATIBLE_CONTENT,,,,"Our review indicates that your advertising content may violate TikTok's advertising policies by promoting prohibited products or services in the targeted locations. Our review indicates that your advertising content may violate TikTok's advertising policies by featuring a product/service which belongs to a prohibited industry of the targeted location(s) in your ad. For more policy details, please refer to ""TikTok Advertising Policies - Industry Entry"" (https://ads.tiktok.com/help/article?aid=668","For more policy details, please refer to """"TikTok Advertising Policies - Industry Entry"" (https://ads.tiktok.com/help/article?aid=6685586866860720134).Please change the promoted product/service in your ad or change the targeted location(s) in your ad group settings according to our policy. For more policy details, please refer to ""TikTok Advertising Policies - Industry Entry"" (https://ads.tiktok.com/help/article?aid=6685586866860720134). For more policy details, please refer to """"TikTok Advertising Policies - Industry Entry"" (https://ads.tiktok.com/help/article?aid=6685586866860720134).Please change the promoted product/service in your ad or change the targeted location(s) in your ad group settings according to our policy. For more policy details, please refer to ""TikTok Advertising Policies - Industry Entry"" (https://ads.tiktok.com/help/article?aid=6685586866860720134).",,STATEMENT_CATEGORY_SCOPE_OF_PLATFORM_SERVICE,,,,"[""CONTENT_TYPE_VIDEO""]",,,"2024-11-23 00:00:00","[""DE""]","2024-11-23 00:00:00","The decision was taken pursuant to own-initiative investigations.",SOURCE_VOLUNTARY,,Yes,AUTOMATED_DECISION_FULLY,TikTok,7440309410691439392,"2024-11-23 03:20:38"
97696d3e-bcee-4d34-8e6a-a9ab56c6eca2,"[""DECISION_VISIBILITY_OTHER""]","Video not eligible for recommendation in the For You feed",,,,,,,,,,DECISION_GROUND_INCOMPATIBLE_CONTENT,,,,"Community Guidelines","We maintain content eligibility standards for the For You feed (FYF) that prioritize safety and are informed by the diversity of our community and cultural norms. We make ineligible for the FYF certain content that may not be appropriate for a broad audience related to: (1) Behavioral Health, (2) Sensitive and Mature Themes, (3) Integrity and Authenticity, and (4) Regulated Goods. Content that is ineligible for the FYF can still be discovered in other ways, such as through search tools or by following an account.We proactively enforce our Community Guidelines through a mix of technology and human moderation. We have detected this policy violation using automated measures. We have used automated measures in making this decision.",,STATEMENT_CATEGORY_SCOPE_OF_PLATFORM_SERVICE,,,,"[""CONTENT_TYPE_VIDEO""]",,,"2024-11-23 00:00:00","[""AT"",""BE"",""BG"",""CY"",""CZ"",""DE"",""DK"",""EE"",""ES"",""FI"",""FR"",""GR"",""HR"",""HU"",""IE"",""IT"",""LI"",""LT"",""LU"",""LV"",""MT"",""NL"",""NO"",""PL"",""PT"",""RO"",""SE"",""SI"",""SK""]","2024-11-23 00:00:00","The decision was taken pursuant to own-initiative investigations.",SOURCE_VOLUNTARY,,Yes,AUTOMATED_DECISION_FULLY,TikTok,7440309411693730592,"2024-11-23 03:20:38"
abb87ee5-241d-4365-bbbc-d5272ecc0e21,"[""DECISION_VISIBILITY_CONTENT_REMOVED""]",,,,,,,,,,,DECISION_GROUND_INCOMPATIBLE_CONTENT,,,,"Harassment and Bullying","We welcome the respectful expression of different viewpoints, but not toxicity or trolling. We do not allow language or behavior that harasses, humiliates, threatens, or doxes anyone. This also includes responding to such acts with retaliatory harassment (but excludes non-harassing counterspeech).We proactively enforce our Community Guidelines through a mix of technology and human moderation. We have detected this policy violation using automated measures. We have used automated measures in making this decision.",,STATEMENT_CATEGORY_ILLEGAL_OR_HARMFUL_SPEECH,,,,"[""CONTENT_TYPE_TEXT""]",,,"2024-11-23 00:00:00","[""AT"",""BE"",""BG"",""CY"",""CZ"",""DE"",""DK"",""EE"",""ES"",""FI"",""FR"",""GR"",""HR"",""HU"",""IE"",""IT"",""LI"",""LT"",""LU"",""LV"",""MT"",""NL"",""NO"",""PL"",""PT"",""RO"",""SE"",""SI"",""SK""]","2024-11-23 00:00:00","The decision was taken pursuant to own-initiative investigations.",SOURCE_VOLUNTARY,,Yes,AUTOMATED_DECISION_FULLY,TikTok,7440309411500907296,"2024-11-23 03:20:38"
a2a212c5-3ac6-438b-8d14-df11b1171ee3,"[""DECISION_VISIBILITY_OTHER""]","Video not eligible for recommendation in the For You feed",,,,,,,,,,DECISION_GROUND_INCOMPATIBLE_CONTENT,,,,"Community Guidelines","We maintain content eligibility standards for the For You feed (FYF) that prioritize safety and are informed by the diversity of our community and cultural norms. We make ineligible for the FYF certain content that may not be appropriate for a broad audience related to: (1) Behavioral Health, (2) Sensitive and Mature Themes, (3) Integrity and Authenticity, and (4) Regulated Goods. Content that is ineligible for the FYF can still be discovered in other ways, such as through search tools or by following an account.We proactively enforce our Community Guidelines through a mix of technology and human moderation. We have detected this policy violation using automated measures. We have used automated measures in making this decision.",,STATEMENT_CATEGORY_SCOPE_OF_PLATFORM_SERVICE,,,,"[""CONTENT_TYPE_VIDEO""]",,,"2024-11-23 00:00:00","[""AT"",""BE"",""BG"",""CY"",""CZ"",""DE"",""DK"",""EE"",""ES"",""FI"",""FR"",""GR"",""HR"",""HU"",""IE"",""IT"",""LI"",""LT"",""LU"",""LV"",""MT"",""NL"",""NO"",""PL"",""PT"",""RO"",""SE"",""SI"",""SK""]","2024-11-23 00:00:00","The decision was taken pursuant to own-initiative investigations.",SOURCE_VOLUNTARY,,Yes,AUTOMATED_DECISION_FULLY,TikTok,7440309411500923680,"2024-11-23 03:20:38"
5dde0ecb-641c-496f-8563-878b23e00428,"[""DECISION_VISIBILITY_OTHER""]","Video not eligible for recommendation in the For You feed",,,,,,,,,,DECISION_GROUND_INCOMPATIBLE_CONTENT,,,,"Community Guidelines","Your content is against our Community Guidelines. The guidelines include rules and standards for using TikTok that apply to everyone and everything on our platform.We proactively enforce our Community Guidelines through a mix of technology and human moderation. We have detected this policy violation using automated measures. We have used automated measures in making this decision.",,STATEMENT_CATEGORY_SCOPE_OF_PLATFORM_SERVICE,,,,"[""CONTENT_TYPE_OTHER""]","Video Sticker",,"2024-11-23 00:00:00","[""AT"",""BE"",""BG"",""CY"",""CZ"",""DE"",""DK"",""EE"",""ES"",""FI"",""FR"",""GR"",""HR"",""HU"",""IE"",""IT"",""LI"",""LT"",""LU"",""LV"",""MT"",""NL"",""NO"",""PL"",""PT"",""RO"",""SE"",""SI"",""SK""]","2024-11-23 00:00:00","The decision was taken pursuant to own-initiative investigations.",SOURCE_VOLUNTARY,,Yes,AUTOMATED_DECISION_FULLY,TikTok,7440309411693746976,"2024-11-23 03:20:38"
ac294d42-ba2a-4665-85e4-a0c8cf31cbd3,"[""DECISION_VISIBILITY_CONTENT_REMOVED""]",,,,,,,,,,,DECISION_GROUND_INCOMPATIBLE_CONTENT,,,,"Harassment and Bullying","We welcome the respectful expression of different viewpoints, but not toxicity or trolling. We do not allow language or behavior that harasses, humiliates, threatens, or doxes anyone. This also includes responding to such acts with retaliatory harassment (but excludes non-harassing counterspeech).We proactively enforce our Community Guidelines through a mix of technology and human moderation. We have detected this policy violation using automated measures. We have used automated measures in making this decision.",,STATEMENT_CATEGORY_ILLEGAL_OR_HARMFUL_SPEECH,,,,"[""CONTENT_TYPE_TEXT""]",,,"2024-11-23 00:00:00","[""AT"",""BE"",""BG"",""CY"",""CZ"",""DE"",""DK"",""EE"",""ES"",""FI"",""FR"",""GR"",""HR"",""HU"",""IE"",""IT"",""LI"",""LT"",""LU"",""LV"",""MT"",""NL"",""NO"",""PL"",""PT"",""RO"",""SE"",""SI"",""SK""]","2024-11-23 00:00:00","The decision was taken pursuant to own-initiative investigations.",SOURCE_VOLUNTARY,,Yes,AUTOMATED_DECISION_FULLY,TikTok,7440309411500940064,"2024-11-23 03:20:38"
a3ae752b-4818-4a22-9d24-376b4d59f73c,"[""DECISION_VISIBILITY_OTHER""]","Video not eligible for recommendation in the For You feed",,,,,,,,,,DECISION_GROUND_INCOMPATIBLE_CONTENT,,,,"Community Guidelines","Your content is against our Community Guidelines. The guidelines include rules and standards for using TikTok that apply to everyone and everything on our platform.",,STATEMENT_CATEGORY_SCOPE_OF_PLATFORM_SERVICE,,,,"[""CONTENT_TYPE_VIDEO""]",,,"2024-11-23 00:00:00","[""AT"",""BE"",""BG"",""CY"",""CZ"",""DE"",""DK"",""EE"",""ES"",""FI"",""FR"",""GR"",""HR"",""HU"",""IE"",""IT"",""LI"",""LT"",""LU"",""LV"",""MT"",""NL"",""NO"",""PL"",""PT"",""RO"",""SE"",""SI"",""SK""]","2024-11-23 00:00:00","The decision was taken pursuant to own-initiative investigations.",SOURCE_VOLUNTARY,,Yes,AUTOMATED_DECISION_FULLY,TikTok,7440309411693763360,"2024-11-23 03:20:38"
1e998cba-3f28-4423-8f58-c54ffdc550db,"[""DECISION_VISIBILITY_CONTENT_REMOVED""]",,,,,,,,,,,DECISION_GROUND_INCOMPATIBLE_CONTENT,,,,"Harassment and Bullying","We welcome the respectful expression of different viewpoints, but not toxicity or trolling. We do not allow language or behavior that harasses, humiliates, threatens, or doxes anyone. This also includes responding to such acts with retaliatory harassment (but excludes non-harassing counterspeech).We proactively enforce our Community Guidelines through a mix of technology and human moderation. We have detected this policy violation using automated measures. We have used automated measures in making this decision.",,STATEMENT_CATEGORY_ILLEGAL_OR_HARMFUL_SPEECH,,,,"[""CONTENT_TYPE_TEXT""]",,,"2024-11-23 00:00:00","[""AT"",""BE"",""BG"",""CY"",""CZ"",""DE"",""DK"",""EE"",""ES"",""FI"",""FR"",""GR"",""HR"",""HU"",""IE"",""IT"",""LI"",""LT"",""LU"",""LV"",""MT"",""NL"",""NO"",""PL"",""PT"",""RO"",""SE"",""SI"",""SK""]","2024-11-23 00:00:00","The decision was taken pursuant to own-initiative investigations.",SOURCE_VOLUNTARY,,Yes,AUTOMATED_DECISION_FULLY,TikTok,7440309411693779744,"2024-11-23 03:20:38"
a9d7de79-9d5e-4ef9-a0da-c17f8481bbe1,"[""DECISION_VISIBILITY_CONTENT_AGE_RESTRICTED""]",,,,,,,,,,,DECISION_GROUND_INCOMPATIBLE_CONTENT,,,,"Shocking and Graphic Content","Part of the joy of TikTok is coming across new and unexpected content. But the platform is not a space to intentionally shock, upset, or disgust others. Content is ineligible for the For You feed and harder to find in search if it shows fictional violence, blood, potentially distressing or mildly graphic material, animal genitalia or sexual activity between animals, or if it contains graphic footage of events that are in the public interest to view.We proactively enforce our Community Guidelines through a mix of technology and human moderation. We have detected this policy violation using automated measures.",,STATEMENT_CATEGORY_VIOLENCE,,,,"[""CONTENT_TYPE_VIDEO""]",,,"2024-11-21 00:00:00","[""AT"",""BE"",""BG"",""CY"",""CZ"",""DE"",""DK"",""EE"",""ES"",""FI"",""FR"",""GR"",""HR"",""HU"",""IE"",""IT"",""LI"",""LT"",""LU"",""LV"",""MT"",""NL"",""NO"",""PL"",""PT"",""RO"",""SE"",""SI"",""SK""]","2024-11-23 00:00:00","The decision was taken pursuant to own-initiative investigations.",SOURCE_VOLUNTARY,,Yes,AUTOMATED_DECISION_NOT_AUTOMATED,TikTok,7440309411693796128,"2024-11-23 03:20:40"
7b97814f-03f4-40d5-9a93-fbbcaca3d0e3,"[""DECISION_VISIBILITY_CONTENT_REMOVED""]",,,,,,,,,,,DECISION_GROUND_INCOMPATIBLE_CONTENT,,,,"Harassment and Bullying","We welcome the respectful expression of different viewpoints, but not toxicity or trolling. We do not allow language or behavior that harasses, humiliates, threatens, or doxes anyone. This also includes responding to such acts with retaliatory harassment (but excludes non-harassing counterspeech).We proactively enforce our Community Guidelines through a mix of technology and human moderation. We have detected this policy violation using automated measures. We have used automated measures in making this decision.",,STATEMENT_CATEGORY_ILLEGAL_OR_HARMFUL_SPEECH,,,,"[""CONTENT_TYPE_TEXT""]",,,"2024-11-23 00:00:00","[""AT"",""BE"",""BG"",""CY"",""CZ"",""DE"",""DK"",""EE"",""ES"",""FI"",""FR"",""GR"",""HR"",""HU"",""IE"",""IT"",""LI"",""LT"",""LU"",""LV"",""MT"",""NL"",""NO"",""PL"",""PT"",""RO"",""SE"",""SI"",""SK""]","2024-11-23 00:00:00","The decision was taken pursuant to own-initiative investigations.",SOURCE_VOLUNTARY,,Yes,AUTOMATED_DECISION_FULLY,TikTok,7440309412557789984,"2024-11-23 03:20:40"
62b7f01f-1922-42e8-990e-ea2142cf8c2e,"[""DECISION_VISIBILITY_CONTENT_REMOVED""]",,,,,,,,,,,DECISION_GROUND_INCOMPATIBLE_CONTENT,,,,"Sexually Suggestive Content","We welcome performances and dances where people can creatively express themselves, celebrate their culture, or seek to entertain. We are mindful that certain behaviors related to sexual arousal or suggestiveness may be offensive to some people and may put young people at risk of exploitation. We do not allow seductive performances or allusions to sexual activity by young people, or the use of sexually explicit narratives by anyone.We proactively enforce our Community Guidelines through a mix of technology and human moderation. We have detected this policy violation using automated measures. We have used automated measures in making this decision.",,STATEMENT_CATEGORY_SCOPE_OF_PLATFORM_SERVICE,,,,"[""CONTENT_TYPE_TEXT""]",,,"2024-11-23 00:00:00","[""AT"",""BE"",""BG"",""CY"",""CZ"",""DE"",""DK"",""EE"",""ES"",""FI"",""FR"",""GR"",""HR"",""HU"",""IE"",""IT"",""LI"",""LT"",""LU"",""LV"",""MT"",""NL"",""NO"",""PL"",""PT"",""RO"",""SE"",""SI"",""SK""]","2024-11-23 00:00:00","The decision was taken pursuant to own-initiative investigations.",SOURCE_VOLUNTARY,,Yes,AUTOMATED_DECISION_FULLY,TikTok,7440309411693812512,"2024-11-23 03:20:40"
05366426-f6de-4dff-9de5-35ba27abc330,"[""DECISION_VISIBILITY_CONTENT_REMOVED""]",,,,,,,,,,,DECISION_GROUND_INCOMPATIBLE_CONTENT,,,,"Sexual Exploitation and Gender-Based Violence","We are committed to providing a space that embraces gender equity, supports healthy relationships, and respects intimate privacy. We do not allow sexual exploitation or gender-based violence, including non-consensual sexual acts, image-based sexual abuse, sextortion, physical abuse, and sexual harassment.We proactively enforce our Community Guidelines through a mix of technology and human moderation. We have detected this policy violation using automated measures. We have used automated measures in making this decision.",,STATEMENT_CATEGORY_VIOLENCE,,,,"[""CONTENT_TYPE_TEXT""]",,,"2024-11-23 00:00:00","[""AT"",""BE"",""BG"",""CY"",""CZ"",""DE"",""DK"",""EE"",""ES"",""FI"",""FR"",""GR"",""HR"",""HU"",""IE"",""IT"",""LI"",""LT"",""LU"",""LV"",""MT"",""NL"",""NO"",""PL"",""PT"",""RO"",""SE"",""SI"",""SK""]","2024-11-23 00:00:00","The decision was taken pursuant to own-initiative investigations.",SOURCE_VOLUNTARY,,Yes,AUTOMATED_DECISION_FULLY,TikTok,7440309411693828896,"2024-11-23 03:20:40"
07bf55b4-7041-4f60-9e68-b9d9b43e4678,"[""DECISION_VISIBILITY_OTHER""]","Ad is not eligible for posting.",,,,,,,,,,DECISION_GROUND_INCOMPATIBLE_CONTENT,,,,"Our review indicates that your advertising content may violate TikTok's advertising policies by featuring a product/service which belongs to a prohibited industry of the targeted location(s) in your ad. For more policy details, please refer to ""TikTok Advertising Policies - Industry Entry"" (https://ads.tiktok.com/help/article?aid=6685586866860720134). Our review indicates that your advertising content may violate TikTok's advertising policies by promoting prohibited products or services in the t","Please change the promoted product/service in your ad or change the targeted location(s) in your ad group settings according to our policy. For more policy details, please refer to ""TikTok Advertising Policies - Industry Entry"" (https://ads.tiktok.com/help/article?aid=6685586866860720134). For more policy details, please refer to """"TikTok Advertising Policies - Industry Entry"" (https://ads.tiktok.com/help/article?aid=6685586866860720134).Please change the promoted product/service in your ad or change the targeted location(s) in your ad group settings according to our policy. For more policy details, please refer to ""TikTok Advertising Policies - Industry Entry"" (https://ads.tiktok.com/help/article?aid=6685586866860720134). For more policy details, please refer to """"TikTok Advertising Policies - Industry Entry"" (https://ads.tiktok.com/help/article?aid=6685586866860720134).",,STATEMENT_CATEGORY_SCOPE_OF_PLATFORM_SERVICE,,,,"[""CONTENT_TYPE_VIDEO""]",,,"2024-11-23 00:00:00","[""DE""]","2024-11-23 00:00:00","The decision was taken pursuant to own-initiative investigations.",SOURCE_VOLUNTARY,,Yes,AUTOMATED_DECISION_FULLY,TikTok,7440309422565432097,"2024-11-23 03:20:45"
0119974c-4400-4b6d-a0a6-322d197406da,"[""DECISION_VISIBILITY_CONTENT_REMOVED""]",,,,,,,,,,,DECISION_GROUND_INCOMPATIBLE_CONTENT,,,,"Harassment and Bullying","We welcome the respectful expression of different viewpoints, but not toxicity or trolling. We do not allow language or behavior that harasses, humiliates, threatens, or doxes anyone. This also includes responding to such acts with retaliatory harassment (but excludes non-harassing counterspeech).We proactively enforce our Community Guidelines through a mix of technology and human moderation. We have detected this policy violation using automated measures. We have used automated measures in making this decision.",,STATEMENT_CATEGORY_ILLEGAL_OR_HARMFUL_SPEECH,,,,"[""CONTENT_TYPE_TEXT""]",,,"2024-11-23 00:00:00","[""AT"",""BE"",""BG"",""CY"",""CZ"",""DE"",""DK"",""EE"",""ES"",""FI"",""FR"",""GR"",""HR"",""HU"",""IE"",""IT"",""LI"",""LT"",""LU"",""LV"",""MT"",""NL"",""NO"",""PL"",""PT"",""RO"",""SE"",""SI"",""SK""]","2024-11-23 00:00:00","The decision was taken pursuant to own-initiative investigations.",SOURCE_VOLUNTARY,,Yes,AUTOMATED_DECISION_FULLY,TikTok,7440309412738194209,"2024-11-23 03:20:45"
b7a024cb-1b61-4218-be10-8334a1e5d2c8,"[""DECISION_VISIBILITY_OTHER""]","Ad is not eligible for posting.",,,,,,,,,,DECISION_GROUND_INCOMPATIBLE_CONTENT,,,,"Our review indicates that your advertising content may violate TikTok's advertising policies by featuring a product/service which belongs to a prohibited industry of the targeted location(s) in your ad. For more policy details, please refer to ""TikTok Advertising Policies - Industry Entry"" (https://ads.tiktok.com/help/article?aid=6685586866860720134). Our review indicates that your advertising content may violate TikTok's advertising policies by promoting prohibited products or services in the t","Please change the promoted product/service in your ad or change the targeted location(s) in your ad group settings according to our policy. For more policy details, please refer to ""TikTok Advertising Policies - Industry Entry"" (https://ads.tiktok.com/help/article?aid=6685586866860720134). For more policy details, please refer to """"TikTok Advertising Policies - Industry Entry"" (https://ads.tiktok.com/help/article?aid=6685586866860720134).Please change the promoted product/service in your ad or change the targeted location(s) in your ad group settings according to our policy. For more policy details, please refer to ""TikTok Advertising Policies - Industry Entry"" (https://ads.tiktok.com/help/article?aid=6685586866860720134). For more policy details, please refer to """"TikTok Advertising Policies - Industry Entry"" (https://ads.tiktok.com/help/article?aid=6685586866860720134).",,STATEMENT_CATEGORY_SCOPE_OF_PLATFORM_SERVICE,,,,"[""CONTENT_TYPE_VIDEO""]",,,"2024-11-23 00:00:00","[""DE""]","2024-11-23 00:00:00","The decision was taken pursuant to own-initiative investigations.",SOURCE_VOLUNTARY,,Yes,AUTOMATED_DECISION_FULLY,TikTok,7440309412738210593,"2024-11-23 03:20:45"
ccacf1cc-3582-4eec-984d-26912999ed25,"[""DECISION_VISIBILITY_OTHER""]","Photo not eligible for recommendation in the For You feed, and visibility restricted in search results",,,,,,,,,,DECISION_GROUND_INCOMPATIBLE_CONTENT,,,,"Civic and Election Integrity","We want to enable the informed exchange of civic ideas in a way that fosters productive dialogue. Your video didn’t meet our eligibility standards for the For You Feed. Please review our Community Guidelines for more information.We proactively enforce our Community Guidelines through a mix of technology and human moderation. We have detected this policy violation using automated measures. We have used automated measures in making this decision.",,STATEMENT_CATEGORY_NEGATIVE_EFFECTS_ON_CIVIC_DISCOURSE_OR_ELECTIONS,,,,"[""CONTENT_TYPE_IMAGE""]",,,"2024-11-23 00:00:00","[""AT"",""BE"",""BG"",""CY"",""CZ"",""DE"",""DK"",""EE"",""ES"",""FI"",""FR"",""GR"",""HR"",""HU"",""IE"",""IT"",""LI"",""LT"",""LU"",""LV"",""MT"",""NL"",""NO"",""PL"",""PT"",""RO"",""SE"",""SI"",""SK""]","2024-11-23 00:00:00","The decision was taken pursuant to own-initiative investigations.",SOURCE_VOLUNTARY,,Yes,AUTOMATED_DECISION_FULLY,TikTok,7440309422565448481,"2024-11-23 03:20:45"
14467c90-cba6-4c69-80fe-cba8eea08a51,"[""DECISION_VISIBILITY_CONTENT_REMOVED""]",,,,,,,,,,,DECISION_GROUND_INCOMPATIBLE_CONTENT,,,,"Hate Speech and Hateful Behaviors","TikTok is enriched by the various backgrounds of our community members. Our differences should be respected, rather than a cause for division. We do not allow any hateful behavior, hate speech, or promotion of hateful ideologies. This includes content that attacks a person or group because of protected attributes.We proactively enforce our Community Guidelines through a mix of technology and human moderation. We have detected this policy violation using automated measures. We have used automated measures in making this decision.",,STATEMENT_CATEGORY_ILLEGAL_OR_HARMFUL_SPEECH,,,,"[""CONTENT_TYPE_TEXT""]",,,"2024-11-23 00:00:00","[""AT"",""BE"",""BG"",""CY"",""CZ"",""DE"",""DK"",""EE"",""ES"",""FI"",""FR"",""GR"",""HR"",""HU"",""IE"",""IT"",""LI"",""LT"",""LU"",""LV"",""MT"",""NL"",""NO"",""PL"",""PT"",""RO"",""SE"",""SI"",""SK""]","2024-11-23 00:00:00","The decision was taken pursuant to own-initiative investigations.",SOURCE_VOLUNTARY,,Yes,AUTOMATED_DECISION_FULLY,TikTok,7440309412738226977,"2024-11-23 03:20:45"
ab69e219-1edd-420c-adcc-3db6e006a079,"[""DECISION_VISIBILITY_CONTENT_REMOVED""]",,,,,,,,,,,DECISION_GROUND_INCOMPATIBLE_CONTENT,,,,"Violent Behaviors and Criminal Activities","We recognize that online content related to violence can cause real-world harm. We do not allow any violent threats, incitement to violence, or promotion of criminal activities that may harm people, animals, or property. If there is a specific, credible, and imminent threat to human life or serious physical injury, we will report it to relevant law enforcement authorities.We proactively enforce our Community Guidelines through a mix of technology and human moderation. We have detected this policy violation using automated measures. We have used automated measures in making this decision.",,STATEMENT_CATEGORY_VIOLENCE,,,,"[""CONTENT_TYPE_TEXT""]",,,"2024-11-23 00:00:00","[""AT"",""BE"",""BG"",""CY"",""CZ"",""DE"",""DK"",""EE"",""ES"",""FI"",""FR"",""GR"",""HR"",""HU"",""IE"",""IT"",""LI"",""LT"",""LU"",""LV"",""MT"",""NL"",""NO"",""PL"",""PT"",""RO"",""SE"",""SI"",""SK""]","2024-11-23 00:00:00","The decision was taken pursuant to own-initiative investigations.",SOURCE_VOLUNTARY,,Yes,AUTOMATED_DECISION_FULLY,TikTok,7440309422565464865,"2024-11-23 03:20:45"
188f7d43-7415-4b5e-8bbb-490fa60a3c4a,"[""DECISION_VISIBILITY_OTHER""]","Video not eligible for recommendation in the For You feed",,,,,,,,,,DECISION_GROUND_INCOMPATIBLE_CONTENT,,,,"Alcohol, Tobacco, and Drugs","While adults make personal choices about how they engage with alcohol, drugs, and tobacco, we recognize that there are risks connected to trading and using these substances. Content is ineligible for the For You feed and harder to find in search if it shows adults consuming excessive amounts of alcohol or tobacco products.We proactively enforce our Community Guidelines through a mix of technology and human moderation. We have detected this policy violation using automated measures. We have used automated measures in making this decision.",,STATEMENT_CATEGORY_SCOPE_OF_PLATFORM_SERVICE,,,,"[""CONTENT_TYPE_VIDEO""]",,,"2024-11-23 00:00:00","[""AT"",""BE"",""BG"",""CY"",""CZ"",""DE"",""DK"",""EE"",""ES"",""FI"",""FR"",""GR"",""HR"",""HU"",""IE"",""IT"",""LI"",""LT"",""LU"",""LV"",""MT"",""NL"",""NO"",""PL"",""PT"",""RO"",""SE"",""SI"",""SK""]","2024-11-23 00:00:00","The decision was taken pursuant to own-initiative investigations.",SOURCE_VOLUNTARY,,Yes,AUTOMATED_DECISION_FULLY,TikTok,7440309412738243361,"2024-11-23 03:20:45"
2feccf4f-0116-44ab-87c0-81f13c4dc7dc,"[""DECISION_VISIBILITY_CONTENT_REMOVED""]",,,,,,,,,,,DECISION_GROUND_INCOMPATIBLE_CONTENT,,,,"Harassment and Bullying","We welcome the respectful expression of different viewpoints, but not toxicity or trolling. We do not allow language or behavior that harasses, humiliates, threatens, or doxes anyone. This also includes responding to such acts with retaliatory harassment (but excludes non-harassing counterspeech).We proactively enforce our Community Guidelines through a mix of technology and human moderation. We have detected this policy violation using automated measures. We have used automated measures in making this decision.",,STATEMENT_CATEGORY_ILLEGAL_OR_HARMFUL_SPEECH,,,,"[""CONTENT_TYPE_TEXT""]",,,"2024-11-23 00:00:00","[""AT"",""BE"",""BG"",""CY"",""CZ"",""DE"",""DK"",""EE"",""ES"",""FI"",""FR"",""GR"",""HR"",""HU"",""IE"",""IT"",""LI"",""LT"",""LU"",""LV"",""MT"",""NL"",""NO"",""PL"",""PT"",""RO"",""SE"",""SI"",""SK""]","2024-11-23 00:00:00","The decision was taken pursuant to own-initiative investigations.",SOURCE_VOLUNTARY,,Yes,AUTOMATED_DECISION_FULLY,TikTok,7440309422565481249,"2024-11-23 03:20:45"
c423d8ee-9578-4d7c-b669-da76ff2be190,"[""DECISION_VISIBILITY_OTHER""]","Photo not eligible for recommendation in the For You feed",,,,,,,,,,DECISION_GROUND_INCOMPATIBLE_CONTENT,,,,"Dangerous Activities and Challenges","Most activities or challenges are appropriate for everyone, but some carry a risk of significant injury. Content is ineligible for the For You feed if it involves activities that are likely to lead to moderate physical harm, or includes professionals who are performing extreme sports and stunts that may endanger others.We proactively enforce our Community Guidelines through a mix of technology and human moderation. We have detected this policy violation using automated measures. We have used automated measures in making this decision.",,STATEMENT_CATEGORY_NEGATIVE_EFFECTS_ON_CIVIC_DISCOURSE_OR_ELECTIONS,,,,"[""CONTENT_TYPE_IMAGE""]",,,"2024-11-23 00:00:00","[""AT"",""BE"",""BG"",""CY"",""CZ"",""DE"",""DK"",""EE"",""ES"",""FI"",""FR"",""GR"",""HR"",""HU"",""IE"",""IT"",""LI"",""LT"",""LU"",""LV"",""MT"",""NL"",""NO"",""PL"",""PT"",""RO"",""SE"",""SI"",""SK""]","2024-11-23 00:00:00","The decision was taken pursuant to own-initiative investigations.",SOURCE_VOLUNTARY,,Yes,AUTOMATED_DECISION_FULLY,TikTok,7440309422565497633,"2024-11-23 03:20:45"
98f76621-4d93-4424-bdef-8e215fc98d6e,"[""DECISION_VISIBILITY_OTHER""]","Video not eligible for recommendation in the For You feed, and visibility restricted in search results",,,,,,,,,,DECISION_GROUND_INCOMPATIBLE_CONTENT,,,,"Community Guidelines","We maintain content eligibility standards for the For You feed (FYF) that prioritize safety and are informed by the diversity of our community and cultural norms. We make ineligible for the FYF certain content that may not be appropriate for a broad audience related to: (1) Behavioral Health, (2) Sensitive and Mature Themes, (3) Integrity and Authenticity, and (4) Regulated Goods. Content that is ineligible for the FYF can still be discovered in other ways, such as through search tools or by following an account.We proactively enforce our Community Guidelines through a mix of technology and human moderation. We have detected this policy violation using automated measures.",,STATEMENT_CATEGORY_SCOPE_OF_PLATFORM_SERVICE,,,,"[""CONTENT_TYPE_VIDEO""]",,,"2024-11-20 00:00:00","[""AT"",""BE"",""BG"",""CY"",""CZ"",""DE"",""DK"",""EE"",""ES"",""FI"",""FR"",""GR"",""HR"",""HU"",""IE"",""IT"",""LI"",""LT"",""LU"",""LV"",""MT"",""NL"",""NO"",""PL"",""PT"",""RO"",""SE"",""SI"",""SK""]","2024-11-23 00:00:00","The decision was taken pursuant to own-initiative investigations.",SOURCE_VOLUNTARY,,Yes,AUTOMATED_DECISION_NOT_AUTOMATED,TikTok,7440309412738259745,"2024-11-23 03:20:45"
0b01cb34-5a64-449a-925a-030c8f505cce,"[""DECISION_VISIBILITY_CONTENT_REMOVED""]",,,,,,,,,,,DECISION_GROUND_INCOMPATIBLE_CONTENT,,,,"Harassment and Bullying","We welcome the respectful expression of different viewpoints, but not toxicity or trolling. We do not allow language or behavior that harasses, humiliates, threatens, or doxes anyone. This also includes responding to such acts with retaliatory harassment (but excludes non-harassing counterspeech).We proactively enforce our Community Guidelines through a mix of technology and human moderation. We have detected this policy violation using automated measures. We have used automated measures in making this decision.",,STATEMENT_CATEGORY_ILLEGAL_OR_HARMFUL_SPEECH,,,,"[""CONTENT_TYPE_TEXT""]",,,"2024-11-23 00:00:00","[""AT"",""BE"",""BG"",""CY"",""CZ"",""DE"",""DK"",""EE"",""ES"",""FI"",""FR"",""GR"",""HR"",""HU"",""IE"",""IT"",""LI"",""LT"",""LU"",""LV"",""MT"",""NL"",""NO"",""PL"",""PT"",""RO"",""SE"",""SI"",""SK""]","2024-11-23 00:00:00","The decision was taken pursuant to own-initiative investigations.",SOURCE_VOLUNTARY,,Yes,AUTOMATED_DECISION_FULLY,TikTok,7440309427380427552,"2024-11-23 03:20:45"
f13ec7dc-165c-4aca-b5c8-0e18bc50a534,"[""DECISION_VISIBILITY_OTHER""]","Video not eligible for recommendation in the For You feed, and visibility restricted in search results",,,,,,,,,,DECISION_GROUND_INCOMPATIBLE_CONTENT,,,,"Community Guidelines","We maintain content eligibility standards for the For You feed (FYF) that prioritize safety and are informed by the diversity of our community and cultural norms. We make ineligible for the FYF certain content that may not be appropriate for a broad audience related to: (1) Behavioral Health, (2) Sensitive and Mature Themes, (3) Integrity and Authenticity, and (4) Regulated Goods. Content that is ineligible for the FYF can still be discovered in other ways, such as through search tools or by following an account.We proactively enforce our Community Guidelines through a mix of technology and human moderation. We have detected this policy violation using automated measures.",,STATEMENT_CATEGORY_SCOPE_OF_PLATFORM_SERVICE,,,,"[""CONTENT_TYPE_VIDEO""]",,,"2024-11-20 00:00:00","[""AT"",""BE"",""BG"",""CY"",""CZ"",""DE"",""DK"",""EE"",""ES"",""FI"",""FR"",""GR"",""HR"",""HU"",""IE"",""IT"",""LI"",""LT"",""LU"",""LV"",""MT"",""NL"",""NO"",""PL"",""PT"",""RO"",""SE"",""SI"",""SK""]","2024-11-23 00:00:00","The decision was taken pursuant to own-initiative investigations.",SOURCE_VOLUNTARY,,Yes,AUTOMATED_DECISION_NOT_AUTOMATED,TikTok,7440309427380443936,"2024-11-23 03:20:45"
58ccb68f-20e3-4166-b180-fff30f3645f7,"[""DECISION_VISIBILITY_CONTENT_REMOVED""]",,,,,,,,,,,DECISION_GROUND_INCOMPATIBLE_CONTENT,,,,"Sexual Activity and Services","TikTok is a place where people can come to discuss or learn about sexuality, sex or reproductive health. We are mindful that certain content involving sexuality, sex or reproductive health may not be appropriate for young people, be considered offensive by some, or create the potential for exploitation. We do not allow sexual activity or services, including sex, sexual arousal, fetish and kink behavior, and seeking or offering sexual services.We proactively enforce our Community Guidelines through a mix of technology and human moderation. We have detected this policy violation using automated measures. We have used automated measures in making this decision.",,STATEMENT_CATEGORY_PORNOGRAPHY_OR_SEXUALIZED_CONTENT,,,,"[""CONTENT_TYPE_TEXT""]",,,"2024-11-23 00:00:00","[""AT"",""BE"",""BG"",""CY"",""CZ"",""DE"",""DK"",""EE"",""ES"",""FI"",""FR"",""GR"",""HR"",""HU"",""IE"",""IT"",""LI"",""LT"",""LU"",""LV"",""MT"",""NL"",""NO"",""PL"",""PT"",""RO"",""SE"",""SI"",""SK""]","2024-11-23 00:00:00","The decision was taken pursuant to own-initiative investigations.",SOURCE_VOLUNTARY,,Yes,AUTOMATED_DECISION_FULLY,TikTok,7440309427380460320,"2024-11-23 03:20:45"
922b4e68-dece-4af2-b65c-b912e1041b26,"[""DECISION_VISIBILITY_OTHER""]","Ad is not eligible for posting.",,,,,,,,,,DECISION_GROUND_INCOMPATIBLE_CONTENT,,,,"Our review indicates that your advertising content may violate TikTok's advertising policies by featuring a product/service which belongs to a prohibited industry of the targeted location(s) in your ad. For more policy details, please refer to ""TikTok Advertising Policies - Industry Entry"" (https://ads.tiktok.com/help/article?aid=6685586866860720134). Our review indicates that your advertising content may violate TikTok's advertising policies by promoting prohibited products or services in the t","Please change the promoted product/service in your ad or change the targeted location(s) in your ad group settings according to our policy. For more policy details, please refer to ""TikTok Advertising Policies - Industry Entry"" (https://ads.tiktok.com/help/article?aid=6685586866860720134). For more policy details, please refer to """"TikTok Advertising Policies - Industry Entry"" (https://ads.tiktok.com/help/article?aid=6685586866860720134).Please change the promoted product/service in your ad or change the targeted location(s) in your ad group settings according to our policy. For more policy details, please refer to ""TikTok Advertising Policies - Industry Entry"" (https://ads.tiktok.com/help/article?aid=6685586866860720134). For more policy details, please refer to """"TikTok Advertising Policies - Industry Entry"" (https://ads.tiktok.com/help/article?aid=6685586866860720134).",,STATEMENT_CATEGORY_SCOPE_OF_PLATFORM_SERVICE,,,,"[""CONTENT_TYPE_VIDEO""]",,,"2024-11-23 00:00:00","[""DE""]","2024-11-23 00:00:00","The decision was taken pursuant to own-initiative investigations.",SOURCE_VOLUNTARY,,Yes,AUTOMATED_DECISION_FULLY,TikTok,7440309427380476704,"2024-11-23 03:20:45"
025d38cf-1b43-45e0-99ea-39abaf80530e,"[""DECISION_VISIBILITY_CONTENT_REMOVED""]",,,,,,,,,,,DECISION_GROUND_INCOMPATIBLE_CONTENT,,,,"Harassment and Bullying","We welcome the respectful expression of different viewpoints, but not toxicity or trolling. We do not allow language or behavior that harasses, humiliates, threatens, or doxes anyone. This also includes responding to such acts with retaliatory harassment (but excludes non-harassing counterspeech).We proactively enforce our Community Guidelines through a mix of technology and human moderation. We have detected this policy violation using automated measures. We have used automated measures in making this decision.",,STATEMENT_CATEGORY_ILLEGAL_OR_HARMFUL_SPEECH,,,,"[""CONTENT_TYPE_TEXT""]",,,"2024-11-23 00:00:00","[""AT"",""BE"",""BG"",""CY"",""CZ"",""DE"",""DK"",""EE"",""ES"",""FI"",""FR"",""GR"",""HR"",""HU"",""IE"",""IT"",""LI"",""LT"",""LU"",""LV"",""MT"",""NL"",""NO"",""PL"",""PT"",""RO"",""SE"",""SI"",""SK""]","2024-11-23 00:00:00","The decision was taken pursuant to own-initiative investigations.",SOURCE_VOLUNTARY,,Yes,AUTOMATED_DECISION_FULLY,TikTok,7440309433739008801,"2024-11-23 03:20:47"
01b0124f-60ce-4ed1-a0d9-9fd913b66904,"[""DECISION_VISIBILITY_CONTENT_REMOVED""]",,,,,,,,,,,DECISION_GROUND_INCOMPATIBLE_CONTENT,,,,"Harassment and Bullying","We welcome the respectful expression of different viewpoints, but not toxicity or trolling. We do not allow language or behavior that harasses, humiliates, threatens, or doxes anyone. This also includes responding to such acts with retaliatory harassment (but excludes non-harassing counterspeech).We proactively enforce our Community Guidelines through a mix of technology and human moderation. We have detected this policy violation using automated measures. We have used automated measures in making this decision.",,STATEMENT_CATEGORY_ILLEGAL_OR_HARMFUL_SPEECH,,,,"[""CONTENT_TYPE_TEXT""]",,,"2024-11-23 00:00:00","[""AT"",""BE"",""BG"",""CY"",""CZ"",""DE"",""DK"",""EE"",""ES"",""FI"",""FR"",""GR"",""HR"",""HU"",""IE"",""IT"",""LI"",""LT"",""LU"",""LV"",""MT"",""NL"",""NO"",""PL"",""PT"",""RO"",""SE"",""SI"",""SK""]","2024-11-23 00:00:00","The decision was taken pursuant to own-initiative investigations.",SOURCE_VOLUNTARY,,Yes,AUTOMATED_DECISION_FULLY,TikTok,7440309427380493088,"2024-11-23 03:20:47"
1478a274-55b9-46fd-98f9-705f46114502,"[""DECISION_VISIBILITY_CONTENT_REMOVED""]",,,,,,,,,,,DECISION_GROUND_INCOMPATIBLE_CONTENT,,,,"Hate Speech and Hateful Behaviors","TikTok is enriched by the various backgrounds of our community members. Our differences should be respected, rather than a cause for division. We do not allow any hateful behavior, hate speech, or promotion of hateful ideologies. This includes content that attacks a person or group because of protected attributes.We proactively enforce our Community Guidelines through a mix of technology and human moderation. We have detected this policy violation using automated measures. We have used automated measures in making this decision.",,STATEMENT_CATEGORY_ILLEGAL_OR_HARMFUL_SPEECH,,,,"[""CONTENT_TYPE_TEXT""]",,,"2024-11-23 00:00:00","[""AT"",""BE"",""BG"",""CY"",""CZ"",""DE"",""DK"",""EE"",""ES"",""FI"",""FR"",""GR"",""HR"",""HU"",""IE"",""IT"",""LI"",""LT"",""LU"",""LV"",""MT"",""NL"",""NO"",""PL"",""PT"",""RO"",""SE"",""SI"",""SK""]","2024-11-23 00:00:00","The decision was taken pursuant to own-initiative investigations.",SOURCE_VOLUNTARY,,Yes,AUTOMATED_DECISION_FULLY,TikTok,7440309433739025185,"2024-11-23 03:20:47"
d340ab68-8af0-47f9-a39b-d1fa01ee5821,"[""DECISION_VISIBILITY_CONTENT_REMOVED""]",,,,,,,,,,,DECISION_GROUND_INCOMPATIBLE_CONTENT,,,,"Hate Speech and Hateful Behaviors","TikTok is enriched by the various backgrounds of our community members. Our differences should be respected, rather than a cause for division. We do not allow any hateful behavior, hate speech, or promotion of hateful ideologies. This includes content that attacks a person or group because of protected attributes.We proactively enforce our Community Guidelines through a mix of technology and human moderation. We have detected this policy violation using automated measures. We have used automated measures in making this decision.",,STATEMENT_CATEGORY_ILLEGAL_OR_HARMFUL_SPEECH,,,,"[""CONTENT_TYPE_TEXT""]",,,"2024-11-23 00:00:00","[""AT"",""BE"",""BG"",""CY"",""CZ"",""DE"",""DK"",""EE"",""ES"",""FI"",""FR"",""GR"",""HR"",""HU"",""IE"",""IT"",""LI"",""LT"",""LU"",""LV"",""MT"",""NL"",""NO"",""PL"",""PT"",""RO"",""SE"",""SI"",""SK""]","2024-11-23 00:00:00","The decision was taken pursuant to own-initiative investigations.",SOURCE_VOLUNTARY,,Yes,AUTOMATED_DECISION_FULLY,TikTok,7440309433739041569,"2024-11-23 03:20:47"
5a5f5613-dfe4-4df6-b7ce-b91439185cf6,"[""DECISION_VISIBILITY_CONTENT_REMOVED""]",,,,,,,,,,,DECISION_GROUND_INCOMPATIBLE_CONTENT,,,,"Harassment and Bullying","We welcome the respectful expression of different viewpoints, but not toxicity or trolling. We do not allow language or behavior that harasses, humiliates, threatens, or doxes anyone. This also includes responding to such acts with retaliatory harassment (but excludes non-harassing counterspeech).We proactively enforce our Community Guidelines through a mix of technology and human moderation. We have detected this policy violation using automated measures. We have used automated measures in making this decision.",,STATEMENT_CATEGORY_ILLEGAL_OR_HARMFUL_SPEECH,,,,"[""CONTENT_TYPE_TEXT""]",,,"2024-11-23 00:00:00","[""AT"",""BE"",""BG"",""CY"",""CZ"",""DE"",""DK"",""EE"",""ES"",""FI"",""FR"",""GR"",""HR"",""HU"",""IE"",""IT"",""LI"",""LT"",""LU"",""LV"",""MT"",""NL"",""NO"",""PL"",""PT"",""RO"",""SE"",""SI"",""SK""]","2024-11-23 00:00:00","The decision was taken pursuant to own-initiative investigations.",SOURCE_VOLUNTARY,,Yes,AUTOMATED_DECISION_FULLY,TikTok,7440309433739057953,"2024-11-23 03:20:47"
a7102f2e-418b-4b7a-be0b-29a83b391b77,"[""DECISION_VISIBILITY_OTHER""]","Video not eligible for recommendation in the For You feed, and visibility restricted in search results",,,,,,,,,,DECISION_GROUND_INCOMPATIBLE_CONTENT,,,,"Community Guidelines","We maintain content eligibility standards for the For You feed (FYF) that prioritize safety and are informed by the diversity of our community and cultural norms. We make ineligible for the FYF certain content that may not be appropriate for a broad audience related to: (1) Behavioral Health, (2) Sensitive and Mature Themes, (3) Integrity and Authenticity, and (4) Regulated Goods. Content that is ineligible for the FYF can still be discovered in other ways, such as through search tools or by following an account.We proactively enforce our Community Guidelines through a mix of technology and human moderation. We have detected this policy violation using automated measures.",,STATEMENT_CATEGORY_SCOPE_OF_PLATFORM_SERVICE,,,,"[""CONTENT_TYPE_VIDEO""]",,,"2024-10-27 00:00:00","[""AT"",""BE"",""BG"",""CY"",""CZ"",""DE"",""DK"",""EE"",""ES"",""FI"",""FR"",""GR"",""HR"",""HU"",""IE"",""IT"",""LI"",""LT"",""LU"",""LV"",""MT"",""NL"",""NO"",""PL"",""PT"",""RO"",""SE"",""SI"",""SK""]","2024-11-23 00:00:00","The decision was taken pursuant to own-initiative investigations.",SOURCE_VOLUNTARY,,Yes,AUTOMATED_DECISION_NOT_AUTOMATED,TikTok,7440309427380509472,"2024-11-23 03:20:47"
012e9491-deac-451f-a9ca-849c0215f5d2,"[""DECISION_VISIBILITY_CONTENT_REMOVED""]",,,,,,,,,,,DECISION_GROUND_INCOMPATIBLE_CONTENT,,,,"Harassment and Bullying","We welcome the respectful expression of different viewpoints, but not toxicity or trolling. We do not allow language or behavior that harasses, humiliates, threatens, or doxes anyone. This also includes responding to such acts with retaliatory harassment (but excludes non-harassing counterspeech).We proactively enforce our Community Guidelines through a mix of technology and human moderation. We have detected this policy violation using automated measures. We have used automated measures in making this decision.",,STATEMENT_CATEGORY_ILLEGAL_OR_HARMFUL_SPEECH,,,,"[""CONTENT_TYPE_TEXT""]",,,"2024-11-23 00:00:00","[""AT"",""BE"",""BG"",""CY"",""CZ"",""DE"",""DK"",""EE"",""ES"",""FI"",""FR"",""GR"",""HR"",""HU"",""IE"",""IT"",""LI"",""LT"",""LU"",""LV"",""MT"",""NL"",""NO"",""PL"",""PT"",""RO"",""SE"",""SI"",""SK""]","2024-11-23 00:00:00","The decision was taken pursuant to own-initiative investigations.",SOURCE_VOLUNTARY,,Yes,AUTOMATED_DECISION_FULLY,TikTok,7440309427380525856,"2024-11-23 03:20:47"
43afa10f-d564-4d0f-8d09-441aa6cc813e,"[""DECISION_VISIBILITY_OTHER""]","Photo not eligible for recommendation in the For You feed",,,,,,,,,,DECISION_GROUND_INCOMPATIBLE_CONTENT,,,,"Dangerous Activities and Challenges","Most activities or challenges are appropriate for everyone, but some carry a risk of significant injury. Content is ineligible for the For You feed if it involves activities that are likely to lead to moderate physical harm, or includes professionals who are performing extreme sports and stunts that may endanger others.We proactively enforce our Community Guidelines through a mix of technology and human moderation. We have detected this policy violation using automated measures. We have used automated measures in making this decision.",,STATEMENT_CATEGORY_NEGATIVE_EFFECTS_ON_CIVIC_DISCOURSE_OR_ELECTIONS,,,,"[""CONTENT_TYPE_IMAGE""]",,,"2024-11-23 00:00:00","[""AT"",""BE"",""BG"",""CY"",""CZ"",""DE"",""DK"",""EE"",""ES"",""FI"",""FR"",""GR"",""HR"",""HU"",""IE"",""IT"",""LI"",""LT"",""LU"",""LV"",""MT"",""NL"",""NO"",""PL"",""PT"",""RO"",""SE"",""SI"",""SK""]","2024-11-23 00:00:00","The decision was taken pursuant to own-initiative investigations.",SOURCE_VOLUNTARY,,Yes,AUTOMATED_DECISION_FULLY,TikTok,7440309433739074337,"2024-11-23 03:20:47"
0623e7fb-5d97-4551-8632-6446417a4bdb,"[""DECISION_VISIBILITY_CONTENT_REMOVED""]",,,,,,,,,,,DECISION_GROUND_INCOMPATIBLE_CONTENT,,,,"Sexually Suggestive Content","We welcome performances and dances where people can creatively express themselves, celebrate their culture, or seek to entertain. We are mindful that certain behaviors related to sexual arousal or suggestiveness may be offensive to some people and may put young people at risk of exploitation. We do not allow seductive performances or allusions to sexual activity by young people, or the use of sexually explicit narratives by anyone.We proactively enforce our Community Guidelines through a mix of technology and human moderation. We have detected this policy violation using automated measures.",,STATEMENT_CATEGORY_SCOPE_OF_PLATFORM_SERVICE,,,,"[""CONTENT_TYPE_VIDEO""]",,,"2024-11-17 00:00:00","[""AT"",""BE"",""BG"",""CY"",""CZ"",""DE"",""DK"",""EE"",""ES"",""FI"",""FR"",""GR"",""HR"",""HU"",""IE"",""IT"",""LI"",""LT"",""LU"",""LV"",""MT"",""NL"",""NO"",""PL"",""PT"",""RO"",""SE"",""SI"",""SK""]","2024-11-23 00:00:00","The decision was taken pursuant to own-initiative investigations.",SOURCE_VOLUNTARY,,Yes,AUTOMATED_DECISION_NOT_AUTOMATED,TikTok,7440309427380542240,"2024-11-23 03:20:47"
0dd4ab04-65e1-494a-b16d-3a56b28d6773,"[""DECISION_VISIBILITY_OTHER""]","Video not eligible for recommendation in the For You feed",,,,,,,,,,DECISION_GROUND_INCOMPATIBLE_CONTENT,,,,"Community Guidelines","We maintain content eligibility standards for the For You feed (FYF) that prioritize safety and are informed by the diversity of our community and cultural norms. We make ineligible for the FYF certain content that may not be appropriate for a broad audience related to: (1) Behavioral Health, (2) Sensitive and Mature Themes, (3) Integrity and Authenticity, and (4) Regulated Goods. Content that is ineligible for the FYF can still be discovered in other ways, such as through search tools or by following an account.We proactively enforce our Community Guidelines through a mix of technology and human moderation. We have detected this policy violation using automated measures. We have used automated measures in making this decision.",,STATEMENT_CATEGORY_SCOPE_OF_PLATFORM_SERVICE,,,,"[""CONTENT_TYPE_VIDEO""]",,,"2024-11-23 00:00:00","[""AT"",""BE"",""BG"",""CY"",""CZ"",""DE"",""DK"",""EE"",""ES"",""FI"",""FR"",""GR"",""HR"",""HU"",""IE"",""IT"",""LI"",""LT"",""LU"",""LV"",""MT"",""NL"",""NO"",""PL"",""PT"",""RO"",""SE"",""SI"",""SK""]","2024-11-23 00:00:00","The decision was taken pursuant to own-initiative investigations.",SOURCE_VOLUNTARY,,Yes,AUTOMATED_DECISION_FULLY,TikTok,7440309433739090721,"2024-11-23 03:20:47"
c60cae8b-9f9c-495e-9eb1-3f2e8fe5110e,"[""DECISION_VISIBILITY_CONTENT_REMOVED""]",,,,,,,,,,,DECISION_GROUND_INCOMPATIBLE_CONTENT,,,,"Harassment and Bullying","We welcome the respectful expression of different viewpoints, but not toxicity or trolling. We do not allow language or behavior that harasses, humiliates, threatens, or doxes anyone. This also includes responding to such acts with retaliatory harassment (but excludes non-harassing counterspeech).We proactively enforce our Community Guidelines through a mix of technology and human moderation. We have detected this policy violation using automated measures. We have used automated measures in making this decision.",,STATEMENT_CATEGORY_ILLEGAL_OR_HARMFUL_SPEECH,,,,"[""CONTENT_TYPE_TEXT""]",,,"2024-11-23 00:00:00","[""AT"",""BE"",""BG"",""CY"",""CZ"",""DE"",""DK"",""EE"",""ES"",""FI"",""FR"",""GR"",""HR"",""HU"",""IE"",""IT"",""LI"",""LT"",""LU"",""LV"",""MT"",""NL"",""NO"",""PL"",""PT"",""RO"",""SE"",""SI"",""SK""]","2024-11-23 00:00:00","The decision was taken pursuant to own-initiative investigations.",SOURCE_VOLUNTARY,,Yes,AUTOMATED_DECISION_FULLY,TikTok,7440309427380558624,"2024-11-23 03:20:47"
e013e71f-4575-4eb7-935d-253b275cc865,"[""DECISION_VISIBILITY_OTHER""]","Video not eligible for recommendation in the For You feed",,,,,,,,,,DECISION_GROUND_INCOMPATIBLE_CONTENT,,,,"Community Guidelines","Your content is against our Community Guidelines. The guidelines include rules and standards for using TikTok that apply to everyone and everything on our platform.We proactively enforce our Community Guidelines through a mix of technology and human moderation. We have detected this policy violation using automated measures. We have used automated measures in making this decision.",,STATEMENT_CATEGORY_SCOPE_OF_PLATFORM_SERVICE,,,,"[""CONTENT_TYPE_OTHER""]","Video Sticker",,"2024-11-23 00:00:00","[""AT"",""BE"",""BG"",""CY"",""CZ"",""DE"",""DK"",""EE"",""ES"",""FI"",""FR"",""GR"",""HR"",""HU"",""IE"",""IT"",""LI"",""LT"",""LU"",""LV"",""MT"",""NL"",""NO"",""PL"",""PT"",""RO"",""SE"",""SI"",""SK""]","2024-11-23 00:00:00","The decision was taken pursuant to own-initiative investigations.",SOURCE_VOLUNTARY,,Yes,AUTOMATED_DECISION_FULLY,TikTok,7440309445751479072,"2024-11-23 03:20:48"
98c76e4b-fb1e-4c0f-8dd7-065479cf4520,"[""DECISION_VISIBILITY_OTHER""]","Photo not eligible for recommendation in the For You feed",,,,,,,,,,DECISION_GROUND_INCOMPATIBLE_CONTENT,,,,"Dangerous Activities and Challenges","Most activities or challenges are appropriate for everyone, but some carry a risk of significant injury. Content is ineligible for the For You feed if it involves activities that are likely to lead to moderate physical harm, or includes professionals who are performing extreme sports and stunts that may endanger others.We proactively enforce our Community Guidelines through a mix of technology and human moderation. We have detected this policy violation using automated measures. We have used automated measures in making this decision.",,STATEMENT_CATEGORY_NEGATIVE_EFFECTS_ON_CIVIC_DISCOURSE_OR_ELECTIONS,,,,"[""CONTENT_TYPE_IMAGE""]",,,"2024-11-23 00:00:00","[""AT"",""BE"",""BG"",""CY"",""CZ"",""DE"",""DK"",""EE"",""ES"",""FI"",""FR"",""GR"",""HR"",""HU"",""IE"",""IT"",""LI"",""LT"",""LU"",""LV"",""MT"",""NL"",""NO"",""PL"",""PT"",""RO"",""SE"",""SI"",""SK""]","2024-11-23 00:00:00","The decision was taken pursuant to own-initiative investigations.",SOURCE_VOLUNTARY,,Yes,AUTOMATED_DECISION_FULLY,TikTok,7440309433739139873,"2024-11-23 03:20:48"
a873e4ca-2a15-4bb3-a76a-89c1c111974e,"[""DECISION_VISIBILITY_CONTENT_REMOVED""]",,,,,,,,,,,DECISION_GROUND_INCOMPATIBLE_CONTENT,,,,"Harassment and Bullying","We welcome the respectful expression of different viewpoints, but not toxicity or trolling. We do not allow language or behavior that harasses, humiliates, threatens, or doxes anyone. This also includes responding to such acts with retaliatory harassment (but excludes non-harassing counterspeech).We proactively enforce our Community Guidelines through a mix of technology and human moderation. We have detected this policy violation using automated measures. We have used automated measures in making this decision.",,STATEMENT_CATEGORY_ILLEGAL_OR_HARMFUL_SPEECH,,,,"[""CONTENT_TYPE_TEXT""]",,,"2024-11-23 00:00:00","[""AT"",""BE"",""BG"",""CY"",""CZ"",""DE"",""DK"",""EE"",""ES"",""FI"",""FR"",""GR"",""HR"",""HU"",""IE"",""IT"",""LI"",""LT"",""LU"",""LV"",""MT"",""NL"",""NO"",""PL"",""PT"",""RO"",""SE"",""SI"",""SK""]","2024-11-23 00:00:00","The decision was taken pursuant to own-initiative investigations.",SOURCE_VOLUNTARY,,Yes,AUTOMATED_DECISION_FULLY,TikTok,7440309447504698145,"2024-11-23 03:20:48"
f4153e8a-7e54-405f-bcbb-f2630893a1ce,"[""DECISION_VISIBILITY_CONTENT_REMOVED""]",,,,,,,,,,,DECISION_GROUND_INCOMPATIBLE_CONTENT,,,,"Sexual Exploitation and Gender-Based Violence","We are committed to providing a space that embraces gender equity, supports healthy relationships, and respects intimate privacy. We do not allow sexual exploitation or gender-based violence, including non-consensual sexual acts, image-based sexual abuse, sextortion, physical abuse, and sexual harassment.We proactively enforce our Community Guidelines through a mix of technology and human moderation. We have detected this policy violation using automated measures. We have used automated measures in making this decision.",,STATEMENT_CATEGORY_VIOLENCE,,,,"[""CONTENT_TYPE_TEXT""]",,,"2024-11-23 00:00:00","[""AT"",""BE"",""BG"",""CY"",""CZ"",""DE"",""DK"",""EE"",""ES"",""FI"",""FR"",""GR"",""HR"",""HU"",""IE"",""IT"",""LI"",""LT"",""LU"",""LV"",""MT"",""NL"",""NO"",""PL"",""PT"",""RO"",""SE"",""SI"",""SK""]","2024-11-23 00:00:00","The decision was taken pursuant to own-initiative investigations.",SOURCE_VOLUNTARY,,Yes,AUTOMATED_DECISION_FULLY,TikTok,7440309445751495456,"2024-11-23 03:20:48"
8ce1285e-212e-47c3-a498-83e4be185168,"[""DECISION_VISIBILITY_CONTENT_REMOVED""]",,,,,,,,,,,DECISION_GROUND_INCOMPATIBLE_CONTENT,,,,"Frauds and Scams","We want people to be able to use our platform to learn about ways to be financially responsible and consider economic transactions or investment opportunities, without worrying about scams or financial exploitation. We do not allow attempts to defraud or scam members of our community.We proactively enforce our Community Guidelines through a mix of technology and human moderation. We have detected this policy violation using automated measures.",,STATEMENT_CATEGORY_SCAMS_AND_FRAUD,,,,"[""CONTENT_TYPE_VIDEO""]",,,"2024-11-22 00:00:00","[""AT"",""BE"",""BG"",""CY"",""CZ"",""DE"",""DK"",""EE"",""ES"",""FI"",""FR"",""GR"",""HR"",""HU"",""IE"",""IT"",""LI"",""LT"",""LU"",""LV"",""MT"",""NL"",""NO"",""PL"",""PT"",""RO"",""SE"",""SI"",""SK""]","2024-11-23 00:00:00","The decision was taken pursuant to own-initiative investigations.",SOURCE_VOLUNTARY,,Yes,AUTOMATED_DECISION_NOT_AUTOMATED,TikTok,7440309447504714529,"2024-11-23 03:20:48"
e33579a8-a5a0-49bb-a93e-97b7753bfc0b,"[""DECISION_VISIBILITY_CONTENT_AGE_RESTRICTED""]",,,,,,,,,,,DECISION_GROUND_INCOMPATIBLE_CONTENT,,,,"Minimum Age Requirement","Users must be 13 years and older to have a TikTok account. We are deeply committed to ensuring that TikTok is a safe and positive experience for people under the age of 18. This starts by being old enough to use TikTok. If we learn someone is below the minimum age on TikTok, we will ban that account. Content created by anyone under 16 is ineligible for the For You feed and harder to find in search.We proactively enforce our Community Guidelines through a mix of technology and human moderation. We have detected this policy violation using automated measures.",,STATEMENT_CATEGORY_PROTECTION_OF_MINORS,,,,"[""CONTENT_TYPE_VIDEO""]",,,"2024-11-22 00:00:00","[""AT"",""BE"",""BG"",""CY"",""CZ"",""DE"",""DK"",""EE"",""ES"",""FI"",""FR"",""GR"",""HR"",""HU"",""IE"",""IT"",""LI"",""LT"",""LU"",""LV"",""MT"",""NL"",""NO"",""PL"",""PT"",""RO"",""SE"",""SI"",""SK""]","2024-11-23 00:00:00","The decision was taken pursuant to own-initiative investigations.",SOURCE_VOLUNTARY,,Yes,AUTOMATED_DECISION_NOT_AUTOMATED,TikTok,7440309447504730913,"2024-11-23 03:20:48"
b7529c05-4b9c-434f-a597-b71013d2d10d,,,,,,,,,DECISION_ACCOUNT_TERMINATED,,,DECISION_GROUND_INCOMPATIBLE_CONTENT,,,,"Community Guidelines Violations","Your account was permanently banned because of multiple policy violations.",,STATEMENT_CATEGORY_SCOPE_OF_PLATFORM_SERVICE,,,,"[""CONTENT_TYPE_OTHER""]","Account Ban",,"2024-11-22 00:00:00","[""AT"",""BE"",""BG"",""CY"",""CZ"",""DE"",""DK"",""EE"",""ES"",""FI"",""FR"",""GR"",""HR"",""HU"",""IE"",""IT"",""LI"",""LT"",""LU"",""LV"",""MT"",""NL"",""NO"",""PL"",""PT"",""RO"",""SE"",""SI"",""SK""]","2024-11-23 00:00:00","The decision was taken pursuant to own-initiative investigations",SOURCE_VOLUNTARY,,No,AUTOMATED_DECISION_NOT_AUTOMATED,TikTok,7440309445751511840,"2024-11-23 03:20:48"
9c842d6e-b613-4d71-8217-843abacd8d57,"[""DECISION_VISIBILITY_CONTENT_REMOVED""]",,,,,,,,,,,DECISION_GROUND_INCOMPATIBLE_CONTENT,,,,"Harassment and Bullying","We welcome the respectful expression of different viewpoints, but not toxicity or trolling. We do not allow language or behavior that harasses, humiliates, threatens, or doxes anyone. This also includes responding to such acts with retaliatory harassment (but excludes non-harassing counterspeech).We proactively enforce our Community Guidelines through a mix of technology and human moderation. We have detected this policy violation using automated measures. We have used automated measures in making this decision.",,STATEMENT_CATEGORY_ILLEGAL_OR_HARMFUL_SPEECH,,,,"[""CONTENT_TYPE_TEXT""]",,,"2024-11-23 00:00:00","[""AT"",""BE"",""BG"",""CY"",""CZ"",""DE"",""DK"",""EE"",""ES"",""FI"",""FR"",""GR"",""HR"",""HU"",""IE"",""IT"",""LI"",""LT"",""LU"",""LV"",""MT"",""NL"",""NO"",""PL"",""PT"",""RO"",""SE"",""SI"",""SK""]","2024-11-23 00:00:00","The decision was taken pursuant to own-initiative investigations.",SOURCE_VOLUNTARY,,Yes,AUTOMATED_DECISION_FULLY,TikTok,7440309445751528224,"2024-11-23 03:20:48"
b450d78e-813a-4226-828f-b3d7ade83475,"[""DECISION_VISIBILITY_CONTENT_REMOVED""]",,,,,,,,,,,DECISION_GROUND_INCOMPATIBLE_CONTENT,,,,"Harassment and Bullying","We welcome the respectful expression of different viewpoints, but not toxicity or trolling. We do not allow language or behavior that harasses, humiliates, threatens, or doxes anyone. This also includes responding to such acts with retaliatory harassment (but excludes non-harassing counterspeech).We proactively enforce our Community Guidelines through a mix of technology and human moderation. We have detected this policy violation using automated measures. We have used automated measures in making this decision.",,STATEMENT_CATEGORY_ILLEGAL_OR_HARMFUL_SPEECH,,,,"[""CONTENT_TYPE_TEXT""]",,,"2024-11-23 00:00:00","[""AT"",""BE"",""BG"",""CY"",""CZ"",""DE"",""DK"",""EE"",""ES"",""FI"",""FR"",""GR"",""HR"",""HU"",""IE"",""IT"",""LI"",""LT"",""LU"",""LV"",""MT"",""NL"",""NO"",""PL"",""PT"",""RO"",""SE"",""SI"",""SK""]","2024-11-23 00:00:00","The decision was taken pursuant to own-initiative investigations.",SOURCE_VOLUNTARY,,Yes,AUTOMATED_DECISION_FULLY,TikTok,7440309445751544608,"2024-11-23 03:20:48"
f4a4dbf7-bbc3-47fb-90d1-48137b11db4d,"[""DECISION_VISIBILITY_CONTENT_REMOVED""]",,,,,,,,,,,DECISION_GROUND_INCOMPATIBLE_CONTENT,,,,"Hate Speech and Hateful Behaviors","TikTok is enriched by the various backgrounds of our community members. Our differences should be respected, rather than a cause for division. We do not allow any hateful behavior, hate speech, or promotion of hateful ideologies. This includes content that attacks a person or group because of protected attributes.We proactively enforce our Community Guidelines through a mix of technology and human moderation. We have detected this policy violation using automated measures. We have used automated measures in making this decision.",,STATEMENT_CATEGORY_ILLEGAL_OR_HARMFUL_SPEECH,,,,"[""CONTENT_TYPE_TEXT""]",,,"2024-11-23 00:00:00","[""AT"",""BE"",""BG"",""CY"",""CZ"",""DE"",""DK"",""EE"",""ES"",""FI"",""FR"",""GR"",""HR"",""HU"",""IE"",""IT"",""LI"",""LT"",""LU"",""LV"",""MT"",""NL"",""NO"",""PL"",""PT"",""RO"",""SE"",""SI"",""SK""]","2024-11-23 00:00:00","The decision was taken pursuant to own-initiative investigations.",SOURCE_VOLUNTARY,,Yes,AUTOMATED_DECISION_FULLY,TikTok,7440309447504763681,"2024-11-23 03:20:51"
74405f4c-99e1-4094-8426-c773500da6c0,"[""DECISION_VISIBILITY_CONTENT_REMOVED""]",,,,,,,,,,,DECISION_GROUND_INCOMPATIBLE_CONTENT,,,,"Frauds and Scams","We want people to be able to use our platform to learn about ways to be financially responsible and consider economic transactions or investment opportunities, without worrying about scams or financial exploitation. We do not allow attempts to defraud or scam members of our community.We proactively enforce our Community Guidelines through a mix of technology and human moderation. We have detected this policy violation using automated measures.",,STATEMENT_CATEGORY_SCAMS_AND_FRAUD,,,,"[""CONTENT_TYPE_VIDEO""]",,,"2024-11-19 00:00:00","[""AT"",""BE"",""BG"",""CY"",""CZ"",""DE"",""DK"",""EE"",""ES"",""FI"",""FR"",""GR"",""HR"",""HU"",""IE"",""IT"",""LI"",""LT"",""LU"",""LV"",""MT"",""NL"",""NO"",""PL"",""PT"",""RO"",""SE"",""SI"",""SK""]","2024-11-23 00:00:00","The decision was taken pursuant to own-initiative investigations.",SOURCE_VOLUNTARY,,Yes,AUTOMATED_DECISION_NOT_AUTOMATED,TikTok,7440309447504780065,"2024-11-23 03:20:51"
59e36f4b-de00-4c40-9e64-0c40ef442ac2,"[""DECISION_VISIBILITY_CONTENT_REMOVED""]",,,,,,,,,,,DECISION_GROUND_INCOMPATIBLE_CONTENT,,,,"Community Guidelines","Your content is against our Community Guidelines. The guidelines include rules and standards for using TikTok that apply to everyone and everything on our platform.We proactively enforce our Community Guidelines through a mix of technology and human moderation. We have detected this policy violation using automated measures.",,STATEMENT_CATEGORY_SCOPE_OF_PLATFORM_SERVICE,,,,"[""CONTENT_TYPE_VIDEO""]",,,"2024-11-21 00:00:00","[""AT"",""BE"",""BG"",""CY"",""CZ"",""DE"",""DK"",""EE"",""ES"",""FI"",""FR"",""GR"",""HR"",""HU"",""IE"",""IT"",""LI"",""LT"",""LU"",""LV"",""MT"",""NL"",""NO"",""PL"",""PT"",""RO"",""SE"",""SI"",""SK""]","2024-11-23 00:00:00","The decision was taken pursuant to own-initiative investigations.",SOURCE_VOLUNTARY,,Yes,AUTOMATED_DECISION_NOT_AUTOMATED,TikTok,7440309445751610144,"2024-11-23 03:20:51"
6f69f130-82cf-4ff2-ab86-af35a652369e,"[""DECISION_VISIBILITY_CONTENT_REMOVED""]",,,,,,,,,,,DECISION_GROUND_INCOMPATIBLE_CONTENT,,,,"Frauds and Scams","We want people to be able to use our platform to learn about ways to be financially responsible and consider economic transactions or investment opportunities, without worrying about scams or financial exploitation. We do not allow attempts to defraud or scam members of our community.We proactively enforce our Community Guidelines through a mix of technology and human moderation. We have detected this policy violation using automated measures.",,STATEMENT_CATEGORY_SCAMS_AND_FRAUD,,,,"[""CONTENT_TYPE_VIDEO""]",,,"2024-11-19 00:00:00","[""AT"",""BE"",""BG"",""CY"",""CZ"",""DE"",""DK"",""EE"",""ES"",""FI"",""FR"",""GR"",""HR"",""HU"",""IE"",""IT"",""LI"",""LT"",""LU"",""LV"",""MT"",""NL"",""NO"",""PL"",""PT"",""RO"",""SE"",""SI"",""SK""]","2024-11-23 00:00:00","The decision was taken pursuant to own-initiative investigations.",SOURCE_VOLUNTARY,,Yes,AUTOMATED_DECISION_NOT_AUTOMATED,TikTok,7440309445751626528,"2024-11-23 03:20:51"
e3d184f4-bfbd-4168-ae62-fe220bbd58ce,"[""DECISION_VISIBILITY_CONTENT_REMOVED""]",,,,,,,,,,,DECISION_GROUND_INCOMPATIBLE_CONTENT,,,,"Frauds and Scams","We want people to be able to use our platform to learn about ways to be financially responsible and consider economic transactions or investment opportunities, without worrying about scams or financial exploitation. We do not allow attempts to defraud or scam members of our community.We proactively enforce our Community Guidelines through a mix of technology and human moderation. We have detected this policy violation using automated measures.",,STATEMENT_CATEGORY_SCAMS_AND_FRAUD,,,,"[""CONTENT_TYPE_VIDEO""]",,,"2024-11-19 00:00:00","[""AT"",""BE"",""BG"",""CY"",""CZ"",""DE"",""DK"",""EE"",""ES"",""FI"",""FR"",""GR"",""HR"",""HU"",""IE"",""IT"",""LI"",""LT"",""LU"",""LV"",""MT"",""NL"",""NO"",""PL"",""PT"",""RO"",""SE"",""SI"",""SK""]","2024-11-23 00:00:00","The decision was taken pursuant to own-initiative investigations.",SOURCE_VOLUNTARY,,Yes,AUTOMATED_DECISION_NOT_AUTOMATED,TikTok,7440309447504796449,"2024-11-23 03:20:51"
003a4d78-9d3d-4370-872f-38b69ebb5ee2,"[""DECISION_VISIBILITY_CONTENT_REMOVED""]",,,,,,,,,,,DECISION_GROUND_INCOMPATIBLE_CONTENT,,,,"Hate Speech and Hateful Behaviors","TikTok is enriched by the various backgrounds of our community members. Our differences should be respected, rather than a cause for division. We do not allow any hateful behavior, hate speech, or promotion of hateful ideologies. This includes content that attacks a person or group because of protected attributes.We proactively enforce our Community Guidelines through a mix of technology and human moderation. We have detected this policy violation using automated measures. We have used automated measures in making this decision.",,STATEMENT_CATEGORY_ILLEGAL_OR_HARMFUL_SPEECH,,,,"[""CONTENT_TYPE_TEXT""]",,,"2024-11-23 00:00:00","[""AT"",""BE"",""BG"",""CY"",""CZ"",""DE"",""DK"",""EE"",""ES"",""FI"",""FR"",""GR"",""HR"",""HU"",""IE"",""IT"",""LI"",""LT"",""LU"",""LV"",""MT"",""NL"",""NO"",""PL"",""PT"",""RO"",""SE"",""SI"",""SK""]","2024-11-23 00:00:00","The decision was taken pursuant to own-initiative investigations.",SOURCE_VOLUNTARY,,Yes,AUTOMATED_DECISION_FULLY,TikTok,7440309447504812833,"2024-11-23 03:20:51"
cfcbe726-28ba-4666-9465-13f374b5836a,"[""DECISION_VISIBILITY_CONTENT_REMOVED""]",,,,,,,,,,,DECISION_GROUND_INCOMPATIBLE_CONTENT,,,,"Harassment and Bullying","We welcome the respectful expression of different viewpoints, but not toxicity or trolling. We do not allow language or behavior that harasses, humiliates, threatens, or doxes anyone. This also includes responding to such acts with retaliatory harassment (but excludes non-harassing counterspeech).We proactively enforce our Community Guidelines through a mix of technology and human moderation. We have detected this policy violation using automated measures. We have used automated measures in making this decision.",,STATEMENT_CATEGORY_ILLEGAL_OR_HARMFUL_SPEECH,,,,"[""CONTENT_TYPE_TEXT""]",,,"2024-11-23 00:00:00","[""AT"",""BE"",""BG"",""CY"",""CZ"",""DE"",""DK"",""EE"",""ES"",""FI"",""FR"",""GR"",""HR"",""HU"",""IE"",""IT"",""LI"",""LT"",""LU"",""LV"",""MT"",""NL"",""NO"",""PL"",""PT"",""RO"",""SE"",""SI"",""SK""]","2024-11-23 00:00:00","The decision was taken pursuant to own-initiative investigations.",SOURCE_VOLUNTARY,,Yes,AUTOMATED_DECISION_FULLY,TikTok,7440309463094926112,"2024-11-23 03:20:51"
b43c09a6-6ac3-4f25-b0b0-206bbbcdc4c2,"[""DECISION_VISIBILITY_CONTENT_REMOVED""]",,,,,,,,,,,DECISION_GROUND_INCOMPATIBLE_CONTENT,,,,"Violent Behaviors and Criminal Activities","We recognize that online content related to violence can cause real-world harm. We do not allow any violent threats, incitement to violence, or promotion of criminal activities that may harm people, animals, or property. If there is a specific, credible, and imminent threat to human life or serious physical injury, we will report it to relevant law enforcement authorities.We proactively enforce our Community Guidelines through a mix of technology and human moderation. We have detected this policy violation using automated measures. We have used automated measures in making this decision.",,STATEMENT_CATEGORY_VIOLENCE,,,,"[""CONTENT_TYPE_TEXT""]",,,"2024-11-23 00:00:00","[""AT"",""BE"",""BG"",""CY"",""CZ"",""DE"",""DK"",""EE"",""ES"",""FI"",""FR"",""GR"",""HR"",""HU"",""IE"",""IT"",""LI"",""LT"",""LU"",""LV"",""MT"",""NL"",""NO"",""PL"",""PT"",""RO"",""SE"",""SI"",""SK""]","2024-11-23 00:00:00","The decision was taken pursuant to own-initiative investigations.",SOURCE_VOLUNTARY,,Yes,AUTOMATED_DECISION_FULLY,TikTok,7440309447504829217,"2024-11-23 03:20:51"
5a10af91-2bf6-42d9-9010-c37dd40af209,"[""DECISION_VISIBILITY_CONTENT_REMOVED""]",,,,,,,,,,,DECISION_GROUND_INCOMPATIBLE_CONTENT,,,,"Hate Speech and Hateful Behaviors","TikTok is enriched by the various backgrounds of our community members. Our differences should be respected, rather than a cause for division. We do not allow any hateful behavior, hate speech, or promotion of hateful ideologies. This includes content that attacks a person or group because of protected attributes.We proactively enforce our Community Guidelines through a mix of technology and human moderation. We have detected this policy violation using automated measures. We have used automated measures in making this decision.",,STATEMENT_CATEGORY_ILLEGAL_OR_HARMFUL_SPEECH,,,,"[""CONTENT_TYPE_TEXT""]",,,"2024-11-23 00:00:00","[""AT"",""BE"",""BG"",""CY"",""CZ"",""DE"",""DK"",""EE"",""ES"",""FI"",""FR"",""GR"",""HR"",""HU"",""IE"",""IT"",""LI"",""LT"",""LU"",""LV"",""MT"",""NL"",""NO"",""PL"",""PT"",""RO"",""SE"",""SI"",""SK""]","2024-11-23 00:00:00","The decision was taken pursuant to own-initiative investigations.",SOURCE_VOLUNTARY,,Yes,AUTOMATED_DECISION_FULLY,TikTok,7440309463094942496,"2024-11-23 03:20:51"
dc16dee0-5724-4628-9775-9d3f6aa160da,,,,,,,,,DECISION_ACCOUNT_TERMINATED,,,DECISION_GROUND_INCOMPATIBLE_CONTENT,,,,"Community Guidelines Violations","Your account was permanently banned because of multiple policy violations.",,STATEMENT_CATEGORY_SCOPE_OF_PLATFORM_SERVICE,,,,"[""CONTENT_TYPE_OTHER""]","Account Ban",,"2024-11-19 00:00:00","[""AT"",""BE"",""BG"",""CY"",""CZ"",""DE"",""DK"",""EE"",""ES"",""FI"",""FR"",""GR"",""HR"",""HU"",""IE"",""IT"",""LI"",""LT"",""LU"",""LV"",""MT"",""NL"",""NO"",""PL"",""PT"",""RO"",""SE"",""SI"",""SK""]","2024-11-23 00:00:00","The decision was taken pursuant to own-initiative investigations",SOURCE_VOLUNTARY,,No,AUTOMATED_DECISION_NOT_AUTOMATED,TikTok,7440309447504845601,"2024-11-23 03:20:51"
5e78f857-8cc4-4ae7-9cbf-086b17c20bff,"[""DECISION_VISIBILITY_OTHER""]","Video not eligible for recommendation in the For You feed",,,,,,,,,,DECISION_GROUND_INCOMPATIBLE_CONTENT,,,,"Community Guidelines","We maintain content eligibility standards for the For You feed (FYF) that prioritize safety and are informed by the diversity of our community and cultural norms. We make ineligible for the FYF certain content that may not be appropriate for a broad audience related to: (1) Behavioral Health, (2) Sensitive and Mature Themes, (3) Integrity and Authenticity, and (4) Regulated Goods. Content that is ineligible for the FYF can still be discovered in other ways, such as through search tools or by following an account.We proactively enforce our Community Guidelines through a mix of technology and human moderation. We have detected this policy violation using automated measures. We have used automated measures in making this decision.",,STATEMENT_CATEGORY_SCOPE_OF_PLATFORM_SERVICE,,,,"[""CONTENT_TYPE_VIDEO""]",,,"2024-11-23 00:00:00","[""AT"",""BE"",""BG"",""CY"",""CZ"",""DE"",""DK"",""EE"",""ES"",""FI"",""FR"",""GR"",""HR"",""HU"",""IE"",""IT"",""LI"",""LT"",""LU"",""LV"",""MT"",""NL"",""NO"",""PL"",""PT"",""RO"",""SE"",""SI"",""SK""]","2024-11-23 00:00:00","The decision was taken pursuant to own-initiative investigations.",SOURCE_VOLUNTARY,,Yes,AUTOMATED_DECISION_FULLY,TikTok,7440309463094958880,"2024-11-23 03:20:51"
b7a6ce5a-96c0-4e9c-bcb5-5b595b2f72c5,"[""DECISION_VISIBILITY_OTHER""]","Video not eligible for recommendation in the For You feed",,,,,,,,,,DECISION_GROUND_INCOMPATIBLE_CONTENT,,,,"Community Guidelines","We maintain content eligibility standards for the For You feed (FYF) that prioritize safety and are informed by the diversity of our community and cultural norms. We make ineligible for the FYF certain content that may not be appropriate for a broad audience related to: (1) Behavioral Health, (2) Sensitive and Mature Themes, (3) Integrity and Authenticity, and (4) Regulated Goods. Content that is ineligible for the FYF can still be discovered in other ways, such as through search tools or by following an account.We proactively enforce our Community Guidelines through a mix of technology and human moderation. We have detected this policy violation using automated measures. We have used automated measures in making this decision.",,STATEMENT_CATEGORY_SCOPE_OF_PLATFORM_SERVICE,,,,"[""CONTENT_TYPE_VIDEO""]",,,"2024-02-08 00:00:00","[""AT"",""BE"",""BG"",""CY"",""CZ"",""DE"",""DK"",""EE"",""ES"",""FI"",""FR"",""GR"",""HR"",""HU"",""IE"",""IT"",""LI"",""LT"",""LU"",""LV"",""MT"",""NL"",""NO"",""PL"",""PT"",""RO"",""SE"",""SI"",""SK""]","2024-11-23 00:00:00","The decision was taken pursuant to own-initiative investigations.",SOURCE_VOLUNTARY,,Yes,AUTOMATED_DECISION_FULLY,TikTok,7440307704217885472,"2024-11-23 03:21:08"
8e96e707-4019-4934-85f9-42ef5bd02bde,"[""DECISION_VISIBILITY_OTHER""]","Video not eligible for recommendation in the For You feed",,,,,,,,,,DECISION_GROUND_INCOMPATIBLE_CONTENT,,,,"Community Guidelines","We maintain content eligibility standards for the For You feed (FYF) that prioritize safety and are informed by the diversity of our community and cultural norms. We make ineligible for the FYF certain content that may not be appropriate for a broad audience related to: (1) Behavioral Health, (2) Sensitive and Mature Themes, (3) Integrity and Authenticity, and (4) Regulated Goods. Content that is ineligible for the FYF can still be discovered in other ways, such as through search tools or by following an account.We proactively enforce our Community Guidelines through a mix of technology and human moderation. We have detected this policy violation using automated measures. We have used automated measures in making this decision.",,STATEMENT_CATEGORY_SCOPE_OF_PLATFORM_SERVICE,,,,"[""CONTENT_TYPE_VIDEO""]",,,"2023-08-24 00:00:00","[""AT"",""BE"",""BG"",""CY"",""CZ"",""DE"",""DK"",""EE"",""ES"",""FI"",""FR"",""GR"",""HR"",""HU"",""IE"",""IT"",""LI"",""LT"",""LU"",""LV"",""MT"",""NL"",""NO"",""PL"",""PT"",""RO"",""SE"",""SI"",""SK""]","2024-11-23 00:00:00","The decision was taken pursuant to own-initiative investigations.",SOURCE_VOLUNTARY,,Yes,AUTOMATED_DECISION_FULLY,TikTok,7440307703882308385,"2024-11-23 03:21:08"
f835b166-8d83-42e2-b1d4-12cbc1ddeeaa,"[""DECISION_VISIBILITY_OTHER""]","Video not eligible for recommendation in the For You feed",,,,,,,,,,DECISION_GROUND_INCOMPATIBLE_CONTENT,,,,"Community Guidelines","We maintain content eligibility standards for the For You feed (FYF) that prioritize safety and are informed by the diversity of our community and cultural norms. We make ineligible for the FYF certain content that may not be appropriate for a broad audience related to: (1) Behavioral Health, (2) Sensitive and Mature Themes, (3) Integrity and Authenticity, and (4) Regulated Goods. Content that is ineligible for the FYF can still be discovered in other ways, such as through search tools or by following an account.We proactively enforce our Community Guidelines through a mix of technology and human moderation. We have detected this policy violation using automated measures. We have used automated measures in making this decision.",,STATEMENT_CATEGORY_SCOPE_OF_PLATFORM_SERVICE,,,,"[""CONTENT_TYPE_VIDEO""]",,,"2024-04-19 00:00:00","[""AT"",""BE"",""BG"",""CY"",""CZ"",""DE"",""DK"",""EE"",""ES"",""FI"",""FR"",""GR"",""HR"",""HU"",""IE"",""IT"",""LI"",""LT"",""LU"",""LV"",""MT"",""NL"",""NO"",""PL"",""PT"",""RO"",""SE"",""SI"",""SK""]","2024-11-23 00:00:00","The decision was taken pursuant to own-initiative investigations.",SOURCE_VOLUNTARY,,Yes,AUTOMATED_DECISION_FULLY,TikTok,7440307703882341153,"2024-11-23 03:21:08"
71318252-29d7-4d7b-b346-603b1e59a50e,"[""DECISION_VISIBILITY_OTHER""]","Video not eligible for recommendation in the For You feed",,,,,,,,,,DECISION_GROUND_INCOMPATIBLE_CONTENT,,,,"Nudity and Body Exposure","We celebrate all shapes and sizes and want people to feel comfortable in how they present themselves and their bodies. Content is ineligible for the For You feed and harder to find in search if it shows moderate body exposure of a young person, or significant body exposure of an adult. We allow regional exceptions for body exposure in limited situations, such as common cultural practices.We proactively enforce our Community Guidelines through a mix of technology and human moderation. We have detected this policy violation using automated measures. We have used automated measures in making this decision.",,STATEMENT_CATEGORY_SCOPE_OF_PLATFORM_SERVICE,,,,"[""CONTENT_TYPE_VIDEO""]",,,"2023-07-11 00:00:00","[""AT"",""BE"",""BG"",""CY"",""CZ"",""DE"",""DK"",""EE"",""ES"",""FI"",""FR"",""GR"",""HR"",""HU"",""IE"",""IT"",""LI"",""LT"",""LU"",""LV"",""MT"",""NL"",""NO"",""PL"",""PT"",""RO"",""SE"",""SI"",""SK""]","2024-11-23 00:00:00","The decision was taken pursuant to own-initiative investigations.",SOURCE_VOLUNTARY,,Yes,AUTOMATED_DECISION_FULLY,TikTok,7440307703882324769,"2024-11-23 03:21:08"
92c7b53b-df73-4d8e-b613-001ef0d8e971,"[""DECISION_VISIBILITY_OTHER""]","Video not eligible for recommendation in the For You feed",,,,,,,,,,DECISION_GROUND_INCOMPATIBLE_CONTENT,,,,"Community Guidelines","We maintain content eligibility standards for the For You feed (FYF) that prioritize safety and are informed by the diversity of our community and cultural norms. We make ineligible for the FYF certain content that may not be appropriate for a broad audience related to: (1) Behavioral Health, (2) Sensitive and Mature Themes, (3) Integrity and Authenticity, and (4) Regulated Goods. Content that is ineligible for the FYF can still be discovered in other ways, such as through search tools or by following an account.We proactively enforce our Community Guidelines through a mix of technology and human moderation. We have detected this policy violation using automated measures. We have used automated measures in making this decision.",,STATEMENT_CATEGORY_SCOPE_OF_PLATFORM_SERVICE,,,,"[""CONTENT_TYPE_VIDEO""]",,,"2023-09-13 00:00:00","[""AT"",""BE"",""BG"",""CY"",""CZ"",""DE"",""DK"",""EE"",""ES"",""FI"",""FR"",""GR"",""HR"",""HU"",""IE"",""IT"",""LI"",""LT"",""LU"",""LV"",""MT"",""NL"",""NO"",""PL"",""PT"",""RO"",""SE"",""SI"",""SK""]","2024-11-23 00:00:00","The decision was taken pursuant to own-initiative investigations.",SOURCE_VOLUNTARY,,Yes,AUTOMATED_DECISION_FULLY,TikTok,7440307704712665889,"2024-11-23 03:21:08"
33e9198e-db97-4e45-a6a1-5314b93947cc,"[""DECISION_VISIBILITY_OTHER""]","Video not eligible for recommendation in the For You feed",,,,,,,,,,DECISION_GROUND_INCOMPATIBLE_CONTENT,,,,"Community Guidelines","We maintain content eligibility standards for the For You feed (FYF) that prioritize safety and are informed by the diversity of our community and cultural norms. We make ineligible for the FYF certain content that may not be appropriate for a broad audience related to: (1) Behavioral Health, (2) Sensitive and Mature Themes, (3) Integrity and Authenticity, and (4) Regulated Goods. Content that is ineligible for the FYF can still be discovered in other ways, such as through search tools or by following an account.We proactively enforce our Community Guidelines through a mix of technology and human moderation. We have detected this policy violation using automated measures. We have used automated measures in making this decision.",,STATEMENT_CATEGORY_SCOPE_OF_PLATFORM_SERVICE,,,,"[""CONTENT_TYPE_VIDEO""]",,,"2024-10-30 00:00:00","[""AT"",""BE"",""BG"",""CY"",""CZ"",""DE"",""DK"",""EE"",""ES"",""FI"",""FR"",""GR"",""HR"",""HU"",""IE"",""IT"",""LI"",""LT"",""LU"",""LV"",""MT"",""NL"",""NO"",""PL"",""PT"",""RO"",""SE"",""SI"",""SK""]","2024-11-23 00:00:00","The decision was taken pursuant to own-initiative investigations.",SOURCE_VOLUNTARY,,Yes,AUTOMATED_DECISION_FULLY,TikTok,7440307704712682273,"2024-11-23 03:21:08"
254a5f68-2175-4305-beef-372f84a37ade,"[""DECISION_VISIBILITY_OTHER""]","Video not eligible for recommendation in the For You feed",,,,,,,,,,DECISION_GROUND_INCOMPATIBLE_CONTENT,,,,"Community Guidelines","We maintain content eligibility standards for the For You feed (FYF) that prioritize safety and are informed by the diversity of our community and cultural norms. We make ineligible for the FYF certain content that may not be appropriate for a broad audience related to: (1) Behavioral Health, (2) Sensitive and Mature Themes, (3) Integrity and Authenticity, and (4) Regulated Goods. Content that is ineligible for the FYF can still be discovered in other ways, such as through search tools or by following an account.We proactively enforce our Community Guidelines through a mix of technology and human moderation. We have detected this policy violation using automated measures. We have used automated measures in making this decision.",,STATEMENT_CATEGORY_SCOPE_OF_PLATFORM_SERVICE,,,,"[""CONTENT_TYPE_VIDEO""]",,,"2024-07-12 00:00:00","[""AT"",""BE"",""BG"",""CY"",""CZ"",""DE"",""DK"",""EE"",""ES"",""FI"",""FR"",""GR"",""HR"",""HU"",""IE"",""IT"",""LI"",""LT"",""LU"",""LV"",""MT"",""NL"",""NO"",""PL"",""PT"",""RO"",""SE"",""SI"",""SK""]","2024-11-23 00:00:00","The decision was taken pursuant to own-initiative investigations.",SOURCE_VOLUNTARY,,Yes,AUTOMATED_DECISION_FULLY,TikTok,7440307704712698657,"2024-11-23 03:21:08"
b10c8016-31d5-4706-ae54-c6b034f776cb,"[""DECISION_VISIBILITY_OTHER""]","Video not eligible for recommendation in the For You feed",,,,,,,,,,DECISION_GROUND_INCOMPATIBLE_CONTENT,,,,"Community Guidelines","We maintain content eligibility standards for the For You feed (FYF) that prioritize safety and are informed by the diversity of our community and cultural norms. We make ineligible for the FYF certain content that may not be appropriate for a broad audience related to: (1) Behavioral Health, (2) Sensitive and Mature Themes, (3) Integrity and Authenticity, and (4) Regulated Goods. Content that is ineligible for the FYF can still be discovered in other ways, such as through search tools or by following an account.We proactively enforce our Community Guidelines through a mix of technology and human moderation. We have detected this policy violation using automated measures. We have used automated measures in making this decision.",,STATEMENT_CATEGORY_SCOPE_OF_PLATFORM_SERVICE,,,,"[""CONTENT_TYPE_VIDEO""]",,,"2023-04-13 00:00:00","[""AT"",""BE"",""BG"",""CY"",""CZ"",""DE"",""DK"",""EE"",""ES"",""FI"",""FR"",""GR"",""HR"",""HU"",""IE"",""IT"",""LI"",""LT"",""LU"",""LV"",""MT"",""NL"",""NO"",""PL"",""PT"",""RO"",""SE"",""SI"",""SK""]","2024-11-23 00:00:00","The decision was taken pursuant to own-initiative investigations.",SOURCE_VOLUNTARY,,Yes,AUTOMATED_DECISION_FULLY,TikTok,7440307704712715041,"2024-11-23 03:21:08"
a6becce0-5fde-4b8b-8099-e5f9dd03ec85,"[""DECISION_VISIBILITY_OTHER""]","Video not eligible for recommendation in the For You feed",,,,,,,,,,DECISION_GROUND_INCOMPATIBLE_CONTENT,,,,"Alcohol, Tobacco, and Drugs","While adults make personal choices about how they engage with alcohol, drugs, and tobacco, we recognize that there are risks connected to trading and using these substances. Content is ineligible for the For You feed and harder to find in search if it shows adults consuming excessive amounts of alcohol or tobacco products.We proactively enforce our Community Guidelines through a mix of technology and human moderation. We have detected this policy violation using automated measures. We have used automated measures in making this decision.",,STATEMENT_CATEGORY_SCOPE_OF_PLATFORM_SERVICE,,,,"[""CONTENT_TYPE_VIDEO""]",,,"2024-03-30 00:00:00","[""AT"",""BE"",""BG"",""CY"",""CZ"",""DE"",""DK"",""EE"",""ES"",""FI"",""FR"",""GR"",""HR"",""HU"",""IE"",""IT"",""LI"",""LT"",""LU"",""LV"",""MT"",""NL"",""NO"",""PL"",""PT"",""RO"",""SE"",""SI"",""SK""]","2024-11-23 00:00:00","The decision was taken pursuant to own-initiative investigations.",SOURCE_VOLUNTARY,,Yes,AUTOMATED_DECISION_FULLY,TikTok,7440307705287301921,"2024-11-23 03:21:08"
a17cba6b-673a-465c-b3bf-f0d1e247660a,"[""DECISION_VISIBILITY_OTHER""]","Video not eligible for recommendation in the For You feed",,,,,,,,,,DECISION_GROUND_INCOMPATIBLE_CONTENT,,,,"Community Guidelines","We maintain content eligibility standards for the For You feed (FYF) that prioritize safety and are informed by the diversity of our community and cultural norms. We make ineligible for the FYF certain content that may not be appropriate for a broad audience related to: (1) Behavioral Health, (2) Sensitive and Mature Themes, (3) Integrity and Authenticity, and (4) Regulated Goods. Content that is ineligible for the FYF can still be discovered in other ways, such as through search tools or by following an account.We proactively enforce our Community Guidelines through a mix of technology and human moderation. We have detected this policy violation using automated measures. We have used automated measures in making this decision.",,STATEMENT_CATEGORY_SCOPE_OF_PLATFORM_SERVICE,,,,"[""CONTENT_TYPE_VIDEO""]",,,"2024-02-20 00:00:00","[""AT"",""BE"",""BG"",""CY"",""CZ"",""DE"",""DK"",""EE"",""ES"",""FI"",""FR"",""GR"",""HR"",""HU"",""IE"",""IT"",""LI"",""LT"",""LU"",""LV"",""MT"",""NL"",""NO"",""PL"",""PT"",""RO"",""SE"",""SI"",""SK""]","2024-11-23 00:00:00","The decision was taken pursuant to own-initiative investigations.",SOURCE_VOLUNTARY,,Yes,AUTOMATED_DECISION_FULLY,TikTok,7440307705287285537,"2024-11-23 03:21:08"
e693b78a-df34-40bc-984c-d02a1958a7c0,"[""DECISION_VISIBILITY_OTHER""]","Video not eligible for recommendation in the For You feed",,,,,,,,,,DECISION_GROUND_INCOMPATIBLE_CONTENT,,,,"Community Guidelines","We maintain content eligibility standards for the For You feed (FYF) that prioritize safety and are informed by the diversity of our community and cultural norms. We make ineligible for the FYF certain content that may not be appropriate for a broad audience related to: (1) Behavioral Health, (2) Sensitive and Mature Themes, (3) Integrity and Authenticity, and (4) Regulated Goods. Content that is ineligible for the FYF can still be discovered in other ways, such as through search tools or by following an account.We proactively enforce our Community Guidelines through a mix of technology and human moderation. We have detected this policy violation using automated measures. We have used automated measures in making this decision.",,STATEMENT_CATEGORY_SCOPE_OF_PLATFORM_SERVICE,,,,"[""CONTENT_TYPE_VIDEO""]",,,"2023-03-03 00:00:00","[""AT"",""BE"",""BG"",""CY"",""CZ"",""DE"",""DK"",""EE"",""ES"",""FI"",""FR"",""GR"",""HR"",""HU"",""IE"",""IT"",""LI"",""LT"",""LU"",""LV"",""MT"",""NL"",""NO"",""PL"",""PT"",""RO"",""SE"",""SI"",""SK""]","2024-11-23 00:00:00","The decision was taken pursuant to own-initiative investigations.",SOURCE_VOLUNTARY,,Yes,AUTOMATED_DECISION_FULLY,TikTok,7440307705287318305,"2024-11-23 03:21:08"
9b4c9251-836d-4bc8-b2ea-ff1186b78e4b,"[""DECISION_VISIBILITY_OTHER""]","Video not eligible for recommendation in the For You feed",,,,,,,,,,DECISION_GROUND_INCOMPATIBLE_CONTENT,,,,"Community Guidelines","We maintain content eligibility standards for the For You feed (FYF) that prioritize safety and are informed by the diversity of our community and cultural norms. We make ineligible for the FYF certain content that may not be appropriate for a broad audience related to: (1) Behavioral Health, (2) Sensitive and Mature Themes, (3) Integrity and Authenticity, and (4) Regulated Goods. Content that is ineligible for the FYF can still be discovered in other ways, such as through search tools or by following an account.We proactively enforce our Community Guidelines through a mix of technology and human moderation. We have detected this policy violation using automated measures. We have used automated measures in making this decision.",,STATEMENT_CATEGORY_SCOPE_OF_PLATFORM_SERVICE,,,,"[""CONTENT_TYPE_VIDEO""]",,,"2023-06-15 00:00:00","[""AT"",""BE"",""BG"",""CY"",""CZ"",""DE"",""DK"",""EE"",""ES"",""FI"",""FR"",""GR"",""HR"",""HU"",""IE"",""IT"",""LI"",""LT"",""LU"",""LV"",""MT"",""NL"",""NO"",""PL"",""PT"",""RO"",""SE"",""SI"",""SK""]","2024-11-23 00:00:00","The decision was taken pursuant to own-initiative investigations.",SOURCE_VOLUNTARY,,Yes,AUTOMATED_DECISION_FULLY,TikTok,7440307704712731425,"2024-11-23 03:21:08"
649ac77a-941a-45dd-b136-b121ca784e2e,"[""DECISION_VISIBILITY_OTHER""]","Video not eligible for recommendation in the For You feed",,,,,,,,,,DECISION_GROUND_INCOMPATIBLE_CONTENT,,,,"Community Guidelines","Your content is against our Community Guidelines. The guidelines include rules and standards for using TikTok that apply to everyone and everything on our platform.",,STATEMENT_CATEGORY_SCOPE_OF_PLATFORM_SERVICE,,,,"[""CONTENT_TYPE_VIDEO""]",,,"2023-06-24 00:00:00","[""AT"",""BE"",""BG"",""CY"",""CZ"",""DE"",""DK"",""EE"",""ES"",""FI"",""FR"",""GR"",""HR"",""HU"",""IE"",""IT"",""LI"",""LT"",""LU"",""LV"",""MT"",""NL"",""NO"",""PL"",""PT"",""RO"",""SE"",""SI"",""SK""]","2024-11-23 00:00:00","The decision was taken pursuant to own-initiative investigations.",SOURCE_VOLUNTARY,,Yes,AUTOMATED_DECISION_FULLY,TikTok,7440307704712747809,"2024-11-23 03:21:08"
d6c7730e-020c-4818-83ec-2f03f961f23f,"[""DECISION_VISIBILITY_OTHER""]","Video not eligible for recommendation in the For You feed",,,,,,,,,,DECISION_GROUND_INCOMPATIBLE_CONTENT,,,,"Community Guidelines","We maintain content eligibility standards for the For You feed (FYF) that prioritize safety and are informed by the diversity of our community and cultural norms. We make ineligible for the FYF certain content that may not be appropriate for a broad audience related to: (1) Behavioral Health, (2) Sensitive and Mature Themes, (3) Integrity and Authenticity, and (4) Regulated Goods. Content that is ineligible for the FYF can still be discovered in other ways, such as through search tools or by following an account.We proactively enforce our Community Guidelines through a mix of technology and human moderation. We have detected this policy violation using automated measures. We have used automated measures in making this decision.",,STATEMENT_CATEGORY_SCOPE_OF_PLATFORM_SERVICE,,,,"[""CONTENT_TYPE_VIDEO""]",,,"2023-04-06 00:00:00","[""AT"",""BE"",""BG"",""CY"",""CZ"",""DE"",""DK"",""EE"",""ES"",""FI"",""FR"",""GR"",""HR"",""HU"",""IE"",""IT"",""LI"",""LT"",""LU"",""LV"",""MT"",""NL"",""NO"",""PL"",""PT"",""RO"",""SE"",""SI"",""SK""]","2024-11-23 00:00:00","The decision was taken pursuant to own-initiative investigations.",SOURCE_VOLUNTARY,,Yes,AUTOMATED_DECISION_FULLY,TikTok,7440307705287334689,"2024-11-23 03:21:08"
59dd03b7-4154-4a9b-abd9-89b4284d3b97,"[""DECISION_VISIBILITY_OTHER""]","Video not eligible for recommendation in the For You feed",,,,,,,,,,DECISION_GROUND_INCOMPATIBLE_CONTENT,,,,"Alcohol, Tobacco, and Drugs","While adults make personal choices about how they engage with alcohol, drugs, and tobacco, we recognize that there are risks connected to trading and using these substances. Content is ineligible for the For You feed and harder to find in search if it shows adults consuming excessive amounts of alcohol or tobacco products.We proactively enforce our Community Guidelines through a mix of technology and human moderation. We have detected this policy violation using automated measures. We have used automated measures in making this decision.",,STATEMENT_CATEGORY_SCOPE_OF_PLATFORM_SERVICE,,,,"[""CONTENT_TYPE_VIDEO""]",,,"2023-10-03 00:00:00","[""AT"",""BE"",""BG"",""CY"",""CZ"",""DE"",""DK"",""EE"",""ES"",""FI"",""FR"",""GR"",""HR"",""HU"",""IE"",""IT"",""LI"",""LT"",""LU"",""LV"",""MT"",""NL"",""NO"",""PL"",""PT"",""RO"",""SE"",""SI"",""SK""]","2024-11-23 00:00:00","The decision was taken pursuant to own-initiative investigations.",SOURCE_VOLUNTARY,,Yes,AUTOMATED_DECISION_FULLY,TikTok,7440307705287351073,"2024-11-23 03:21:08"
e127b96b-7fe3-4855-b776-af1e8d21256d,"[""DECISION_VISIBILITY_OTHER""]","Video not eligible for recommendation in the For You feed",,,,,,,,,,DECISION_GROUND_INCOMPATIBLE_CONTENT,,,,"Community Guidelines","We maintain content eligibility standards for the For You feed (FYF) that prioritize safety and are informed by the diversity of our community and cultural norms. We make ineligible for the FYF certain content that may not be appropriate for a broad audience related to: (1) Behavioral Health, (2) Sensitive and Mature Themes, (3) Integrity and Authenticity, and (4) Regulated Goods. Content that is ineligible for the FYF can still be discovered in other ways, such as through search tools or by following an account.We proactively enforce our Community Guidelines through a mix of technology and human moderation. We have detected this policy violation using automated measures. We have used automated measures in making this decision.",,STATEMENT_CATEGORY_SCOPE_OF_PLATFORM_SERVICE,,,,"[""CONTENT_TYPE_VIDEO""]",,,"2023-07-02 00:00:00","[""AT"",""BE"",""BG"",""CY"",""CZ"",""DE"",""DK"",""EE"",""ES"",""FI"",""FR"",""GR"",""HR"",""HU"",""IE"",""IT"",""LI"",""LT"",""LU"",""LV"",""MT"",""NL"",""NO"",""PL"",""PT"",""RO"",""SE"",""SI"",""SK""]","2024-11-23 00:00:00","The decision was taken pursuant to own-initiative investigations.",SOURCE_VOLUNTARY,,Yes,AUTOMATED_DECISION_FULLY,TikTok,7440307705287367457,"2024-11-23 03:21:08"
090dcadc-0cc8-4671-99da-5a6a188fef10,"[""DECISION_VISIBILITY_OTHER""]","Video not eligible for recommendation in the For You feed",,,,,,,,,,DECISION_GROUND_INCOMPATIBLE_CONTENT,,,,"Community Guidelines","We maintain content eligibility standards for the For You feed (FYF) that prioritize safety and are informed by the diversity of our community and cultural norms. We make ineligible for the FYF certain content that may not be appropriate for a broad audience related to: (1) Behavioral Health, (2) Sensitive and Mature Themes, (3) Integrity and Authenticity, and (4) Regulated Goods. Content that is ineligible for the FYF can still be discovered in other ways, such as through search tools or by following an account.We proactively enforce our Community Guidelines through a mix of technology and human moderation. We have detected this policy violation using automated measures. We have used automated measures in making this decision.",,STATEMENT_CATEGORY_SCOPE_OF_PLATFORM_SERVICE,,,,"[""CONTENT_TYPE_VIDEO""]",,,"2023-07-22 00:00:00","[""AT"",""BE"",""BG"",""CY"",""CZ"",""DE"",""DK"",""EE"",""ES"",""FI"",""FR"",""GR"",""HR"",""HU"",""IE"",""IT"",""LI"",""LT"",""LU"",""LV"",""MT"",""NL"",""NO"",""PL"",""PT"",""RO"",""SE"",""SI"",""SK""]","2024-11-23 00:00:00","The decision was taken pursuant to own-initiative investigations.",SOURCE_VOLUNTARY,,Yes,AUTOMATED_DECISION_FULLY,TikTok,7440307705287383841,"2024-11-23 03:21:08"
20e513c0-6a79-4573-97f8-96d81c1a2ded,"[""DECISION_VISIBILITY_OTHER""]","Video not eligible for recommendation in the For You feed",,,,,,,,,,DECISION_GROUND_INCOMPATIBLE_CONTENT,,,,"Community Guidelines","We maintain content eligibility standards for the For You feed (FYF) that prioritize safety and are informed by the diversity of our community and cultural norms. We make ineligible for the FYF certain content that may not be appropriate for a broad audience related to: (1) Behavioral Health, (2) Sensitive and Mature Themes, (3) Integrity and Authenticity, and (4) Regulated Goods. Content that is ineligible for the FYF can still be discovered in other ways, such as through search tools or by following an account.We proactively enforce our Community Guidelines through a mix of technology and human moderation. We have detected this policy violation using automated measures. We have used automated measures in making this decision.",,STATEMENT_CATEGORY_SCOPE_OF_PLATFORM_SERVICE,,,,"[""CONTENT_TYPE_VIDEO""]",,,"2023-01-22 00:00:00","[""AT"",""BE"",""BG"",""CY"",""CZ"",""DE"",""DK"",""EE"",""ES"",""FI"",""FR"",""GR"",""HR"",""HU"",""IE"",""IT"",""LI"",""LT"",""LU"",""LV"",""MT"",""NL"",""NO"",""PL"",""PT"",""RO"",""SE"",""SI"",""SK""]","2024-11-23 00:00:00","The decision was taken pursuant to own-initiative investigations.",SOURCE_VOLUNTARY,,Yes,AUTOMATED_DECISION_FULLY,TikTok,7440307705287400225,"2024-11-23 03:21:08"
d4b11cdf-6c2e-4102-b889-943d18a3b370,"[""DECISION_VISIBILITY_OTHER""]","Video not eligible for recommendation in the For You feed",,,,,,,,,,DECISION_GROUND_INCOMPATIBLE_CONTENT,,,,"Community Guidelines","We maintain content eligibility standards for the For You feed (FYF) that prioritize safety and are informed by the diversity of our community and cultural norms. We make ineligible for the FYF certain content that may not be appropriate for a broad audience related to: (1) Behavioral Health, (2) Sensitive and Mature Themes, (3) Integrity and Authenticity, and (4) Regulated Goods. Content that is ineligible for the FYF can still be discovered in other ways, such as through search tools or by following an account.We proactively enforce our Community Guidelines through a mix of technology and human moderation. We have detected this policy violation using automated measures. We have used automated measures in making this decision.",,STATEMENT_CATEGORY_SCOPE_OF_PLATFORM_SERVICE,,,,"[""CONTENT_TYPE_VIDEO""]",,,"2022-11-27 00:00:00","[""AT"",""BE"",""BG"",""CY"",""CZ"",""DE"",""DK"",""EE"",""ES"",""FI"",""FR"",""GR"",""HR"",""HU"",""IE"",""IT"",""LI"",""LT"",""LU"",""LV"",""MT"",""NL"",""NO"",""PL"",""PT"",""RO"",""SE"",""SI"",""SK""]","2024-11-23 00:00:00","The decision was taken pursuant to own-initiative investigations.",SOURCE_VOLUNTARY,,Yes,AUTOMATED_DECISION_FULLY,TikTok,7440307705287416609,"2024-11-23 03:21:08"
e069f13e-1289-469e-b45c-16a85f5e115c,"[""DECISION_VISIBILITY_OTHER""]","Video not eligible for recommendation in the For You feed",,,,,,,,,,DECISION_GROUND_INCOMPATIBLE_CONTENT,,,,"Community Guidelines","We maintain content eligibility standards for the For You feed (FYF) that prioritize safety and are informed by the diversity of our community and cultural norms. We make ineligible for the FYF certain content that may not be appropriate for a broad audience related to: (1) Behavioral Health, (2) Sensitive and Mature Themes, (3) Integrity and Authenticity, and (4) Regulated Goods. Content that is ineligible for the FYF can still be discovered in other ways, such as through search tools or by following an account.We proactively enforce our Community Guidelines through a mix of technology and human moderation. We have detected this policy violation using automated measures. We have used automated measures in making this decision.",,STATEMENT_CATEGORY_SCOPE_OF_PLATFORM_SERVICE,,,,"[""CONTENT_TYPE_VIDEO""]",,,"2022-11-19 00:00:00","[""AT"",""BE"",""BG"",""CY"",""CZ"",""DE"",""DK"",""EE"",""ES"",""FI"",""FR"",""GR"",""HR"",""HU"",""IE"",""IT"",""LI"",""LT"",""LU"",""LV"",""MT"",""NL"",""NO"",""PL"",""PT"",""RO"",""SE"",""SI"",""SK""]","2024-11-23 00:00:00","The decision was taken pursuant to own-initiative investigations.",SOURCE_VOLUNTARY,,Yes,AUTOMATED_DECISION_FULLY,TikTok,7440307704712764193,"2024-11-23 03:21:08"
35077897-650b-4bec-8a24-c64347e3bafa,"[""DECISION_VISIBILITY_OTHER""]","Video not eligible for recommendation in the For You feed",,,,,,,,,,DECISION_GROUND_INCOMPATIBLE_CONTENT,,,,"Community Guidelines","We maintain content eligibility standards for the For You feed (FYF) that prioritize safety and are informed by the diversity of our community and cultural norms. We make ineligible for the FYF certain content that may not be appropriate for a broad audience related to: (1) Behavioral Health, (2) Sensitive and Mature Themes, (3) Integrity and Authenticity, and (4) Regulated Goods. Content that is ineligible for the FYF can still be discovered in other ways, such as through search tools or by following an account.We proactively enforce our Community Guidelines through a mix of technology and human moderation. We have detected this policy violation using automated measures. We have used automated measures in making this decision.",,STATEMENT_CATEGORY_SCOPE_OF_PLATFORM_SERVICE,,,,"[""CONTENT_TYPE_VIDEO""]",,,"2022-11-18 00:00:00","[""AT"",""BE"",""BG"",""CY"",""CZ"",""DE"",""DK"",""EE"",""ES"",""FI"",""FR"",""GR"",""HR"",""HU"",""IE"",""IT"",""LI"",""LT"",""LU"",""LV"",""MT"",""NL"",""NO"",""PL"",""PT"",""RO"",""SE"",""SI"",""SK""]","2024-11-23 00:00:00","The decision was taken pursuant to own-initiative investigations.",SOURCE_VOLUNTARY,,Yes,AUTOMATED_DECISION_FULLY,TikTok,7440307704712780577,"2024-11-23 03:21:08"
76ad5575-3086-4049-b15b-6b5a2a84bcb1,"[""DECISION_VISIBILITY_OTHER""]","Video not eligible for recommendation in the For You feed",,,,,,,,,,DECISION_GROUND_INCOMPATIBLE_CONTENT,,,,"Community Guidelines","We maintain content eligibility standards for the For You feed (FYF) that prioritize safety and are informed by the diversity of our community and cultural norms. We make ineligible for the FYF certain content that may not be appropriate for a broad audience related to: (1) Behavioral Health, (2) Sensitive and Mature Themes, (3) Integrity and Authenticity, and (4) Regulated Goods. Content that is ineligible for the FYF can still be discovered in other ways, such as through search tools or by following an account.We proactively enforce our Community Guidelines through a mix of technology and human moderation. We have detected this policy violation using automated measures. We have used automated measures in making this decision.",,STATEMENT_CATEGORY_SCOPE_OF_PLATFORM_SERVICE,,,,"[""CONTENT_TYPE_VIDEO""]",,,"2022-11-13 00:00:00","[""AT"",""BE"",""BG"",""CY"",""CZ"",""DE"",""DK"",""EE"",""ES"",""FI"",""FR"",""GR"",""HR"",""HU"",""IE"",""IT"",""LI"",""LT"",""LU"",""LV"",""MT"",""NL"",""NO"",""PL"",""PT"",""RO"",""SE"",""SI"",""SK""]","2024-11-23 00:00:00","The decision was taken pursuant to own-initiative investigations.",SOURCE_VOLUNTARY,,Yes,AUTOMATED_DECISION_FULLY,TikTok,7440307704712796961,"2024-11-23 03:21:08"
4cbdef0a-b571-4bb6-bed4-85e5a0f02d9a,"[""DECISION_VISIBILITY_OTHER""]","Video not eligible for recommendation in the For You feed",,,,,,,,,,DECISION_GROUND_INCOMPATIBLE_CONTENT,,,,"Community Guidelines","We maintain content eligibility standards for the For You feed (FYF) that prioritize safety and are informed by the diversity of our community and cultural norms. We make ineligible for the FYF certain content that may not be appropriate for a broad audience related to: (1) Behavioral Health, (2) Sensitive and Mature Themes, (3) Integrity and Authenticity, and (4) Regulated Goods. Content that is ineligible for the FYF can still be discovered in other ways, such as through search tools or by following an account.We proactively enforce our Community Guidelines through a mix of technology and human moderation. We have detected this policy violation using automated measures. We have used automated measures in making this decision.",,STATEMENT_CATEGORY_SCOPE_OF_PLATFORM_SERVICE,,,,"[""CONTENT_TYPE_VIDEO""]",,,"2022-11-16 00:00:00","[""AT"",""BE"",""BG"",""CY"",""CZ"",""DE"",""DK"",""EE"",""ES"",""FI"",""FR"",""GR"",""HR"",""HU"",""IE"",""IT"",""LI"",""LT"",""LU"",""LV"",""MT"",""NL"",""NO"",""PL"",""PT"",""RO"",""SE"",""SI"",""SK""]","2024-11-23 00:00:00","The decision was taken pursuant to own-initiative investigations.",SOURCE_VOLUNTARY,,Yes,AUTOMATED_DECISION_FULLY,TikTok,7440307705287432993,"2024-11-23 03:21:08"
63f293e6-33f8-4932-9f3b-2adece0ad68b,"[""DECISION_VISIBILITY_CONTENT_REMOVED""]",,,,,,,,,,,DECISION_GROUND_INCOMPATIBLE_CONTENT,,,,"Civic and Election Integrity","Elections are important moments of community conversation and promote the values of an open society. We do not allow misinformation about civic and electoral processes, regardless of intent. This includes misinformation about how to vote, registering to vote, eligibility requirements of  candidates, the processes to count ballots and certify elections, and the final outcome of an election.We proactively enforce our Community Guidelines through a mix of technology and human moderation. We have detected this policy violation using automated measures. We have used automated measures in making this decision.",,STATEMENT_CATEGORY_NEGATIVE_EFFECTS_ON_CIVIC_DISCOURSE_OR_ELECTIONS,,,,"[""CONTENT_TYPE_VIDEO""]",,,"2024-04-16 00:00:00","[""AT"",""BE"",""BG"",""CY"",""CZ"",""DE"",""DK"",""EE"",""ES"",""FI"",""FR"",""GR"",""HR"",""HU"",""IE"",""IT"",""LI"",""LT"",""LU"",""LV"",""MT"",""NL"",""NO"",""PL"",""PT"",""RO"",""SE"",""SI"",""SK""]","2024-11-23 00:00:00","The decision was taken pursuant to own-initiative investigations.",SOURCE_VOLUNTARY,,Yes,AUTOMATED_DECISION_FULLY,TikTok,7440307705740270369,"2024-11-23 03:21:08"
52a86c12-8efe-4522-9eb0-e6b7f54cbe3b,"[""DECISION_VISIBILITY_OTHER""]","Video not eligible for recommendation in the For You feed",,,,,,,,,,DECISION_GROUND_INCOMPATIBLE_CONTENT,,,,"Community Guidelines","We maintain content eligibility standards for the For You feed (FYF) that prioritize safety and are informed by the diversity of our community and cultural norms. We make ineligible for the FYF certain content that may not be appropriate for a broad audience related to: (1) Behavioral Health, (2) Sensitive and Mature Themes, (3) Integrity and Authenticity, and (4) Regulated Goods. Content that is ineligible for the FYF can still be discovered in other ways, such as through search tools or by following an account.We proactively enforce our Community Guidelines through a mix of technology and human moderation. We have detected this policy violation using automated measures. We have used automated measures in making this decision.",,STATEMENT_CATEGORY_SCOPE_OF_PLATFORM_SERVICE,,,,"[""CONTENT_TYPE_VIDEO""]",,,"2023-09-20 00:00:00","[""AT"",""BE"",""BG"",""CY"",""CZ"",""DE"",""DK"",""EE"",""ES"",""FI"",""FR"",""GR"",""HR"",""HU"",""IE"",""IT"",""LI"",""LT"",""LU"",""LV"",""MT"",""NL"",""NO"",""PL"",""PT"",""RO"",""SE"",""SI"",""SK""]","2024-11-23 00:00:00","The decision was taken pursuant to own-initiative investigations.",SOURCE_VOLUNTARY,,Yes,AUTOMATED_DECISION_FULLY,TikTok,7440307704712813345,"2024-11-23 03:21:08"
fbe72771-0391-4b66-b9f5-065384515859,"[""DECISION_VISIBILITY_OTHER""]","Video not eligible for recommendation in the For You feed",,,,,,,,,,DECISION_GROUND_INCOMPATIBLE_CONTENT,,,,"Community Guidelines","We maintain content eligibility standards for the For You feed (FYF) that prioritize safety and are informed by the diversity of our community and cultural norms. We make ineligible for the FYF certain content that may not be appropriate for a broad audience related to: (1) Behavioral Health, (2) Sensitive and Mature Themes, (3) Integrity and Authenticity, and (4) Regulated Goods. Content that is ineligible for the FYF can still be discovered in other ways, such as through search tools or by following an account.We proactively enforce our Community Guidelines through a mix of technology and human moderation. We have detected this policy violation using automated measures. We have used automated measures in making this decision.",,STATEMENT_CATEGORY_SCOPE_OF_PLATFORM_SERVICE,,,,"[""CONTENT_TYPE_VIDEO""]",,,"2023-04-26 00:00:00","[""AT"",""BE"",""BG"",""CY"",""CZ"",""DE"",""DK"",""EE"",""ES"",""FI"",""FR"",""GR"",""HR"",""HU"",""IE"",""IT"",""LI"",""LT"",""LU"",""LV"",""MT"",""NL"",""NO"",""PL"",""PT"",""RO"",""SE"",""SI"",""SK""]","2024-11-23 00:00:00","The decision was taken pursuant to own-initiative investigations.",SOURCE_VOLUNTARY,,Yes,AUTOMATED_DECISION_FULLY,TikTok,7440307705681550112,"2024-11-23 03:21:08"
f2ddcbd5-680c-4895-b9b1-93d89b4180de,"[""DECISION_VISIBILITY_OTHER""]","Video not eligible for recommendation in the For You feed",,,,,,,,,,DECISION_GROUND_INCOMPATIBLE_CONTENT,,,,"Community Guidelines","We maintain content eligibility standards for the For You feed (FYF) that prioritize safety and are informed by the diversity of our community and cultural norms. We make ineligible for the FYF certain content that may not be appropriate for a broad audience related to: (1) Behavioral Health, (2) Sensitive and Mature Themes, (3) Integrity and Authenticity, and (4) Regulated Goods. Content that is ineligible for the FYF can still be discovered in other ways, such as through search tools or by following an account.We proactively enforce our Community Guidelines through a mix of technology and human moderation. We have detected this policy violation using automated measures. We have used automated measures in making this decision.",,STATEMENT_CATEGORY_SCOPE_OF_PLATFORM_SERVICE,,,,"[""CONTENT_TYPE_VIDEO""]",,,"2022-12-31 00:00:00","[""AT"",""BE"",""BG"",""CY"",""CZ"",""DE"",""DK"",""EE"",""ES"",""FI"",""FR"",""GR"",""HR"",""HU"",""IE"",""IT"",""LI"",""LT"",""LU"",""LV"",""MT"",""NL"",""NO"",""PL"",""PT"",""RO"",""SE"",""SI"",""SK""]","2024-11-23 00:00:00","The decision was taken pursuant to own-initiative investigations.",SOURCE_VOLUNTARY,,Yes,AUTOMATED_DECISION_FULLY,TikTok,7440307705740286753,"2024-11-23 03:21:08"
bae0b338-7df2-4923-a6bc-ca94577e71bb,"[""DECISION_VISIBILITY_OTHER""]","Video not eligible for recommendation in the For You feed",,,,,,,,,,DECISION_GROUND_INCOMPATIBLE_CONTENT,,,,"Community Guidelines","We maintain content eligibility standards for the For You feed (FYF) that prioritize safety and are informed by the diversity of our community and cultural norms. We make ineligible for the FYF certain content that may not be appropriate for a broad audience related to: (1) Behavioral Health, (2) Sensitive and Mature Themes, (3) Integrity and Authenticity, and (4) Regulated Goods. Content that is ineligible for the FYF can still be discovered in other ways, such as through search tools or by following an account.We proactively enforce our Community Guidelines through a mix of technology and human moderation. We have detected this policy violation using automated measures. We have used automated measures in making this decision.",,STATEMENT_CATEGORY_SCOPE_OF_PLATFORM_SERVICE,,,,"[""CONTENT_TYPE_VIDEO""]",,,"2022-11-19 00:00:00","[""AT"",""BE"",""BG"",""CY"",""CZ"",""DE"",""DK"",""EE"",""ES"",""FI"",""FR"",""GR"",""HR"",""HU"",""IE"",""IT"",""LI"",""LT"",""LU"",""LV"",""MT"",""NL"",""NO"",""PL"",""PT"",""RO"",""SE"",""SI"",""SK""]","2024-11-23 00:00:00","The decision was taken pursuant to own-initiative investigations.",SOURCE_VOLUNTARY,,Yes,AUTOMATED_DECISION_FULLY,TikTok,7440307705681566496,"2024-11-23 03:21:08"
e8ebd1ae-0263-4c96-92c8-f77057b37c29,"[""DECISION_VISIBILITY_OTHER""]","Video not eligible for recommendation in the For You feed",,,,,,,,,,DECISION_GROUND_INCOMPATIBLE_CONTENT,,,,"Alcohol, Tobacco, and Drugs","While adults make personal choices about how they engage with alcohol, drugs, and tobacco, we recognize that there are risks connected to trading and using these substances. Content is ineligible for the For You feed and harder to find in search if it shows adults consuming excessive amounts of alcohol or tobacco products.We proactively enforce our Community Guidelines through a mix of technology and human moderation. We have detected this policy violation using automated measures. We have used automated measures in making this decision.",,STATEMENT_CATEGORY_SCOPE_OF_PLATFORM_SERVICE,,,,"[""CONTENT_TYPE_VIDEO""]",,,"2024-01-21 00:00:00","[""AT"",""BE"",""BG"",""CY"",""CZ"",""DE"",""DK"",""EE"",""ES"",""FI"",""FR"",""GR"",""HR"",""HU"",""IE"",""IT"",""LI"",""LT"",""LU"",""LV"",""MT"",""NL"",""NO"",""PL"",""PT"",""RO"",""SE"",""SI"",""SK""]","2024-11-23 00:00:00","The decision was taken pursuant to own-initiative investigations.",SOURCE_VOLUNTARY,,Yes,AUTOMATED_DECISION_FULLY,TikTok,7440307705740303137,"2024-11-23 03:21:08"
f3172194-848a-4ef3-9094-8527a7edcae4,"[""DECISION_VISIBILITY_OTHER""]","Video not eligible for recommendation in the For You feed",,,,,,,,,,DECISION_GROUND_INCOMPATIBLE_CONTENT,,,,"Community Guidelines","We maintain content eligibility standards for the For You feed (FYF) that prioritize safety and are informed by the diversity of our community and cultural norms. We make ineligible for the FYF certain content that may not be appropriate for a broad audience related to: (1) Behavioral Health, (2) Sensitive and Mature Themes, (3) Integrity and Authenticity, and (4) Regulated Goods. Content that is ineligible for the FYF can still be discovered in other ways, such as through search tools or by following an account.We proactively enforce our Community Guidelines through a mix of technology and human moderation. We have detected this policy violation using automated measures. We have used automated measures in making this decision.",,STATEMENT_CATEGORY_SCOPE_OF_PLATFORM_SERVICE,,,,"[""CONTENT_TYPE_VIDEO""]",,,"2023-04-15 00:00:00","[""AT"",""BE"",""BG"",""CY"",""CZ"",""DE"",""DK"",""EE"",""ES"",""FI"",""FR"",""GR"",""HR"",""HU"",""IE"",""IT"",""LI"",""LT"",""LU"",""LV"",""MT"",""NL"",""NO"",""PL"",""PT"",""RO"",""SE"",""SI"",""SK""]","2024-11-23 00:00:00","The decision was taken pursuant to own-initiative investigations.",SOURCE_VOLUNTARY,,Yes,AUTOMATED_DECISION_FULLY,TikTok,7440307705681582880,"2024-11-23 03:21:08"
d4cef097-3645-49e9-946f-67a7e2153f58,"[""DECISION_VISIBILITY_OTHER""]","Video not eligible for recommendation in the For You feed",,,,,,,,,,DECISION_GROUND_INCOMPATIBLE_CONTENT,,,,"Community Guidelines","We maintain content eligibility standards for the For You feed (FYF) that prioritize safety and are informed by the diversity of our community and cultural norms. We make ineligible for the FYF certain content that may not be appropriate for a broad audience related to: (1) Behavioral Health, (2) Sensitive and Mature Themes, (3) Integrity and Authenticity, and (4) Regulated Goods. Content that is ineligible for the FYF can still be discovered in other ways, such as through search tools or by following an account.We proactively enforce our Community Guidelines through a mix of technology and human moderation. We have detected this policy violation using automated measures. We have used automated measures in making this decision.",,STATEMENT_CATEGORY_SCOPE_OF_PLATFORM_SERVICE,,,,"[""CONTENT_TYPE_VIDEO""]",,,"2022-11-23 00:00:00","[""AT"",""BE"",""BG"",""CY"",""CZ"",""DE"",""DK"",""EE"",""ES"",""FI"",""FR"",""GR"",""HR"",""HU"",""IE"",""IT"",""LI"",""LT"",""LU"",""LV"",""MT"",""NL"",""NO"",""PL"",""PT"",""RO"",""SE"",""SI"",""SK""]","2024-11-23 00:00:00","The decision was taken pursuant to own-initiative investigations.",SOURCE_VOLUNTARY,,Yes,AUTOMATED_DECISION_FULLY,TikTok,7440307705740319521,"2024-11-23 03:21:08"
173ff365-f423-44f3-bd9e-9faaa3e728b0,"[""DECISION_VISIBILITY_OTHER""]","Video not eligible for recommendation in the For You feed",,,,,,,,,,DECISION_GROUND_INCOMPATIBLE_CONTENT,,,,"Community Guidelines","We maintain content eligibility standards for the For You feed (FYF) that prioritize safety and are informed by the diversity of our community and cultural norms. We make ineligible for the FYF certain content that may not be appropriate for a broad audience related to: (1) Behavioral Health, (2) Sensitive and Mature Themes, (3) Integrity and Authenticity, and (4) Regulated Goods. Content that is ineligible for the FYF can still be discovered in other ways, such as through search tools or by following an account.We proactively enforce our Community Guidelines through a mix of technology and human moderation. We have detected this policy violation using automated measures. We have used automated measures in making this decision.",,STATEMENT_CATEGORY_SCOPE_OF_PLATFORM_SERVICE,,,,"[""CONTENT_TYPE_VIDEO""]",,,"2023-03-21 00:00:00","[""AT"",""BE"",""BG"",""CY"",""CZ"",""DE"",""DK"",""EE"",""ES"",""FI"",""FR"",""GR"",""HR"",""HU"",""IE"",""IT"",""LI"",""LT"",""LU"",""LV"",""MT"",""NL"",""NO"",""PL"",""PT"",""RO"",""SE"",""SI"",""SK""]","2024-11-23 00:00:00","The decision was taken pursuant to own-initiative investigations.",SOURCE_VOLUNTARY,,Yes,AUTOMATED_DECISION_FULLY,TikTok,7440307705681599264,"2024-11-23 03:21:08"
cb4ef65c-b22a-4585-b9c6-1e850a5c20b1,"[""DECISION_VISIBILITY_OTHER""]","Video not eligible for recommendation in the For You feed",,,,,,,,,,DECISION_GROUND_INCOMPATIBLE_CONTENT,,,,"Community Guidelines","We maintain content eligibility standards for the For You feed (FYF) that prioritize safety and are informed by the diversity of our community and cultural norms. We make ineligible for the FYF certain content that may not be appropriate for a broad audience related to: (1) Behavioral Health, (2) Sensitive and Mature Themes, (3) Integrity and Authenticity, and (4) Regulated Goods. Content that is ineligible for the FYF can still be discovered in other ways, such as through search tools or by following an account.We proactively enforce our Community Guidelines through a mix of technology and human moderation. We have detected this policy violation using automated measures. We have used automated measures in making this decision.",,STATEMENT_CATEGORY_SCOPE_OF_PLATFORM_SERVICE,,,,"[""CONTENT_TYPE_VIDEO""]",,,"2023-10-06 00:00:00","[""AT"",""BE"",""BG"",""CY"",""CZ"",""DE"",""DK"",""EE"",""ES"",""FI"",""FR"",""GR"",""HR"",""HU"",""IE"",""IT"",""LI"",""LT"",""LU"",""LV"",""MT"",""NL"",""NO"",""PL"",""PT"",""RO"",""SE"",""SI"",""SK""]","2024-11-23 00:00:00","The decision was taken pursuant to own-initiative investigations.",SOURCE_VOLUNTARY,,Yes,AUTOMATED_DECISION_FULLY,TikTok,7440307705681615648,"2024-11-23 03:21:08"
eb7072ef-7368-47ab-935c-fb86392d1a20,"[""DECISION_VISIBILITY_OTHER""]","Video not eligible for recommendation in the For You feed",,,,,,,,,,DECISION_GROUND_INCOMPATIBLE_CONTENT,,,,"Community Guidelines","We maintain content eligibility standards for the For You feed (FYF) that prioritize safety and are informed by the diversity of our community and cultural norms. We make ineligible for the FYF certain content that may not be appropriate for a broad audience related to: (1) Behavioral Health, (2) Sensitive and Mature Themes, (3) Integrity and Authenticity, and (4) Regulated Goods. Content that is ineligible for the FYF can still be discovered in other ways, such as through search tools or by following an account.We proactively enforce our Community Guidelines through a mix of technology and human moderation. We have detected this policy violation using automated measures. We have used automated measures in making this decision.",,STATEMENT_CATEGORY_SCOPE_OF_PLATFORM_SERVICE,,,,"[""CONTENT_TYPE_VIDEO""]",,,"2023-01-21 00:00:00","[""AT"",""BE"",""BG"",""CY"",""CZ"",""DE"",""DK"",""EE"",""ES"",""FI"",""FR"",""GR"",""HR"",""HU"",""IE"",""IT"",""LI"",""LT"",""LU"",""LV"",""MT"",""NL"",""NO"",""PL"",""PT"",""RO"",""SE"",""SI"",""SK""]","2024-11-23 00:00:00","The decision was taken pursuant to own-initiative investigations.",SOURCE_VOLUNTARY,,Yes,AUTOMATED_DECISION_FULLY,TikTok,7440307705740335905,"2024-11-23 03:21:08"
934d088b-f644-4dab-bf57-01dc3cbd47d1,"[""DECISION_VISIBILITY_OTHER""]","Video not eligible for recommendation in the For You feed",,,,,,,,,,DECISION_GROUND_INCOMPATIBLE_CONTENT,,,,"Community Guidelines","We maintain content eligibility standards for the For You feed (FYF) that prioritize safety and are informed by the diversity of our community and cultural norms. We make ineligible for the FYF certain content that may not be appropriate for a broad audience related to: (1) Behavioral Health, (2) Sensitive and Mature Themes, (3) Integrity and Authenticity, and (4) Regulated Goods. Content that is ineligible for the FYF can still be discovered in other ways, such as through search tools or by following an account.We proactively enforce our Community Guidelines through a mix of technology and human moderation. We have detected this policy violation using automated measures. We have used automated measures in making this decision.",,STATEMENT_CATEGORY_SCOPE_OF_PLATFORM_SERVICE,,,,"[""CONTENT_TYPE_VIDEO""]",,,"2022-11-29 00:00:00","[""AT"",""BE"",""BG"",""CY"",""CZ"",""DE"",""DK"",""EE"",""ES"",""FI"",""FR"",""GR"",""HR"",""HU"",""IE"",""IT"",""LI"",""LT"",""LU"",""LV"",""MT"",""NL"",""NO"",""PL"",""PT"",""RO"",""SE"",""SI"",""SK""]","2024-11-23 00:00:00","The decision was taken pursuant to own-initiative investigations.",SOURCE_VOLUNTARY,,Yes,AUTOMATED_DECISION_FULLY,TikTok,7440307705740352289,"2024-11-23 03:21:08"
1b19d327-e294-4383-8c27-b01f23777b02,"[""DECISION_VISIBILITY_OTHER""]","Video not eligible for recommendation in the For You feed",,,,,,,,,,DECISION_GROUND_INCOMPATIBLE_CONTENT,,,,"Community Guidelines","We maintain content eligibility standards for the For You feed (FYF) that prioritize safety and are informed by the diversity of our community and cultural norms. We make ineligible for the FYF certain content that may not be appropriate for a broad audience related to: (1) Behavioral Health, (2) Sensitive and Mature Themes, (3) Integrity and Authenticity, and (4) Regulated Goods. Content that is ineligible for the FYF can still be discovered in other ways, such as through search tools or by following an account.We proactively enforce our Community Guidelines through a mix of technology and human moderation. We have detected this policy violation using automated measures. We have used automated measures in making this decision.",,STATEMENT_CATEGORY_SCOPE_OF_PLATFORM_SERVICE,,,,"[""CONTENT_TYPE_VIDEO""]",,,"2023-04-06 00:00:00","[""AT"",""BE"",""BG"",""CY"",""CZ"",""DE"",""DK"",""EE"",""ES"",""FI"",""FR"",""GR"",""HR"",""HU"",""IE"",""IT"",""LI"",""LT"",""LU"",""LV"",""MT"",""NL"",""NO"",""PL"",""PT"",""RO"",""SE"",""SI"",""SK""]","2024-11-23 00:00:00","The decision was taken pursuant to own-initiative investigations.",SOURCE_VOLUNTARY,,Yes,AUTOMATED_DECISION_FULLY,TikTok,7440307705740368673,"2024-11-23 03:21:08"
b4f82e52-e999-462a-bd0e-2dd8d25f17f5,"[""DECISION_VISIBILITY_OTHER""]","Video not eligible for recommendation in the For You feed",,,,,,,,,,DECISION_GROUND_INCOMPATIBLE_CONTENT,,,,Misinformation,"In a global community, it is natural for people to have different opinions, but we seek to operate on a shared set of facts and reality. Content is ineligible for the For You feed and harder to find in search if it contains general conspiracy theories or unverified information related to emergencies. Content sent for fact checking may also be temporarily ineligible for the For You feed while it is undergoing review.We proactively enforce our Community Guidelines through a mix of technology and human moderation. We have detected this policy violation using automated measures. We have used automated measures in making this decision.",,STATEMENT_CATEGORY_NEGATIVE_EFFECTS_ON_CIVIC_DISCOURSE_OR_ELECTIONS,,,,"[""CONTENT_TYPE_VIDEO""]",,,"2023-05-26 00:00:00","[""AT"",""BE"",""BG"",""CY"",""CZ"",""DE"",""DK"",""EE"",""ES"",""FI"",""FR"",""GR"",""HR"",""HU"",""IE"",""IT"",""LI"",""LT"",""LU"",""LV"",""MT"",""NL"",""NO"",""PL"",""PT"",""RO"",""SE"",""SI"",""SK""]","2024-11-23 00:00:00","The decision was taken pursuant to own-initiative investigations.",SOURCE_VOLUNTARY,,Yes,AUTOMATED_DECISION_FULLY,TikTok,7440307705681632032,"2024-11-23 03:21:08"
de65e30f-d3b7-4790-b0e7-c0e472cb970d,"[""DECISION_VISIBILITY_OTHER""]","Video not eligible for recommendation in the For You feed",,,,,,,,,,DECISION_GROUND_INCOMPATIBLE_CONTENT,,,,"Community Guidelines","We maintain content eligibility standards for the For You feed (FYF) that prioritize safety and are informed by the diversity of our community and cultural norms. We make ineligible for the FYF certain content that may not be appropriate for a broad audience related to: (1) Behavioral Health, (2) Sensitive and Mature Themes, (3) Integrity and Authenticity, and (4) Regulated Goods. Content that is ineligible for the FYF can still be discovered in other ways, such as through search tools or by following an account.We proactively enforce our Community Guidelines through a mix of technology and human moderation. We have detected this policy violation using automated measures. We have used automated measures in making this decision.",,STATEMENT_CATEGORY_SCOPE_OF_PLATFORM_SERVICE,,,,"[""CONTENT_TYPE_VIDEO""]",,,"2023-05-23 00:00:00","[""AT"",""BE"",""BG"",""CY"",""CZ"",""DE"",""DK"",""EE"",""ES"",""FI"",""FR"",""GR"",""HR"",""HU"",""IE"",""IT"",""LI"",""LT"",""LU"",""LV"",""MT"",""NL"",""NO"",""PL"",""PT"",""RO"",""SE"",""SI"",""SK""]","2024-11-23 00:00:00","The decision was taken pursuant to own-initiative investigations.",SOURCE_VOLUNTARY,,Yes,AUTOMATED_DECISION_FULLY,TikTok,7440307705740385057,"2024-11-23 03:21:08"
e5019cde-eff8-4020-b553-5e417f77690a,"[""DECISION_VISIBILITY_OTHER""]","Video not eligible for recommendation in the For You feed",,,,,,,,,,DECISION_GROUND_INCOMPATIBLE_CONTENT,,,,"Community Guidelines","We maintain content eligibility standards for the For You feed (FYF) that prioritize safety and are informed by the diversity of our community and cultural norms. We make ineligible for the FYF certain content that may not be appropriate for a broad audience related to: (1) Behavioral Health, (2) Sensitive and Mature Themes, (3) Integrity and Authenticity, and (4) Regulated Goods. Content that is ineligible for the FYF can still be discovered in other ways, such as through search tools or by following an account.We proactively enforce our Community Guidelines through a mix of technology and human moderation. We have detected this policy violation using automated measures. We have used automated measures in making this decision.",,STATEMENT_CATEGORY_SCOPE_OF_PLATFORM_SERVICE,,,,"[""CONTENT_TYPE_VIDEO""]",,,"2024-10-28 00:00:00","[""AT"",""BE"",""BG"",""CY"",""CZ"",""DE"",""DK"",""EE"",""ES"",""FI"",""FR"",""GR"",""HR"",""HU"",""IE"",""IT"",""LI"",""LT"",""LU"",""LV"",""MT"",""NL"",""NO"",""PL"",""PT"",""RO"",""SE"",""SI"",""SK""]","2024-11-23 00:00:00","The decision was taken pursuant to own-initiative investigations.",SOURCE_VOLUNTARY,,Yes,AUTOMATED_DECISION_FULLY,TikTok,7440307705681648416,"2024-11-23 03:21:08"
abd94126-b17e-4483-bf9f-31200edc78b1,"[""DECISION_VISIBILITY_CONTENT_REMOVED""]",,,,,,,,,,,DECISION_GROUND_INCOMPATIBLE_CONTENT,,,,"Community Guidelines","Your content is against our Community Guidelines. The guidelines include rules and standards for using TikTok that apply to everyone and everything on our platform.We proactively enforce our Community Guidelines through a mix of technology and human moderation. We have detected this policy violation using automated measures. We have used automated measures in making this decision.",,STATEMENT_CATEGORY_SCOPE_OF_PLATFORM_SERVICE,,,,"[""CONTENT_TYPE_VIDEO""]",,,"2024-02-08 00:00:00","[""AT"",""BE"",""BG"",""CY"",""CZ"",""DE"",""DK"",""EE"",""ES"",""FI"",""FR"",""GR"",""HR"",""HU"",""IE"",""IT"",""LI"",""LT"",""LU"",""LV"",""MT"",""NL"",""NO"",""PL"",""PT"",""RO"",""SE"",""SI"",""SK""]","2024-11-23 00:00:00","The decision was taken pursuant to own-initiative investigations.",SOURCE_VOLUNTARY,,Yes,AUTOMATED_DECISION_FULLY,TikTok,7440307705740401441,"2024-11-23 03:21:08"
64d1ce59-b01c-4e40-adef-b1d0ceb38346,"[""DECISION_VISIBILITY_OTHER""]","Video not eligible for recommendation in the For You feed",,,,,,,,,,DECISION_GROUND_INCOMPATIBLE_CONTENT,,,,"Community Guidelines","We maintain content eligibility standards for the For You feed (FYF) that prioritize safety and are informed by the diversity of our community and cultural norms. We make ineligible for the FYF certain content that may not be appropriate for a broad audience related to: (1) Behavioral Health, (2) Sensitive and Mature Themes, (3) Integrity and Authenticity, and (4) Regulated Goods. Content that is ineligible for the FYF can still be discovered in other ways, such as through search tools or by following an account.We proactively enforce our Community Guidelines through a mix of technology and human moderation. We have detected this policy violation using automated measures. We have used automated measures in making this decision.",,STATEMENT_CATEGORY_SCOPE_OF_PLATFORM_SERVICE,,,,"[""CONTENT_TYPE_VIDEO""]",,,"2024-07-27 00:00:00","[""AT"",""BE"",""BG"",""CY"",""CZ"",""DE"",""DK"",""EE"",""ES"",""FI"",""FR"",""GR"",""HR"",""HU"",""IE"",""IT"",""LI"",""LT"",""LU"",""LV"",""MT"",""NL"",""NO"",""PL"",""PT"",""RO"",""SE"",""SI"",""SK""]","2024-11-23 00:00:00","The decision was taken pursuant to own-initiative investigations.",SOURCE_VOLUNTARY,,Yes,AUTOMATED_DECISION_FULLY,TikTok,7440307705740417825,"2024-11-23 03:21:08"
339b3aa7-adfa-4920-9eb4-7133ea68545a,"[""DECISION_VISIBILITY_OTHER""]","Video not eligible for recommendation in the For You feed",,,,,,,,,,DECISION_GROUND_INCOMPATIBLE_CONTENT,,,,"Community Guidelines","We maintain content eligibility standards for the For You feed (FYF) that prioritize safety and are informed by the diversity of our community and cultural norms. We make ineligible for the FYF certain content that may not be appropriate for a broad audience related to: (1) Behavioral Health, (2) Sensitive and Mature Themes, (3) Integrity and Authenticity, and (4) Regulated Goods. Content that is ineligible for the FYF can still be discovered in other ways, such as through search tools or by following an account.We proactively enforce our Community Guidelines through a mix of technology and human moderation. We have detected this policy violation using automated measures. We have used automated measures in making this decision.",,STATEMENT_CATEGORY_SCOPE_OF_PLATFORM_SERVICE,,,,"[""CONTENT_TYPE_VIDEO""]",,,"2022-12-08 00:00:00","[""AT"",""BE"",""BG"",""CY"",""CZ"",""DE"",""DK"",""EE"",""ES"",""FI"",""FR"",""GR"",""HR"",""HU"",""IE"",""IT"",""LI"",""LT"",""LU"",""LV"",""MT"",""NL"",""NO"",""PL"",""PT"",""RO"",""SE"",""SI"",""SK""]","2024-11-23 00:00:00","The decision was taken pursuant to own-initiative investigations.",SOURCE_VOLUNTARY,,Yes,AUTOMATED_DECISION_FULLY,TikTok,7440307706289724193,"2024-11-23 03:21:08"
40c8120e-643e-4596-aed6-c769596b39b2,"[""DECISION_VISIBILITY_OTHER""]","Video not eligible for recommendation in the For You feed",,,,,,,,,,DECISION_GROUND_INCOMPATIBLE_CONTENT,,,,"Community Guidelines","We maintain content eligibility standards for the For You feed (FYF) that prioritize safety and are informed by the diversity of our community and cultural norms. We make ineligible for the FYF certain content that may not be appropriate for a broad audience related to: (1) Behavioral Health, (2) Sensitive and Mature Themes, (3) Integrity and Authenticity, and (4) Regulated Goods. Content that is ineligible for the FYF can still be discovered in other ways, such as through search tools or by following an account.We proactively enforce our Community Guidelines through a mix of technology and human moderation. We have detected this policy violation using automated measures. We have used automated measures in making this decision.",,STATEMENT_CATEGORY_SCOPE_OF_PLATFORM_SERVICE,,,,"[""CONTENT_TYPE_VIDEO""]",,,"2023-10-22 00:00:00","[""AT"",""BE"",""BG"",""CY"",""CZ"",""DE"",""DK"",""EE"",""ES"",""FI"",""FR"",""GR"",""HR"",""HU"",""IE"",""IT"",""LI"",""LT"",""LU"",""LV"",""MT"",""NL"",""NO"",""PL"",""PT"",""RO"",""SE"",""SI"",""SK""]","2024-11-23 00:00:00","The decision was taken pursuant to own-initiative investigations.",SOURCE_VOLUNTARY,,Yes,AUTOMATED_DECISION_FULLY,TikTok,7440307705681664800,"2024-11-23 03:21:08"
f683324e-0c90-4b1d-963e-13ba56bffd05,"[""DECISION_VISIBILITY_OTHER""]","Video not eligible for recommendation in the For You feed",,,,,,,,,,DECISION_GROUND_INCOMPATIBLE_CONTENT,,,,"Community Guidelines","We maintain content eligibility standards for the For You feed (FYF) that prioritize safety and are informed by the diversity of our community and cultural norms. We make ineligible for the FYF certain content that may not be appropriate for a broad audience related to: (1) Behavioral Health, (2) Sensitive and Mature Themes, (3) Integrity and Authenticity, and (4) Regulated Goods. Content that is ineligible for the FYF can still be discovered in other ways, such as through search tools or by following an account.We proactively enforce our Community Guidelines through a mix of technology and human moderation. We have detected this policy violation using automated measures. We have used automated measures in making this decision.",,STATEMENT_CATEGORY_SCOPE_OF_PLATFORM_SERVICE,,,,"[""CONTENT_TYPE_VIDEO""]",,,"2024-07-25 00:00:00","[""AT"",""BE"",""BG"",""CY"",""CZ"",""DE"",""DK"",""EE"",""ES"",""FI"",""FR"",""GR"",""HR"",""HU"",""IE"",""IT"",""LI"",""LT"",""LU"",""LV"",""MT"",""NL"",""NO"",""PL"",""PT"",""RO"",""SE"",""SI"",""SK""]","2024-11-23 00:00:00","The decision was taken pursuant to own-initiative investigations.",SOURCE_VOLUNTARY,,Yes,AUTOMATED_DECISION_FULLY,TikTok,7440307705681681184,"2024-11-23 03:21:08"
bb7c6b0d-c31c-46d4-b475-0c24525bc5d8,"[""DECISION_VISIBILITY_OTHER""]","Video not eligible for recommendation in the For You feed",,,,,,,,,,DECISION_GROUND_INCOMPATIBLE_CONTENT,,,,"Community Guidelines","We maintain content eligibility standards for the For You feed (FYF) that prioritize safety and are informed by the diversity of our community and cultural norms. We make ineligible for the FYF certain content that may not be appropriate for a broad audience related to: (1) Behavioral Health, (2) Sensitive and Mature Themes, (3) Integrity and Authenticity, and (4) Regulated Goods. Content that is ineligible for the FYF can still be discovered in other ways, such as through search tools or by following an account.We proactively enforce our Community Guidelines through a mix of technology and human moderation. We have detected this policy violation using automated measures. We have used automated measures in making this decision.",,STATEMENT_CATEGORY_SCOPE_OF_PLATFORM_SERVICE,,,,"[""CONTENT_TYPE_VIDEO""]",,,"2023-08-26 00:00:00","[""AT"",""BE"",""BG"",""CY"",""CZ"",""DE"",""DK"",""EE"",""ES"",""FI"",""FR"",""GR"",""HR"",""HU"",""IE"",""IT"",""LI"",""LT"",""LU"",""LV"",""MT"",""NL"",""NO"",""PL"",""PT"",""RO"",""SE"",""SI"",""SK""]","2024-11-23 00:00:00","The decision was taken pursuant to own-initiative investigations.",SOURCE_VOLUNTARY,,Yes,AUTOMATED_DECISION_FULLY,TikTok,7440307705681697568,"2024-11-23 03:21:08"
bcda00eb-0f23-44e7-a655-07375885db3b,"[""DECISION_VISIBILITY_OTHER""]","Video not eligible for recommendation in the For You feed",,,,,,,,,,DECISION_GROUND_INCOMPATIBLE_CONTENT,,,,"Alcohol, Tobacco, and Drugs","While adults make personal choices about how they engage with alcohol, drugs, and tobacco, we recognize that there are risks connected to trading and using these substances. Content is ineligible for the For You feed and harder to find in search if it shows adults consuming excessive amounts of alcohol or tobacco products.We proactively enforce our Community Guidelines through a mix of technology and human moderation. We have detected this policy violation using automated measures. We have used automated measures in making this decision.",,STATEMENT_CATEGORY_SCOPE_OF_PLATFORM_SERVICE,,,,"[""CONTENT_TYPE_VIDEO""]",,,"2023-09-19 00:00:00","[""AT"",""BE"",""BG"",""CY"",""CZ"",""DE"",""DK"",""EE"",""ES"",""FI"",""FR"",""GR"",""HR"",""HU"",""IE"",""IT"",""LI"",""LT"",""LU"",""LV"",""MT"",""NL"",""NO"",""PL"",""PT"",""RO"",""SE"",""SI"",""SK""]","2024-11-23 00:00:00","The decision was taken pursuant to own-initiative investigations.",SOURCE_VOLUNTARY,,Yes,AUTOMATED_DECISION_FULLY,TikTok,7440307706289740577,"2024-11-23 03:21:08"
2671c249-8ceb-422e-8642-8066a0baae93,"[""DECISION_VISIBILITY_OTHER""]","Video not eligible for recommendation in the For You feed",,,,,,,,,,DECISION_GROUND_INCOMPATIBLE_CONTENT,,,,Misinformation,"In a global community, it is natural for people to have different opinions, but we seek to operate on a shared set of facts and reality. Content is ineligible for the For You feed and harder to find in search if it contains general conspiracy theories or unverified information related to emergencies. Content sent for fact checking may also be temporarily ineligible for the For You feed while it is undergoing review.We proactively enforce our Community Guidelines through a mix of technology and human moderation. We have detected this policy violation using automated measures. We have used automated measures in making this decision.",,STATEMENT_CATEGORY_NEGATIVE_EFFECTS_ON_CIVIC_DISCOURSE_OR_ELECTIONS,,,,"[""CONTENT_TYPE_VIDEO""]",,,"2024-05-09 00:00:00","[""AT"",""BE"",""BG"",""CY"",""CZ"",""DE"",""DK"",""EE"",""ES"",""FI"",""FR"",""GR"",""HR"",""HU"",""IE"",""IT"",""LI"",""LT"",""LU"",""LV"",""MT"",""NL"",""NO"",""PL"",""PT"",""RO"",""SE"",""SI"",""SK""]","2024-11-23 00:00:00","The decision was taken pursuant to own-initiative investigations.",SOURCE_VOLUNTARY,,Yes,AUTOMATED_DECISION_FULLY,TikTok,7440307706352638752,"2024-11-23 03:21:08"
dc000bd2-d749-4d03-8700-74a388a47da3,"[""DECISION_VISIBILITY_OTHER""]","Video not eligible for recommendation in the For You feed",,,,,,,,,,DECISION_GROUND_INCOMPATIBLE_CONTENT,,,,"Community Guidelines","We maintain content eligibility standards for the For You feed (FYF) that prioritize safety and are informed by the diversity of our community and cultural norms. We make ineligible for the FYF certain content that may not be appropriate for a broad audience related to: (1) Behavioral Health, (2) Sensitive and Mature Themes, (3) Integrity and Authenticity, and (4) Regulated Goods. Content that is ineligible for the FYF can still be discovered in other ways, such as through search tools or by following an account.We proactively enforce our Community Guidelines through a mix of technology and human moderation. We have detected this policy violation using automated measures. We have used automated measures in making this decision.",,STATEMENT_CATEGORY_SCOPE_OF_PLATFORM_SERVICE,,,,"[""CONTENT_TYPE_VIDEO""]",,,"2022-11-13 00:00:00","[""AT"",""BE"",""BG"",""CY"",""CZ"",""DE"",""DK"",""EE"",""ES"",""FI"",""FR"",""GR"",""HR"",""HU"",""IE"",""IT"",""LI"",""LT"",""LU"",""LV"",""MT"",""NL"",""NO"",""PL"",""PT"",""RO"",""SE"",""SI"",""SK""]","2024-11-23 00:00:00","The decision was taken pursuant to own-initiative investigations.",SOURCE_VOLUNTARY,,Yes,AUTOMATED_DECISION_FULLY,TikTok,7440307706289756961,"2024-11-23 03:21:08"
037ebde2-05e0-4b90-8e44-3c0c1959122c,"[""DECISION_VISIBILITY_OTHER""]","Video not eligible for recommendation in the For You feed",,,,,,,,,,DECISION_GROUND_INCOMPATIBLE_CONTENT,,,,"Community Guidelines","We maintain content eligibility standards for the For You feed (FYF) that prioritize safety and are informed by the diversity of our community and cultural norms. We make ineligible for the FYF certain content that may not be appropriate for a broad audience related to: (1) Behavioral Health, (2) Sensitive and Mature Themes, (3) Integrity and Authenticity, and (4) Regulated Goods. Content that is ineligible for the FYF can still be discovered in other ways, such as through search tools or by following an account.We proactively enforce our Community Guidelines through a mix of technology and human moderation. We have detected this policy violation using automated measures. We have used automated measures in making this decision.",,STATEMENT_CATEGORY_SCOPE_OF_PLATFORM_SERVICE,,,,"[""CONTENT_TYPE_VIDEO""]",,,"2023-09-16 00:00:00","[""AT"",""BE"",""BG"",""CY"",""CZ"",""DE"",""DK"",""EE"",""ES"",""FI"",""FR"",""GR"",""HR"",""HU"",""IE"",""IT"",""LI"",""LT"",""LU"",""LV"",""MT"",""NL"",""NO"",""PL"",""PT"",""RO"",""SE"",""SI"",""SK""]","2024-11-23 00:00:00","The decision was taken pursuant to own-initiative investigations.",SOURCE_VOLUNTARY,,Yes,AUTOMATED_DECISION_FULLY,TikTok,7440307706289773345,"2024-11-23 03:21:08"
fba06329-411e-4498-83b6-522676e4ad74,"[""DECISION_VISIBILITY_OTHER""]","Video not eligible for recommendation in the For You feed",,,,,,,,,,DECISION_GROUND_INCOMPATIBLE_CONTENT,,,,"Community Guidelines","We maintain content eligibility standards for the For You feed (FYF) that prioritize safety and are informed by the diversity of our community and cultural norms. We make ineligible for the FYF certain content that may not be appropriate for a broad audience related to: (1) Behavioral Health, (2) Sensitive and Mature Themes, (3) Integrity and Authenticity, and (4) Regulated Goods. Content that is ineligible for the FYF can still be discovered in other ways, such as through search tools or by following an account.We proactively enforce our Community Guidelines through a mix of technology and human moderation. We have detected this policy violation using automated measures. We have used automated measures in making this decision.",,STATEMENT_CATEGORY_SCOPE_OF_PLATFORM_SERVICE,,,,"[""CONTENT_TYPE_VIDEO""]",,,"2023-04-15 00:00:00","[""AT"",""BE"",""BG"",""CY"",""CZ"",""DE"",""DK"",""EE"",""ES"",""FI"",""FR"",""GR"",""HR"",""HU"",""IE"",""IT"",""LI"",""LT"",""LU"",""LV"",""MT"",""NL"",""NO"",""PL"",""PT"",""RO"",""SE"",""SI"",""SK""]","2024-11-23 00:00:00","The decision was taken pursuant to own-initiative investigations.",SOURCE_VOLUNTARY,,Yes,AUTOMATED_DECISION_FULLY,TikTok,7440307706289789729,"2024-11-23 03:21:08"
825c0db9-86a5-4ef9-93d7-5bd855cfe7b2,"[""DECISION_VISIBILITY_OTHER""]","Video not eligible for recommendation in the For You feed",,,,,,,,,,DECISION_GROUND_INCOMPATIBLE_CONTENT,,,,Misinformation,"In a global community, it is natural for people to have different opinions, but we seek to operate on a shared set of facts and reality. Content is ineligible for the For You feed and harder to find in search if it contains general conspiracy theories or unverified information related to emergencies. Content sent for fact checking may also be temporarily ineligible for the For You feed while it is undergoing review.We proactively enforce our Community Guidelines through a mix of technology and human moderation. We have detected this policy violation using automated measures. We have used automated measures in making this decision.",,STATEMENT_CATEGORY_NEGATIVE_EFFECTS_ON_CIVIC_DISCOURSE_OR_ELECTIONS,,,,"[""CONTENT_TYPE_VIDEO""]",,,"2024-02-21 00:00:00","[""AT"",""BE"",""BG"",""CY"",""CZ"",""DE"",""DK"",""EE"",""ES"",""FI"",""FR"",""GR"",""HR"",""HU"",""IE"",""IT"",""LI"",""LT"",""LU"",""LV"",""MT"",""NL"",""NO"",""PL"",""PT"",""RO"",""SE"",""SI"",""SK""]","2024-11-23 00:00:00","The decision was taken pursuant to own-initiative investigations.",SOURCE_VOLUNTARY,,Yes,AUTOMATED_DECISION_FULLY,TikTok,7440307706352655136,"2024-11-23 03:21:08"
cc196198-b182-4aa3-8290-6219e5d29819,"[""DECISION_VISIBILITY_OTHER""]","Video not eligible for recommendation in the For You feed",,,,,,,,,,DECISION_GROUND_INCOMPATIBLE_CONTENT,,,,"Community Guidelines","We maintain content eligibility standards for the For You feed (FYF) that prioritize safety and are informed by the diversity of our community and cultural norms. We make ineligible for the FYF certain content that may not be appropriate for a broad audience related to: (1) Behavioral Health, (2) Sensitive and Mature Themes, (3) Integrity and Authenticity, and (4) Regulated Goods. Content that is ineligible for the FYF can still be discovered in other ways, such as through search tools or by following an account.We proactively enforce our Community Guidelines through a mix of technology and human moderation. We have detected this policy violation using automated measures. We have used automated measures in making this decision.",,STATEMENT_CATEGORY_SCOPE_OF_PLATFORM_SERVICE,,,,"[""CONTENT_TYPE_VIDEO""]",,,"2023-04-01 00:00:00","[""AT"",""BE"",""BG"",""CY"",""CZ"",""DE"",""DK"",""EE"",""ES"",""FI"",""FR"",""GR"",""HR"",""HU"",""IE"",""IT"",""LI"",""LT"",""LU"",""LV"",""MT"",""NL"",""NO"",""PL"",""PT"",""RO"",""SE"",""SI"",""SK""]","2024-11-23 00:00:00","The decision was taken pursuant to own-initiative investigations.",SOURCE_VOLUNTARY,,Yes,AUTOMATED_DECISION_FULLY,TikTok,7440307706289806113,"2024-11-23 03:21:08"
207a578c-92a3-47d8-820d-504f3e46b988,"[""DECISION_VISIBILITY_OTHER""]","Video not eligible for recommendation in the For You feed",,,,,,,,,,DECISION_GROUND_INCOMPATIBLE_CONTENT,,,,"Community Guidelines","We maintain content eligibility standards for the For You feed (FYF) that prioritize safety and are informed by the diversity of our community and cultural norms. We make ineligible for the FYF certain content that may not be appropriate for a broad audience related to: (1) Behavioral Health, (2) Sensitive and Mature Themes, (3) Integrity and Authenticity, and (4) Regulated Goods. Content that is ineligible for the FYF can still be discovered in other ways, such as through search tools or by following an account.We proactively enforce our Community Guidelines through a mix of technology and human moderation. We have detected this policy violation using automated measures. We have used automated measures in making this decision.",,STATEMENT_CATEGORY_SCOPE_OF_PLATFORM_SERVICE,,,,"[""CONTENT_TYPE_VIDEO""]",,,"2023-10-09 00:00:00","[""AT"",""BE"",""BG"",""CY"",""CZ"",""DE"",""DK"",""EE"",""ES"",""FI"",""FR"",""GR"",""HR"",""HU"",""IE"",""IT"",""LI"",""LT"",""LU"",""LV"",""MT"",""NL"",""NO"",""PL"",""PT"",""RO"",""SE"",""SI"",""SK""]","2024-11-23 00:00:00","The decision was taken pursuant to own-initiative investigations.",SOURCE_VOLUNTARY,,Yes,AUTOMATED_DECISION_FULLY,TikTok,7440307706352671520,"2024-11-23 03:21:08"
f6cce628-e36a-4791-8135-28683b870b4a,"[""DECISION_VISIBILITY_OTHER""]","Video not eligible for recommendation in the For You feed",,,,,,,,,,DECISION_GROUND_INCOMPATIBLE_CONTENT,,,,"Community Guidelines","We maintain content eligibility standards for the For You feed (FYF) that prioritize safety and are informed by the diversity of our community and cultural norms. We make ineligible for the FYF certain content that may not be appropriate for a broad audience related to: (1) Behavioral Health, (2) Sensitive and Mature Themes, (3) Integrity and Authenticity, and (4) Regulated Goods. Content that is ineligible for the FYF can still be discovered in other ways, such as through search tools or by following an account.We proactively enforce our Community Guidelines through a mix of technology and human moderation. We have detected this policy violation using automated measures. We have used automated measures in making this decision.",,STATEMENT_CATEGORY_SCOPE_OF_PLATFORM_SERVICE,,,,"[""CONTENT_TYPE_VIDEO""]",,,"2023-12-02 00:00:00","[""AT"",""BE"",""BG"",""CY"",""CZ"",""DE"",""DK"",""EE"",""ES"",""FI"",""FR"",""GR"",""HR"",""HU"",""IE"",""IT"",""LI"",""LT"",""LU"",""LV"",""MT"",""NL"",""NO"",""PL"",""PT"",""RO"",""SE"",""SI"",""SK""]","2024-11-23 00:00:00","The decision was taken pursuant to own-initiative investigations.",SOURCE_VOLUNTARY,,Yes,AUTOMATED_DECISION_FULLY,TikTok,7440307706289822497,"2024-11-23 03:21:08"
aafe4b93-1807-48e7-9c54-11ad27b4c11b,"[""DECISION_VISIBILITY_OTHER""]","Video not eligible for recommendation in the For You feed",,,,,,,,,,DECISION_GROUND_INCOMPATIBLE_CONTENT,,,,"Community Guidelines","We maintain content eligibility standards for the For You feed (FYF) that prioritize safety and are informed by the diversity of our community and cultural norms. We make ineligible for the FYF certain content that may not be appropriate for a broad audience related to: (1) Behavioral Health, (2) Sensitive and Mature Themes, (3) Integrity and Authenticity, and (4) Regulated Goods. Content that is ineligible for the FYF can still be discovered in other ways, such as through search tools or by following an account.We proactively enforce our Community Guidelines through a mix of technology and human moderation. We have detected this policy violation using automated measures. We have used automated measures in making this decision.",,STATEMENT_CATEGORY_SCOPE_OF_PLATFORM_SERVICE,,,,"[""CONTENT_TYPE_VIDEO""]",,,"2023-03-29 00:00:00","[""AT"",""BE"",""BG"",""CY"",""CZ"",""DE"",""DK"",""EE"",""ES"",""FI"",""FR"",""GR"",""HR"",""HU"",""IE"",""IT"",""LI"",""LT"",""LU"",""LV"",""MT"",""NL"",""NO"",""PL"",""PT"",""RO"",""SE"",""SI"",""SK""]","2024-11-23 00:00:00","The decision was taken pursuant to own-initiative investigations.",SOURCE_VOLUNTARY,,Yes,AUTOMATED_DECISION_FULLY,TikTok,7440307706352687904,"2024-11-23 03:21:08"
b506fee4-4da3-41d8-b4c0-a8bc329e8e39,"[""DECISION_VISIBILITY_OTHER""]","Video not eligible for recommendation in the For You feed",,,,,,,,,,DECISION_GROUND_INCOMPATIBLE_CONTENT,,,,"Community Guidelines","We maintain content eligibility standards for the For You feed (FYF) that prioritize safety and are informed by the diversity of our community and cultural norms. We make ineligible for the FYF certain content that may not be appropriate for a broad audience related to: (1) Behavioral Health, (2) Sensitive and Mature Themes, (3) Integrity and Authenticity, and (4) Regulated Goods. Content that is ineligible for the FYF can still be discovered in other ways, such as through search tools or by following an account.We proactively enforce our Community Guidelines through a mix of technology and human moderation. We have detected this policy violation using automated measures. We have used automated measures in making this decision.",,STATEMENT_CATEGORY_SCOPE_OF_PLATFORM_SERVICE,,,,"[""CONTENT_TYPE_VIDEO""]",,,"2023-12-14 00:00:00","[""AT"",""BE"",""BG"",""CY"",""CZ"",""DE"",""DK"",""EE"",""ES"",""FI"",""FR"",""GR"",""HR"",""HU"",""IE"",""IT"",""LI"",""LT"",""LU"",""LV"",""MT"",""NL"",""NO"",""PL"",""PT"",""RO"",""SE"",""SI"",""SK""]","2024-11-23 00:00:00","The decision was taken pursuant to own-initiative investigations.",SOURCE_VOLUNTARY,,Yes,AUTOMATED_DECISION_FULLY,TikTok,7440307706289838881,"2024-11-23 03:21:08"
c4611cc5-fd3e-465f-9b80-358760845e18,"[""DECISION_VISIBILITY_OTHER""]","Video not eligible for recommendation in the For You feed",,,,,,,,,,DECISION_GROUND_INCOMPATIBLE_CONTENT,,,,"Community Guidelines","We maintain content eligibility standards for the For You feed (FYF) that prioritize safety and are informed by the diversity of our community and cultural norms. We make ineligible for the FYF certain content that may not be appropriate for a broad audience related to: (1) Behavioral Health, (2) Sensitive and Mature Themes, (3) Integrity and Authenticity, and (4) Regulated Goods. Content that is ineligible for the FYF can still be discovered in other ways, such as through search tools or by following an account.We proactively enforce our Community Guidelines through a mix of technology and human moderation. We have detected this policy violation using automated measures. We have used automated measures in making this decision.",,STATEMENT_CATEGORY_SCOPE_OF_PLATFORM_SERVICE,,,,"[""CONTENT_TYPE_VIDEO""]",,,"2023-10-20 00:00:00","[""AT"",""BE"",""BG"",""CY"",""CZ"",""DE"",""DK"",""EE"",""ES"",""FI"",""FR"",""GR"",""HR"",""HU"",""IE"",""IT"",""LI"",""LT"",""LU"",""LV"",""MT"",""NL"",""NO"",""PL"",""PT"",""RO"",""SE"",""SI"",""SK""]","2024-11-23 00:00:00","The decision was taken pursuant to own-initiative investigations.",SOURCE_VOLUNTARY,,Yes,AUTOMATED_DECISION_FULLY,TikTok,7440307706289855265,"2024-11-23 03:21:08"
5602df31-098b-40e8-b2d3-3d61563df8eb,"[""DECISION_VISIBILITY_OTHER""]","Video not eligible for recommendation in the For You feed",,,,,,,,,,DECISION_GROUND_INCOMPATIBLE_CONTENT,,,,"Alcohol, Tobacco, and Drugs","While adults make personal choices about how they engage with alcohol, drugs, and tobacco, we recognize that there are risks connected to trading and using these substances. Content is ineligible for the For You feed and harder to find in search if it shows adults consuming excessive amounts of alcohol or tobacco products.We proactively enforce our Community Guidelines through a mix of technology and human moderation. We have detected this policy violation using automated measures. We have used automated measures in making this decision.",,STATEMENT_CATEGORY_SCOPE_OF_PLATFORM_SERVICE,,,,"[""CONTENT_TYPE_VIDEO""]",,,"2023-12-16 00:00:00","[""AT"",""BE"",""BG"",""CY"",""CZ"",""DE"",""DK"",""EE"",""ES"",""FI"",""FR"",""GR"",""HR"",""HU"",""IE"",""IT"",""LI"",""LT"",""LU"",""LV"",""MT"",""NL"",""NO"",""PL"",""PT"",""RO"",""SE"",""SI"",""SK""]","2024-11-23 00:00:00","The decision was taken pursuant to own-initiative investigations.",SOURCE_VOLUNTARY,,Yes,AUTOMATED_DECISION_FULLY,TikTok,7440307706352704288,"2024-11-23 03:21:08"
11aab874-12ea-43fc-8836-fb244b77c371,"[""DECISION_VISIBILITY_OTHER""]","Video not eligible for recommendation in the For You feed",,,,,,,,,,DECISION_GROUND_INCOMPATIBLE_CONTENT,,,,"Community Guidelines","We maintain content eligibility standards for the For You feed (FYF) that prioritize safety and are informed by the diversity of our community and cultural norms. We make ineligible for the FYF certain content that may not be appropriate for a broad audience related to: (1) Behavioral Health, (2) Sensitive and Mature Themes, (3) Integrity and Authenticity, and (4) Regulated Goods. Content that is ineligible for the FYF can still be discovered in other ways, such as through search tools or by following an account.We proactively enforce our Community Guidelines through a mix of technology and human moderation. We have detected this policy violation using automated measures. We have used automated measures in making this decision.",,STATEMENT_CATEGORY_SCOPE_OF_PLATFORM_SERVICE,,,,"[""CONTENT_TYPE_VIDEO""]",,,"2024-07-24 00:00:00","[""AT"",""BE"",""BG"",""CY"",""CZ"",""DE"",""DK"",""EE"",""ES"",""FI"",""FR"",""GR"",""HR"",""HU"",""IE"",""IT"",""LI"",""LT"",""LU"",""LV"",""MT"",""NL"",""NO"",""PL"",""PT"",""RO"",""SE"",""SI"",""SK""]","2024-11-23 00:00:00","The decision was taken pursuant to own-initiative investigations.",SOURCE_VOLUNTARY,,Yes,AUTOMATED_DECISION_FULLY,TikTok,7440307706352720672,"2024-11-23 03:21:08"
30f0227c-a9b2-42f2-971d-a308f55ecc39,"[""DECISION_VISIBILITY_OTHER""]","Video not eligible for recommendation in the For You feed",,,,,,,,,,DECISION_GROUND_INCOMPATIBLE_CONTENT,,,,"Community Guidelines","We maintain content eligibility standards for the For You feed (FYF) that prioritize safety and are informed by the diversity of our community and cultural norms. We make ineligible for the FYF certain content that may not be appropriate for a broad audience related to: (1) Behavioral Health, (2) Sensitive and Mature Themes, (3) Integrity and Authenticity, and (4) Regulated Goods. Content that is ineligible for the FYF can still be discovered in other ways, such as through search tools or by following an account.We proactively enforce our Community Guidelines through a mix of technology and human moderation. We have detected this policy violation using automated measures. We have used automated measures in making this decision.",,STATEMENT_CATEGORY_SCOPE_OF_PLATFORM_SERVICE,,,,"[""CONTENT_TYPE_VIDEO""]",,,"2022-12-03 00:00:00","[""AT"",""BE"",""BG"",""CY"",""CZ"",""DE"",""DK"",""EE"",""ES"",""FI"",""FR"",""GR"",""HR"",""HU"",""IE"",""IT"",""LI"",""LT"",""LU"",""LV"",""MT"",""NL"",""NO"",""PL"",""PT"",""RO"",""SE"",""SI"",""SK""]","2024-11-23 00:00:00","The decision was taken pursuant to own-initiative investigations.",SOURCE_VOLUNTARY,,Yes,AUTOMATED_DECISION_FULLY,TikTok,7440307706289871649,"2024-11-23 03:21:08"
212c8ec7-0251-45c3-8450-7559e8d2bc21,"[""DECISION_VISIBILITY_CONTENT_REMOVED""]",,,,,,,,,,,DECISION_GROUND_INCOMPATIBLE_CONTENT,,,,"Harassment and Bullying","We welcome the respectful expression of different viewpoints, but not toxicity or trolling. We do not allow language or behavior that harasses, humiliates, threatens, or doxes anyone. This also includes responding to such acts with retaliatory harassment (but excludes non-harassing counterspeech).We proactively enforce our Community Guidelines through a mix of technology and human moderation. We have detected this policy violation using automated measures. We have used automated measures in making this decision.",,STATEMENT_CATEGORY_ILLEGAL_OR_HARMFUL_SPEECH,,,,"[""CONTENT_TYPE_TEXT""]",,,"2024-11-23 00:00:00","[""AT"",""BE"",""BG"",""CY"",""CZ"",""DE"",""DK"",""EE"",""ES"",""FI"",""FR"",""GR"",""HR"",""HU"",""IE"",""IT"",""LI"",""LT"",""LU"",""LV"",""MT"",""NL"",""NO"",""PL"",""PT"",""RO"",""SE"",""SI"",""SK""]","2024-11-23 00:00:00","The decision was taken pursuant to own-initiative investigations.",SOURCE_VOLUNTARY,,Yes,AUTOMATED_DECISION_FULLY,TikTok,7440307706352737056,"2024-11-23 03:21:08"
7acf2991-c73e-4181-b66f-7b47772e03af,"[""DECISION_VISIBILITY_OTHER""]","Video not eligible for recommendation in the For You feed",,,,,,,,,,DECISION_GROUND_INCOMPATIBLE_CONTENT,,,,"Community Guidelines","We maintain content eligibility standards for the For You feed (FYF) that prioritize safety and are informed by the diversity of our community and cultural norms. We make ineligible for the FYF certain content that may not be appropriate for a broad audience related to: (1) Behavioral Health, (2) Sensitive and Mature Themes, (3) Integrity and Authenticity, and (4) Regulated Goods. Content that is ineligible for the FYF can still be discovered in other ways, such as through search tools or by following an account.We proactively enforce our Community Guidelines through a mix of technology and human moderation. We have detected this policy violation using automated measures. We have used automated measures in making this decision.",,STATEMENT_CATEGORY_SCOPE_OF_PLATFORM_SERVICE,,,,"[""CONTENT_TYPE_VIDEO""]",,,"2023-01-15 00:00:00","[""AT"",""BE"",""BG"",""CY"",""CZ"",""DE"",""DK"",""EE"",""ES"",""FI"",""FR"",""GR"",""HR"",""HU"",""IE"",""IT"",""LI"",""LT"",""LU"",""LV"",""MT"",""NL"",""NO"",""PL"",""PT"",""RO"",""SE"",""SI"",""SK""]","2024-11-23 00:00:00","The decision was taken pursuant to own-initiative investigations.",SOURCE_VOLUNTARY,,Yes,AUTOMATED_DECISION_FULLY,TikTok,7440307706352753440,"2024-11-23 03:21:08"
0113c801-5f85-4e8f-8c9b-9eb2610b086a,"[""DECISION_VISIBILITY_OTHER""]","Video not eligible for recommendation in the For You feed",,,,,,,,,,DECISION_GROUND_INCOMPATIBLE_CONTENT,,,,"Community Guidelines","We maintain content eligibility standards for the For You feed (FYF) that prioritize safety and are informed by the diversity of our community and cultural norms. We make ineligible for the FYF certain content that may not be appropriate for a broad audience related to: (1) Behavioral Health, (2) Sensitive and Mature Themes, (3) Integrity and Authenticity, and (4) Regulated Goods. Content that is ineligible for the FYF can still be discovered in other ways, such as through search tools or by following an account.We proactively enforce our Community Guidelines through a mix of technology and human moderation. We have detected this policy violation using automated measures. We have used automated measures in making this decision.",,STATEMENT_CATEGORY_SCOPE_OF_PLATFORM_SERVICE,,,,"[""CONTENT_TYPE_VIDEO""]",,,"2023-02-25 00:00:00","[""AT"",""BE"",""BG"",""CY"",""CZ"",""DE"",""DK"",""EE"",""ES"",""FI"",""FR"",""GR"",""HR"",""HU"",""IE"",""IT"",""LI"",""LT"",""LU"",""LV"",""MT"",""NL"",""NO"",""PL"",""PT"",""RO"",""SE"",""SI"",""SK""]","2024-11-23 00:00:00","The decision was taken pursuant to own-initiative investigations.",SOURCE_VOLUNTARY,,Yes,AUTOMATED_DECISION_FULLY,TikTok,7440307706545576736,"2024-11-23 03:21:08"
4024ac14-6e1b-49d3-a18f-2de4cec304d8,"[""DECISION_VISIBILITY_OTHER""]","Video not eligible for recommendation in the For You feed",,,,,,,,,,DECISION_GROUND_INCOMPATIBLE_CONTENT,,,,"Alcohol, Tobacco, and Drugs","While adults make personal choices about how they engage with alcohol, drugs, and tobacco, we recognize that there are risks connected to trading and using these substances. Content is ineligible for the For You feed and harder to find in search if it shows adults consuming excessive amounts of alcohol or tobacco products.We proactively enforce our Community Guidelines through a mix of technology and human moderation. We have detected this policy violation using automated measures. We have used automated measures in making this decision.",,STATEMENT_CATEGORY_SCOPE_OF_PLATFORM_SERVICE,,,,"[""CONTENT_TYPE_VIDEO""]",,,"2024-02-23 00:00:00","[""AT"",""BE"",""BG"",""CY"",""CZ"",""DE"",""DK"",""EE"",""ES"",""FI"",""FR"",""GR"",""HR"",""HU"",""IE"",""IT"",""LI"",""LT"",""LU"",""LV"",""MT"",""NL"",""NO"",""PL"",""PT"",""RO"",""SE"",""SI"",""SK""]","2024-11-23 00:00:00","The decision was taken pursuant to own-initiative investigations.",SOURCE_VOLUNTARY,,Yes,AUTOMATED_DECISION_FULLY,TikTok,7440307706352769824,"2024-11-23 03:21:08"
7c145429-15ed-47bb-93eb-99e3b320b8c9,"[""DECISION_VISIBILITY_OTHER""]","Video not eligible for recommendation in the For You feed",,,,,,,,,,DECISION_GROUND_INCOMPATIBLE_CONTENT,,,,"Community Guidelines","We maintain content eligibility standards for the For You feed (FYF) that prioritize safety and are informed by the diversity of our community and cultural norms. We make ineligible for the FYF certain content that may not be appropriate for a broad audience related to: (1) Behavioral Health, (2) Sensitive and Mature Themes, (3) Integrity and Authenticity, and (4) Regulated Goods. Content that is ineligible for the FYF can still be discovered in other ways, such as through search tools or by following an account.We proactively enforce our Community Guidelines through a mix of technology and human moderation. We have detected this policy violation using automated measures. We have used automated measures in making this decision.",,STATEMENT_CATEGORY_SCOPE_OF_PLATFORM_SERVICE,,,,"[""CONTENT_TYPE_VIDEO""]",,,"2022-11-17 00:00:00","[""AT"",""BE"",""BG"",""CY"",""CZ"",""DE"",""DK"",""EE"",""ES"",""FI"",""FR"",""GR"",""HR"",""HU"",""IE"",""IT"",""LI"",""LT"",""LU"",""LV"",""MT"",""NL"",""NO"",""PL"",""PT"",""RO"",""SE"",""SI"",""SK""]","2024-11-23 00:00:00","The decision was taken pursuant to own-initiative investigations.",SOURCE_VOLUNTARY,,Yes,AUTOMATED_DECISION_FULLY,TikTok,7440307706352786208,"2024-11-23 03:21:08"
10551617-72af-4041-96da-00c3ee77eb31,"[""DECISION_VISIBILITY_OTHER""]","Video not eligible for recommendation in the For You feed",,,,,,,,,,DECISION_GROUND_INCOMPATIBLE_CONTENT,,,,"Community Guidelines","We maintain content eligibility standards for the For You feed (FYF) that prioritize safety and are informed by the diversity of our community and cultural norms. We make ineligible for the FYF certain content that may not be appropriate for a broad audience related to: (1) Behavioral Health, (2) Sensitive and Mature Themes, (3) Integrity and Authenticity, and (4) Regulated Goods. Content that is ineligible for the FYF can still be discovered in other ways, such as through search tools or by following an account.We proactively enforce our Community Guidelines through a mix of technology and human moderation. We have detected this policy violation using automated measures. We have used automated measures in making this decision.",,STATEMENT_CATEGORY_SCOPE_OF_PLATFORM_SERVICE,,,,"[""CONTENT_TYPE_VIDEO""]",,,"2022-12-01 00:00:00","[""AT"",""BE"",""BG"",""CY"",""CZ"",""DE"",""DK"",""EE"",""ES"",""FI"",""FR"",""GR"",""HR"",""HU"",""IE"",""IT"",""LI"",""LT"",""LU"",""LV"",""MT"",""NL"",""NO"",""PL"",""PT"",""RO"",""SE"",""SI"",""SK""]","2024-11-23 00:00:00","The decision was taken pursuant to own-initiative investigations.",SOURCE_VOLUNTARY,,Yes,AUTOMATED_DECISION_FULLY,TikTok,7440307706591714080,"2024-11-23 03:21:08"
cac4cf53-909b-4c5d-9a20-7ad0caaa5db1,"[""DECISION_VISIBILITY_OTHER""]","Video not eligible for recommendation in the For You feed",,,,,,,,,,DECISION_GROUND_INCOMPATIBLE_CONTENT,,,,"Community Guidelines","We maintain content eligibility standards for the For You feed (FYF) that prioritize safety and are informed by the diversity of our community and cultural norms. We make ineligible for the FYF certain content that may not be appropriate for a broad audience related to: (1) Behavioral Health, (2) Sensitive and Mature Themes, (3) Integrity and Authenticity, and (4) Regulated Goods. Content that is ineligible for the FYF can still be discovered in other ways, such as through search tools or by following an account.We proactively enforce our Community Guidelines through a mix of technology and human moderation. We have detected this policy violation using automated measures. We have used automated measures in making this decision.",,STATEMENT_CATEGORY_SCOPE_OF_PLATFORM_SERVICE,,,,"[""CONTENT_TYPE_VIDEO""]",,,"2024-06-20 00:00:00","[""AT"",""BE"",""BG"",""CY"",""CZ"",""DE"",""DK"",""EE"",""ES"",""FI"",""FR"",""GR"",""HR"",""HU"",""IE"",""IT"",""LI"",""LT"",""LU"",""LV"",""MT"",""NL"",""NO"",""PL"",""PT"",""RO"",""SE"",""SI"",""SK""]","2024-11-23 00:00:00","The decision was taken pursuant to own-initiative investigations.",SOURCE_VOLUNTARY,,Yes,AUTOMATED_DECISION_FULLY,TikTok,7440307706591730464,"2024-11-23 03:21:08"
4c973251-d51a-4578-9383-4b008b62d389,"[""DECISION_VISIBILITY_OTHER""]","Video not eligible for recommendation in the For You feed",,,,,,,,,,DECISION_GROUND_INCOMPATIBLE_CONTENT,,,,"Community Guidelines","We maintain content eligibility standards for the For You feed (FYF) that prioritize safety and are informed by the diversity of our community and cultural norms. We make ineligible for the FYF certain content that may not be appropriate for a broad audience related to: (1) Behavioral Health, (2) Sensitive and Mature Themes, (3) Integrity and Authenticity, and (4) Regulated Goods. Content that is ineligible for the FYF can still be discovered in other ways, such as through search tools or by following an account.We proactively enforce our Community Guidelines through a mix of technology and human moderation. We have detected this policy violation using automated measures. We have used automated measures in making this decision.",,STATEMENT_CATEGORY_SCOPE_OF_PLATFORM_SERVICE,,,,"[""CONTENT_TYPE_VIDEO""]",,,"2022-11-13 00:00:00","[""AT"",""BE"",""BG"",""CY"",""CZ"",""DE"",""DK"",""EE"",""ES"",""FI"",""FR"",""GR"",""HR"",""HU"",""IE"",""IT"",""LI"",""LT"",""LU"",""LV"",""MT"",""NL"",""NO"",""PL"",""PT"",""RO"",""SE"",""SI"",""SK""]","2024-11-23 00:00:00","The decision was taken pursuant to own-initiative investigations.",SOURCE_VOLUNTARY,,Yes,AUTOMATED_DECISION_FULLY,TikTok,7440307706545593120,"2024-11-23 03:21:08"
6e75a0e4-1545-4c76-88c6-b339644b7f20,"[""DECISION_VISIBILITY_OTHER""]","Video not eligible for recommendation in the For You feed",,,,,,,,,,DECISION_GROUND_INCOMPATIBLE_CONTENT,,,,"Community Guidelines","We maintain content eligibility standards for the For You feed (FYF) that prioritize safety and are informed by the diversity of our community and cultural norms. We make ineligible for the FYF certain content that may not be appropriate for a broad audience related to: (1) Behavioral Health, (2) Sensitive and Mature Themes, (3) Integrity and Authenticity, and (4) Regulated Goods. Content that is ineligible for the FYF can still be discovered in other ways, such as through search tools or by following an account.We proactively enforce our Community Guidelines through a mix of technology and human moderation. We have detected this policy violation using automated measures. We have used automated measures in making this decision.",,STATEMENT_CATEGORY_SCOPE_OF_PLATFORM_SERVICE,,,,"[""CONTENT_TYPE_VIDEO""]",,,"2023-02-13 00:00:00","[""AT"",""BE"",""BG"",""CY"",""CZ"",""DE"",""DK"",""EE"",""ES"",""FI"",""FR"",""GR"",""HR"",""HU"",""IE"",""IT"",""LI"",""LT"",""LU"",""LV"",""MT"",""NL"",""NO"",""PL"",""PT"",""RO"",""SE"",""SI"",""SK""]","2024-11-23 00:00:00","The decision was taken pursuant to own-initiative investigations.",SOURCE_VOLUNTARY,,Yes,AUTOMATED_DECISION_FULLY,TikTok,7440307706545609504,"2024-11-23 03:21:08"
a79ac425-1822-47f8-af23-78d2c55b05fd,"[""DECISION_VISIBILITY_OTHER""]","Video not eligible for recommendation in the For You feed",,,,,,,,,,DECISION_GROUND_INCOMPATIBLE_CONTENT,,,,"Community Guidelines","We maintain content eligibility standards for the For You feed (FYF) that prioritize safety and are informed by the diversity of our community and cultural norms. We make ineligible for the FYF certain content that may not be appropriate for a broad audience related to: (1) Behavioral Health, (2) Sensitive and Mature Themes, (3) Integrity and Authenticity, and (4) Regulated Goods. Content that is ineligible for the FYF can still be discovered in other ways, such as through search tools or by following an account.We proactively enforce our Community Guidelines through a mix of technology and human moderation. We have detected this policy violation using automated measures. We have used automated measures in making this decision.",,STATEMENT_CATEGORY_SCOPE_OF_PLATFORM_SERVICE,,,,"[""CONTENT_TYPE_VIDEO""]",,,"2023-10-21 00:00:00","[""AT"",""BE"",""BG"",""CY"",""CZ"",""DE"",""DK"",""EE"",""ES"",""FI"",""FR"",""GR"",""HR"",""HU"",""IE"",""IT"",""LI"",""LT"",""LU"",""LV"",""MT"",""NL"",""NO"",""PL"",""PT"",""RO"",""SE"",""SI"",""SK""]","2024-11-23 00:00:00","The decision was taken pursuant to own-initiative investigations.",SOURCE_VOLUNTARY,,Yes,AUTOMATED_DECISION_FULLY,TikTok,7440307706545625888,"2024-11-23 03:21:08"
006fe15c-db37-4860-afa9-79e5d0e74204,"[""DECISION_VISIBILITY_OTHER""]","Video not eligible for recommendation in the For You feed",,,,,,,,,,DECISION_GROUND_INCOMPATIBLE_CONTENT,,,,"Community Guidelines","We maintain content eligibility standards for the For You feed (FYF) that prioritize safety and are informed by the diversity of our community and cultural norms. We make ineligible for the FYF certain content that may not be appropriate for a broad audience related to: (1) Behavioral Health, (2) Sensitive and Mature Themes, (3) Integrity and Authenticity, and (4) Regulated Goods. Content that is ineligible for the FYF can still be discovered in other ways, such as through search tools or by following an account.We proactively enforce our Community Guidelines through a mix of technology and human moderation. We have detected this policy violation using automated measures. We have used automated measures in making this decision.",,STATEMENT_CATEGORY_SCOPE_OF_PLATFORM_SERVICE,,,,"[""CONTENT_TYPE_VIDEO""]",,,"2022-11-28 00:00:00","[""AT"",""BE"",""BG"",""CY"",""CZ"",""DE"",""DK"",""EE"",""ES"",""FI"",""FR"",""GR"",""HR"",""HU"",""IE"",""IT"",""LI"",""LT"",""LU"",""LV"",""MT"",""NL"",""NO"",""PL"",""PT"",""RO"",""SE"",""SI"",""SK""]","2024-11-23 00:00:00","The decision was taken pursuant to own-initiative investigations.",SOURCE_VOLUNTARY,,Yes,AUTOMATED_DECISION_FULLY,TikTok,7440307706591746848,"2024-11-23 03:21:08"
14c23278-3d75-4135-96a0-67b62ed3aa1e,"[""DECISION_VISIBILITY_OTHER""]","Video not eligible for recommendation in the For You feed",,,,,,,,,,DECISION_GROUND_INCOMPATIBLE_CONTENT,,,,"Hate Speech and Hateful Behaviors","TikTok is enriched by the various backgrounds of our community members. Our differences should be respected, rather than a cause for division. Content is ineligible for the For You Feed and harder to find in search if it involves inciting or offensive stereotypes or generalizations about people or cultures.We proactively enforce our Community Guidelines through a mix of technology and human moderation. We have detected this policy violation using automated measures. We have used automated measures in making this decision.",,STATEMENT_CATEGORY_ILLEGAL_OR_HARMFUL_SPEECH,,,,"[""CONTENT_TYPE_VIDEO""]",,,"2023-09-17 00:00:00","[""AT"",""BE"",""BG"",""CY"",""CZ"",""DE"",""DK"",""EE"",""ES"",""FI"",""FR"",""GR"",""HR"",""HU"",""IE"",""IT"",""LI"",""LT"",""LU"",""LV"",""MT"",""NL"",""NO"",""PL"",""PT"",""RO"",""SE"",""SI"",""SK""]","2024-11-23 00:00:00","The decision was taken pursuant to own-initiative investigations.",SOURCE_VOLUNTARY,,Yes,AUTOMATED_DECISION_FULLY,TikTok,7440307706591763232,"2024-11-23 03:21:08"
907b351e-6c73-4748-a51a-09891342af2a,"[""DECISION_VISIBILITY_CONTENT_AGE_RESTRICTED""]",,,,,,,,,,,DECISION_GROUND_INCOMPATIBLE_CONTENT,,,,"Minimum Age Requirement","Users must be 13 years and older to have a TikTok account. We are deeply committed to ensuring that TikTok is a safe and positive experience for people under the age of 18. This starts by being old enough to use TikTok. If we learn someone is below the minimum age on TikTok, we will ban that account. Content created by anyone under 16 is ineligible for the For You feed and harder to find in search.We proactively enforce our Community Guidelines through a mix of technology and human moderation. We have detected this policy violation using automated measures.",,STATEMENT_CATEGORY_PROTECTION_OF_MINORS,,,,"[""CONTENT_TYPE_VIDEO""]",,,"2024-11-22 00:00:00","[""AT"",""BE"",""BG"",""CY"",""CZ"",""DE"",""DK"",""EE"",""ES"",""FI"",""FR"",""GR"",""HR"",""HU"",""IE"",""IT"",""LI"",""LT"",""LU"",""LV"",""MT"",""NL"",""NO"",""PL"",""PT"",""RO"",""SE"",""SI"",""SK""]","2024-11-23 00:00:00","The decision was taken pursuant to own-initiative investigations.",SOURCE_VOLUNTARY,,Yes,AUTOMATED_DECISION_NOT_AUTOMATED,TikTok,7440307706591779616,"2024-11-23 03:21:08"
b2786134-1f53-4190-87c9-c779d3007779,"[""DECISION_VISIBILITY_OTHER""]","Video not eligible for recommendation in the For You feed",,,,,,,,,,DECISION_GROUND_INCOMPATIBLE_CONTENT,,,,"Community Guidelines","We maintain content eligibility standards for the For You feed (FYF) that prioritize safety and are informed by the diversity of our community and cultural norms. We make ineligible for the FYF certain content that may not be appropriate for a broad audience related to: (1) Behavioral Health, (2) Sensitive and Mature Themes, (3) Integrity and Authenticity, and (4) Regulated Goods. Content that is ineligible for the FYF can still be discovered in other ways, such as through search tools or by following an account.We proactively enforce our Community Guidelines through a mix of technology and human moderation. We have detected this policy violation using automated measures. We have used automated measures in making this decision.",,STATEMENT_CATEGORY_SCOPE_OF_PLATFORM_SERVICE,,,,"[""CONTENT_TYPE_VIDEO""]",,,"2023-02-05 00:00:00","[""AT"",""BE"",""BG"",""CY"",""CZ"",""DE"",""DK"",""EE"",""ES"",""FI"",""FR"",""GR"",""HR"",""HU"",""IE"",""IT"",""LI"",""LT"",""LU"",""LV"",""MT"",""NL"",""NO"",""PL"",""PT"",""RO"",""SE"",""SI"",""SK""]","2024-11-23 00:00:00","The decision was taken pursuant to own-initiative investigations.",SOURCE_VOLUNTARY,,Yes,AUTOMATED_DECISION_FULLY,TikTok,7440307706545642272,"2024-11-23 03:21:08"
7299989d-3ba9-4fc6-85aa-cd667b299186,"[""DECISION_VISIBILITY_OTHER""]","Video not eligible for recommendation in the For You feed",,,,,,,,,,DECISION_GROUND_INCOMPATIBLE_CONTENT,,,,"Unoriginal Content and QR Codes","The creativity on TikTok is what makes it great, so you should only post your own work. Content is ineligible for the For You feed and harder to find in search if it involves unoriginal or reproduced content that does not have any new or creative changes, or contains Quick Response (QR) codes.We proactively enforce our Community Guidelines through a mix of technology and human moderation. We have detected this policy violation using automated measures. We have used automated measures in making this decision.",,STATEMENT_CATEGORY_SCOPE_OF_PLATFORM_SERVICE,,,,"[""CONTENT_TYPE_VIDEO""]",,,"2024-03-10 00:00:00","[""AT"",""BE"",""BG"",""CY"",""CZ"",""DE"",""DK"",""EE"",""ES"",""FI"",""FR"",""GR"",""HR"",""HU"",""IE"",""IT"",""LI"",""LT"",""LU"",""LV"",""MT"",""NL"",""NO"",""PL"",""PT"",""RO"",""SE"",""SI"",""SK""]","2024-11-23 00:00:00","The decision was taken pursuant to own-initiative investigations.",SOURCE_VOLUNTARY,,Yes,AUTOMATED_DECISION_FULLY,TikTok,7440307706545658656,"2024-11-23 03:21:08"
06e8714b-14f3-425a-9ab3-118fe8e26b25,"[""DECISION_VISIBILITY_OTHER""]","Video not eligible for recommendation in the For You feed",,,,,,,,,,DECISION_GROUND_INCOMPATIBLE_CONTENT,,,,"Community Guidelines","We maintain content eligibility standards for the For You feed (FYF) that prioritize safety and are informed by the diversity of our community and cultural norms. We make ineligible for the FYF certain content that may not be appropriate for a broad audience related to: (1) Behavioral Health, (2) Sensitive and Mature Themes, (3) Integrity and Authenticity, and (4) Regulated Goods. Content that is ineligible for the FYF can still be discovered in other ways, such as through search tools or by following an account.We proactively enforce our Community Guidelines through a mix of technology and human moderation. We have detected this policy violation using automated measures. We have used automated measures in making this decision.",,STATEMENT_CATEGORY_SCOPE_OF_PLATFORM_SERVICE,,,,"[""CONTENT_TYPE_VIDEO""]",,,"2023-04-20 00:00:00","[""AT"",""BE"",""BG"",""CY"",""CZ"",""DE"",""DK"",""EE"",""ES"",""FI"",""FR"",""GR"",""HR"",""HU"",""IE"",""IT"",""LI"",""LT"",""LU"",""LV"",""MT"",""NL"",""NO"",""PL"",""PT"",""RO"",""SE"",""SI"",""SK""]","2024-11-23 00:00:00","The decision was taken pursuant to own-initiative investigations.",SOURCE_VOLUNTARY,,Yes,AUTOMATED_DECISION_FULLY,TikTok,7440307706545675040,"2024-11-23 03:21:08"
31d3ef15-1990-41ec-9701-322535603194,"[""DECISION_VISIBILITY_OTHER""]","Video not eligible for recommendation in the For You feed",,,,,,,,,,DECISION_GROUND_INCOMPATIBLE_CONTENT,,,,"Community Guidelines","We maintain content eligibility standards for the For You feed (FYF) that prioritize safety and are informed by the diversity of our community and cultural norms. We make ineligible for the FYF certain content that may not be appropriate for a broad audience related to: (1) Behavioral Health, (2) Sensitive and Mature Themes, (3) Integrity and Authenticity, and (4) Regulated Goods. Content that is ineligible for the FYF can still be discovered in other ways, such as through search tools or by following an account.We proactively enforce our Community Guidelines through a mix of technology and human moderation. We have detected this policy violation using automated measures. We have used automated measures in making this decision.",,STATEMENT_CATEGORY_SCOPE_OF_PLATFORM_SERVICE,,,,"[""CONTENT_TYPE_VIDEO""]",,,"2023-01-15 00:00:00","[""AT"",""BE"",""BG"",""CY"",""CZ"",""DE"",""DK"",""EE"",""ES"",""FI"",""FR"",""GR"",""HR"",""HU"",""IE"",""IT"",""LI"",""LT"",""LU"",""LV"",""MT"",""NL"",""NO"",""PL"",""PT"",""RO"",""SE"",""SI"",""SK""]","2024-11-23 00:00:00","The decision was taken pursuant to own-initiative investigations.",SOURCE_VOLUNTARY,,Yes,AUTOMATED_DECISION_FULLY,TikTok,7440307706545691424,"2024-11-23 03:21:08"
01d96382-1a17-4af5-997e-c0460911fdd1,"[""DECISION_VISIBILITY_OTHER""]","Video not eligible for recommendation in the For You feed",,,,,,,,,,DECISION_GROUND_INCOMPATIBLE_CONTENT,,,,"Community Guidelines","We maintain content eligibility standards for the For You feed (FYF) that prioritize safety and are informed by the diversity of our community and cultural norms. We make ineligible for the FYF certain content that may not be appropriate for a broad audience related to: (1) Behavioral Health, (2) Sensitive and Mature Themes, (3) Integrity and Authenticity, and (4) Regulated Goods. Content that is ineligible for the FYF can still be discovered in other ways, such as through search tools or by following an account.We proactively enforce our Community Guidelines through a mix of technology and human moderation. We have detected this policy violation using automated measures. We have used automated measures in making this decision.",,STATEMENT_CATEGORY_SCOPE_OF_PLATFORM_SERVICE,,,,"[""CONTENT_TYPE_VIDEO""]",,,"2024-02-26 00:00:00","[""AT"",""BE"",""BG"",""CY"",""CZ"",""DE"",""DK"",""EE"",""ES"",""FI"",""FR"",""GR"",""HR"",""HU"",""IE"",""IT"",""LI"",""LT"",""LU"",""LV"",""MT"",""NL"",""NO"",""PL"",""PT"",""RO"",""SE"",""SI"",""SK""]","2024-11-23 00:00:00","The decision was taken pursuant to own-initiative investigations.",SOURCE_VOLUNTARY,,Yes,AUTOMATED_DECISION_FULLY,TikTok,7440307706591796000,"2024-11-23 03:21:08"
a426119c-a142-4bcd-8b25-ba5e0d36874d,"[""DECISION_VISIBILITY_OTHER""]","Video not eligible for recommendation in the For You feed",,,,,,,,,,DECISION_GROUND_INCOMPATIBLE_CONTENT,,,,"Community Guidelines","We maintain content eligibility standards for the For You feed (FYF) that prioritize safety and are informed by the diversity of our community and cultural norms. We make ineligible for the FYF certain content that may not be appropriate for a broad audience related to: (1) Behavioral Health, (2) Sensitive and Mature Themes, (3) Integrity and Authenticity, and (4) Regulated Goods. Content that is ineligible for the FYF can still be discovered in other ways, such as through search tools or by following an account.We proactively enforce our Community Guidelines through a mix of technology and human moderation. We have detected this policy violation using automated measures. We have used automated measures in making this decision.",,STATEMENT_CATEGORY_SCOPE_OF_PLATFORM_SERVICE,,,,"[""CONTENT_TYPE_VIDEO""]",,,"2024-04-21 00:00:00","[""AT"",""BE"",""BG"",""CY"",""CZ"",""DE"",""DK"",""EE"",""ES"",""FI"",""FR"",""GR"",""HR"",""HU"",""IE"",""IT"",""LI"",""LT"",""LU"",""LV"",""MT"",""NL"",""NO"",""PL"",""PT"",""RO"",""SE"",""SI"",""SK""]","2024-11-23 00:00:00","The decision was taken pursuant to own-initiative investigations.",SOURCE_VOLUNTARY,,Yes,AUTOMATED_DECISION_FULLY,TikTok,7440307706591812384,"2024-11-23 03:21:08"
c05dbf8e-64a5-4ca4-a380-0fa91a280860,"[""DECISION_VISIBILITY_OTHER""]","Video not eligible for recommendation in the For You feed",,,,,,,,,,DECISION_GROUND_INCOMPATIBLE_CONTENT,,,,"Community Guidelines","We maintain content eligibility standards for the For You feed (FYF) that prioritize safety and are informed by the diversity of our community and cultural norms. We make ineligible for the FYF certain content that may not be appropriate for a broad audience related to: (1) Behavioral Health, (2) Sensitive and Mature Themes, (3) Integrity and Authenticity, and (4) Regulated Goods. Content that is ineligible for the FYF can still be discovered in other ways, such as through search tools or by following an account.We proactively enforce our Community Guidelines through a mix of technology and human moderation. We have detected this policy violation using automated measures. We have used automated measures in making this decision.",,STATEMENT_CATEGORY_SCOPE_OF_PLATFORM_SERVICE,,,,"[""CONTENT_TYPE_VIDEO""]",,,"2023-01-03 00:00:00","[""AT"",""BE"",""BG"",""CY"",""CZ"",""DE"",""DK"",""EE"",""ES"",""FI"",""FR"",""GR"",""HR"",""HU"",""IE"",""IT"",""LI"",""LT"",""LU"",""LV"",""MT"",""NL"",""NO"",""PL"",""PT"",""RO"",""SE"",""SI"",""SK""]","2024-11-23 00:00:00","The decision was taken pursuant to own-initiative investigations.",SOURCE_VOLUNTARY,,Yes,AUTOMATED_DECISION_FULLY,TikTok,7440307706545707808,"2024-11-23 03:21:08"
95e6569d-1f47-4a2d-a4e7-c271c6608f4d,"[""DECISION_VISIBILITY_OTHER""]","Video not eligible for recommendation in the For You feed",,,,,,,,,,DECISION_GROUND_INCOMPATIBLE_CONTENT,,,,"Community Guidelines","We maintain content eligibility standards for the For You feed (FYF) that prioritize safety and are informed by the diversity of our community and cultural norms. We make ineligible for the FYF certain content that may not be appropriate for a broad audience related to: (1) Behavioral Health, (2) Sensitive and Mature Themes, (3) Integrity and Authenticity, and (4) Regulated Goods. Content that is ineligible for the FYF can still be discovered in other ways, such as through search tools or by following an account.We proactively enforce our Community Guidelines through a mix of technology and human moderation. We have detected this policy violation using automated measures. We have used automated measures in making this decision.",,STATEMENT_CATEGORY_SCOPE_OF_PLATFORM_SERVICE,,,,"[""CONTENT_TYPE_VIDEO""]",,,"2023-11-28 00:00:00","[""AT"",""BE"",""BG"",""CY"",""CZ"",""DE"",""DK"",""EE"",""ES"",""FI"",""FR"",""GR"",""HR"",""HU"",""IE"",""IT"",""LI"",""LT"",""LU"",""LV"",""MT"",""NL"",""NO"",""PL"",""PT"",""RO"",""SE"",""SI"",""SK""]","2024-11-23 00:00:00","The decision was taken pursuant to own-initiative investigations.",SOURCE_VOLUNTARY,,Yes,AUTOMATED_DECISION_FULLY,TikTok,7440307706591828768,"2024-11-23 03:21:08"
653cb4ee-941f-4e74-a6fd-3a705b07c0a2,"[""DECISION_VISIBILITY_OTHER""]","Video not eligible for recommendation in the For You feed",,,,,,,,,,DECISION_GROUND_INCOMPATIBLE_CONTENT,,,,"Community Guidelines","We maintain content eligibility standards for the For You feed (FYF) that prioritize safety and are informed by the diversity of our community and cultural norms. We make ineligible for the FYF certain content that may not be appropriate for a broad audience related to: (1) Behavioral Health, (2) Sensitive and Mature Themes, (3) Integrity and Authenticity, and (4) Regulated Goods. Content that is ineligible for the FYF can still be discovered in other ways, such as through search tools or by following an account.We proactively enforce our Community Guidelines through a mix of technology and human moderation. We have detected this policy violation using automated measures. We have used automated measures in making this decision.",,STATEMENT_CATEGORY_SCOPE_OF_PLATFORM_SERVICE,,,,"[""CONTENT_TYPE_VIDEO""]",,,"2022-12-13 00:00:00","[""AT"",""BE"",""BG"",""CY"",""CZ"",""DE"",""DK"",""EE"",""ES"",""FI"",""FR"",""GR"",""HR"",""HU"",""IE"",""IT"",""LI"",""LT"",""LU"",""LV"",""MT"",""NL"",""NO"",""PL"",""PT"",""RO"",""SE"",""SI"",""SK""]","2024-11-23 00:00:00","The decision was taken pursuant to own-initiative investigations.",SOURCE_VOLUNTARY,,Yes,AUTOMATED_DECISION_FULLY,TikTok,7440307706545724192,"2024-11-23 03:21:08"
f370a9bc-d4f3-40f4-a608-d984411180cf,"[""DECISION_VISIBILITY_OTHER""]","Video not eligible for recommendation in the For You feed",,,,,,,,,,DECISION_GROUND_INCOMPATIBLE_CONTENT,,,,"Community Guidelines","We maintain content eligibility standards for the For You feed (FYF) that prioritize safety and are informed by the diversity of our community and cultural norms. We make ineligible for the FYF certain content that may not be appropriate for a broad audience related to: (1) Behavioral Health, (2) Sensitive and Mature Themes, (3) Integrity and Authenticity, and (4) Regulated Goods. Content that is ineligible for the FYF can still be discovered in other ways, such as through search tools or by following an account.We proactively enforce our Community Guidelines through a mix of technology and human moderation. We have detected this policy violation using automated measures. We have used automated measures in making this decision.",,STATEMENT_CATEGORY_SCOPE_OF_PLATFORM_SERVICE,,,,"[""CONTENT_TYPE_VIDEO""]",,,"2023-12-10 00:00:00","[""AT"",""BE"",""BG"",""CY"",""CZ"",""DE"",""DK"",""EE"",""ES"",""FI"",""FR"",""GR"",""HR"",""HU"",""IE"",""IT"",""LI"",""LT"",""LU"",""LV"",""MT"",""NL"",""NO"",""PL"",""PT"",""RO"",""SE"",""SI"",""SK""]","2024-11-23 00:00:00","The decision was taken pursuant to own-initiative investigations.",SOURCE_VOLUNTARY,,Yes,AUTOMATED_DECISION_FULLY,TikTok,7440307706591845152,"2024-11-23 03:21:08"
8ab46c0c-b244-4ec5-be43-2d66c13fb222,"[""DECISION_VISIBILITY_OTHER""]","Video not eligible for recommendation in the For You feed",,,,,,,,,,DECISION_GROUND_INCOMPATIBLE_CONTENT,,,,"Community Guidelines","We maintain content eligibility standards for the For You feed (FYF) that prioritize safety and are informed by the diversity of our community and cultural norms. We make ineligible for the FYF certain content that may not be appropriate for a broad audience related to: (1) Behavioral Health, (2) Sensitive and Mature Themes, (3) Integrity and Authenticity, and (4) Regulated Goods. Content that is ineligible for the FYF can still be discovered in other ways, such as through search tools or by following an account.We proactively enforce our Community Guidelines through a mix of technology and human moderation. We have detected this policy violation using automated measures. We have used automated measures in making this decision.",,STATEMENT_CATEGORY_SCOPE_OF_PLATFORM_SERVICE,,,,"[""CONTENT_TYPE_VIDEO""]",,,"2023-04-13 00:00:00","[""AT"",""BE"",""BG"",""CY"",""CZ"",""DE"",""DK"",""EE"",""ES"",""FI"",""FR"",""GR"",""HR"",""HU"",""IE"",""IT"",""LI"",""LT"",""LU"",""LV"",""MT"",""NL"",""NO"",""PL"",""PT"",""RO"",""SE"",""SI"",""SK""]","2024-11-23 00:00:00","The decision was taken pursuant to own-initiative investigations.",SOURCE_VOLUNTARY,,Yes,AUTOMATED_DECISION_FULLY,TikTok,7440307706591861536,"2024-11-23 03:21:08"
725d76fd-4268-4462-8820-4069e0c6d6d7,"[""DECISION_VISIBILITY_OTHER""]","Video not eligible for recommendation in the For You feed",,,,,,,,,,DECISION_GROUND_INCOMPATIBLE_CONTENT,,,,"Community Guidelines","We maintain content eligibility standards for the For You feed (FYF) that prioritize safety and are informed by the diversity of our community and cultural norms. We make ineligible for the FYF certain content that may not be appropriate for a broad audience related to: (1) Behavioral Health, (2) Sensitive and Mature Themes, (3) Integrity and Authenticity, and (4) Regulated Goods. Content that is ineligible for the FYF can still be discovered in other ways, such as through search tools or by following an account.We proactively enforce our Community Guidelines through a mix of technology and human moderation. We have detected this policy violation using automated measures. We have used automated measures in making this decision.",,STATEMENT_CATEGORY_SCOPE_OF_PLATFORM_SERVICE,,,,"[""CONTENT_TYPE_VIDEO""]",,,"2022-12-24 00:00:00","[""AT"",""BE"",""BG"",""CY"",""CZ"",""DE"",""DK"",""EE"",""ES"",""FI"",""FR"",""GR"",""HR"",""HU"",""IE"",""IT"",""LI"",""LT"",""LU"",""LV"",""MT"",""NL"",""NO"",""PL"",""PT"",""RO"",""SE"",""SI"",""SK""]","2024-11-23 00:00:00","The decision was taken pursuant to own-initiative investigations.",SOURCE_VOLUNTARY,,Yes,AUTOMATED_DECISION_FULLY,TikTok,7440307706956618528,"2024-11-23 03:21:08"
0ee8de31-4e8d-4742-887a-436fe927b1ff,"[""DECISION_VISIBILITY_OTHER""]","Video not eligible for recommendation in the For You feed",,,,,,,,,,DECISION_GROUND_INCOMPATIBLE_CONTENT,,,,"Community Guidelines","We maintain content eligibility standards for the For You feed (FYF) that prioritize safety and are informed by the diversity of our community and cultural norms. We make ineligible for the FYF certain content that may not be appropriate for a broad audience related to: (1) Behavioral Health, (2) Sensitive and Mature Themes, (3) Integrity and Authenticity, and (4) Regulated Goods. Content that is ineligible for the FYF can still be discovered in other ways, such as through search tools or by following an account.We proactively enforce our Community Guidelines through a mix of technology and human moderation. We have detected this policy violation using automated measures. We have used automated measures in making this decision.",,STATEMENT_CATEGORY_SCOPE_OF_PLATFORM_SERVICE,,,,"[""CONTENT_TYPE_VIDEO""]",,,"2022-12-06 00:00:00","[""AT"",""BE"",""BG"",""CY"",""CZ"",""DE"",""DK"",""EE"",""ES"",""FI"",""FR"",""GR"",""HR"",""HU"",""IE"",""IT"",""LI"",""LT"",""LU"",""LV"",""MT"",""NL"",""NO"",""PL"",""PT"",""RO"",""SE"",""SI"",""SK""]","2024-11-23 00:00:00","The decision was taken pursuant to own-initiative investigations.",SOURCE_VOLUNTARY,,Yes,AUTOMATED_DECISION_FULLY,TikTok,7440307706973395745,"2024-11-23 03:21:08"
185db0c9-cc34-48cd-a04c-82628ae31b04,"[""DECISION_VISIBILITY_OTHER""]","Video not eligible for recommendation in the For You feed",,,,,,,,,,DECISION_GROUND_INCOMPATIBLE_CONTENT,,,,"Community Guidelines","We maintain content eligibility standards for the For You feed (FYF) that prioritize safety and are informed by the diversity of our community and cultural norms. We make ineligible for the FYF certain content that may not be appropriate for a broad audience related to: (1) Behavioral Health, (2) Sensitive and Mature Themes, (3) Integrity and Authenticity, and (4) Regulated Goods. Content that is ineligible for the FYF can still be discovered in other ways, such as through search tools or by following an account.We proactively enforce our Community Guidelines through a mix of technology and human moderation. We have detected this policy violation using automated measures. We have used automated measures in making this decision.",,STATEMENT_CATEGORY_SCOPE_OF_PLATFORM_SERVICE,,,,"[""CONTENT_TYPE_VIDEO""]",,,"2024-03-13 00:00:00","[""AT"",""BE"",""BG"",""CY"",""CZ"",""DE"",""DK"",""EE"",""ES"",""FI"",""FR"",""GR"",""HR"",""HU"",""IE"",""IT"",""LI"",""LT"",""LU"",""LV"",""MT"",""NL"",""NO"",""PL"",""PT"",""RO"",""SE"",""SI"",""SK""]","2024-11-23 00:00:00","The decision was taken pursuant to own-initiative investigations.",SOURCE_VOLUNTARY,,Yes,AUTOMATED_DECISION_FULLY,TikTok,7440307706956634912,"2024-11-23 03:21:08"
ecfe606c-ac12-4f4c-8017-e26c8ba982b7,"[""DECISION_VISIBILITY_OTHER""]","Video not eligible for recommendation in the For You feed",,,,,,,,,,DECISION_GROUND_INCOMPATIBLE_CONTENT,,,,"Community Guidelines","We maintain content eligibility standards for the For You feed (FYF) that prioritize safety and are informed by the diversity of our community and cultural norms. We make ineligible for the FYF certain content that may not be appropriate for a broad audience related to: (1) Behavioral Health, (2) Sensitive and Mature Themes, (3) Integrity and Authenticity, and (4) Regulated Goods. Content that is ineligible for the FYF can still be discovered in other ways, such as through search tools or by following an account.We proactively enforce our Community Guidelines through a mix of technology and human moderation. We have detected this policy violation using automated measures. We have used automated measures in making this decision.",,STATEMENT_CATEGORY_SCOPE_OF_PLATFORM_SERVICE,,,,"[""CONTENT_TYPE_VIDEO""]",,,"2024-05-26 00:00:00","[""AT"",""BE"",""BG"",""CY"",""CZ"",""DE"",""DK"",""EE"",""ES"",""FI"",""FR"",""GR"",""HR"",""HU"",""IE"",""IT"",""LI"",""LT"",""LU"",""LV"",""MT"",""NL"",""NO"",""PL"",""PT"",""RO"",""SE"",""SI"",""SK""]","2024-11-23 00:00:00","The decision was taken pursuant to own-initiative investigations.",SOURCE_VOLUNTARY,,Yes,AUTOMATED_DECISION_FULLY,TikTok,7440307706973412129,"2024-11-23 03:21:08"
aa4259bc-dd07-400a-b16b-152fc6b4da4d,"[""DECISION_VISIBILITY_OTHER""]","Video not eligible for recommendation in the For You feed",,,,,,,,,,DECISION_GROUND_INCOMPATIBLE_CONTENT,,,,"Dangerous Activities and Challenges","Most activities or challenges are appropriate for everyone, but some carry a risk of significant injury. Content is ineligible for the For You feed if it involves activities that are likely to lead to moderate physical harm, or includes professionals who are performing extreme sports and stunts that may endanger others.We proactively enforce our Community Guidelines through a mix of technology and human moderation. We have detected this policy violation using automated measures. We have used automated measures in making this decision.",,STATEMENT_CATEGORY_SCOPE_OF_PLATFORM_SERVICE,,,,"[""CONTENT_TYPE_VIDEO""]",,,"2023-07-05 00:00:00","[""AT"",""BE"",""BG"",""CY"",""CZ"",""DE"",""DK"",""EE"",""ES"",""FI"",""FR"",""GR"",""HR"",""HU"",""IE"",""IT"",""LI"",""LT"",""LU"",""LV"",""MT"",""NL"",""NO"",""PL"",""PT"",""RO"",""SE"",""SI"",""SK""]","2024-11-23 00:00:00","The decision was taken pursuant to own-initiative investigations.",SOURCE_VOLUNTARY,,Yes,AUTOMATED_DECISION_FULLY,TikTok,7440307706956651296,"2024-11-23 03:21:08"
98eed6d5-f1c1-4195-af54-b1f8e7db8430,"[""DECISION_VISIBILITY_OTHER""]","Video not eligible for recommendation in the For You feed",,,,,,,,,,DECISION_GROUND_INCOMPATIBLE_CONTENT,,,,"Community Guidelines","We maintain content eligibility standards for the For You feed (FYF) that prioritize safety and are informed by the diversity of our community and cultural norms. We make ineligible for the FYF certain content that may not be appropriate for a broad audience related to: (1) Behavioral Health, (2) Sensitive and Mature Themes, (3) Integrity and Authenticity, and (4) Regulated Goods. Content that is ineligible for the FYF can still be discovered in other ways, such as through search tools or by following an account.We proactively enforce our Community Guidelines through a mix of technology and human moderation. We have detected this policy violation using automated measures. We have used automated measures in making this decision.",,STATEMENT_CATEGORY_SCOPE_OF_PLATFORM_SERVICE,,,,"[""CONTENT_TYPE_VIDEO""]",,,"2022-11-13 00:00:00","[""AT"",""BE"",""BG"",""CY"",""CZ"",""DE"",""DK"",""EE"",""ES"",""FI"",""FR"",""GR"",""HR"",""HU"",""IE"",""IT"",""LI"",""LT"",""LU"",""LV"",""MT"",""NL"",""NO"",""PL"",""PT"",""RO"",""SE"",""SI"",""SK""]","2024-11-23 00:00:00","The decision was taken pursuant to own-initiative investigations.",SOURCE_VOLUNTARY,,Yes,AUTOMATED_DECISION_FULLY,TikTok,7440307706973428513,"2024-11-23 03:21:08"
2ef19604-720d-4955-ab71-1b74a16a642a,"[""DECISION_VISIBILITY_OTHER""]","Video not eligible for recommendation in the For You feed",,,,,,,,,,DECISION_GROUND_INCOMPATIBLE_CONTENT,,,,"Community Guidelines","We maintain content eligibility standards for the For You feed (FYF) that prioritize safety and are informed by the diversity of our community and cultural norms. We make ineligible for the FYF certain content that may not be appropriate for a broad audience related to: (1) Behavioral Health, (2) Sensitive and Mature Themes, (3) Integrity and Authenticity, and (4) Regulated Goods. Content that is ineligible for the FYF can still be discovered in other ways, such as through search tools or by following an account.We proactively enforce our Community Guidelines through a mix of technology and human moderation. We have detected this policy violation using automated measures. We have used automated measures in making this decision.",,STATEMENT_CATEGORY_SCOPE_OF_PLATFORM_SERVICE,,,,"[""CONTENT_TYPE_VIDEO""]",,,"2023-04-20 00:00:00","[""AT"",""BE"",""BG"",""CY"",""CZ"",""DE"",""DK"",""EE"",""ES"",""FI"",""FR"",""GR"",""HR"",""HU"",""IE"",""IT"",""LI"",""LT"",""LU"",""LV"",""MT"",""NL"",""NO"",""PL"",""PT"",""RO"",""SE"",""SI"",""SK""]","2024-11-23 00:00:00","The decision was taken pursuant to own-initiative investigations.",SOURCE_VOLUNTARY,,Yes,AUTOMATED_DECISION_FULLY,TikTok,7440307706956667680,"2024-11-23 03:21:08"
7773fa97-046a-4ec6-84f3-87c4d46ad5c1,"[""DECISION_VISIBILITY_OTHER""]","Video not eligible for recommendation in the For You feed",,,,,,,,,,DECISION_GROUND_INCOMPATIBLE_CONTENT,,,,"Community Guidelines","We maintain content eligibility standards for the For You feed (FYF) that prioritize safety and are informed by the diversity of our community and cultural norms. We make ineligible for the FYF certain content that may not be appropriate for a broad audience related to: (1) Behavioral Health, (2) Sensitive and Mature Themes, (3) Integrity and Authenticity, and (4) Regulated Goods. Content that is ineligible for the FYF can still be discovered in other ways, such as through search tools or by following an account.We proactively enforce our Community Guidelines through a mix of technology and human moderation. We have detected this policy violation using automated measures. We have used automated measures in making this decision.",,STATEMENT_CATEGORY_SCOPE_OF_PLATFORM_SERVICE,,,,"[""CONTENT_TYPE_VIDEO""]",,,"2022-12-22 00:00:00","[""AT"",""BE"",""BG"",""CY"",""CZ"",""DE"",""DK"",""EE"",""ES"",""FI"",""FR"",""GR"",""HR"",""HU"",""IE"",""IT"",""LI"",""LT"",""LU"",""LV"",""MT"",""NL"",""NO"",""PL"",""PT"",""RO"",""SE"",""SI"",""SK""]","2024-11-23 00:00:00","The decision was taken pursuant to own-initiative investigations.",SOURCE_VOLUNTARY,,Yes,AUTOMATED_DECISION_FULLY,TikTok,7440307706956684064,"2024-11-23 03:21:08"
2eecadd4-b777-483d-856b-b406b8290624,"[""DECISION_VISIBILITY_OTHER""]","Video not eligible for recommendation in the For You feed",,,,,,,,,,DECISION_GROUND_INCOMPATIBLE_CONTENT,,,,"Community Guidelines","We maintain content eligibility standards for the For You feed (FYF) that prioritize safety and are informed by the diversity of our community and cultural norms. We make ineligible for the FYF certain content that may not be appropriate for a broad audience related to: (1) Behavioral Health, (2) Sensitive and Mature Themes, (3) Integrity and Authenticity, and (4) Regulated Goods. Content that is ineligible for the FYF can still be discovered in other ways, such as through search tools or by following an account.We proactively enforce our Community Guidelines through a mix of technology and human moderation. We have detected this policy violation using automated measures. We have used automated measures in making this decision.",,STATEMENT_CATEGORY_SCOPE_OF_PLATFORM_SERVICE,,,,"[""CONTENT_TYPE_VIDEO""]",,,"2023-05-11 00:00:00","[""AT"",""BE"",""BG"",""CY"",""CZ"",""DE"",""DK"",""EE"",""ES"",""FI"",""FR"",""GR"",""HR"",""HU"",""IE"",""IT"",""LI"",""LT"",""LU"",""LV"",""MT"",""NL"",""NO"",""PL"",""PT"",""RO"",""SE"",""SI"",""SK""]","2024-11-23 00:00:00","The decision was taken pursuant to own-initiative investigations.",SOURCE_VOLUNTARY,,Yes,AUTOMATED_DECISION_FULLY,TikTok,7440307706956700448,"2024-11-23 03:21:08"
fc70e0f3-f452-4bc9-9d3c-1bdcf5428e06,"[""DECISION_VISIBILITY_OTHER""]","Video not eligible for recommendation in the For You feed",,,,,,,,,,DECISION_GROUND_INCOMPATIBLE_CONTENT,,,,"Community Guidelines","We maintain content eligibility standards for the For You feed (FYF) that prioritize safety and are informed by the diversity of our community and cultural norms. We make ineligible for the FYF certain content that may not be appropriate for a broad audience related to: (1) Behavioral Health, (2) Sensitive and Mature Themes, (3) Integrity and Authenticity, and (4) Regulated Goods. Content that is ineligible for the FYF can still be discovered in other ways, such as through search tools or by following an account.We proactively enforce our Community Guidelines through a mix of technology and human moderation. We have detected this policy violation using automated measures. We have used automated measures in making this decision.",,STATEMENT_CATEGORY_SCOPE_OF_PLATFORM_SERVICE,,,,"[""CONTENT_TYPE_VIDEO""]",,,"2023-10-24 00:00:00","[""AT"",""BE"",""BG"",""CY"",""CZ"",""DE"",""DK"",""EE"",""ES"",""FI"",""FR"",""GR"",""HR"",""HU"",""IE"",""IT"",""LI"",""LT"",""LU"",""LV"",""MT"",""NL"",""NO"",""PL"",""PT"",""RO"",""SE"",""SI"",""SK""]","2024-11-23 00:00:00","The decision was taken pursuant to own-initiative investigations.",SOURCE_VOLUNTARY,,Yes,AUTOMATED_DECISION_FULLY,TikTok,7440307706973444897,"2024-11-23 03:21:08"
8a8b75cc-4a4d-4021-87f0-116c97e41e94,"[""DECISION_VISIBILITY_OTHER""]","Video not eligible for recommendation in the For You feed",,,,,,,,,,DECISION_GROUND_INCOMPATIBLE_CONTENT,,,,"Community Guidelines","We maintain content eligibility standards for the For You feed (FYF) that prioritize safety and are informed by the diversity of our community and cultural norms. We make ineligible for the FYF certain content that may not be appropriate for a broad audience related to: (1) Behavioral Health, (2) Sensitive and Mature Themes, (3) Integrity and Authenticity, and (4) Regulated Goods. Content that is ineligible for the FYF can still be discovered in other ways, such as through search tools or by following an account.We proactively enforce our Community Guidelines through a mix of technology and human moderation. We have detected this policy violation using automated measures. We have used automated measures in making this decision.",,STATEMENT_CATEGORY_SCOPE_OF_PLATFORM_SERVICE,,,,"[""CONTENT_TYPE_VIDEO""]",,,"2023-06-15 00:00:00","[""AT"",""BE"",""BG"",""CY"",""CZ"",""DE"",""DK"",""EE"",""ES"",""FI"",""FR"",""GR"",""HR"",""HU"",""IE"",""IT"",""LI"",""LT"",""LU"",""LV"",""MT"",""NL"",""NO"",""PL"",""PT"",""RO"",""SE"",""SI"",""SK""]","2024-11-23 00:00:00","The decision was taken pursuant to own-initiative investigations.",SOURCE_VOLUNTARY,,Yes,AUTOMATED_DECISION_FULLY,TikTok,7440307706973461281,"2024-11-23 03:21:08"
08c7bf36-fdb2-4713-910a-b9d533824973,"[""DECISION_VISIBILITY_OTHER""]","Video not eligible for recommendation in the For You feed",,,,,,,,,,DECISION_GROUND_INCOMPATIBLE_CONTENT,,,,"Community Guidelines","We maintain content eligibility standards for the For You feed (FYF) that prioritize safety and are informed by the diversity of our community and cultural norms. We make ineligible for the FYF certain content that may not be appropriate for a broad audience related to: (1) Behavioral Health, (2) Sensitive and Mature Themes, (3) Integrity and Authenticity, and (4) Regulated Goods. Content that is ineligible for the FYF can still be discovered in other ways, such as through search tools or by following an account.We proactively enforce our Community Guidelines through a mix of technology and human moderation. We have detected this policy violation using automated measures. We have used automated measures in making this decision.",,STATEMENT_CATEGORY_SCOPE_OF_PLATFORM_SERVICE,,,,"[""CONTENT_TYPE_VIDEO""]",,,"2024-08-20 00:00:00","[""AT"",""BE"",""BG"",""CY"",""CZ"",""DE"",""DK"",""EE"",""ES"",""FI"",""FR"",""GR"",""HR"",""HU"",""IE"",""IT"",""LI"",""LT"",""LU"",""LV"",""MT"",""NL"",""NO"",""PL"",""PT"",""RO"",""SE"",""SI"",""SK""]","2024-11-23 00:00:00","The decision was taken pursuant to own-initiative investigations.",SOURCE_VOLUNTARY,,Yes,AUTOMATED_DECISION_FULLY,TikTok,7440307706956716832,"2024-11-23 03:21:08"
6d76dbfb-cd6e-4234-a858-37ababf76932,"[""DECISION_VISIBILITY_OTHER""]","Video not eligible for recommendation in the For You feed",,,,,,,,,,DECISION_GROUND_INCOMPATIBLE_CONTENT,,,,"Community Guidelines","We maintain content eligibility standards for the For You feed (FYF) that prioritize safety and are informed by the diversity of our community and cultural norms. We make ineligible for the FYF certain content that may not be appropriate for a broad audience related to: (1) Behavioral Health, (2) Sensitive and Mature Themes, (3) Integrity and Authenticity, and (4) Regulated Goods. Content that is ineligible for the FYF can still be discovered in other ways, such as through search tools or by following an account.We proactively enforce our Community Guidelines through a mix of technology and human moderation. We have detected this policy violation using automated measures. We have used automated measures in making this decision.",,STATEMENT_CATEGORY_SCOPE_OF_PLATFORM_SERVICE,,,,"[""CONTENT_TYPE_VIDEO""]",,,"2024-07-02 00:00:00","[""AT"",""BE"",""BG"",""CY"",""CZ"",""DE"",""DK"",""EE"",""ES"",""FI"",""FR"",""GR"",""HR"",""HU"",""IE"",""IT"",""LI"",""LT"",""LU"",""LV"",""MT"",""NL"",""NO"",""PL"",""PT"",""RO"",""SE"",""SI"",""SK""]","2024-11-23 00:00:00","The decision was taken pursuant to own-initiative investigations.",SOURCE_VOLUNTARY,,Yes,AUTOMATED_DECISION_FULLY,TikTok,7440307706973477665,"2024-11-23 03:21:08"
1db1944b-e500-4ecc-8d5f-29f2db4fc967,"[""DECISION_VISIBILITY_OTHER""]","Video not eligible for recommendation in the For You feed",,,,,,,,,,DECISION_GROUND_INCOMPATIBLE_CONTENT,,,,"Community Guidelines","We maintain content eligibility standards for the For You feed (FYF) that prioritize safety and are informed by the diversity of our community and cultural norms. We make ineligible for the FYF certain content that may not be appropriate for a broad audience related to: (1) Behavioral Health, (2) Sensitive and Mature Themes, (3) Integrity and Authenticity, and (4) Regulated Goods. Content that is ineligible for the FYF can still be discovered in other ways, such as through search tools or by following an account.We proactively enforce our Community Guidelines through a mix of technology and human moderation. We have detected this policy violation using automated measures. We have used automated measures in making this decision.",,STATEMENT_CATEGORY_SCOPE_OF_PLATFORM_SERVICE,,,,"[""CONTENT_TYPE_VIDEO""]",,,"2023-04-06 00:00:00","[""AT"",""BE"",""BG"",""CY"",""CZ"",""DE"",""DK"",""EE"",""ES"",""FI"",""FR"",""GR"",""HR"",""HU"",""IE"",""IT"",""LI"",""LT"",""LU"",""LV"",""MT"",""NL"",""NO"",""PL"",""PT"",""RO"",""SE"",""SI"",""SK""]","2024-11-23 00:00:00","The decision was taken pursuant to own-initiative investigations.",SOURCE_VOLUNTARY,,Yes,AUTOMATED_DECISION_FULLY,TikTok,7440307706973494049,"2024-11-23 03:21:08"
bca12e7a-1a64-4967-961d-f8c11cfa95e7,"[""DECISION_VISIBILITY_OTHER""]","Video not eligible for recommendation in the For You feed",,,,,,,,,,DECISION_GROUND_INCOMPATIBLE_CONTENT,,,,"Community Guidelines","We maintain content eligibility standards for the For You feed (FYF) that prioritize safety and are informed by the diversity of our community and cultural norms. We make ineligible for the FYF certain content that may not be appropriate for a broad audience related to: (1) Behavioral Health, (2) Sensitive and Mature Themes, (3) Integrity and Authenticity, and (4) Regulated Goods. Content that is ineligible for the FYF can still be discovered in other ways, such as through search tools or by following an account.We proactively enforce our Community Guidelines through a mix of technology and human moderation. We have detected this policy violation using automated measures. We have used automated measures in making this decision.",,STATEMENT_CATEGORY_SCOPE_OF_PLATFORM_SERVICE,,,,"[""CONTENT_TYPE_VIDEO""]",,,"2024-10-22 00:00:00","[""AT"",""BE"",""BG"",""CY"",""CZ"",""DE"",""DK"",""EE"",""ES"",""FI"",""FR"",""GR"",""HR"",""HU"",""IE"",""IT"",""LI"",""LT"",""LU"",""LV"",""MT"",""NL"",""NO"",""PL"",""PT"",""RO"",""SE"",""SI"",""SK""]","2024-11-23 00:00:00","The decision was taken pursuant to own-initiative investigations.",SOURCE_VOLUNTARY,,Yes,AUTOMATED_DECISION_FULLY,TikTok,7440307706973510433,"2024-11-23 03:21:08"
face7e7a-9221-4b00-8d0b-d5f8c3ab2b54,"[""DECISION_VISIBILITY_OTHER""]","Video not eligible for recommendation in the For You feed",,,,,,,,,,DECISION_GROUND_INCOMPATIBLE_CONTENT,,,,"Community Guidelines","We maintain content eligibility standards for the For You feed (FYF) that prioritize safety and are informed by the diversity of our community and cultural norms. We make ineligible for the FYF certain content that may not be appropriate for a broad audience related to: (1) Behavioral Health, (2) Sensitive and Mature Themes, (3) Integrity and Authenticity, and (4) Regulated Goods. Content that is ineligible for the FYF can still be discovered in other ways, such as through search tools or by following an account.We proactively enforce our Community Guidelines through a mix of technology and human moderation. We have detected this policy violation using automated measures. We have used automated measures in making this decision.",,STATEMENT_CATEGORY_SCOPE_OF_PLATFORM_SERVICE,,,,"[""CONTENT_TYPE_VIDEO""]",,,"2023-09-22 00:00:00","[""AT"",""BE"",""BG"",""CY"",""CZ"",""DE"",""DK"",""EE"",""ES"",""FI"",""FR"",""GR"",""HR"",""HU"",""IE"",""IT"",""LI"",""LT"",""LU"",""LV"",""MT"",""NL"",""NO"",""PL"",""PT"",""RO"",""SE"",""SI"",""SK""]","2024-11-23 00:00:00","The decision was taken pursuant to own-initiative investigations.",SOURCE_VOLUNTARY,,Yes,AUTOMATED_DECISION_FULLY,TikTok,7440307706956733216,"2024-11-23 03:21:08"
55d459a9-f5b0-4192-9511-d7bada7ba4bf,"[""DECISION_VISIBILITY_CONTENT_REMOVED""]",,,,,,,,,,,DECISION_GROUND_INCOMPATIBLE_CONTENT,,,,"Sexually Suggestive Content","We welcome performances and dances where people can creatively express themselves, celebrate their culture, or seek to entertain. We are mindful that certain behaviors related to sexual arousal or suggestiveness may be offensive to some people and may put young people at risk of exploitation. We do not allow seductive performances or allusions to sexual activity by young people, or the use of sexually explicit narratives by anyone.We proactively enforce our Community Guidelines through a mix of technology and human moderation. We have detected this policy violation using automated measures. We have used automated measures in making this decision.",,STATEMENT_CATEGORY_SCOPE_OF_PLATFORM_SERVICE,,,,"[""CONTENT_TYPE_TEXT""]",,,"2024-11-23 00:00:00","[""AT"",""BE"",""BG"",""CY"",""CZ"",""DE"",""DK"",""EE"",""ES"",""FI"",""FR"",""GR"",""HR"",""HU"",""IE"",""IT"",""LI"",""LT"",""LU"",""LV"",""MT"",""NL"",""NO"",""PL"",""PT"",""RO"",""SE"",""SI"",""SK""]","2024-11-23 00:00:00","The decision was taken pursuant to own-initiative investigations.",SOURCE_VOLUNTARY,,Yes,AUTOMATED_DECISION_FULLY,TikTok,7440309410691390240,"2024-11-23 03:21:09"
b8c3f1d5-9702-4a80-955e-8fa1e6a8f3ac,"[""DECISION_VISIBILITY_CONTENT_REMOVED""]",,,,,,,,,,,DECISION_GROUND_INCOMPATIBLE_CONTENT,,,,"Dangerous activities and challenges","Most activities or challenges are appropriate for everyone, but some carry a risk of significant injury. We do not allow showing or promoting dangerous activities and challenges. This includes dares, games, tricks, inappropriate use of dangerous tools, eating substances that are harmful to one’s health, or similar activities that may lead to significant physical harm. Visit our {CG_link} for more information.",,STATEMENT_CATEGORY_SCOPE_OF_PLATFORM_SERVICE,,,,"[""CONTENT_TYPE_VIDEO""]",,,"2024-11-23 00:00:00","[""AT"",""BE"",""BG"",""CY"",""CZ"",""DE"",""DK"",""EE"",""ES"",""FI"",""FR"",""GR"",""HR"",""HU"",""IE"",""IS"",""IT"",""LI"",""LT"",""LU"",""LV"",""MT"",""NL"",""NO"",""PL"",""PT"",""RO"",""SE"",""SI"",""SK""]","2024-11-23 00:00:00","The decision was taken pursuant to own-initiative investigations",SOURCE_VOLUNTARY,,Yes,AUTOMATED_DECISION_NOT_AUTOMATED,TikTok,7440309411500858144,"2024-11-23 03:21:09"
2e1462fc-dccb-4e6a-9500-9e641483f42a,"[""DECISION_VISIBILITY_CONTENT_REMOVED""]",,,,,,,,,,,DECISION_GROUND_INCOMPATIBLE_CONTENT,,,,"Harassment and Bullying","We welcome the respectful expression of different viewpoints, but not toxicity or trolling. We do not allow language or behavior that harasses, humiliates, threatens, or doxes anyone. This also includes responding to such acts with retaliatory harassment (but excludes non-harassing counterspeech).We proactively enforce our Community Guidelines through a mix of technology and human moderation. We have detected this policy violation using automated measures. We have used automated measures in making this decision.",,STATEMENT_CATEGORY_ILLEGAL_OR_HARMFUL_SPEECH,,,,"[""CONTENT_TYPE_TEXT""]",,,"2024-11-23 00:00:00","[""AT"",""BE"",""BG"",""CY"",""CZ"",""DE"",""DK"",""EE"",""ES"",""FI"",""FR"",""GR"",""HR"",""HU"",""IE"",""IT"",""LI"",""LT"",""LU"",""LV"",""MT"",""NL"",""NO"",""PL"",""PT"",""RO"",""SE"",""SI"",""SK""]","2024-11-23 00:00:00","The decision was taken pursuant to own-initiative investigations.",SOURCE_VOLUNTARY,,Yes,AUTOMATED_DECISION_FULLY,TikTok,7440309411500874528,"2024-11-23 03:21:09"
95835379-b0d0-4115-a476-310d31aa39e9,"[""DECISION_VISIBILITY_CONTENT_REMOVED""]",,,,,,,,,,,DECISION_GROUND_INCOMPATIBLE_CONTENT,,,,"Harassment and Bullying","We welcome the respectful expression of different viewpoints, but not toxicity or trolling. We do not allow language or behavior that harasses, humiliates, threatens, or doxes anyone. This also includes responding to such acts with retaliatory harassment (but excludes non-harassing counterspeech).We proactively enforce our Community Guidelines through a mix of technology and human moderation. We have detected this policy violation using automated measures. We have used automated measures in making this decision.",,STATEMENT_CATEGORY_ILLEGAL_OR_HARMFUL_SPEECH,,,,"[""CONTENT_TYPE_TEXT""]",,,"2024-11-23 00:00:00","[""AT"",""BE"",""BG"",""CY"",""CZ"",""DE"",""DK"",""EE"",""ES"",""FI"",""FR"",""GR"",""HR"",""HU"",""IE"",""IT"",""LI"",""LT"",""LU"",""LV"",""MT"",""NL"",""NO"",""PL"",""PT"",""RO"",""SE"",""SI"",""SK""]","2024-11-23 00:00:00","The decision was taken pursuant to own-initiative investigations.",SOURCE_VOLUNTARY,,Yes,AUTOMATED_DECISION_FULLY,TikTok,7440309410691406624,"2024-11-23 03:21:09"
af7930aa-c83f-485d-a759-23da8a2462c7,"[""DECISION_VISIBILITY_CONTENT_AGE_RESTRICTED""]",,,,,,,,,,,DECISION_GROUND_INCOMPATIBLE_CONTENT,,,,"Minimum Age Requirement","Users must be 13 years and older to have a TikTok account. We are deeply committed to ensuring that TikTok is a safe and positive experience for people under the age of 18. This starts by being old enough to use TikTok. If we learn someone is below the minimum age on TikTok, we will ban that account. Content created by anyone under 16 is ineligible for the For You feed and harder to find in search.We proactively enforce our Community Guidelines through a mix of technology and human moderation. We have detected this policy violation using automated measures.",,STATEMENT_CATEGORY_PROTECTION_OF_MINORS,,,,"[""CONTENT_TYPE_VIDEO""]",,,"2022-05-17 00:00:00","[""AT"",""BE"",""BG"",""CY"",""CZ"",""DE"",""DK"",""EE"",""ES"",""FI"",""FR"",""GR"",""HR"",""HU"",""IE"",""IT"",""LI"",""LT"",""LU"",""LV"",""MT"",""NL"",""NO"",""PL"",""PT"",""RO"",""SE"",""SI"",""SK""]","2024-11-23 00:00:00","The decision was taken pursuant to own-initiative investigations.",SOURCE_VOLUNTARY,,Yes,AUTOMATED_DECISION_NOT_AUTOMATED,TikTok,7440309410691423008,"2024-11-23 03:21:09"
850d29fd-2684-42f1-b458-f1deb5086b67,"[""DECISION_VISIBILITY_CONTENT_REMOVED""]",,,,,,,,,,,DECISION_GROUND_INCOMPATIBLE_CONTENT,,,,"Nudity and Body Exposure","We celebrate all shapes and sizes and want people to feel comfortable in how they present themselves and their bodies. We do not allow nudity, including uncovered genitals and buttocks, as well as nipples and areolas of women and girls. Sheer and partially see-through clothing is not considered covered.We proactively enforce our Community Guidelines through a mix of technology and human moderation. We have detected this policy violation using automated measures. We have used automated measures in making this decision.",,STATEMENT_CATEGORY_SCOPE_OF_PLATFORM_SERVICE,,,,"[""CONTENT_TYPE_VIDEO""]",,,"2024-11-23 00:00:00","[""AT"",""BE"",""BG"",""CY"",""CZ"",""DE"",""DK"",""EE"",""ES"",""FI"",""FR"",""GR"",""HR"",""HU"",""IE"",""IT"",""LI"",""LT"",""LU"",""LV"",""MT"",""NL"",""NO"",""PL"",""PT"",""RO"",""SE"",""SI"",""SK""]","2024-11-23 00:00:00","The decision was taken pursuant to own-initiative investigations.",SOURCE_VOLUNTARY,,Yes,AUTOMATED_DECISION_FULLY,TikTok,7440309412557757216,"2024-11-23 03:21:09"
098e8968-7b81-4356-835a-5dbc44bf4343,"[""DECISION_VISIBILITY_CONTENT_REMOVED"",""DECISION_VISIBILITY_CONTENT_AGE_RESTRICTED""]",,,,,,,,,,,DECISION_GROUND_INCOMPATIBLE_CONTENT,,,,"This ad has been rejected because the ad creative or landing page may feature openly sexual content such as sexualized language or movements.Based on the location(s) you have selected, the product or service promoted on your ad and/or landing page belongs to a restricted industry. Therefore, it can only be viewed by users aged 18 and above.Based on the location(s) you have selected, the product or service promoted on your ad and/or landing page belongs to a restricted industry. Therefore, it can","Please modify or remove the related content. You can read more about our TikTok Advertising Policies on adult and sexual content at: https://ads.tiktok.com/help/article/tiktok-advertising-policies-ad-creatives-landing-page-prohibited-content#anchor-9You may also refer to ""Market Specific Prohibitions and Restrictions"" on TikTok Business Help Center for more information: https://ads.tiktok.com/help/article?aid=9550You may also refer to ""Market Specific Prohibitions and Restrictions"" on TikTok Business Help Center for more information: https://ads.tiktok.com/help/article?aid=9550Please modify or remove the related content. You can read more about our TikTok Advertising Policies on adult and sexual content at: https://ads.tiktok.com/help/article/tiktok-advertising-policies-ad-creatives-landing-page-prohibited-content#anchor-9",,STATEMENT_CATEGORY_SCOPE_OF_PLATFORM_SERVICE,,,,"[""CONTENT_TYPE_VIDEO""]",,,"2024-11-22 00:00:00","[""FR"",""IE"",""NL""]","2024-11-23 00:00:00","The decision was taken in response to a report alleging a violation of our Advertising Policies.",SOURCE_VOLUNTARY,,No,AUTOMATED_DECISION_FULLY,TikTok,7440309412557773600,"2024-11-23 03:21:09"
c906e90a-ab44-4de7-8550-4f68c0255467,"[""DECISION_VISIBILITY_OTHER""]","Video not eligible for recommendation in the For You feed",,,,,,,,,,DECISION_GROUND_INCOMPATIBLE_CONTENT,,,,"Community Guidelines","We maintain content eligibility standards for the For You feed (FYF) that prioritize safety and are informed by the diversity of our community and cultural norms. We make ineligible for the FYF certain content that may not be appropriate for a broad audience related to: (1) Behavioral Health, (2) Sensitive and Mature Themes, (3) Integrity and Authenticity, and (4) Regulated Goods. Content that is ineligible for the FYF can still be discovered in other ways, such as through search tools or by following an account.We proactively enforce our Community Guidelines through a mix of technology and human moderation. We have detected this policy violation using automated measures. We have used automated measures in making this decision.",,STATEMENT_CATEGORY_SCOPE_OF_PLATFORM_SERVICE,,,,"[""CONTENT_TYPE_VIDEO""]",,,"2024-11-23 00:00:00","[""AT"",""BE"",""BG"",""CY"",""CZ"",""DE"",""DK"",""EE"",""ES"",""FI"",""FR"",""GR"",""HR"",""HU"",""IE"",""IT"",""LI"",""LT"",""LU"",""LV"",""MT"",""NL"",""NO"",""PL"",""PT"",""RO"",""SE"",""SI"",""SK""]","2024-11-23 00:00:00","The decision was taken pursuant to own-initiative investigations.",SOURCE_VOLUNTARY,,Yes,AUTOMATED_DECISION_FULLY,TikTok,7440309411693845280,"2024-11-23 03:21:09"
b59dfed8-78d5-43e3-9215-428c81a51d2b,,,,,,,DECISION_PROVISION_PARTIAL_SUSPENSION,"2024-11-30 00:00:00",,,,DECISION_GROUND_INCOMPATIBLE_CONTENT,,,,"Activité et services sexuels","TikTok est un lieu où l'on peut venir discuter ou s'informer sur la sexualité, le sexe ou la santé reproductive. Nous sommes conscients que certains contenus relatifs à la sexualité, au sexe ou à la santé reproductive peuvent ne pas convenir aux jeunes, être considérés comme choquants par certains ou créer un risque d'exploitation. Nous n'autorisons pas les activités ou services sexuels, y compris le sexe, l'excitation sexuelle, les comportements fétichistes et pervers, et la recherche et l'offre de services sexuels. Consulte nos {CG_link} pour en savoir plus.",,STATEMENT_CATEGORY_PORNOGRAPHY_OR_SEXUALIZED_CONTENT,,,,"[""CONTENT_TYPE_VIDEO""]",,,"2024-11-22 00:00:00","[""AT"",""BE"",""BG"",""CY"",""CZ"",""DE"",""DK"",""EE"",""ES"",""FI"",""FR"",""GR"",""HR"",""HU"",""IE"",""IS"",""IT"",""LI"",""LT"",""LU"",""LV"",""MT"",""NL"",""NO"",""PL"",""PT"",""RO"",""SE"",""SI"",""SK""]","2024-11-23 00:00:00","The decision was taken pursuant to own-initiative investigations",SOURCE_VOLUNTARY,,Yes,AUTOMATED_DECISION_NOT_AUTOMATED,TikTok,7440309422565366561,"2024-11-23 03:21:09"
55b1311d-d194-4f53-81ad-891c99101214,"[""DECISION_VISIBILITY_OTHER""]","Ad is not eligible for posting.",,,,,,,,,,DECISION_GROUND_INCOMPATIBLE_CONTENT,,,,"Our review indicates that your advertising content may violate TikTok's advertising policies by featuring a product/service which belongs to a prohibited industry of the targeted location(s) in your ad. For more policy details, please refer to ""TikTok Advertising Policies - Industry Entry"" (https://ads.tiktok.com/help/article?aid=6685586866860720134). Our review indicates that your advertising content may violate TikTok's advertising policies by promoting prohibited products or services in the t","Please change the promoted product/service in your ad or change the targeted location(s) in your ad group settings according to our policy. For more policy details, please refer to ""TikTok Advertising Policies - Industry Entry"" (https://ads.tiktok.com/help/article?aid=6685586866860720134). For more policy details, please refer to """"TikTok Advertising Policies - Industry Entry"" (https://ads.tiktok.com/help/article?aid=6685586866860720134).Please change the promoted product/service in your ad or change the targeted location(s) in your ad group settings according to our policy. For more policy details, please refer to ""TikTok Advertising Policies - Industry Entry"" (https://ads.tiktok.com/help/article?aid=6685586866860720134). For more policy details, please refer to """"TikTok Advertising Policies - Industry Entry"" (https://ads.tiktok.com/help/article?aid=6685586866860720134).",,STATEMENT_CATEGORY_SCOPE_OF_PLATFORM_SERVICE,,,,"[""CONTENT_TYPE_VIDEO""]",,,"2024-11-23 00:00:00","[""DE""]","2024-11-23 00:00:00","The decision was taken pursuant to own-initiative investigations.",SOURCE_VOLUNTARY,,Yes,AUTOMATED_DECISION_FULLY,TikTok,7440309412738161441,"2024-11-23 03:21:09"
dd74d854-3e60-4fe7-bcb1-89ff68645cc7,"[""DECISION_VISIBILITY_CONTENT_REMOVED""]",,,,,,,,,,,DECISION_GROUND_INCOMPATIBLE_CONTENT,,,,"Harassment and Bullying","We welcome the respectful expression of different viewpoints, but not toxicity or trolling. We do not allow language or behavior that harasses, humiliates, threatens, or doxes anyone. This also includes responding to such acts with retaliatory harassment (but excludes non-harassing counterspeech).We proactively enforce our Community Guidelines through a mix of technology and human moderation. We have detected this policy violation using automated measures. We have used automated measures in making this decision.",,STATEMENT_CATEGORY_ILLEGAL_OR_HARMFUL_SPEECH,,,,"[""CONTENT_TYPE_TEXT""]",,,"2024-11-23 00:00:00","[""AT"",""BE"",""BG"",""CY"",""CZ"",""DE"",""DK"",""EE"",""ES"",""FI"",""FR"",""GR"",""HR"",""HU"",""IE"",""IT"",""LI"",""LT"",""LU"",""LV"",""MT"",""NL"",""NO"",""PL"",""PT"",""RO"",""SE"",""SI"",""SK""]","2024-11-23 00:00:00","The decision was taken pursuant to own-initiative investigations.",SOURCE_VOLUNTARY,,Yes,AUTOMATED_DECISION_FULLY,TikTok,7440309412738177825,"2024-11-23 03:21:09"
110c0dc6-964b-46e1-9183-fc53f4cb1158,"[""DECISION_VISIBILITY_CONTENT_REMOVED""]",,,,,,,,,,,DECISION_GROUND_INCOMPATIBLE_CONTENT,,,,"Harassment and Bullying","We welcome the respectful expression of different viewpoints, but not toxicity or trolling. We do not allow language or behavior that harasses, humiliates, threatens, or doxes anyone. This also includes responding to such acts with retaliatory harassment (but excludes non-harassing counterspeech).We proactively enforce our Community Guidelines through a mix of technology and human moderation. We have detected this policy violation using automated measures. We have used automated measures in making this decision.",,STATEMENT_CATEGORY_ILLEGAL_OR_HARMFUL_SPEECH,,,,"[""CONTENT_TYPE_TEXT""]",,,"2024-11-23 00:00:00","[""AT"",""BE"",""BG"",""CY"",""CZ"",""DE"",""DK"",""EE"",""ES"",""FI"",""FR"",""GR"",""HR"",""HU"",""IE"",""IT"",""LI"",""LT"",""LU"",""LV"",""MT"",""NL"",""NO"",""PL"",""PT"",""RO"",""SE"",""SI"",""SK""]","2024-11-23 00:00:00","The decision was taken pursuant to own-initiative investigations.",SOURCE_VOLUNTARY,,Yes,AUTOMATED_DECISION_FULLY,TikTok,7440309422565382945,"2024-11-23 03:21:09"
b94960e0-577f-44c1-8e66-ec2e86b1bc0b,"[""DECISION_VISIBILITY_CONTENT_REMOVED""]",,,,,,,,,,,DECISION_GROUND_INCOMPATIBLE_CONTENT,,,,"Harassment and Bullying","We welcome the respectful expression of different viewpoints, but not toxicity or trolling. We do not allow language or behavior that harasses, humiliates, threatens, or doxes anyone. This also includes responding to such acts with retaliatory harassment (but excludes non-harassing counterspeech).We proactively enforce our Community Guidelines through a mix of technology and human moderation. We have detected this policy violation using automated measures. We have used automated measures in making this decision.",,STATEMENT_CATEGORY_ILLEGAL_OR_HARMFUL_SPEECH,,,,"[""CONTENT_TYPE_TEXT""]",,,"2024-11-23 00:00:00","[""AT"",""BE"",""BG"",""CY"",""CZ"",""DE"",""DK"",""EE"",""ES"",""FI"",""FR"",""GR"",""HR"",""HU"",""IE"",""IT"",""LI"",""LT"",""LU"",""LV"",""MT"",""NL"",""NO"",""PL"",""PT"",""RO"",""SE"",""SI"",""SK""]","2024-11-23 00:00:00","The decision was taken pursuant to own-initiative investigations.",SOURCE_VOLUNTARY,,Yes,AUTOMATED_DECISION_FULLY,TikTok,7440309422565399329,"2024-11-23 03:21:09"
5d23ce50-8ec2-41c8-be3f-8e5296981330,"[""DECISION_VISIBILITY_OTHER""]","Video not eligible for recommendation in the For You feed",,,,,,,,,,DECISION_GROUND_INCOMPATIBLE_CONTENT,,,,"Community Guidelines","We maintain content eligibility standards for the For You feed (FYF) that prioritize safety and are informed by the diversity of our community and cultural norms. We make ineligible for the FYF certain content that may not be appropriate for a broad audience related to: (1) Behavioral Health, (2) Sensitive and Mature Themes, (3) Integrity and Authenticity, and (4) Regulated Goods. Content that is ineligible for the FYF can still be discovered in other ways, such as through search tools or by following an account.We proactively enforce our Community Guidelines through a mix of technology and human moderation. We have detected this policy violation using automated measures. We have used automated measures in making this decision.",,STATEMENT_CATEGORY_SCOPE_OF_PLATFORM_SERVICE,,,,"[""CONTENT_TYPE_VIDEO""]",,,"2024-11-23 00:00:00","[""AT"",""BE"",""BG"",""CY"",""CZ"",""DE"",""DK"",""EE"",""ES"",""FI"",""FR"",""GR"",""HR"",""HU"",""IE"",""IT"",""LI"",""LT"",""LU"",""LV"",""MT"",""NL"",""NO"",""PL"",""PT"",""RO"",""SE"",""SI"",""SK""]","2024-11-23 00:00:00","The decision was taken pursuant to own-initiative investigations.",SOURCE_VOLUNTARY,,Yes,AUTOMATED_DECISION_FULLY,TikTok,7440309422565415713,"2024-11-23 03:21:09"
07308a57-8bf9-4895-8906-d26946008ab7,"[""DECISION_VISIBILITY_CONTENT_REMOVED""]",,,,,,,,,,,DECISION_GROUND_INCOMPATIBLE_CONTENT,,,,"Nudity and Body Exposure","We celebrate all shapes and sizes and want people to feel comfortable in how they present themselves and their bodies. We do not allow nudity, including uncovered genitals and buttocks, as well as nipples and areolas of women and girls. Sheer and partially see-through clothing is not considered covered.We proactively enforce our Community Guidelines through a mix of technology and human moderation. We have detected this policy violation using automated measures.",,STATEMENT_CATEGORY_SCOPE_OF_PLATFORM_SERVICE,,,,"[""CONTENT_TYPE_IMAGE""]",,,"2024-11-23 00:00:00","[""AT"",""BE"",""BG"",""CY"",""CZ"",""DE"",""DK"",""EE"",""ES"",""FI"",""FR"",""GR"",""HR"",""HU"",""IE"",""IT"",""LI"",""LT"",""LU"",""LV"",""MT"",""NL"",""NO"",""PL"",""PT"",""RO"",""SE"",""SI"",""SK""]","2024-11-23 00:00:00","The decision was taken pursuant to own-initiative investigations.",SOURCE_VOLUNTARY,,Yes,AUTOMATED_DECISION_NOT_AUTOMATED,TikTok,7440309422565514017,"2024-11-23 03:21:09"
7c12d93a-7d27-40cb-a7e0-c9b8bc85a888,"[""DECISION_VISIBILITY_CONTENT_REMOVED""]",,,,,,,,,,,DECISION_GROUND_INCOMPATIBLE_CONTENT,,,,"Harassment and Bullying","We welcome the respectful expression of different viewpoints, but not toxicity or trolling. We do not allow language or behavior that harasses, humiliates, threatens, or doxes anyone. This also includes responding to such acts with retaliatory harassment (but excludes non-harassing counterspeech).We proactively enforce our Community Guidelines through a mix of technology and human moderation. We have detected this policy violation using automated measures. We have used automated measures in making this decision.",,STATEMENT_CATEGORY_ILLEGAL_OR_HARMFUL_SPEECH,,,,"[""CONTENT_TYPE_TEXT""]",,,"2024-11-23 00:00:00","[""AT"",""BE"",""BG"",""CY"",""CZ"",""DE"",""DK"",""EE"",""ES"",""FI"",""FR"",""GR"",""HR"",""HU"",""IE"",""IT"",""LI"",""LT"",""LU"",""LV"",""MT"",""NL"",""NO"",""PL"",""PT"",""RO"",""SE"",""SI"",""SK""]","2024-11-23 00:00:00","The decision was taken pursuant to own-initiative investigations.",SOURCE_VOLUNTARY,,Yes,AUTOMATED_DECISION_FULLY,TikTok,7440309433738992417,"2024-11-23 03:21:09"
b3956fe7-2112-42f6-a9f7-6714bd656d95,"[""DECISION_VISIBILITY_CONTENT_REMOVED""]",,,,,,,,,,,DECISION_GROUND_INCOMPATIBLE_CONTENT,,,,"Frauds and Scams","We want people to be able to use our platform to learn about ways to be financially responsible and consider economic transactions or investment opportunities, without worrying about scams or financial exploitation. We do not allow attempts to defraud or scam members of our community.We proactively enforce our Community Guidelines through a mix of technology and human moderation. We have detected this policy violation using automated measures.",,STATEMENT_CATEGORY_SCAMS_AND_FRAUD,,,,"[""CONTENT_TYPE_VIDEO""]",,,"2024-11-22 00:00:00","[""AT"",""BE"",""BG"",""CY"",""CZ"",""DE"",""DK"",""EE"",""ES"",""FI"",""FR"",""GR"",""HR"",""HU"",""IE"",""IT"",""LI"",""LT"",""LU"",""LV"",""MT"",""NL"",""NO"",""PL"",""PT"",""RO"",""SE"",""SI"",""SK""]","2024-11-23 00:00:00","The decision was taken pursuant to own-initiative investigations.",SOURCE_VOLUNTARY,,Yes,AUTOMATED_DECISION_NOT_AUTOMATED,TikTok,7440309433739107105,"2024-11-23 03:21:09"
c3b9fa0f-a064-45b3-a898-a75bfffd516a,"[""DECISION_VISIBILITY_OTHER""]","Video not eligible for recommendation in the For You feed",,,,,,,,,,DECISION_GROUND_INCOMPATIBLE_CONTENT,,,,"Community Guidelines","Your content is against our Community Guidelines. The guidelines include rules and standards for using TikTok that apply to everyone and everything on our platform.",,STATEMENT_CATEGORY_SCOPE_OF_PLATFORM_SERVICE,,,,"[""CONTENT_TYPE_VIDEO""]",,,"2024-11-23 00:00:00","[""AT"",""BE"",""BG"",""CY"",""CZ"",""DE"",""DK"",""EE"",""ES"",""FI"",""FR"",""GR"",""HR"",""HU"",""IE"",""IT"",""LI"",""LT"",""LU"",""LV"",""MT"",""NL"",""NO"",""PL"",""PT"",""RO"",""SE"",""SI"",""SK""]","2024-11-23 00:00:00","The decision was taken pursuant to own-initiative investigations.",SOURCE_VOLUNTARY,,Yes,AUTOMATED_DECISION_FULLY,TikTok,7440309433739123489,"2024-11-23 03:21:09"
4fed654e-7a1d-460b-93e3-1e139aec3477,"[""DECISION_VISIBILITY_CONTENT_REMOVED""]",,,,,,,,,,,DECISION_GROUND_INCOMPATIBLE_CONTENT,,,,"Frauds and Scams","We want people to be able to use our platform to learn about ways to be financially responsible and consider economic transactions or investment opportunities, without worrying about scams or financial exploitation. We do not allow attempts to defraud or scam members of our community.We proactively enforce our Community Guidelines through a mix of technology and human moderation. We have detected this policy violation using automated measures.",,STATEMENT_CATEGORY_SCAMS_AND_FRAUD,,,,"[""CONTENT_TYPE_VIDEO""]",,,"2024-11-22 00:00:00","[""AT"",""BE"",""BG"",""CY"",""CZ"",""DE"",""DK"",""EE"",""ES"",""FI"",""FR"",""GR"",""HR"",""HU"",""IE"",""IT"",""LI"",""LT"",""LU"",""LV"",""MT"",""NL"",""NO"",""PL"",""PT"",""RO"",""SE"",""SI"",""SK""]","2024-11-23 00:00:00","The decision was taken pursuant to own-initiative investigations.",SOURCE_VOLUNTARY,,Yes,AUTOMATED_DECISION_NOT_AUTOMATED,TikTok,7440309427380575008,"2024-11-23 03:21:09"
fe0a6a10-739c-4305-bc82-ffdc1af8502e,"[""DECISION_VISIBILITY_CONTENT_REMOVED""]",,,,,,,,,,,DECISION_GROUND_INCOMPATIBLE_CONTENT,,,,"Sexual Exploitation and Gender-Based Violence","We are committed to providing a space that embraces gender equity, supports healthy relationships, and respects intimate privacy. We do not allow sexual exploitation or gender-based violence, including non-consensual sexual acts, image-based sexual abuse, sextortion, physical abuse, and sexual harassment.We proactively enforce our Community Guidelines through a mix of technology and human moderation. We have detected this policy violation using automated measures. We have used automated measures in making this decision.",,STATEMENT_CATEGORY_VIOLENCE,,,,"[""CONTENT_TYPE_TEXT""]",,,"2024-11-23 00:00:00","[""AT"",""BE"",""BG"",""CY"",""CZ"",""DE"",""DK"",""EE"",""ES"",""FI"",""FR"",""GR"",""HR"",""HU"",""IE"",""IT"",""LI"",""LT"",""LU"",""LV"",""MT"",""NL"",""NO"",""PL"",""PT"",""RO"",""SE"",""SI"",""SK""]","2024-11-23 00:00:00","The decision was taken pursuant to own-initiative investigations.",SOURCE_VOLUNTARY,,Yes,AUTOMATED_DECISION_FULLY,TikTok,7440309445751560992,"2024-11-23 03:21:09"
10964f8d-5973-495e-ba9b-ab8e70b3c877,"[""DECISION_VISIBILITY_CONTENT_REMOVED""]",,,,,,,,,,,DECISION_GROUND_INCOMPATIBLE_CONTENT,,,,"Sexually Suggestive Content","We welcome performances and dances where people can creatively express themselves, celebrate their culture, or seek to entertain. We are mindful that certain behaviors related to sexual arousal or suggestiveness may be offensive to some people and may put young people at risk of exploitation. We do not allow seductive performances or allusions to sexual activity by young people, or the use of sexually explicit narratives by anyone.We proactively enforce our Community Guidelines through a mix of technology and human moderation. We have detected this policy violation using automated measures. We have used automated measures in making this decision.",,STATEMENT_CATEGORY_SCOPE_OF_PLATFORM_SERVICE,,,,"[""CONTENT_TYPE_TEXT""]",,,"2024-11-23 00:00:00","[""AT"",""BE"",""BG"",""CY"",""CZ"",""DE"",""DK"",""EE"",""ES"",""FI"",""FR"",""GR"",""HR"",""HU"",""IE"",""IT"",""LI"",""LT"",""LU"",""LV"",""MT"",""NL"",""NO"",""PL"",""PT"",""RO"",""SE"",""SI"",""SK""]","2024-11-23 00:00:00","The decision was taken pursuant to own-initiative investigations.",SOURCE_VOLUNTARY,,Yes,AUTOMATED_DECISION_FULLY,TikTok,7440309445751577376,"2024-11-23 03:21:09"
c9cfa480-5ac7-4756-a2f1-8eed46b02c00,"[""DECISION_VISIBILITY_CONTENT_REMOVED""]",,,,,,,,,,,DECISION_GROUND_INCOMPATIBLE_CONTENT,,,,"Harassment and Bullying","We welcome the respectful expression of different viewpoints but not toxicity or trolling. We do not allow language or behavior that harasses, humiliates, threatens, or doxxes anyone. This also includes responding to such acts with retaliatory harassment (but excludes non-harassing counter speech).We proactively enforce our Community Guidelines through a mix of technology and human moderation. We have detected this policy violation using automated measures.",,STATEMENT_CATEGORY_ILLEGAL_OR_HARMFUL_SPEECH,,,,"[""CONTENT_TYPE_VIDEO""]",,,"2024-11-22 00:00:00","[""AT"",""BE"",""BG"",""CY"",""CZ"",""DE"",""DK"",""EE"",""ES"",""FI"",""FR"",""GR"",""HR"",""HU"",""IE"",""IT"",""LI"",""LT"",""LU"",""LV"",""MT"",""NL"",""NO"",""PL"",""PT"",""RO"",""SE"",""SI"",""SK""]","2024-11-23 00:00:00","The decision was taken pursuant to own-initiative investigations.",SOURCE_VOLUNTARY,,Yes,AUTOMATED_DECISION_NOT_AUTOMATED,TikTok,7440309447504747297,"2024-11-23 03:21:09"
27e7178d-0ae8-4c54-9119-066dac623918,"[""DECISION_VISIBILITY_CONTENT_REMOVED""]",,,,,,,,,,,DECISION_GROUND_INCOMPATIBLE_CONTENT,,,,"Harassment and Bullying","We welcome the respectful expression of different viewpoints, but not toxicity or trolling. We do not allow language or behavior that harasses, humiliates, threatens, or doxes anyone. This also includes responding to such acts with retaliatory harassment (but excludes non-harassing counterspeech).We proactively enforce our Community Guidelines through a mix of technology and human moderation. We have detected this policy violation using automated measures. We have used automated measures in making this decision.",,STATEMENT_CATEGORY_ILLEGAL_OR_HARMFUL_SPEECH,,,,"[""CONTENT_TYPE_TEXT""]",,,"2024-11-23 00:00:00","[""AT"",""BE"",""BG"",""CY"",""CZ"",""DE"",""DK"",""EE"",""ES"",""FI"",""FR"",""GR"",""HR"",""HU"",""IE"",""IT"",""LI"",""LT"",""LU"",""LV"",""MT"",""NL"",""NO"",""PL"",""PT"",""RO"",""SE"",""SI"",""SK""]","2024-11-23 00:00:00","The decision was taken pursuant to own-initiative investigations.",SOURCE_VOLUNTARY,,Yes,AUTOMATED_DECISION_FULLY,TikTok,7440309445751593760,"2024-11-23 03:21:09"
88fcca14-9032-4039-b489-6659d8ce2a58,"[""DECISION_VISIBILITY_CONTENT_REMOVED""]",,,,,,,,,,,DECISION_GROUND_INCOMPATIBLE_CONTENT,,,,"Harassment and Bullying","We welcome the respectful expression of different viewpoints, but not toxicity or trolling. We do not allow language or behavior that harasses, humiliates, threatens, or doxes anyone. This also includes responding to such acts with retaliatory harassment (but excludes non-harassing counterspeech).We proactively enforce our Community Guidelines through a mix of technology and human moderation. We have detected this policy violation using automated measures. We have used automated measures in making this decision.",,STATEMENT_CATEGORY_ILLEGAL_OR_HARMFUL_SPEECH,,,,"[""CONTENT_TYPE_TEXT""]",,,"2024-11-23 00:00:00","[""AT"",""BE"",""BG"",""CY"",""CZ"",""DE"",""DK"",""EE"",""ES"",""FI"",""FR"",""GR"",""HR"",""HU"",""IE"",""IT"",""LI"",""LT"",""LU"",""LV"",""MT"",""NL"",""NO"",""PL"",""PT"",""RO"",""SE"",""SI"",""SK""]","2024-11-23 00:00:00","The decision was taken pursuant to own-initiative investigations.",SOURCE_VOLUNTARY,,Yes,AUTOMATED_DECISION_FULLY,TikTok,7440309463094975264,"2024-11-23 03:21:09"
54eaad5c-7a42-419f-8b0d-c2ec7d3fc218,"[""DECISION_VISIBILITY_OTHER""]","Video not eligible for recommendation in the For You feed",,,,,,,,,,DECISION_GROUND_INCOMPATIBLE_CONTENT,,,,"Alcohol, Tobacco, and Drugs","While adults make personal choices about how they engage with alcohol, drugs, and tobacco, we recognize that there are risks connected to trading and using these substances. Content is ineligible for the For You feed and harder to find in search if it shows adults consuming excessive amounts of alcohol or tobacco products.We proactively enforce our Community Guidelines through a mix of technology and human moderation. We have detected this policy violation using automated measures. We have used automated measures in making this decision.",,STATEMENT_CATEGORY_SCOPE_OF_PLATFORM_SERVICE,,,,"[""CONTENT_TYPE_VIDEO""]",,,"2024-11-23 00:00:00","[""AT"",""BE"",""BG"",""CY"",""CZ"",""DE"",""DK"",""EE"",""ES"",""FI"",""FR"",""GR"",""HR"",""HU"",""IE"",""IT"",""LI"",""LT"",""LU"",""LV"",""MT"",""NL"",""NO"",""PL"",""PT"",""RO"",""SE"",""SI"",""SK""]","2024-11-23 00:00:00","The decision was taken pursuant to own-initiative investigations.",SOURCE_VOLUNTARY,,Yes,AUTOMATED_DECISION_FULLY,TikTok,7440309463094991648,"2024-11-23 03:21:09"
5dfbc63d-8102-42dd-adc5-f65d36ec8b1f,"[""DECISION_VISIBILITY_CONTENT_REMOVED""]",,,,,,,,,,,DECISION_GROUND_INCOMPATIBLE_CONTENT,,,,"Harassment and Bullying","We welcome the respectful expression of different viewpoints, but not toxicity or trolling. We do not allow language or behavior that harasses, humiliates, threatens, or doxes anyone. This also includes responding to such acts with retaliatory harassment (but excludes non-harassing counterspeech).We proactively enforce our Community Guidelines through a mix of technology and human moderation. We have detected this policy violation using automated measures. We have used automated measures in making this decision.",,STATEMENT_CATEGORY_ILLEGAL_OR_HARMFUL_SPEECH,,,,"[""CONTENT_TYPE_TEXT""]",,,"2024-11-23 00:00:00","[""AT"",""BE"",""BG"",""CY"",""CZ"",""DE"",""DK"",""EE"",""ES"",""FI"",""FR"",""GR"",""HR"",""HU"",""IE"",""IT"",""LI"",""LT"",""LU"",""LV"",""MT"",""NL"",""NO"",""PL"",""PT"",""RO"",""SE"",""SI"",""SK""]","2024-11-23 00:00:00","The decision was taken pursuant to own-initiative investigations.",SOURCE_VOLUNTARY,,Yes,AUTOMATED_DECISION_FULLY,TikTok,7440309467406670624,"2024-11-23 03:21:09"
4269559d-c5a9-4359-940d-08a3de1614ec,"[""DECISION_VISIBILITY_CONTENT_REMOVED""]",,,,,,,,,,,DECISION_GROUND_INCOMPATIBLE_CONTENT,,,,"Harassment and Bullying","We welcome the respectful expression of different viewpoints, but not toxicity or trolling. We do not allow language or behavior that harasses, humiliates, threatens, or doxes anyone. This also includes responding to such acts with retaliatory harassment (but excludes non-harassing counterspeech).We proactively enforce our Community Guidelines through a mix of technology and human moderation. We have detected this policy violation using automated measures. We have used automated measures in making this decision.",,STATEMENT_CATEGORY_ILLEGAL_OR_HARMFUL_SPEECH,,,,"[""CONTENT_TYPE_TEXT""]",,,"2024-11-23 00:00:00","[""AT"",""BE"",""BG"",""CY"",""CZ"",""DE"",""DK"",""EE"",""ES"",""FI"",""FR"",""GR"",""HR"",""HU"",""IE"",""IT"",""LI"",""LT"",""LU"",""LV"",""MT"",""NL"",""NO"",""PL"",""PT"",""RO"",""SE"",""SI"",""SK""]","2024-11-23 00:00:00","The decision was taken pursuant to own-initiative investigations.",SOURCE_VOLUNTARY,,Yes,AUTOMATED_DECISION_FULLY,TikTok,7440309463095008032,"2024-11-23 03:21:09"
7a1ee115-820c-400a-9dd0-6a07469b719e,"[""DECISION_VISIBILITY_CONTENT_REMOVED""]",,,,,,,,,,,DECISION_GROUND_INCOMPATIBLE_CONTENT,,,,"Harassment and Bullying","We welcome the respectful expression of different viewpoints, but not toxicity or trolling. We do not allow language or behavior that harasses, humiliates, threatens, or doxes anyone. This also includes responding to such acts with retaliatory harassment (but excludes non-harassing counterspeech).We proactively enforce our Community Guidelines through a mix of technology and human moderation. We have detected this policy violation using automated measures. We have used automated measures in making this decision.",,STATEMENT_CATEGORY_ILLEGAL_OR_HARMFUL_SPEECH,,,,"[""CONTENT_TYPE_TEXT""]",,,"2024-11-23 00:00:00","[""AT"",""BE"",""BG"",""CY"",""CZ"",""DE"",""DK"",""EE"",""ES"",""FI"",""FR"",""GR"",""HR"",""HU"",""IE"",""IT"",""LI"",""LT"",""LU"",""LV"",""MT"",""NL"",""NO"",""PL"",""PT"",""RO"",""SE"",""SI"",""SK""]","2024-11-23 00:00:00","The decision was taken pursuant to own-initiative investigations.",SOURCE_VOLUNTARY,,Yes,AUTOMATED_DECISION_FULLY,TikTok,7440309467406687008,"2024-11-23 03:21:09"
3680301d-5606-4796-b7ac-2333115683eb,"[""DECISION_VISIBILITY_CONTENT_REMOVED""]",,,,,,,,,,,DECISION_GROUND_INCOMPATIBLE_CONTENT,,,,"Harassment and Bullying","We welcome the respectful expression of different viewpoints, but not toxicity or trolling. We do not allow language or behavior that harasses, humiliates, threatens, or doxes anyone. This also includes responding to such acts with retaliatory harassment (but excludes non-harassing counterspeech).We proactively enforce our Community Guidelines through a mix of technology and human moderation. We have detected this policy violation using automated measures. We have used automated measures in making this decision.",,STATEMENT_CATEGORY_ILLEGAL_OR_HARMFUL_SPEECH,,,,"[""CONTENT_TYPE_TEXT""]",,,"2024-11-23 00:00:00","[""AT"",""BE"",""BG"",""CY"",""CZ"",""DE"",""DK"",""EE"",""ES"",""FI"",""FR"",""GR"",""HR"",""HU"",""IE"",""IT"",""LI"",""LT"",""LU"",""LV"",""MT"",""NL"",""NO"",""PL"",""PT"",""RO"",""SE"",""SI"",""SK""]","2024-11-23 00:00:00","The decision was taken pursuant to own-initiative investigations.",SOURCE_VOLUNTARY,,Yes,AUTOMATED_DECISION_FULLY,TikTok,7440309467406703392,"2024-11-23 03:21:09"
1b7eec3b-6458-4e5f-84f1-6d6fb0670a02,"[""DECISION_VISIBILITY_CONTENT_REMOVED""]",,,,,,,,,,,DECISION_GROUND_INCOMPATIBLE_CONTENT,,,,"Harassment and Bullying","We welcome the respectful expression of different viewpoints, but not toxicity or trolling. We do not allow language or behavior that harasses, humiliates, threatens, or doxes anyone. This also includes responding to such acts with retaliatory harassment (but excludes non-harassing counterspeech).We proactively enforce our Community Guidelines through a mix of technology and human moderation. We have detected this policy violation using automated measures. We have used automated measures in making this decision.",,STATEMENT_CATEGORY_ILLEGAL_OR_HARMFUL_SPEECH,,,,"[""CONTENT_TYPE_TEXT""]",,,"2024-11-23 00:00:00","[""AT"",""BE"",""BG"",""CY"",""CZ"",""DE"",""DK"",""EE"",""ES"",""FI"",""FR"",""GR"",""HR"",""HU"",""IE"",""IT"",""LI"",""LT"",""LU"",""LV"",""MT"",""NL"",""NO"",""PL"",""PT"",""RO"",""SE"",""SI"",""SK""]","2024-11-23 00:00:00","The decision was taken pursuant to own-initiative investigations.",SOURCE_VOLUNTARY,,Yes,AUTOMATED_DECISION_FULLY,TikTok,7440309463095024416,"2024-11-23 03:21:09"
130f702d-545b-440c-82d4-0885c7ea0785,"[""DECISION_VISIBILITY_CONTENT_REMOVED""]",,,,,,,,,,,DECISION_GROUND_INCOMPATIBLE_CONTENT,,,,"Harassment and Bullying","We welcome the respectful expression of different viewpoints, but not toxicity or trolling. We do not allow language or behavior that harasses, humiliates, threatens, or doxes anyone. This also includes responding to such acts with retaliatory harassment (but excludes non-harassing counterspeech).We proactively enforce our Community Guidelines through a mix of technology and human moderation. We have detected this policy violation using automated measures. We have used automated measures in making this decision.",,STATEMENT_CATEGORY_ILLEGAL_OR_HARMFUL_SPEECH,,,,"[""CONTENT_TYPE_TEXT""]",,,"2024-11-23 00:00:00","[""AT"",""BE"",""BG"",""CY"",""CZ"",""DE"",""DK"",""EE"",""ES"",""FI"",""FR"",""GR"",""HR"",""HU"",""IE"",""IT"",""LI"",""LT"",""LU"",""LV"",""MT"",""NL"",""NO"",""PL"",""PT"",""RO"",""SE"",""SI"",""SK""]","2024-11-23 00:00:00","The decision was taken pursuant to own-initiative investigations.",SOURCE_VOLUNTARY,,Yes,AUTOMATED_DECISION_FULLY,TikTok,7440309463095040800,"2024-11-23 03:21:09"
d1caf58f-3081-48aa-93c2-c34f5f3548ca,"[""DECISION_VISIBILITY_CONTENT_REMOVED""]",,,,,,,,,,,DECISION_GROUND_INCOMPATIBLE_CONTENT,,,,"Harassment and Bullying","We welcome the respectful expression of different viewpoints, but not toxicity or trolling. We do not allow language or behavior that harasses, humiliates, threatens, or doxes anyone. This also includes responding to such acts with retaliatory harassment (but excludes non-harassing counterspeech).We proactively enforce our Community Guidelines through a mix of technology and human moderation. We have detected this policy violation using automated measures. We have used automated measures in making this decision.",,STATEMENT_CATEGORY_ILLEGAL_OR_HARMFUL_SPEECH,,,,"[""CONTENT_TYPE_TEXT""]",,,"2024-11-23 00:00:00","[""AT"",""BE"",""BG"",""CY"",""CZ"",""DE"",""DK"",""EE"",""ES"",""FI"",""FR"",""GR"",""HR"",""HU"",""IE"",""IT"",""LI"",""LT"",""LU"",""LV"",""MT"",""NL"",""NO"",""PL"",""PT"",""RO"",""SE"",""SI"",""SK""]","2024-11-23 00:00:00","The decision was taken pursuant to own-initiative investigations.",SOURCE_VOLUNTARY,,Yes,AUTOMATED_DECISION_FULLY,TikTok,7440309463095057184,"2024-11-23 03:21:09"
83c42a24-ff08-4ba8-8c58-f99d4695658c,"[""DECISION_VISIBILITY_CONTENT_REMOVED""]",,,,,,,,,,,DECISION_GROUND_INCOMPATIBLE_CONTENT,,,,"Harassment and Bullying","We welcome the respectful expression of different viewpoints, but not toxicity or trolling. We do not allow language or behavior that harasses, humiliates, threatens, or doxes anyone. This also includes responding to such acts with retaliatory harassment (but excludes non-harassing counterspeech).We proactively enforce our Community Guidelines through a mix of technology and human moderation. We have detected this policy violation using automated measures. We have used automated measures in making this decision.",,STATEMENT_CATEGORY_ILLEGAL_OR_HARMFUL_SPEECH,,,,"[""CONTENT_TYPE_TEXT""]",,,"2024-11-23 00:00:00","[""AT"",""BE"",""BG"",""CY"",""CZ"",""DE"",""DK"",""EE"",""ES"",""FI"",""FR"",""GR"",""HR"",""HU"",""IE"",""IT"",""LI"",""LT"",""LU"",""LV"",""MT"",""NL"",""NO"",""PL"",""PT"",""RO"",""SE"",""SI"",""SK""]","2024-11-23 00:00:00","The decision was taken pursuant to own-initiative investigations.",SOURCE_VOLUNTARY,,Yes,AUTOMATED_DECISION_FULLY,TikTok,7440309463095073568,"2024-11-23 03:21:09"
1d33216c-e120-42c6-8484-4c63f685de3d,"[""DECISION_VISIBILITY_CONTENT_REMOVED""]",,,,,,,,,,,DECISION_GROUND_INCOMPATIBLE_CONTENT,,,,"Harassment and Bullying","We welcome the respectful expression of different viewpoints, but not toxicity or trolling. We do not allow language or behavior that harasses, humiliates, threatens, or doxes anyone. This also includes responding to such acts with retaliatory harassment (but excludes non-harassing counterspeech).We proactively enforce our Community Guidelines through a mix of technology and human moderation. We have detected this policy violation using automated measures. We have used automated measures in making this decision.",,STATEMENT_CATEGORY_ILLEGAL_OR_HARMFUL_SPEECH,,,,"[""CONTENT_TYPE_TEXT""]",,,"2024-11-23 00:00:00","[""AT"",""BE"",""BG"",""CY"",""CZ"",""DE"",""DK"",""EE"",""ES"",""FI"",""FR"",""GR"",""HR"",""HU"",""IE"",""IT"",""LI"",""LT"",""LU"",""LV"",""MT"",""NL"",""NO"",""PL"",""PT"",""RO"",""SE"",""SI"",""SK""]","2024-11-23 00:00:00","The decision was taken pursuant to own-initiative investigations.",SOURCE_VOLUNTARY,,Yes,AUTOMATED_DECISION_FULLY,TikTok,7440309467406719776,"2024-11-23 03:21:09"
c6af5393-b6ac-41dd-9e2d-a10dc39efc7b,"[""DECISION_VISIBILITY_CONTENT_REMOVED""]",,,,,,,,,,,DECISION_GROUND_INCOMPATIBLE_CONTENT,,,,"Harassment and Bullying","We welcome the respectful expression of different viewpoints, but not toxicity or trolling. We do not allow language or behavior that harasses, humiliates, threatens, or doxes anyone. This also includes responding to such acts with retaliatory harassment (but excludes non-harassing counterspeech).We proactively enforce our Community Guidelines through a mix of technology and human moderation. We have detected this policy violation using automated measures. We have used automated measures in making this decision.",,STATEMENT_CATEGORY_ILLEGAL_OR_HARMFUL_SPEECH,,,,"[""CONTENT_TYPE_TEXT""]",,,"2024-11-23 00:00:00","[""AT"",""BE"",""BG"",""CY"",""CZ"",""DE"",""DK"",""EE"",""ES"",""FI"",""FR"",""GR"",""HR"",""HU"",""IE"",""IT"",""LI"",""LT"",""LU"",""LV"",""MT"",""NL"",""NO"",""PL"",""PT"",""RO"",""SE"",""SI"",""SK""]","2024-11-23 00:00:00","The decision was taken pursuant to own-initiative investigations.",SOURCE_VOLUNTARY,,Yes,AUTOMATED_DECISION_FULLY,TikTok,7440309467406736160,"2024-11-23 03:21:09"
6ed256f9-5af3-4cf3-96ba-5022e465268b,"[""DECISION_VISIBILITY_CONTENT_REMOVED""]",,,,,,,,,,,DECISION_GROUND_INCOMPATIBLE_CONTENT,,,,"Harassment and Bullying","We welcome the respectful expression of different viewpoints, but not toxicity or trolling. We do not allow language or behavior that harasses, humiliates, threatens, or doxes anyone. This also includes responding to such acts with retaliatory harassment (but excludes non-harassing counterspeech).We proactively enforce our Community Guidelines through a mix of technology and human moderation. We have detected this policy violation using automated measures. We have used automated measures in making this decision.",,STATEMENT_CATEGORY_ILLEGAL_OR_HARMFUL_SPEECH,,,,"[""CONTENT_TYPE_TEXT""]",,,"2024-11-23 00:00:00","[""AT"",""BE"",""BG"",""CY"",""CZ"",""DE"",""DK"",""EE"",""ES"",""FI"",""FR"",""GR"",""HR"",""HU"",""IE"",""IT"",""LI"",""LT"",""LU"",""LV"",""MT"",""NL"",""NO"",""PL"",""PT"",""RO"",""SE"",""SI"",""SK""]","2024-11-23 00:00:00","The decision was taken pursuant to own-initiative investigations.",SOURCE_VOLUNTARY,,Yes,AUTOMATED_DECISION_FULLY,TikTok,7440309474520210208,"2024-11-23 03:21:09"
246d8a1d-dd33-4c9e-8907-9abd883e3028,"[""DECISION_VISIBILITY_CONTENT_REMOVED""]",,,,,,,,,,,DECISION_GROUND_INCOMPATIBLE_CONTENT,,,,"Harassment and Bullying","We welcome the respectful expression of different viewpoints, but not toxicity or trolling. We do not allow language or behavior that harasses, humiliates, threatens, or doxes anyone. This also includes responding to such acts with retaliatory harassment (but excludes non-harassing counterspeech).We proactively enforce our Community Guidelines through a mix of technology and human moderation. We have detected this policy violation using automated measures. We have used automated measures in making this decision.",,STATEMENT_CATEGORY_ILLEGAL_OR_HARMFUL_SPEECH,,,,"[""CONTENT_TYPE_TEXT""]",,,"2024-11-23 00:00:00","[""AT"",""BE"",""BG"",""CY"",""CZ"",""DE"",""DK"",""EE"",""ES"",""FI"",""FR"",""GR"",""HR"",""HU"",""IE"",""IT"",""LI"",""LT"",""LU"",""LV"",""MT"",""NL"",""NO"",""PL"",""PT"",""RO"",""SE"",""SI"",""SK""]","2024-11-23 00:00:00","The decision was taken pursuant to own-initiative investigations.",SOURCE_VOLUNTARY,,Yes,AUTOMATED_DECISION_FULLY,TikTok,7440309467406752544,"2024-11-23 03:21:09"
b7b764e0-dd8b-4aa6-9a42-1ac1b642d886,"[""DECISION_VISIBILITY_OTHER""]","Video not eligible for recommendation in the For You feed",,,,,,,,,,DECISION_GROUND_INCOMPATIBLE_CONTENT,,,,"Community Guidelines","We maintain content eligibility standards for the For You feed (FYF) that prioritize safety and are informed by the diversity of our community and cultural norms. We make ineligible for the FYF certain content that may not be appropriate for a broad audience related to: (1) Behavioral Health, (2) Sensitive and Mature Themes, (3) Integrity and Authenticity, and (4) Regulated Goods. Content that is ineligible for the FYF can still be discovered in other ways, such as through search tools or by following an account.Users and 3rd-parties can report policy violations to us. We have detected this policy violation based on a report that the content violated our Community Guidelines. We have used automated measures to make the decision.",,STATEMENT_CATEGORY_SCOPE_OF_PLATFORM_SERVICE,,,,"[""CONTENT_TYPE_VIDEO""]",,,"2020-05-12 00:00:00","[""AT"",""BE"",""BG"",""CY"",""CZ"",""DE"",""DK"",""EE"",""ES"",""FI"",""FR"",""GR"",""HR"",""HU"",""IE"",""IT"",""LI"",""LT"",""LU"",""LV"",""MT"",""NL"",""NO"",""PL"",""PT"",""RO"",""SE"",""SI"",""SK""]","2024-11-23 00:00:00","The decision was taken in response to a report alleging a violation of our Community Guidelines.",SOURCE_VOLUNTARY,,No,AUTOMATED_DECISION_FULLY,TikTok,7440309474520226592,"2024-11-23 03:21:09"
dce1e55c-8be6-4d99-ab1b-6065371af2fe,"[""DECISION_VISIBILITY_CONTENT_REMOVED""]",,,,,,,,,,,DECISION_GROUND_INCOMPATIBLE_CONTENT,,,,"Harassment and Bullying","We welcome the respectful expression of different viewpoints, but not toxicity or trolling. We do not allow language or behavior that harasses, humiliates, threatens, or doxes anyone. This also includes responding to such acts with retaliatory harassment (but excludes non-harassing counterspeech).We proactively enforce our Community Guidelines through a mix of technology and human moderation. We have detected this policy violation using automated measures. We have used automated measures in making this decision.",,STATEMENT_CATEGORY_ILLEGAL_OR_HARMFUL_SPEECH,,,,"[""CONTENT_TYPE_TEXT""]",,,"2024-11-23 00:00:00","[""AT"",""BE"",""BG"",""CY"",""CZ"",""DE"",""DK"",""EE"",""ES"",""FI"",""FR"",""GR"",""HR"",""HU"",""IE"",""IT"",""LI"",""LT"",""LU"",""LV"",""MT"",""NL"",""NO"",""PL"",""PT"",""RO"",""SE"",""SI"",""SK""]","2024-11-23 00:00:00","The decision was taken pursuant to own-initiative investigations.",SOURCE_VOLUNTARY,,Yes,AUTOMATED_DECISION_FULLY,TikTok,7440309467406768928,"2024-11-23 03:21:09"
d0f3e18b-bab4-4dd9-9e15-10516dda5c29,"[""DECISION_VISIBILITY_OTHER""]","Video not eligible for recommendation in the For You feed",,,,,,,,,,DECISION_GROUND_INCOMPATIBLE_CONTENT,,,,"Community Guidelines","Your content is against our Community Guidelines. The guidelines include rules and standards for using TikTok that apply to everyone and everything on our platform.We proactively enforce our Community Guidelines through a mix of technology and human moderation. We have detected this policy violation using automated measures. We have used automated measures in making this decision.",,STATEMENT_CATEGORY_SCOPE_OF_PLATFORM_SERVICE,,,,"[""CONTENT_TYPE_OTHER""]","Video Sticker",,"2024-11-23 00:00:00","[""AT"",""BE"",""BG"",""CY"",""CZ"",""DE"",""DK"",""EE"",""ES"",""FI"",""FR"",""GR"",""HR"",""HU"",""IE"",""IT"",""LI"",""LT"",""LU"",""LV"",""MT"",""NL"",""NO"",""PL"",""PT"",""RO"",""SE"",""SI"",""SK""]","2024-11-23 00:00:00","The decision was taken pursuant to own-initiative investigations.",SOURCE_VOLUNTARY,,Yes,AUTOMATED_DECISION_FULLY,TikTok,7440309467406785312,"2024-11-23 03:21:09"
1269e7c2-270e-499d-b9ce-eabc4700cb43,"[""DECISION_VISIBILITY_CONTENT_REMOVED""]",,,,,,,,,,,DECISION_GROUND_INCOMPATIBLE_CONTENT,,,,"Harassment and Bullying","We welcome the respectful expression of different viewpoints, but not toxicity or trolling. We do not allow language or behavior that harasses, humiliates, threatens, or doxes anyone. This also includes responding to such acts with retaliatory harassment (but excludes non-harassing counterspeech).We proactively enforce our Community Guidelines through a mix of technology and human moderation. We have detected this policy violation using automated measures. We have used automated measures in making this decision.",,STATEMENT_CATEGORY_ILLEGAL_OR_HARMFUL_SPEECH,,,,"[""CONTENT_TYPE_TEXT""]",,,"2024-11-23 00:00:00","[""AT"",""BE"",""BG"",""CY"",""CZ"",""DE"",""DK"",""EE"",""ES"",""FI"",""FR"",""GR"",""HR"",""HU"",""IE"",""IT"",""LI"",""LT"",""LU"",""LV"",""MT"",""NL"",""NO"",""PL"",""PT"",""RO"",""SE"",""SI"",""SK""]","2024-11-23 00:00:00","The decision was taken pursuant to own-initiative investigations.",SOURCE_VOLUNTARY,,Yes,AUTOMATED_DECISION_FULLY,TikTok,7440309474520242976,"2024-11-23 03:21:09"
7f6b9ce0-166b-4e15-a369-1a91729ec5b5,"[""DECISION_VISIBILITY_CONTENT_REMOVED""]",,,,,,,,,,,DECISION_GROUND_INCOMPATIBLE_CONTENT,,,,"Hate Speech and Hateful Behaviors","TikTok is enriched by the various backgrounds of our community members. Our differences should be respected, rather than a cause for division. We do not allow any hateful behavior, hate speech, or promotion of hateful ideologies. This includes content that attacks a person or group because of protected attributes.We proactively enforce our Community Guidelines through a mix of technology and human moderation. We have detected this policy violation using automated measures. We have used automated measures in making this decision.",,STATEMENT_CATEGORY_ILLEGAL_OR_HARMFUL_SPEECH,,,,"[""CONTENT_TYPE_TEXT""]",,,"2024-11-23 00:00:00","[""AT"",""BE"",""BG"",""CY"",""CZ"",""DE"",""DK"",""EE"",""ES"",""FI"",""FR"",""GR"",""HR"",""HU"",""IE"",""IT"",""LI"",""LT"",""LU"",""LV"",""MT"",""NL"",""NO"",""PL"",""PT"",""RO"",""SE"",""SI"",""SK""]","2024-11-23 00:00:00","The decision was taken pursuant to own-initiative investigations.",SOURCE_VOLUNTARY,,Yes,AUTOMATED_DECISION_FULLY,TikTok,7440309474520259360,"2024-11-23 03:21:09"
82517c70-786c-4cc8-a3d9-6d93c67c4eba,"[""DECISION_VISIBILITY_CONTENT_REMOVED""]",,,,,,,,,,,DECISION_GROUND_INCOMPATIBLE_CONTENT,,,,"Community Guidelines","Your content is against our Community Guidelines. The guidelines include rules and standards for using TikTok that apply to everyone and everything on our platform.We proactively enforce our Community Guidelines through a mix of technology and human moderation. We have detected this policy violation using automated measures. We have used automated measures in making this decision.",,STATEMENT_CATEGORY_SCOPE_OF_PLATFORM_SERVICE,,,,"[""CONTENT_TYPE_VIDEO""]",,,"2024-11-23 00:00:00","[""AT"",""BE"",""BG"",""CY"",""CZ"",""DE"",""DK"",""EE"",""ES"",""FI"",""FR"",""GR"",""HR"",""HU"",""IE"",""IT"",""LI"",""LT"",""LU"",""LV"",""MT"",""NL"",""NO"",""PL"",""PT"",""RO"",""SE"",""SI"",""SK""]","2024-11-23 00:00:00","The decision was taken pursuant to own-initiative investigations.",SOURCE_VOLUNTARY,,Yes,AUTOMATED_DECISION_FULLY,TikTok,7440309467406801696,"2024-11-23 03:21:09"
0a275730-5b15-493f-b3d3-b90ad1087bb0,"[""DECISION_VISIBILITY_CONTENT_REMOVED""]",,,,,,,,,,,DECISION_GROUND_INCOMPATIBLE_CONTENT,,,,"Harassment and Bullying","We welcome the respectful expression of different viewpoints, but not toxicity or trolling. We do not allow language or behavior that harasses, humiliates, threatens, or doxes anyone. This also includes responding to such acts with retaliatory harassment (but excludes non-harassing counterspeech).We proactively enforce our Community Guidelines through a mix of technology and human moderation. We have detected this policy violation using automated measures. We have used automated measures in making this decision.",,STATEMENT_CATEGORY_ILLEGAL_OR_HARMFUL_SPEECH,,,,"[""CONTENT_TYPE_TEXT""]",,,"2024-11-23 00:00:00","[""AT"",""BE"",""BG"",""CY"",""CZ"",""DE"",""DK"",""EE"",""ES"",""FI"",""FR"",""GR"",""HR"",""HU"",""IE"",""IT"",""LI"",""LT"",""LU"",""LV"",""MT"",""NL"",""NO"",""PL"",""PT"",""RO"",""SE"",""SI"",""SK""]","2024-11-23 00:00:00","The decision was taken pursuant to own-initiative investigations.",SOURCE_VOLUNTARY,,Yes,AUTOMATED_DECISION_FULLY,TikTok,7440309474520275744,"2024-11-23 03:21:09"
53e20f20-ef41-471b-a973-99d53665fa9a,"[""DECISION_VISIBILITY_CONTENT_REMOVED""]",,,,,,,,,,,DECISION_GROUND_INCOMPATIBLE_CONTENT,,,,"Harassment and Bullying","We welcome the respectful expression of different viewpoints, but not toxicity or trolling. We do not allow language or behavior that harasses, humiliates, threatens, or doxes anyone. This also includes responding to such acts with retaliatory harassment (but excludes non-harassing counterspeech).We proactively enforce our Community Guidelines through a mix of technology and human moderation. We have detected this policy violation using automated measures. We have used automated measures in making this decision.",,STATEMENT_CATEGORY_ILLEGAL_OR_HARMFUL_SPEECH,,,,"[""CONTENT_TYPE_TEXT""]",,,"2024-11-23 00:00:00","[""AT"",""BE"",""BG"",""CY"",""CZ"",""DE"",""DK"",""EE"",""ES"",""FI"",""FR"",""GR"",""HR"",""HU"",""IE"",""IT"",""LI"",""LT"",""LU"",""LV"",""MT"",""NL"",""NO"",""PL"",""PT"",""RO"",""SE"",""SI"",""SK""]","2024-11-23 00:00:00","The decision was taken pursuant to own-initiative investigations.",SOURCE_VOLUNTARY,,Yes,AUTOMATED_DECISION_FULLY,TikTok,7440309467406818080,"2024-11-23 03:21:09"
9a336b3c-0927-49e0-a139-22d6eede0a6b,"[""DECISION_VISIBILITY_CONTENT_REMOVED""]",,,,,,,,,,,DECISION_GROUND_INCOMPATIBLE_CONTENT,,,,"Community Guidelines","Your content is against our Community Guidelines. The guidelines include rules and standards for using TikTok that apply to everyone and everything on our platform.Users and 3rd-parties can report policy violations to us. We have detected this policy violation based on a report that the content violated our Community Guidelines.",,STATEMENT_CATEGORY_SCOPE_OF_PLATFORM_SERVICE,,,,"[""CONTENT_TYPE_TEXT""]",,,"2024-11-22 00:00:00","[""AT"",""BE"",""BG"",""CY"",""CZ"",""DE"",""DK"",""EE"",""ES"",""FI"",""FR"",""GR"",""HR"",""HU"",""IE"",""IT"",""LI"",""LT"",""LU"",""LV"",""MT"",""NL"",""NO"",""PL"",""PT"",""RO"",""SE"",""SI"",""SK""]","2024-11-23 00:00:00","The decision was taken in response to a report alleging a violation of our Community Guidelines.",SOURCE_VOLUNTARY,,No,AUTOMATED_DECISION_NOT_AUTOMATED,TikTok,7440309474520292128,"2024-11-23 03:21:09"
a4dcad4e-37b4-43b0-b716-5ac97e07081f,"[""DECISION_VISIBILITY_CONTENT_REMOVED""]",,,,,,,,,,,DECISION_GROUND_INCOMPATIBLE_CONTENT,,,,"Frauds and Scams","We want people to be able to use our platform to learn about ways to be financially responsible and consider economic transactions or investment opportunities, without worrying about scams or financial exploitation. We do not allow attempts to defraud or scam members of our community.We proactively enforce our Community Guidelines through a mix of technology and human moderation. We have detected this policy violation using automated measures.",,STATEMENT_CATEGORY_SCAMS_AND_FRAUD,,,,"[""CONTENT_TYPE_VIDEO""]",,,"2024-11-16 00:00:00","[""AT"",""BE"",""BG"",""CY"",""CZ"",""DE"",""DK"",""EE"",""ES"",""FI"",""FR"",""GR"",""HR"",""HU"",""IE"",""IT"",""LI"",""LT"",""LU"",""LV"",""MT"",""NL"",""NO"",""PL"",""PT"",""RO"",""SE"",""SI"",""SK""]","2024-11-23 00:00:00","The decision was taken pursuant to own-initiative investigations.",SOURCE_VOLUNTARY,,Yes,AUTOMATED_DECISION_NOT_AUTOMATED,TikTok,7440309474520308512,"2024-11-23 03:21:09"
578f2cb0-3be4-4703-ae77-1f48c3600230,"[""DECISION_VISIBILITY_CONTENT_REMOVED""]",,,,,,,,,,,DECISION_GROUND_INCOMPATIBLE_CONTENT,,,,"Alcohol, Tobacco, and Drugs","While adults make personal choices about how they engage with alcohol, drugs, and tobacco, we recognize that there are risks connected to trading and using these substances. We do not allow showing or promoting recreational drug use, or the trade of alcohol, tobacco products, and drugs.We proactively enforce our Community Guidelines through a mix of technology and human moderation. We have detected this policy violation using automated measures.",,STATEMENT_CATEGORY_SCOPE_OF_PLATFORM_SERVICE,,,,"[""CONTENT_TYPE_VIDEO""]",,,"2024-10-22 00:00:00","[""AT"",""BE"",""BG"",""CY"",""CZ"",""DE"",""DK"",""EE"",""ES"",""FI"",""FR"",""GR"",""HR"",""HU"",""IE"",""IT"",""LI"",""LT"",""LU"",""LV"",""MT"",""NL"",""NO"",""PL"",""PT"",""RO"",""SE"",""SI"",""SK""]","2024-11-23 00:00:00","The decision was taken pursuant to own-initiative investigations.",SOURCE_VOLUNTARY,,Yes,AUTOMATED_DECISION_NOT_AUTOMATED,TikTok,7440309476747385633,"2024-11-23 03:21:09"
497ac827-99cb-4003-84e2-c701c0c5d736,"[""DECISION_VISIBILITY_CONTENT_REMOVED""]",,,,,,,,,,,DECISION_GROUND_INCOMPATIBLE_CONTENT,,,,"Harassment and Bullying","We welcome the respectful expression of different viewpoints, but not toxicity or trolling. We do not allow language or behavior that harasses, humiliates, threatens, or doxes anyone. This also includes responding to such acts with retaliatory harassment (but excludes non-harassing counterspeech).We proactively enforce our Community Guidelines through a mix of technology and human moderation. We have detected this policy violation using automated measures. We have used automated measures in making this decision.",,STATEMENT_CATEGORY_ILLEGAL_OR_HARMFUL_SPEECH,,,,"[""CONTENT_TYPE_TEXT""]",,,"2024-11-23 00:00:00","[""AT"",""BE"",""BG"",""CY"",""CZ"",""DE"",""DK"",""EE"",""ES"",""FI"",""FR"",""GR"",""HR"",""HU"",""IE"",""IT"",""LI"",""LT"",""LU"",""LV"",""MT"",""NL"",""NO"",""PL"",""PT"",""RO"",""SE"",""SI"",""SK""]","2024-11-23 00:00:00","The decision was taken pursuant to own-initiative investigations.",SOURCE_VOLUNTARY,,Yes,AUTOMATED_DECISION_FULLY,TikTok,7440309476747402017,"2024-11-23 03:21:09"
2e455476-01a9-47f0-bd39-0339a490901e,"[""DECISION_VISIBILITY_CONTENT_REMOVED""]",,,,,,,,,,,DECISION_GROUND_INCOMPATIBLE_CONTENT,,,,"Harassment and Bullying","We welcome the respectful expression of different viewpoints, but not toxicity or trolling. We do not allow language or behavior that harasses, humiliates, threatens, or doxes anyone. This also includes responding to such acts with retaliatory harassment (but excludes non-harassing counterspeech).We proactively enforce our Community Guidelines through a mix of technology and human moderation. We have detected this policy violation using automated measures. We have used automated measures in making this decision.",,STATEMENT_CATEGORY_ILLEGAL_OR_HARMFUL_SPEECH,,,,"[""CONTENT_TYPE_TEXT""]",,,"2024-11-23 00:00:00","[""AT"",""BE"",""BG"",""CY"",""CZ"",""DE"",""DK"",""EE"",""ES"",""FI"",""FR"",""GR"",""HR"",""HU"",""IE"",""IT"",""LI"",""LT"",""LU"",""LV"",""MT"",""NL"",""NO"",""PL"",""PT"",""RO"",""SE"",""SI"",""SK""]","2024-11-23 00:00:00","The decision was taken pursuant to own-initiative investigations.",SOURCE_VOLUNTARY,,Yes,AUTOMATED_DECISION_FULLY,TikTok,7440309476747418401,"2024-11-23 03:21:09"
ea9b5db3-18f3-42c3-b2b1-62046f460a89,"[""DECISION_VISIBILITY_CONTENT_REMOVED""]",,,,,,,,,,,DECISION_GROUND_INCOMPATIBLE_CONTENT,,,,"Harassment and Bullying","We welcome the respectful expression of different viewpoints, but not toxicity or trolling. We do not allow language or behavior that harasses, humiliates, threatens, or doxes anyone. This also includes responding to such acts with retaliatory harassment (but excludes non-harassing counterspeech).We proactively enforce our Community Guidelines through a mix of technology and human moderation. We have detected this policy violation using automated measures. We have used automated measures in making this decision.",,STATEMENT_CATEGORY_ILLEGAL_OR_HARMFUL_SPEECH,,,,"[""CONTENT_TYPE_TEXT""]",,,"2024-11-23 00:00:00","[""AT"",""BE"",""BG"",""CY"",""CZ"",""DE"",""DK"",""EE"",""ES"",""FI"",""FR"",""GR"",""HR"",""HU"",""IE"",""IT"",""LI"",""LT"",""LU"",""LV"",""MT"",""NL"",""NO"",""PL"",""PT"",""RO"",""SE"",""SI"",""SK""]","2024-11-23 00:00:00","The decision was taken pursuant to own-initiative investigations.",SOURCE_VOLUNTARY,,Yes,AUTOMATED_DECISION_FULLY,TikTok,7440309474520324896,"2024-11-23 03:21:09"
532d56f2-738f-40ac-965c-596f2ccae35d,"[""DECISION_VISIBILITY_OTHER""]","Video not eligible for recommendation in the For You feed",,,,,,,,,,DECISION_GROUND_INCOMPATIBLE_CONTENT,,,,"Community Guidelines","Your content is against our Community Guidelines. The guidelines include rules and standards for using TikTok that apply to everyone and everything on our platform.",,STATEMENT_CATEGORY_SCOPE_OF_PLATFORM_SERVICE,,,,"[""CONTENT_TYPE_VIDEO""]",,,"2024-11-23 00:00:00","[""AT"",""BE"",""BG"",""CY"",""CZ"",""DE"",""DK"",""EE"",""ES"",""FI"",""FR"",""GR"",""HR"",""HU"",""IE"",""IT"",""LI"",""LT"",""LU"",""LV"",""MT"",""NL"",""NO"",""PL"",""PT"",""RO"",""SE"",""SI"",""SK""]","2024-11-23 00:00:00","The decision was taken pursuant to own-initiative investigations.",SOURCE_VOLUNTARY,,Yes,AUTOMATED_DECISION_FULLY,TikTok,7440309474520341280,"2024-11-23 03:21:09"
b47e7501-0318-4a54-aa1f-7b8ddd4a171f,,,,,,,,,DECISION_ACCOUNT_TERMINATED,,,DECISION_GROUND_INCOMPATIBLE_CONTENT,,,,"Community Guidelines Violations","Your account was permanently banned because of multiple policy violations.",,STATEMENT_CATEGORY_SCOPE_OF_PLATFORM_SERVICE,,,,"[""CONTENT_TYPE_OTHER""]","Account Ban",,"2024-11-16 00:00:00","[""AT"",""BE"",""BG"",""CY"",""CZ"",""DE"",""DK"",""EE"",""ES"",""FI"",""FR"",""GR"",""HR"",""HU"",""IE"",""IT"",""LI"",""LT"",""LU"",""LV"",""MT"",""NL"",""NO"",""PL"",""PT"",""RO"",""SE"",""SI"",""SK""]","2024-11-23 00:00:00","The decision was taken pursuant to own-initiative investigations",SOURCE_VOLUNTARY,,No,AUTOMATED_DECISION_NOT_AUTOMATED,TikTok,7440309476747434785,"2024-11-23 03:21:09"
56a1bb50-fbf8-4ae1-b694-53df9c9ea106,"[""DECISION_VISIBILITY_CONTENT_REMOVED""]",,,,,,,,,,,DECISION_GROUND_INCOMPATIBLE_CONTENT,,,,"Frauds and Scams","We want people to be able to use our platform to learn about ways to be financially responsible and consider economic transactions or investment opportunities, without worrying about scams or financial exploitation. We do not allow attempts to defraud or scam members of our community.We proactively enforce our Community Guidelines through a mix of technology and human moderation. We have detected this policy violation using automated measures.",,STATEMENT_CATEGORY_SCAMS_AND_FRAUD,,,,"[""CONTENT_TYPE_VIDEO""]",,,"2024-11-16 00:00:00","[""AT"",""BE"",""BG"",""CY"",""CZ"",""DE"",""DK"",""EE"",""ES"",""FI"",""FR"",""GR"",""HR"",""HU"",""IE"",""IT"",""LI"",""LT"",""LU"",""LV"",""MT"",""NL"",""NO"",""PL"",""PT"",""RO"",""SE"",""SI"",""SK""]","2024-11-23 00:00:00","The decision was taken pursuant to own-initiative investigations.",SOURCE_VOLUNTARY,,Yes,AUTOMATED_DECISION_NOT_AUTOMATED,TikTok,7440309474520357664,"2024-11-23 03:21:09"
8e1473fd-3ffa-44fc-a517-14a30bff8028,"[""DECISION_VISIBILITY_CONTENT_REMOVED""]",,,,,,,,,,,DECISION_GROUND_INCOMPATIBLE_CONTENT,,,,"Hate Speech and Hateful Behaviors","TikTok is enriched by the various backgrounds of our community members. Our differences should be respected, rather than a cause for division. We do not allow any hateful behavior, hate speech, or promotion of hateful ideologies. This includes content that attacks a person or group because of protected attributes.We proactively enforce our Community Guidelines through a mix of technology and human moderation. We have detected this policy violation using automated measures. We have used automated measures in making this decision.",,STATEMENT_CATEGORY_ILLEGAL_OR_HARMFUL_SPEECH,,,,"[""CONTENT_TYPE_TEXT""]",,,"2024-11-23 00:00:00","[""AT"",""BE"",""BG"",""CY"",""CZ"",""DE"",""DK"",""EE"",""ES"",""FI"",""FR"",""GR"",""HR"",""HU"",""IE"",""IT"",""LI"",""LT"",""LU"",""LV"",""MT"",""NL"",""NO"",""PL"",""PT"",""RO"",""SE"",""SI"",""SK""]","2024-11-23 00:00:00","The decision was taken pursuant to own-initiative investigations.",SOURCE_VOLUNTARY,,Yes,AUTOMATED_DECISION_FULLY,TikTok,7440309487447055137,"2024-11-23 03:21:09"
9bdac82d-6d5e-46e3-9661-2ba4d93d44c5,"[""DECISION_VISIBILITY_CONTENT_REMOVED""]",,,,,,,,,,,DECISION_GROUND_INCOMPATIBLE_CONTENT,,,,"Harassment and Bullying","We welcome the respectful expression of different viewpoints, but not toxicity or trolling. We do not allow language or behavior that harasses, humiliates, threatens, or doxes anyone. This also includes responding to such acts with retaliatory harassment (but excludes non-harassing counterspeech).We proactively enforce our Community Guidelines through a mix of technology and human moderation. We have detected this policy violation using automated measures. We have used automated measures in making this decision.",,STATEMENT_CATEGORY_ILLEGAL_OR_HARMFUL_SPEECH,,,,"[""CONTENT_TYPE_TEXT""]",,,"2024-11-23 00:00:00","[""AT"",""BE"",""BG"",""CY"",""CZ"",""DE"",""DK"",""EE"",""ES"",""FI"",""FR"",""GR"",""HR"",""HU"",""IE"",""IT"",""LI"",""LT"",""LU"",""LV"",""MT"",""NL"",""NO"",""PL"",""PT"",""RO"",""SE"",""SI"",""SK""]","2024-11-23 00:00:00","The decision was taken pursuant to own-initiative investigations.",SOURCE_VOLUNTARY,,Yes,AUTOMATED_DECISION_FULLY,TikTok,7440309476747451169,"2024-11-23 03:21:09"
f0f5a4d0-a39d-4f0a-b62a-5b3f7e0e3105,"[""DECISION_VISIBILITY_CONTENT_REMOVED""]",,,,,,,,,,,DECISION_GROUND_INCOMPATIBLE_CONTENT,,,,"Community Guidelines","Your content is against our Community Guidelines. The guidelines include rules and standards for using TikTok that apply to everyone and everything on our platform.We proactively enforce our Community Guidelines through a mix of technology and human moderation. We have detected this policy violation using automated measures. We have used automated measures in making this decision.",,STATEMENT_CATEGORY_SCOPE_OF_PLATFORM_SERVICE,,,,"[""CONTENT_TYPE_VIDEO""]",,,"2024-11-23 00:00:00","[""AT"",""BE"",""BG"",""CY"",""CZ"",""DE"",""DK"",""EE"",""ES"",""FI"",""FR"",""GR"",""HR"",""HU"",""IE"",""IT"",""LI"",""LT"",""LU"",""LV"",""MT"",""NL"",""NO"",""PL"",""PT"",""RO"",""SE"",""SI"",""SK""]","2024-11-23 00:00:00","The decision was taken pursuant to own-initiative investigations.",SOURCE_VOLUNTARY,,Yes,AUTOMATED_DECISION_FULLY,TikTok,7440309487447071521,"2024-11-23 03:21:09"
2b2aea24-0a96-4200-b232-fd6bf6b18495,"[""DECISION_VISIBILITY_CONTENT_REMOVED""]",,,,,,,,,,,DECISION_GROUND_INCOMPATIBLE_CONTENT,,,,"Harassment and Bullying","We welcome the respectful expression of different viewpoints, but not toxicity or trolling. We do not allow language or behavior that harasses, humiliates, threatens, or doxes anyone. This also includes responding to such acts with retaliatory harassment (but excludes non-harassing counterspeech).We proactively enforce our Community Guidelines through a mix of technology and human moderation. We have detected this policy violation using automated measures. We have used automated measures in making this decision.",,STATEMENT_CATEGORY_ILLEGAL_OR_HARMFUL_SPEECH,,,,"[""CONTENT_TYPE_TEXT""]",,,"2024-11-23 00:00:00","[""AT"",""BE"",""BG"",""CY"",""CZ"",""DE"",""DK"",""EE"",""ES"",""FI"",""FR"",""GR"",""HR"",""HU"",""IE"",""IT"",""LI"",""LT"",""LU"",""LV"",""MT"",""NL"",""NO"",""PL"",""PT"",""RO"",""SE"",""SI"",""SK""]","2024-11-23 00:00:00","The decision was taken pursuant to own-initiative investigations.",SOURCE_VOLUNTARY,,Yes,AUTOMATED_DECISION_FULLY,TikTok,7440309476747467553,"2024-11-23 03:21:09"
5464316b-a681-47af-8b91-add93398f422,"[""DECISION_VISIBILITY_CONTENT_REMOVED""]",,,,,,,,,,,DECISION_GROUND_INCOMPATIBLE_CONTENT,,,,"Violent Behaviors and Criminal Activities","We recognize that online content related to violence can cause real-world harm. We do not allow any violent threats, incitement to violence, or promotion of criminal activities that may harm people, animals, or property. If there is a specific, credible, and imminent threat to human life or serious physical injury, we will report it to relevant law enforcement authorities.We proactively enforce our Community Guidelines through a mix of technology and human moderation. We have detected this policy violation using automated measures. We have used automated measures in making this decision.",,STATEMENT_CATEGORY_VIOLENCE,,,,"[""CONTENT_TYPE_TEXT""]",,,"2024-11-23 00:00:00","[""AT"",""BE"",""BG"",""CY"",""CZ"",""DE"",""DK"",""EE"",""ES"",""FI"",""FR"",""GR"",""HR"",""HU"",""IE"",""IT"",""LI"",""LT"",""LU"",""LV"",""MT"",""NL"",""NO"",""PL"",""PT"",""RO"",""SE"",""SI"",""SK""]","2024-11-23 00:00:00","The decision was taken pursuant to own-initiative investigations.",SOURCE_VOLUNTARY,,Yes,AUTOMATED_DECISION_FULLY,TikTok,7440309476747483937,"2024-11-23 03:21:09"
ff2e72c7-70a3-4573-8a78-183615925024,"[""DECISION_VISIBILITY_CONTENT_REMOVED""]",,,,,,,,,,,DECISION_GROUND_INCOMPATIBLE_CONTENT,,,,"Sexual Exploitation and Gender-Based Violence","We are committed to providing a space that embraces gender equity, supports healthy relationships, and respects intimate privacy. We do not allow sexual exploitation or gender-based violence, including non-consensual sexual acts, image-based sexual abuse, sextortion, physical abuse, and sexual harassment.We proactively enforce our Community Guidelines through a mix of technology and human moderation. We have detected this policy violation using automated measures. We have used automated measures in making this decision.",,STATEMENT_CATEGORY_VIOLENCE,,,,"[""CONTENT_TYPE_TEXT""]",,,"2024-11-23 00:00:00","[""AT"",""BE"",""BG"",""CY"",""CZ"",""DE"",""DK"",""EE"",""ES"",""FI"",""FR"",""GR"",""HR"",""HU"",""IE"",""IT"",""LI"",""LT"",""LU"",""LV"",""MT"",""NL"",""NO"",""PL"",""PT"",""RO"",""SE"",""SI"",""SK""]","2024-11-23 00:00:00","The decision was taken pursuant to own-initiative investigations.",SOURCE_VOLUNTARY,,Yes,AUTOMATED_DECISION_FULLY,TikTok,7440309476747500321,"2024-11-23 03:21:09"
458503fb-829b-4037-b6de-6b589d78fc4b,,,,,,,,,DECISION_ACCOUNT_TERMINATED,,,DECISION_GROUND_INCOMPATIBLE_CONTENT,,,,"Advertising policy violation","Reasons why your account may have been suspended: - We received a report or complaint about your account from people on TikTok or other channels. - There are problems with your ad creative, or qualifications or services provided in your ads. - We suspected malicious behavior or intent during ad creation. - You made changes to your ad's landing page after launching the campaign.",,STATEMENT_CATEGORY_SCOPE_OF_PLATFORM_SERVICE,,,,"[""CONTENT_TYPE_OTHER""]","Account Suspended",,"2024-11-22 00:00:00","[""AT"",""BE"",""BG"",""CY"",""CZ"",""DE"",""DK"",""EE"",""ES"",""FI"",""FR"",""GR"",""HR"",""HU"",""IE"",""IT"",""LI"",""LT"",""LU"",""LV"",""MT"",""NL"",""NO"",""PL"",""PT"",""RO"",""SE"",""SI"",""SK""]","2024-11-23 00:00:00","The decision was taken pursuant to own-initiative investigations.",SOURCE_VOLUNTARY,,Yes,AUTOMATED_DECISION_FULLY,TikTok,7440309487447087905,"2024-11-23 03:21:09"
cdf5e239-5353-428d-b04e-997ba203fd12,"[""DECISION_VISIBILITY_CONTENT_REMOVED""]",,,,,,,,,,,DECISION_GROUND_INCOMPATIBLE_CONTENT,,,,"Civic and Election Integrity","Elections are important moments of community conversation and promote the values of an open society. We do not allow misinformation about civic and electoral processes, regardless of intent. This includes misinformation about how to vote, registering to vote, eligibility requirements of  candidates, the processes to count ballots and certify elections, and the final outcome of an election.We proactively enforce our Community Guidelines through a mix of technology and human moderation. We have detected this policy violation using automated measures. We have used automated measures in making this decision.",,STATEMENT_CATEGORY_NEGATIVE_EFFECTS_ON_CIVIC_DISCOURSE_OR_ELECTIONS,,,,"[""CONTENT_TYPE_IMAGE""]",,,"2024-11-23 00:00:00","[""AT"",""BE"",""BG"",""CY"",""CZ"",""DE"",""DK"",""EE"",""ES"",""FI"",""FR"",""GR"",""HR"",""HU"",""IE"",""IT"",""LI"",""LT"",""LU"",""LV"",""MT"",""NL"",""NO"",""PL"",""PT"",""RO"",""SE"",""SI"",""SK""]","2024-11-23 00:00:00","The decision was taken pursuant to own-initiative investigations.",SOURCE_VOLUNTARY,,Yes,AUTOMATED_DECISION_FULLY,TikTok,7440309476747516705,"2024-11-23 03:21:09"
8a49356c-a02c-48a1-841d-805d7d3af921,"[""DECISION_VISIBILITY_CONTENT_REMOVED""]",,,,,,,,,,,DECISION_GROUND_INCOMPATIBLE_CONTENT,,,,"Personal Information","We are committed to making sure that any personal information shared intentionally or accidentally on TikTok does not lead to harm. We do not allow content that includes personal information that may create a risk of stalking, violence, phishing, fraud, identity theft, or financial exploitation, including content that someone has posted themselves or that they consented to being shared by others.Users and 3rd-parties can report policy violations to us. We have detected this policy violation based on a report that the content violated our Community Guidelines.",,STATEMENT_CATEGORY_DATA_PROTECTION_AND_PRIVACY_VIOLATIONS,,,,"[""CONTENT_TYPE_TEXT""]",,,"2024-11-22 00:00:00","[""AT"",""BE"",""BG"",""CY"",""CZ"",""DE"",""DK"",""EE"",""ES"",""FI"",""FR"",""GR"",""HR"",""HU"",""IE"",""IT"",""LI"",""LT"",""LU"",""LV"",""MT"",""NL"",""NO"",""PL"",""PT"",""RO"",""SE"",""SI"",""SK""]","2024-11-23 00:00:00","The decision was taken in response to a report alleging a violation of our Community Guidelines.",SOURCE_VOLUNTARY,,No,AUTOMATED_DECISION_NOT_AUTOMATED,TikTok,7440309476747533089,"2024-11-23 03:21:09"
66314e5b-9a34-44c5-9a80-99850b69232f,"[""DECISION_VISIBILITY_CONTENT_REMOVED""]",,,,,,,,,,,DECISION_GROUND_INCOMPATIBLE_CONTENT,,,,"Harassment and Bullying","We welcome the respectful expression of different viewpoints, but not toxicity or trolling. We do not allow language or behavior that harasses, humiliates, threatens, or doxes anyone. This also includes responding to such acts with retaliatory harassment (but excludes non-harassing counterspeech).We proactively enforce our Community Guidelines through a mix of technology and human moderation. We have detected this policy violation using automated measures. We have used automated measures in making this decision.",,STATEMENT_CATEGORY_ILLEGAL_OR_HARMFUL_SPEECH,,,,"[""CONTENT_TYPE_TEXT""]",,,"2024-11-23 00:00:00","[""AT"",""BE"",""BG"",""CY"",""CZ"",""DE"",""DK"",""EE"",""ES"",""FI"",""FR"",""GR"",""HR"",""HU"",""IE"",""IT"",""LI"",""LT"",""LU"",""LV"",""MT"",""NL"",""NO"",""PL"",""PT"",""RO"",""SE"",""SI"",""SK""]","2024-11-23 00:00:00","The decision was taken pursuant to own-initiative investigations.",SOURCE_VOLUNTARY,,Yes,AUTOMATED_DECISION_FULLY,TikTok,7440309487447104289,"2024-11-23 03:21:09"
d8c39770-19a1-4545-9992-b0d05b5e0e18,"[""DECISION_VISIBILITY_CONTENT_REMOVED""]",,,,,,,,,,,DECISION_GROUND_INCOMPATIBLE_CONTENT,,,,"Harassment and Bullying","We welcome the respectful expression of different viewpoints, but not toxicity or trolling. We do not allow language or behavior that harasses, humiliates, threatens, or doxes anyone. This also includes responding to such acts with retaliatory harassment (but excludes non-harassing counterspeech).We proactively enforce our Community Guidelines through a mix of technology and human moderation. We have detected this policy violation using automated measures. We have used automated measures in making this decision.",,STATEMENT_CATEGORY_ILLEGAL_OR_HARMFUL_SPEECH,,,,"[""CONTENT_TYPE_TEXT""]",,,"2024-11-23 00:00:00","[""AT"",""BE"",""BG"",""CY"",""CZ"",""DE"",""DK"",""EE"",""ES"",""FI"",""FR"",""GR"",""HR"",""HU"",""IE"",""IT"",""LI"",""LT"",""LU"",""LV"",""MT"",""NL"",""NO"",""PL"",""PT"",""RO"",""SE"",""SI"",""SK""]","2024-11-23 00:00:00","The decision was taken pursuant to own-initiative investigations.",SOURCE_VOLUNTARY,,Yes,AUTOMATED_DECISION_FULLY,TikTok,7440309487447120673,"2024-11-23 03:21:09"
94e3492a-d59d-40c3-96fb-11cfa91423b5,"[""DECISION_VISIBILITY_CONTENT_REMOVED""]",,,,,,,,,,,DECISION_GROUND_INCOMPATIBLE_CONTENT,,,,"Harassment and Bullying","We welcome the respectful expression of different viewpoints, but not toxicity or trolling. We do not allow language or behavior that harasses, humiliates, threatens, or doxes anyone. This also includes responding to such acts with retaliatory harassment (but excludes non-harassing counterspeech).We proactively enforce our Community Guidelines through a mix of technology and human moderation. We have detected this policy violation using automated measures. We have used automated measures in making this decision.",,STATEMENT_CATEGORY_ILLEGAL_OR_HARMFUL_SPEECH,,,,"[""CONTENT_TYPE_TEXT""]",,,"2024-11-23 00:00:00","[""AT"",""BE"",""BG"",""CY"",""CZ"",""DE"",""DK"",""EE"",""ES"",""FI"",""FR"",""GR"",""HR"",""HU"",""IE"",""IT"",""LI"",""LT"",""LU"",""LV"",""MT"",""NL"",""NO"",""PL"",""PT"",""RO"",""SE"",""SI"",""SK""]","2024-11-23 00:00:00","The decision was taken pursuant to own-initiative investigations.",SOURCE_VOLUNTARY,,Yes,AUTOMATED_DECISION_FULLY,TikTok,7440309488206224161,"2024-11-23 03:21:09"
d1bc75e3-feca-4967-a015-eacfed133114,"[""DECISION_VISIBILITY_CONTENT_REMOVED""]",,,,,,,,,,,DECISION_GROUND_INCOMPATIBLE_CONTENT,,,,"Hate Speech and Hateful Behaviors","TikTok is enriched by the various backgrounds of our community members. Our differences should be respected, rather than a cause for division. We do not allow any hateful behavior, hate speech, or promotion of hateful ideologies. This includes content that attacks a person or group because of protected attributes.We proactively enforce our Community Guidelines through a mix of technology and human moderation. We have detected this policy violation using automated measures. We have used automated measures in making this decision.",,STATEMENT_CATEGORY_ILLEGAL_OR_HARMFUL_SPEECH,,,,"[""CONTENT_TYPE_TEXT""]",,,"2024-11-23 00:00:00","[""AT"",""BE"",""BG"",""CY"",""CZ"",""DE"",""DK"",""EE"",""ES"",""FI"",""FR"",""GR"",""HR"",""HU"",""IE"",""IT"",""LI"",""LT"",""LU"",""LV"",""MT"",""NL"",""NO"",""PL"",""PT"",""RO"",""SE"",""SI"",""SK""]","2024-11-23 00:00:00","The decision was taken pursuant to own-initiative investigations.",SOURCE_VOLUNTARY,,Yes,AUTOMATED_DECISION_FULLY,TikTok,7440309488206240545,"2024-11-23 03:21:09"
dd6fae93-3eef-4c2e-bcb9-bed662d7d26b,"[""DECISION_VISIBILITY_CONTENT_REMOVED""]",,,,,,,,,,,DECISION_GROUND_INCOMPATIBLE_CONTENT,,,,"Harassment and Bullying","We welcome the respectful expression of different viewpoints, but not toxicity or trolling. We do not allow language or behavior that harasses, humiliates, threatens, or doxes anyone. This also includes responding to such acts with retaliatory harassment (but excludes non-harassing counterspeech).We proactively enforce our Community Guidelines through a mix of technology and human moderation. We have detected this policy violation using automated measures. We have used automated measures in making this decision.",,STATEMENT_CATEGORY_ILLEGAL_OR_HARMFUL_SPEECH,,,,"[""CONTENT_TYPE_TEXT""]",,,"2024-11-23 00:00:00","[""AT"",""BE"",""BG"",""CY"",""CZ"",""DE"",""DK"",""EE"",""ES"",""FI"",""FR"",""GR"",""HR"",""HU"",""IE"",""IT"",""LI"",""LT"",""LU"",""LV"",""MT"",""NL"",""NO"",""PL"",""PT"",""RO"",""SE"",""SI"",""SK""]","2024-11-23 00:00:00","The decision was taken pursuant to own-initiative investigations.",SOURCE_VOLUNTARY,,Yes,AUTOMATED_DECISION_FULLY,TikTok,7440309487447137057,"2024-11-23 03:21:09"
807ecbe6-d5e2-4f47-a5dc-c75e90f667d3,"[""DECISION_VISIBILITY_OTHER""]","Photo not eligible for recommendation in the For You feed",,,,,,,,,,DECISION_GROUND_INCOMPATIBLE_CONTENT,,,,"Community Guidelines","Your content is against our Community Guidelines. The guidelines include rules and standards for using TikTok that apply to everyone and everything on our platform.",,STATEMENT_CATEGORY_NEGATIVE_EFFECTS_ON_CIVIC_DISCOURSE_OR_ELECTIONS,,,,"[""CONTENT_TYPE_IMAGE""]",,,"2024-11-23 00:00:00","[""AT"",""BE"",""BG"",""CY"",""CZ"",""DE"",""DK"",""EE"",""ES"",""FI"",""FR"",""GR"",""HR"",""HU"",""IE"",""IT"",""LI"",""LT"",""LU"",""LV"",""MT"",""NL"",""NO"",""PL"",""PT"",""RO"",""SE"",""SI"",""SK""]","2024-11-23 00:00:00","The decision was taken pursuant to own-initiative investigations.",SOURCE_VOLUNTARY,,Yes,AUTOMATED_DECISION_FULLY,TikTok,7440309487447153441,"2024-11-23 03:21:09"
92f328c8-c14c-4114-8c9b-5005d3465712,,,,,,,,,DECISION_ACCOUNT_TERMINATED,,,DECISION_GROUND_INCOMPATIBLE_CONTENT,,,,"Community Guidelines Violations","Your account was permanently banned because of multiple policy violations.",,STATEMENT_CATEGORY_SCOPE_OF_PLATFORM_SERVICE,,,,"[""CONTENT_TYPE_OTHER""]","Account Ban",,"2024-11-23 00:00:00","[""AT"",""BE"",""BG"",""CY"",""CZ"",""DE"",""DK"",""EE"",""ES"",""FI"",""FR"",""GR"",""HR"",""HU"",""IE"",""IT"",""LI"",""LT"",""LU"",""LV"",""MT"",""NL"",""NO"",""PL"",""PT"",""RO"",""SE"",""SI"",""SK""]","2024-11-23 00:00:00","The decision was taken pursuant to own-initiative investigations",SOURCE_VOLUNTARY,,No,AUTOMATED_DECISION_NOT_AUTOMATED,TikTok,7440309487447169825,"2024-11-23 03:21:09"
37596cdf-2d89-4589-b443-41d16b174e61,"[""DECISION_VISIBILITY_CONTENT_REMOVED""]",,,,,,,,,,,DECISION_GROUND_INCOMPATIBLE_CONTENT,,,,"Harassment and Bullying","We welcome the respectful expression of different viewpoints, but not toxicity or trolling. We do not allow language or behavior that harasses, humiliates, threatens, or doxes anyone. This also includes responding to such acts with retaliatory harassment (but excludes non-harassing counterspeech).We proactively enforce our Community Guidelines through a mix of technology and human moderation. We have detected this policy violation using automated measures. We have used automated measures in making this decision.",,STATEMENT_CATEGORY_ILLEGAL_OR_HARMFUL_SPEECH,,,,"[""CONTENT_TYPE_TEXT""]",,,"2024-11-23 00:00:00","[""AT"",""BE"",""BG"",""CY"",""CZ"",""DE"",""DK"",""EE"",""ES"",""FI"",""FR"",""GR"",""HR"",""HU"",""IE"",""IT"",""LI"",""LT"",""LU"",""LV"",""MT"",""NL"",""NO"",""PL"",""PT"",""RO"",""SE"",""SI"",""SK""]","2024-11-23 00:00:00","The decision was taken pursuant to own-initiative investigations.",SOURCE_VOLUNTARY,,Yes,AUTOMATED_DECISION_FULLY,TikTok,7440309487447186209,"2024-11-23 03:21:09"
34bb8abc-8a9a-43a3-8ade-f609ccd0054b,"[""DECISION_VISIBILITY_CONTENT_REMOVED""]",,,,,,,,,,,DECISION_GROUND_INCOMPATIBLE_CONTENT,,,,"Sexual Exploitation and Gender-Based Violence","We are committed to providing a space that embraces gender equity, supports healthy relationships, and respects intimate privacy. We do not allow sexual exploitation or gender-based violence, including non-consensual sexual acts, image-based sexual abuse, sextortion, physical abuse, and sexual harassment.We proactively enforce our Community Guidelines through a mix of technology and human moderation. We have detected this policy violation using automated measures.",,STATEMENT_CATEGORY_VIOLENCE,,,,"[""CONTENT_TYPE_TEXT""]",,,"2024-11-23 00:00:00","[""AT"",""BE"",""BG"",""CY"",""CZ"",""DE"",""DK"",""EE"",""ES"",""FI"",""FR"",""GR"",""HR"",""HU"",""IE"",""IT"",""LI"",""LT"",""LU"",""LV"",""MT"",""NL"",""NO"",""PL"",""PT"",""RO"",""SE"",""SI"",""SK""]","2024-11-23 00:00:00","The decision was taken pursuant to own-initiative investigations.",SOURCE_VOLUNTARY,,Yes,AUTOMATED_DECISION_NOT_AUTOMATED,TikTok,7440309488206256929,"2024-11-23 03:21:09"
02add07a-abf8-4be5-ac1d-e69ab4e68b36,"[""DECISION_VISIBILITY_CONTENT_REMOVED""]",,,,,,,,,,,DECISION_GROUND_INCOMPATIBLE_CONTENT,,,,"Hate Speech and Hateful Behaviors","TikTok is enriched by the various backgrounds of our community members. Our differences should be respected, rather than a cause for division. We do not allow any hateful behavior, hate speech, or promotion of hateful ideologies. This includes content that attacks a person or group because of protected attributes.We proactively enforce our Community Guidelines through a mix of technology and human moderation. We have detected this policy violation using automated measures. We have used automated measures in making this decision.",,STATEMENT_CATEGORY_ILLEGAL_OR_HARMFUL_SPEECH,,,,"[""CONTENT_TYPE_TEXT""]",,,"2024-11-23 00:00:00","[""AT"",""BE"",""BG"",""CY"",""CZ"",""DE"",""DK"",""EE"",""ES"",""FI"",""FR"",""GR"",""HR"",""HU"",""IE"",""IT"",""LI"",""LT"",""LU"",""LV"",""MT"",""NL"",""NO"",""PL"",""PT"",""RO"",""SE"",""SI"",""SK""]","2024-11-23 00:00:00","The decision was taken pursuant to own-initiative investigations.",SOURCE_VOLUNTARY,,Yes,AUTOMATED_DECISION_FULLY,TikTok,7440309488206273313,"2024-11-23 03:21:09"
ade6913c-a1da-4b4e-bf52-754ab6b4fcb6,"[""DECISION_VISIBILITY_CONTENT_REMOVED""]",,,,,,,,,,,DECISION_GROUND_INCOMPATIBLE_CONTENT,,,,"Harassment and Bullying","We welcome the respectful expression of different viewpoints, but not toxicity or trolling. We do not allow language or behavior that harasses, humiliates, threatens, or doxes anyone. This also includes responding to such acts with retaliatory harassment (but excludes non-harassing counterspeech).We proactively enforce our Community Guidelines through a mix of technology and human moderation. We have detected this policy violation using automated measures. We have used automated measures in making this decision.",,STATEMENT_CATEGORY_ILLEGAL_OR_HARMFUL_SPEECH,,,,"[""CONTENT_TYPE_TEXT""]",,,"2024-11-23 00:00:00","[""AT"",""BE"",""BG"",""CY"",""CZ"",""DE"",""DK"",""EE"",""ES"",""FI"",""FR"",""GR"",""HR"",""HU"",""IE"",""IT"",""LI"",""LT"",""LU"",""LV"",""MT"",""NL"",""NO"",""PL"",""PT"",""RO"",""SE"",""SI"",""SK""]","2024-11-23 00:00:00","The decision was taken pursuant to own-initiative investigations.",SOURCE_VOLUNTARY,,Yes,AUTOMATED_DECISION_FULLY,TikTok,7440309487447202593,"2024-11-23 03:21:09"
b6c511e5-7766-46a4-96be-82b99fb94036,"[""DECISION_VISIBILITY_CONTENT_REMOVED""]",,,,,,,,,,,DECISION_GROUND_INCOMPATIBLE_CONTENT,,,,"Hate Speech and Hateful Behaviors","TikTok is enriched by the various backgrounds of our community members. Our differences should be respected, rather than a cause for division. We do not allow any hateful behavior, hate speech, or promotion of hateful ideologies. This includes content that attacks a person or group because of protected attributes.We proactively enforce our Community Guidelines through a mix of technology and human moderation. We have detected this policy violation using automated measures. We have used automated measures in making this decision.",,STATEMENT_CATEGORY_ILLEGAL_OR_HARMFUL_SPEECH,,,,"[""CONTENT_TYPE_TEXT""]",,,"2024-11-23 00:00:00","[""AT"",""BE"",""BG"",""CY"",""CZ"",""DE"",""DK"",""EE"",""ES"",""FI"",""FR"",""GR"",""HR"",""HU"",""IE"",""IT"",""LI"",""LT"",""LU"",""LV"",""MT"",""NL"",""NO"",""PL"",""PT"",""RO"",""SE"",""SI"",""SK""]","2024-11-23 00:00:00","The decision was taken pursuant to own-initiative investigations.",SOURCE_VOLUNTARY,,Yes,AUTOMATED_DECISION_FULLY,TikTok,7440309488206289697,"2024-11-23 03:21:09"
70a0385f-fbda-4a9e-be97-f2e06bb9fd9a,,,,,,,,,DECISION_ACCOUNT_TERMINATED,,,DECISION_GROUND_INCOMPATIBLE_CONTENT,,,,"Advertising policy violation","Reasons why your account may have been suspended: - We received a report or complaint about your account from people on TikTok or other channels. - There are problems with your ad creative, or qualifications or services provided in your ads. - We suspected malicious behavior or intent during ad creation. - You made changes to your ad's landing page after launching the campaign.",,STATEMENT_CATEGORY_SCOPE_OF_PLATFORM_SERVICE,,,,"[""CONTENT_TYPE_OTHER""]","Account Suspended",,"2024-11-22 00:00:00","[""AT"",""BE"",""BG"",""CY"",""CZ"",""DE"",""DK"",""EE"",""ES"",""FI"",""FR"",""GR"",""HR"",""HU"",""IE"",""IT"",""LI"",""LT"",""LU"",""LV"",""MT"",""NL"",""NO"",""PL"",""PT"",""RO"",""SE"",""SI"",""SK""]","2024-11-23 00:00:00","The decision was taken pursuant to own-initiative investigations.",SOURCE_VOLUNTARY,,Yes,AUTOMATED_DECISION_FULLY,TikTok,7440309488206306081,"2024-11-23 03:21:09"
8666f9c2-d9f9-4842-b869-a22c24936c6c,"[""DECISION_VISIBILITY_CONTENT_REMOVED""]",,,,,,,,,,,DECISION_GROUND_INCOMPATIBLE_CONTENT,,,,"Harassment and Bullying","We welcome the respectful expression of different viewpoints, but not toxicity or trolling. We do not allow language or behavior that harasses, humiliates, threatens, or doxes anyone. This also includes responding to such acts with retaliatory harassment (but excludes non-harassing counterspeech).We proactively enforce our Community Guidelines through a mix of technology and human moderation. We have detected this policy violation using automated measures. We have used automated measures in making this decision.",,STATEMENT_CATEGORY_ILLEGAL_OR_HARMFUL_SPEECH,,,,"[""CONTENT_TYPE_TEXT""]",,,"2024-11-23 00:00:00","[""AT"",""BE"",""BG"",""CY"",""CZ"",""DE"",""DK"",""EE"",""ES"",""FI"",""FR"",""GR"",""HR"",""HU"",""IE"",""IT"",""LI"",""LT"",""LU"",""LV"",""MT"",""NL"",""NO"",""PL"",""PT"",""RO"",""SE"",""SI"",""SK""]","2024-11-23 00:00:00","The decision was taken pursuant to own-initiative investigations.",SOURCE_VOLUNTARY,,Yes,AUTOMATED_DECISION_FULLY,TikTok,7440309488206322465,"2024-11-23 03:21:09"
139fc985-1e3d-40b2-9f14-1ebfa64d93da,"[""DECISION_VISIBILITY_OTHER""]","Video not eligible for recommendation in the For You feed",,,,,,,,,,DECISION_GROUND_INCOMPATIBLE_CONTENT,,,,"Shocking and Graphic Content","Part of the joy of TikTok is coming across new and unexpected content. But the platform is not a space to intentionally shock, upset, or disgust others. Content is ineligible for the For You feed and harder to find in search if it shows fictional violence, blood, potentially distressing or mildly graphic material, animal genitalia or sexual activity between animals, or if it contains graphic footage of events that are in the public interest to view.We proactively enforce our Community Guidelines through a mix of technology and human moderation. We have detected this policy violation using automated measures. We have used automated measures in making this decision.",,STATEMENT_CATEGORY_VIOLENCE,,,,"[""CONTENT_TYPE_VIDEO""]",,,"2024-11-23 00:00:00","[""AT"",""BE"",""BG"",""CY"",""CZ"",""DE"",""DK"",""EE"",""ES"",""FI"",""FR"",""GR"",""HR"",""HU"",""IE"",""IT"",""LI"",""LT"",""LU"",""LV"",""MT"",""NL"",""NO"",""PL"",""PT"",""RO"",""SE"",""SI"",""SK""]","2024-11-23 00:00:00","The decision was taken pursuant to own-initiative investigations.",SOURCE_VOLUNTARY,,Yes,AUTOMATED_DECISION_FULLY,TikTok,7440309498490657568,"2024-11-23 03:21:09"
f0469cff-5512-4614-bfc0-85a2491d6f6d,"[""DECISION_VISIBILITY_CONTENT_REMOVED""]",,,,,,,,,,,DECISION_GROUND_INCOMPATIBLE_CONTENT,,,,"Hate Speech and Hateful Behaviors","TikTok is enriched by the various backgrounds of our community members. Our differences should be respected, rather than a cause for division. We do not allow any hateful behavior, hate speech, or promotion of hateful ideologies. This includes content that attacks a person or group because of protected attributes.We proactively enforce our Community Guidelines through a mix of technology and human moderation. We have detected this policy violation using automated measures. We have used automated measures in making this decision.",,STATEMENT_CATEGORY_ILLEGAL_OR_HARMFUL_SPEECH,,,,"[""CONTENT_TYPE_TEXT""]",,,"2024-11-23 00:00:00","[""AT"",""BE"",""BG"",""CY"",""CZ"",""DE"",""DK"",""EE"",""ES"",""FI"",""FR"",""GR"",""HR"",""HU"",""IE"",""IT"",""LI"",""LT"",""LU"",""LV"",""MT"",""NL"",""NO"",""PL"",""PT"",""RO"",""SE"",""SI"",""SK""]","2024-11-23 00:00:00","The decision was taken pursuant to own-initiative investigations.",SOURCE_VOLUNTARY,,Yes,AUTOMATED_DECISION_FULLY,TikTok,7440309498490673952,"2024-11-23 03:21:09"
50c9fe93-1d55-439c-966c-ba372e264dd1,"[""DECISION_VISIBILITY_CONTENT_REMOVED""]",,,,,,,,,,,DECISION_GROUND_INCOMPATIBLE_CONTENT,,,,"Sexual Exploitation and Gender-Based Violence","We are committed to providing a space that embraces gender equity, supports healthy relationships, and respects intimate privacy. We do not allow sexual exploitation or gender-based violence, including non-consensual sexual acts, image-based sexual abuse, sextortion, physical abuse, and sexual harassment.We proactively enforce our Community Guidelines through a mix of technology and human moderation. We have detected this policy violation using automated measures. We have used automated measures in making this decision.",,STATEMENT_CATEGORY_VIOLENCE,,,,"[""CONTENT_TYPE_TEXT""]",,,"2024-11-23 00:00:00","[""AT"",""BE"",""BG"",""CY"",""CZ"",""DE"",""DK"",""EE"",""ES"",""FI"",""FR"",""GR"",""HR"",""HU"",""IE"",""IT"",""LI"",""LT"",""LU"",""LV"",""MT"",""NL"",""NO"",""PL"",""PT"",""RO"",""SE"",""SI"",""SK""]","2024-11-23 00:00:00","The decision was taken pursuant to own-initiative investigations.",SOURCE_VOLUNTARY,,Yes,AUTOMATED_DECISION_FULLY,TikTok,7440309498490690336,"2024-11-23 03:21:09"
c937b1a2-fa1f-463b-ac01-ae046151a974,"[""DECISION_VISIBILITY_CONTENT_REMOVED""]",,,,,,,,,,,DECISION_GROUND_INCOMPATIBLE_CONTENT,,,,"Harassment and Bullying","We welcome the respectful expression of different viewpoints, but not toxicity or trolling. We do not allow language or behavior that harasses, humiliates, threatens, or doxes anyone. This also includes responding to such acts with retaliatory harassment (but excludes non-harassing counterspeech).We proactively enforce our Community Guidelines through a mix of technology and human moderation. We have detected this policy violation using automated measures. We have used automated measures in making this decision.",,STATEMENT_CATEGORY_ILLEGAL_OR_HARMFUL_SPEECH,,,,"[""CONTENT_TYPE_TEXT""]",,,"2024-11-23 00:00:00","[""AT"",""BE"",""BG"",""CY"",""CZ"",""DE"",""DK"",""EE"",""ES"",""FI"",""FR"",""GR"",""HR"",""HU"",""IE"",""IT"",""LI"",""LT"",""LU"",""LV"",""MT"",""NL"",""NO"",""PL"",""PT"",""RO"",""SE"",""SI"",""SK""]","2024-11-23 00:00:00","The decision was taken pursuant to own-initiative investigations.",SOURCE_VOLUNTARY,,Yes,AUTOMATED_DECISION_FULLY,TikTok,7440309488206338849,"2024-11-23 03:21:09"
e4b83059-77d0-403b-a133-d5febe7b7e14,"[""DECISION_VISIBILITY_CONTENT_REMOVED""]",,,,,,,,,,,DECISION_GROUND_INCOMPATIBLE_CONTENT,,,,"Sexual Activity and Services","TikTok is a place where people can come to discuss or learn about sexuality, sex or reproductive health. We are mindful that certain content involving sexuality, sex or reproductive health may not be appropriate for young people, be considered offensive by some, or create the potential for exploitation. We do not allow sexual activity or services, including sex, sexual arousal, fetish and kink behavior, and seeking or offering sexual services.We proactively enforce our Community Guidelines through a mix of technology and human moderation. We have detected this policy violation using automated measures. We have used automated measures in making this decision.",,STATEMENT_CATEGORY_PORNOGRAPHY_OR_SEXUALIZED_CONTENT,,,,"[""CONTENT_TYPE_TEXT""]",,,"2024-11-23 00:00:00","[""AT"",""BE"",""BG"",""CY"",""CZ"",""DE"",""DK"",""EE"",""ES"",""FI"",""FR"",""GR"",""HR"",""HU"",""IE"",""IT"",""LI"",""LT"",""LU"",""LV"",""MT"",""NL"",""NO"",""PL"",""PT"",""RO"",""SE"",""SI"",""SK""]","2024-11-23 00:00:00","The decision was taken pursuant to own-initiative investigations.",SOURCE_VOLUNTARY,,Yes,AUTOMATED_DECISION_FULLY,TikTok,7440309488206355233,"2024-11-23 03:21:09"
e0648f8d-745d-4e60-b7c9-7dc857b9c47c,"[""DECISION_VISIBILITY_CONTENT_REMOVED""]",,,,,,,,,,,DECISION_GROUND_INCOMPATIBLE_CONTENT,,,,"Harassment and Bullying","We welcome the respectful expression of different viewpoints, but not toxicity or trolling. We do not allow language or behavior that harasses, humiliates, threatens, or doxes anyone. This also includes responding to such acts with retaliatory harassment (but excludes non-harassing counterspeech).We proactively enforce our Community Guidelines through a mix of technology and human moderation. We have detected this policy violation using automated measures. We have used automated measures in making this decision.",,STATEMENT_CATEGORY_ILLEGAL_OR_HARMFUL_SPEECH,,,,"[""CONTENT_TYPE_TEXT""]",,,"2024-11-23 00:00:00","[""AT"",""BE"",""BG"",""CY"",""CZ"",""DE"",""DK"",""EE"",""ES"",""FI"",""FR"",""GR"",""HR"",""HU"",""IE"",""IT"",""LI"",""LT"",""LU"",""LV"",""MT"",""NL"",""NO"",""PL"",""PT"",""RO"",""SE"",""SI"",""SK""]","2024-11-23 00:00:00","The decision was taken pursuant to own-initiative investigations.",SOURCE_VOLUNTARY,,Yes,AUTOMATED_DECISION_FULLY,TikTok,7440309498490706720,"2024-11-23 03:21:09"
a2370a27-2763-4ab8-aed1-42d00c5ae388,"[""DECISION_VISIBILITY_CONTENT_REMOVED""]",,,,,,,,,,,DECISION_GROUND_INCOMPATIBLE_CONTENT,,,,"Harassment and Bullying","We welcome the respectful expression of different viewpoints, but not toxicity or trolling. We do not allow language or behavior that harasses, humiliates, threatens, or doxes anyone. This also includes responding to such acts with retaliatory harassment (but excludes non-harassing counterspeech).We proactively enforce our Community Guidelines through a mix of technology and human moderation. We have detected this policy violation using automated measures. We have used automated measures in making this decision.",,STATEMENT_CATEGORY_ILLEGAL_OR_HARMFUL_SPEECH,,,,"[""CONTENT_TYPE_TEXT""]",,,"2024-11-23 00:00:00","[""AT"",""BE"",""BG"",""CY"",""CZ"",""DE"",""DK"",""EE"",""ES"",""FI"",""FR"",""GR"",""HR"",""HU"",""IE"",""IT"",""LI"",""LT"",""LU"",""LV"",""MT"",""NL"",""NO"",""PL"",""PT"",""RO"",""SE"",""SI"",""SK""]","2024-11-23 00:00:00","The decision was taken pursuant to own-initiative investigations.",SOURCE_VOLUNTARY,,Yes,AUTOMATED_DECISION_FULLY,TikTok,7440309488206371617,"2024-11-23 03:21:09"
7d8e8238-023f-4251-bc4c-25ee96d57317,"[""DECISION_VISIBILITY_OTHER""]","Video not eligible for recommendation in the For You feed",,,,,,,,,,DECISION_GROUND_INCOMPATIBLE_CONTENT,,,,"Community Guidelines","We maintain content eligibility standards for the For You feed (FYF) that prioritize safety and are informed by the diversity of our community and cultural norms. We make ineligible for the FYF certain content that may not be appropriate for a broad audience related to: (1) Behavioral Health, (2) Sensitive and Mature Themes, (3) Integrity and Authenticity, and (4) Regulated Goods. Content that is ineligible for the FYF can still be discovered in other ways, such as through search tools or by following an account.We proactively enforce our Community Guidelines through a mix of technology and human moderation. We have detected this policy violation using automated measures. We have used automated measures in making this decision.",,STATEMENT_CATEGORY_SCOPE_OF_PLATFORM_SERVICE,,,,"[""CONTENT_TYPE_VIDEO""]",,,"2024-11-23 00:00:00","[""AT"",""BE"",""BG"",""CY"",""CZ"",""DE"",""DK"",""EE"",""ES"",""FI"",""FR"",""GR"",""HR"",""HU"",""IE"",""IT"",""LI"",""LT"",""LU"",""LV"",""MT"",""NL"",""NO"",""PL"",""PT"",""RO"",""SE"",""SI"",""SK""]","2024-11-23 00:00:00","The decision was taken pursuant to own-initiative investigations.",SOURCE_VOLUNTARY,,Yes,AUTOMATED_DECISION_FULLY,TikTok,7440309498490723104,"2024-11-23 03:21:09"
0856d2fa-e6b9-40d0-9946-06863f68b687,"[""DECISION_VISIBILITY_CONTENT_REMOVED""]",,,,,,,,,,,DECISION_GROUND_INCOMPATIBLE_CONTENT,,,,"Harassment and Bullying","We welcome the respectful expression of different viewpoints, but not toxicity or trolling. We do not allow language or behavior that harasses, humiliates, threatens, or doxes anyone. This also includes responding to such acts with retaliatory harassment (but excludes non-harassing counterspeech).We proactively enforce our Community Guidelines through a mix of technology and human moderation. We have detected this policy violation using automated measures. We have used automated measures in making this decision.",,STATEMENT_CATEGORY_ILLEGAL_OR_HARMFUL_SPEECH,,,,"[""CONTENT_TYPE_TEXT""]",,,"2024-11-23 00:00:00","[""AT"",""BE"",""BG"",""CY"",""CZ"",""DE"",""DK"",""EE"",""ES"",""FI"",""FR"",""GR"",""HR"",""HU"",""IE"",""IT"",""LI"",""LT"",""LU"",""LV"",""MT"",""NL"",""NO"",""PL"",""PT"",""RO"",""SE"",""SI"",""SK""]","2024-11-23 00:00:00","The decision was taken pursuant to own-initiative investigations.",SOURCE_VOLUNTARY,,Yes,AUTOMATED_DECISION_FULLY,TikTok,7440309498490739488,"2024-11-23 03:21:09"
4b0fd4a0-07cb-4217-9849-4eb71fd44e50,"[""DECISION_VISIBILITY_CONTENT_REMOVED""]",,,,,,,,,,,DECISION_GROUND_INCOMPATIBLE_CONTENT,,,,"Spam and Deceptive Account Behaviors","To build a trusted community online, it is important that the behaviors and identities of accounts are authentic and truthful. We do not allow account behaviors that may spam or mislead our community. We will restrict the visibility of comments that contain excessive or irrelevant spam content. We proactively enforce our Community Guidelines through a mix of technology and human moderation. We have detected this policy violation using automated measures. We have used automated measures in making this decision.",,STATEMENT_CATEGORY_SCAMS_AND_FRAUD,,,,"[""CONTENT_TYPE_TEXT""]",,,"2024-11-23 00:00:00","[""AT"",""BE"",""BG"",""CY"",""CZ"",""DE"",""DK"",""EE"",""ES"",""FI"",""FR"",""GR"",""HR"",""HU"",""IE"",""IT"",""LI"",""LT"",""LU"",""LV"",""MT"",""NL"",""NO"",""PL"",""PT"",""RO"",""SE"",""SI"",""SK""]","2024-11-23 00:00:00","The decision was taken pursuant to own-initiative investigations.",SOURCE_VOLUNTARY,,Yes,AUTOMATED_DECISION_FULLY,TikTok,7440309501015628576,"2024-11-23 03:21:09"
a7a42b8c-0e3c-4fe7-9e07-8d343accad61,"[""DECISION_VISIBILITY_OTHER""]","LIVE not eligible for recommendation and restricted in search results","2024-11-23 00:00:00",,,,,,,,,DECISION_GROUND_INCOMPATIBLE_CONTENT,,,,"Condition d'âge minimal pour passer en LIVE","Ton LIVE n'est pas éligible pour les recommandations et a été restreint dans les résultats de recherche, car il est possible que tu aies moins de 18 ans. Cette décision est conforme aux normes d'éligibilité du fil d'actualité Pour toi dans le cadre de nos Consignes communautaires.",,STATEMENT_CATEGORY_PROTECTION_OF_MINORS,,,,"[""CONTENT_TYPE_VIDEO""]",,,"2024-11-22 00:00:00","[""AT"",""BE"",""BG"",""CY"",""CZ"",""DE"",""DK"",""EE"",""ES"",""FI"",""FR"",""GR"",""HR"",""HU"",""IE"",""IS"",""IT"",""LI"",""LT"",""LU"",""LV"",""MT"",""NL"",""NO"",""PL"",""PT"",""RO"",""SE"",""SI"",""SK""]","2024-11-23 00:00:00","The decision was taken pursuant to own-initiative investigations",SOURCE_VOLUNTARY,,Yes,AUTOMATED_DECISION_NOT_AUTOMATED,TikTok,7440309501015644960,"2024-11-23 03:21:09"
4c2ca3df-f0d1-410d-9070-b9ac6ab54c28,"[""DECISION_VISIBILITY_CONTENT_REMOVED""]",,,,,,,,,,,DECISION_GROUND_INCOMPATIBLE_CONTENT,,,,"Harassment and Bullying","We welcome the respectful expression of different viewpoints, but not toxicity or trolling. We do not allow language or behavior that harasses, humiliates, threatens, or doxes anyone. This also includes responding to such acts with retaliatory harassment (but excludes non-harassing counterspeech).We proactively enforce our Community Guidelines through a mix of technology and human moderation. We have detected this policy violation using automated measures. We have used automated measures in making this decision.",,STATEMENT_CATEGORY_ILLEGAL_OR_HARMFUL_SPEECH,,,,"[""CONTENT_TYPE_TEXT""]",,,"2024-11-23 00:00:00","[""AT"",""BE"",""BG"",""CY"",""CZ"",""DE"",""DK"",""EE"",""ES"",""FI"",""FR"",""GR"",""HR"",""HU"",""IE"",""IT"",""LI"",""LT"",""LU"",""LV"",""MT"",""NL"",""NO"",""PL"",""PT"",""RO"",""SE"",""SI"",""SK""]","2024-11-23 00:00:00","The decision was taken pursuant to own-initiative investigations.",SOURCE_VOLUNTARY,,Yes,AUTOMATED_DECISION_FULLY,TikTok,7440309501015661344,"2024-11-23 03:21:09"
9266fdfb-f142-453c-b9e7-76bc167ad083,,,,,,,DECISION_PROVISION_PARTIAL_SUSPENSION,"2024-11-24 00:00:00",,,,DECISION_GROUND_INCOMPATIBLE_CONTENT,,,,"Dangerous activities and challenges","Most activities or challenges are appropriate for everyone, but some carry a risk of significant injury. We do not allow showing or promoting dangerous activities and challenges. This includes dares, games, tricks, inappropriate use of dangerous tools, eating substances that are harmful to one’s health, or similar activities that may lead to significant physical harm. Visit our {CG_link} for more information.",,STATEMENT_CATEGORY_SCOPE_OF_PLATFORM_SERVICE,,,,"[""CONTENT_TYPE_VIDEO""]",,,"2024-11-23 00:00:00","[""AT"",""BE"",""BG"",""CY"",""CZ"",""DE"",""DK"",""EE"",""ES"",""FI"",""FR"",""GR"",""HR"",""HU"",""IE"",""IS"",""IT"",""LI"",""LT"",""LU"",""LV"",""MT"",""NL"",""NO"",""PL"",""PT"",""RO"",""SE"",""SI"",""SK""]","2024-11-23 00:00:00","The decision was taken pursuant to own-initiative investigations",SOURCE_VOLUNTARY,,Yes,AUTOMATED_DECISION_FULLY,TikTok,7440309498490755872,"2024-11-23 03:21:09"
d2449dbb-bf85-46d6-9739-03f09e594484,"[""DECISION_VISIBILITY_CONTENT_REMOVED""]",,,,,,,,,,,DECISION_GROUND_INCOMPATIBLE_CONTENT,,,,"Harassment and Bullying","We welcome the respectful expression of different viewpoints, but not toxicity or trolling. We do not allow language or behavior that harasses, humiliates, threatens, or doxes anyone. This also includes responding to such acts with retaliatory harassment (but excludes non-harassing counterspeech).We proactively enforce our Community Guidelines through a mix of technology and human moderation. We have detected this policy violation using automated measures. We have used automated measures in making this decision.",,STATEMENT_CATEGORY_ILLEGAL_OR_HARMFUL_SPEECH,,,,"[""CONTENT_TYPE_TEXT""]",,,"2024-11-23 00:00:00","[""AT"",""BE"",""BG"",""CY"",""CZ"",""DE"",""DK"",""EE"",""ES"",""FI"",""FR"",""GR"",""HR"",""HU"",""IE"",""IT"",""LI"",""LT"",""LU"",""LV"",""MT"",""NL"",""NO"",""PL"",""PT"",""RO"",""SE"",""SI"",""SK""]","2024-11-23 00:00:00","The decision was taken pursuant to own-initiative investigations.",SOURCE_VOLUNTARY,,Yes,AUTOMATED_DECISION_FULLY,TikTok,7440309501015677728,"2024-11-23 03:21:09"
139efa7e-d7e6-4a63-a74a-6e208d385bf7,"[""DECISION_VISIBILITY_OTHER""]","Photo not eligible for recommendation in the For You feed",,,,,,,,,,DECISION_GROUND_INCOMPATIBLE_CONTENT,,,,"Community Guidelines","Your content is against our Community Guidelines. The guidelines include rules and standards for using TikTok that apply to everyone and everything on our platform.",,STATEMENT_CATEGORY_NEGATIVE_EFFECTS_ON_CIVIC_DISCOURSE_OR_ELECTIONS,,,,"[""CONTENT_TYPE_IMAGE""]",,,"2024-11-23 00:00:00","[""AT"",""BE"",""BG"",""CY"",""CZ"",""DE"",""DK"",""EE"",""ES"",""FI"",""FR"",""GR"",""HR"",""HU"",""IE"",""IT"",""LI"",""LT"",""LU"",""LV"",""MT"",""NL"",""NO"",""PL"",""PT"",""RO"",""SE"",""SI"",""SK""]","2024-11-23 00:00:00","The decision was taken pursuant to own-initiative investigations.",SOURCE_VOLUNTARY,,Yes,AUTOMATED_DECISION_FULLY,TikTok,7440309501015694112,"2024-11-23 03:21:09"
a1fa058d-8b85-4fcc-bc30-58346f2b7b24,,,,,,,,,DECISION_ACCOUNT_TERMINATED,,,DECISION_GROUND_INCOMPATIBLE_CONTENT,,,,"Advertising policy violation","Reasons why your account may have been suspended: - We received a report or complaint about your account from people on TikTok or other channels. - There are problems with your ad creative, or qualifications or services provided in your ads. - We suspected malicious behavior or intent during ad creation. - You made changes to your ad's landing page after launching the campaign.",,STATEMENT_CATEGORY_SCOPE_OF_PLATFORM_SERVICE,,,,"[""CONTENT_TYPE_OTHER""]","Account Suspended",,"2024-11-22 00:00:00","[""AT"",""BE"",""BG"",""CY"",""CZ"",""DE"",""DK"",""EE"",""ES"",""FI"",""FR"",""GR"",""HR"",""HU"",""IE"",""IT"",""LI"",""LT"",""LU"",""LV"",""MT"",""NL"",""NO"",""PL"",""PT"",""RO"",""SE"",""SI"",""SK""]","2024-11-23 00:00:00","The decision was taken pursuant to own-initiative investigations.",SOURCE_VOLUNTARY,,Yes,AUTOMATED_DECISION_FULLY,TikTok,7440309501015710496,"2024-11-23 03:21:09"
37af4e46-ee0f-434c-9da2-eb85b80eef3c,"[""DECISION_VISIBILITY_CONTENT_REMOVED""]",,,,,,,,,,,DECISION_GROUND_INCOMPATIBLE_CONTENT,,,,"Dangerous activities and challenges","Most activities or challenges are appropriate for everyone, but some carry a risk of significant injury. We do not allow showing or promoting dangerous activities and challenges. This includes dares, games, tricks, inappropriate use of dangerous tools, eating substances that are harmful to one’s health, or similar activities that may lead to significant physical harm. Visit our {CG_link} for more information.",,STATEMENT_CATEGORY_SCOPE_OF_PLATFORM_SERVICE,,,,"[""CONTENT_TYPE_VIDEO""]",,,"2024-11-23 00:00:00","[""AT"",""BE"",""BG"",""CY"",""CZ"",""DE"",""DK"",""EE"",""ES"",""FI"",""FR"",""GR"",""HR"",""HU"",""IE"",""IS"",""IT"",""LI"",""LT"",""LU"",""LV"",""MT"",""NL"",""NO"",""PL"",""PT"",""RO"",""SE"",""SI"",""SK""]","2024-11-23 00:00:00","The decision was taken pursuant to own-initiative investigations",SOURCE_VOLUNTARY,,Yes,AUTOMATED_DECISION_FULLY,TikTok,7440309501015726880,"2024-11-23 03:21:09"
9e520c4f-a7ce-4a55-83b6-34f6708b80df,"[""DECISION_VISIBILITY_CONTENT_REMOVED""]",,,,,,,,,,,DECISION_GROUND_INCOMPATIBLE_CONTENT,,,,"Harassment and Bullying","We welcome the respectful expression of different viewpoints, but not toxicity or trolling. We do not allow language or behavior that harasses, humiliates, threatens, or doxes anyone. This also includes responding to such acts with retaliatory harassment (but excludes non-harassing counterspeech).We proactively enforce our Community Guidelines through a mix of technology and human moderation. We have detected this policy violation using automated measures. We have used automated measures in making this decision.",,STATEMENT_CATEGORY_ILLEGAL_OR_HARMFUL_SPEECH,,,,"[""CONTENT_TYPE_TEXT""]",,,"2024-11-23 00:00:00","[""AT"",""BE"",""BG"",""CY"",""CZ"",""DE"",""DK"",""EE"",""ES"",""FI"",""FR"",""GR"",""HR"",""HU"",""IE"",""IT"",""LI"",""LT"",""LU"",""LV"",""MT"",""NL"",""NO"",""PL"",""PT"",""RO"",""SE"",""SI"",""SK""]","2024-11-23 00:00:00","The decision was taken pursuant to own-initiative investigations.",SOURCE_VOLUNTARY,,Yes,AUTOMATED_DECISION_FULLY,TikTok,7440309498490772256,"2024-11-23 03:21:09"
d83cd44a-e8ac-48ba-8951-a02979525731,"[""DECISION_VISIBILITY_CONTENT_REMOVED""]",,,,,,,,,,,DECISION_GROUND_INCOMPATIBLE_CONTENT,,,,"Community Guidelines","Your content is against our Community Guidelines. The guidelines include rules and standards for using TikTok that apply to everyone and everything on our platform.We proactively enforce our Community Guidelines through a mix of technology and human moderation. We have detected this policy violation using automated measures. We have used automated measures in making this decision.",,STATEMENT_CATEGORY_SCOPE_OF_PLATFORM_SERVICE,,,,"[""CONTENT_TYPE_TEXT""]",,,"2024-11-23 00:00:00","[""AT"",""BE"",""BG"",""CY"",""CZ"",""DE"",""DK"",""EE"",""ES"",""FI"",""FR"",""GR"",""HR"",""HU"",""IE"",""IT"",""LI"",""LT"",""LU"",""LV"",""MT"",""NL"",""NO"",""PL"",""PT"",""RO"",""SE"",""SI"",""SK""]","2024-11-23 00:00:00","The decision was taken pursuant to own-initiative investigations.",SOURCE_VOLUNTARY,,Yes,AUTOMATED_DECISION_FULLY,TikTok,7440309498490788640,"2024-11-23 03:21:09"
e1b9edf3-60d7-49bb-816e-46d5e9acc090,"[""DECISION_VISIBILITY_CONTENT_REMOVED""]",,,,,,,,,,,DECISION_GROUND_INCOMPATIBLE_CONTENT,,,,"Hate Speech and Hateful Behaviors","TikTok is enriched by the various backgrounds of our community members. Our differences should be respected, rather than a cause for division. We do not allow any hateful behavior, hate speech, or promotion of hateful ideologies. This includes content that attacks a person or group because of protected attributes.We proactively enforce our Community Guidelines through a mix of technology and human moderation. We have detected this policy violation using automated measures. We have used automated measures in making this decision.",,STATEMENT_CATEGORY_ILLEGAL_OR_HARMFUL_SPEECH,,,,"[""CONTENT_TYPE_TEXT""]",,,"2024-11-23 00:00:00","[""AT"",""BE"",""BG"",""CY"",""CZ"",""DE"",""DK"",""EE"",""ES"",""FI"",""FR"",""GR"",""HR"",""HU"",""IE"",""IT"",""LI"",""LT"",""LU"",""LV"",""MT"",""NL"",""NO"",""PL"",""PT"",""RO"",""SE"",""SI"",""SK""]","2024-11-23 00:00:00","The decision was taken pursuant to own-initiative investigations.",SOURCE_VOLUNTARY,,Yes,AUTOMATED_DECISION_FULLY,TikTok,7440309498490805024,"2024-11-23 03:21:09"
eb6af30d-b8ad-4794-9e02-5d33a5ddad2f,"[""DECISION_VISIBILITY_OTHER""]","Photo not eligible for recommendation in the For You feed",,,,,,,,,,DECISION_GROUND_INCOMPATIBLE_CONTENT,,,,"Community Guidelines","Your content is against our Community Guidelines. The guidelines include rules and standards for using TikTok that apply to everyone and everything on our platform.",,STATEMENT_CATEGORY_NEGATIVE_EFFECTS_ON_CIVIC_DISCOURSE_OR_ELECTIONS,,,,"[""CONTENT_TYPE_IMAGE""]",,,"2024-11-23 00:00:00","[""AT"",""BE"",""BG"",""CY"",""CZ"",""DE"",""DK"",""EE"",""ES"",""FI"",""FR"",""GR"",""HR"",""HU"",""IE"",""IT"",""LI"",""LT"",""LU"",""LV"",""MT"",""NL"",""NO"",""PL"",""PT"",""RO"",""SE"",""SI"",""SK""]","2024-11-23 00:00:00","The decision was taken pursuant to own-initiative investigations.",SOURCE_VOLUNTARY,,Yes,AUTOMATED_DECISION_FULLY,TikTok,7440309501015743264,"2024-11-23 03:21:09"
7e0fa58d-df28-43e8-8d2c-0aa20a4b6656,"[""DECISION_VISIBILITY_CONTENT_REMOVED""]",,,,,,,,,,,DECISION_GROUND_INCOMPATIBLE_CONTENT,,,,"Harassment and Bullying","We welcome the respectful expression of different viewpoints, but not toxicity or trolling. We do not allow language or behavior that harasses, humiliates, threatens, or doxes anyone. This also includes responding to such acts with retaliatory harassment (but excludes non-harassing counterspeech).We proactively enforce our Community Guidelines through a mix of technology and human moderation. We have detected this policy violation using automated measures. We have used automated measures in making this decision.",,STATEMENT_CATEGORY_ILLEGAL_OR_HARMFUL_SPEECH,,,,"[""CONTENT_TYPE_TEXT""]",,,"2024-11-23 00:00:00","[""AT"",""BE"",""BG"",""CY"",""CZ"",""DE"",""DK"",""EE"",""ES"",""FI"",""FR"",""GR"",""HR"",""HU"",""IE"",""IT"",""LI"",""LT"",""LU"",""LV"",""MT"",""NL"",""NO"",""PL"",""PT"",""RO"",""SE"",""SI"",""SK""]","2024-11-23 00:00:00","The decision was taken pursuant to own-initiative investigations.",SOURCE_VOLUNTARY,,Yes,AUTOMATED_DECISION_FULLY,TikTok,7440309511966956321,"2024-11-23 03:21:09"
42aac0d1-b75a-47ec-8623-0a00daac7d8e,"[""DECISION_VISIBILITY_CONTENT_AGE_RESTRICTED""]",,,,,,,,,,,DECISION_GROUND_INCOMPATIBLE_CONTENT,,,,"Minimum Age Requirement","Users must be 13 years and older to have a TikTok account. We are deeply committed to ensuring that TikTok is a safe and positive experience for people under the age of 18. This starts by being old enough to use TikTok. If we learn someone is below the minimum age on TikTok, we will ban that account. Content created by anyone under 16 is ineligible for the For You feed and harder to find in search.We proactively enforce our Community Guidelines through a mix of technology and human moderation. We have detected this policy violation using automated measures.",,STATEMENT_CATEGORY_PROTECTION_OF_MINORS,,,,"[""CONTENT_TYPE_VIDEO""]",,,"2024-10-05 00:00:00","[""AT"",""BE"",""BG"",""CY"",""CZ"",""DE"",""DK"",""EE"",""ES"",""FI"",""FR"",""GR"",""HR"",""HU"",""IE"",""IT"",""LI"",""LT"",""LU"",""LV"",""MT"",""NL"",""NO"",""PL"",""PT"",""RO"",""SE"",""SI"",""SK""]","2024-11-23 00:00:00","The decision was taken pursuant to own-initiative investigations.",SOURCE_VOLUNTARY,,Yes,AUTOMATED_DECISION_NOT_AUTOMATED,TikTok,7440309511966972705,"2024-11-23 03:21:09"
e60d1dd4-7afa-48a4-b189-7feb0e6f0bcf,"[""DECISION_VISIBILITY_OTHER""]","Video not eligible for recommendation in the For You feed",,,,,,,,,,DECISION_GROUND_INCOMPATIBLE_CONTENT,,,,"Alcohol, Tobacco, and Drugs","While adults make personal choices about how they engage with alcohol, drugs, and tobacco, we recognize that there are risks connected to trading and using these substances. Content is ineligible for the For You feed and harder to find in search if it shows adults consuming excessive amounts of alcohol or tobacco products.We proactively enforce our Community Guidelines through a mix of technology and human moderation. We have detected this policy violation using automated measures. We have used automated measures in making this decision.",,STATEMENT_CATEGORY_SCOPE_OF_PLATFORM_SERVICE,,,,"[""CONTENT_TYPE_VIDEO""]",,,"2024-11-23 00:00:00","[""AT"",""BE"",""BG"",""CY"",""CZ"",""DE"",""DK"",""EE"",""ES"",""FI"",""FR"",""GR"",""HR"",""HU"",""IE"",""IT"",""LI"",""LT"",""LU"",""LV"",""MT"",""NL"",""NO"",""PL"",""PT"",""RO"",""SE"",""SI"",""SK""]","2024-11-23 00:00:00","The decision was taken pursuant to own-initiative investigations.",SOURCE_VOLUNTARY,,Yes,AUTOMATED_DECISION_FULLY,TikTok,7440309522595355425,"2024-11-23 03:21:10"
90152213-080b-47db-ad80-9d8a838e53f1,"[""DECISION_VISIBILITY_OTHER""]","Video not eligible for recommendation in the For You feed",,,,,,,,,,DECISION_GROUND_INCOMPATIBLE_CONTENT,,,,"Community Guidelines","We maintain content eligibility standards for the For You feed (FYF) that prioritize safety and are informed by the diversity of our community and cultural norms. We make ineligible for the FYF certain content that may not be appropriate for a broad audience related to: (1) Behavioral Health, (2) Sensitive and Mature Themes, (3) Integrity and Authenticity, and (4) Regulated Goods. Content that is ineligible for the FYF can still be discovered in other ways, such as through search tools or by following an account.We proactively enforce our Community Guidelines through a mix of technology and human moderation. We have detected this policy violation using automated measures. We have used automated measures in making this decision.",,STATEMENT_CATEGORY_SCOPE_OF_PLATFORM_SERVICE,,,,"[""CONTENT_TYPE_VIDEO""]",,,"2024-11-23 00:00:00","[""AT"",""BE"",""BG"",""CY"",""CZ"",""DE"",""DK"",""EE"",""ES"",""FI"",""FR"",""GR"",""HR"",""HU"",""IE"",""IT"",""LI"",""LT"",""LU"",""LV"",""MT"",""NL"",""NO"",""PL"",""PT"",""RO"",""SE"",""SI"",""SK""]","2024-11-23 00:00:00","The decision was taken pursuant to own-initiative investigations.",SOURCE_VOLUNTARY,,Yes,AUTOMATED_DECISION_FULLY,TikTok,7440309526017874720,"2024-11-23 03:21:10"
7cb2e38b-ff10-4259-bd09-0f1585fe222f,"[""DECISION_VISIBILITY_CONTENT_REMOVED""]",,,,,,,,,,,DECISION_GROUND_INCOMPATIBLE_CONTENT,,,,"Harassment and Bullying","We welcome the respectful expression of different viewpoints, but not toxicity or trolling. We do not allow language or behavior that harasses, humiliates, threatens, or doxes anyone. This also includes responding to such acts with retaliatory harassment (but excludes non-harassing counterspeech).We proactively enforce our Community Guidelines through a mix of technology and human moderation. We have detected this policy violation using automated measures. We have used automated measures in making this decision.",,STATEMENT_CATEGORY_ILLEGAL_OR_HARMFUL_SPEECH,,,,"[""CONTENT_TYPE_TEXT""]",,,"2024-11-23 00:00:00","[""AT"",""BE"",""BG"",""CY"",""CZ"",""DE"",""DK"",""EE"",""ES"",""FI"",""FR"",""GR"",""HR"",""HU"",""IE"",""IT"",""LI"",""LT"",""LU"",""LV"",""MT"",""NL"",""NO"",""PL"",""PT"",""RO"",""SE"",""SI"",""SK""]","2024-11-23 00:00:00","The decision was taken pursuant to own-initiative investigations.",SOURCE_VOLUNTARY,,Yes,AUTOMATED_DECISION_FULLY,TikTok,7440309522595371809,"2024-11-23 03:21:10"
3df4a396-19e7-4184-b80b-ad96db241201,"[""DECISION_VISIBILITY_CONTENT_REMOVED""]",,,,,,,,,,,DECISION_GROUND_INCOMPATIBLE_CONTENT,,,,"Harassment and Bullying","We welcome the respectful expression of different viewpoints, but not toxicity or trolling. We do not allow language or behavior that harasses, humiliates, threatens, or doxes anyone. This also includes responding to such acts with retaliatory harassment (but excludes non-harassing counterspeech).We proactively enforce our Community Guidelines through a mix of technology and human moderation. We have detected this policy violation using automated measures. We have used automated measures in making this decision.",,STATEMENT_CATEGORY_ILLEGAL_OR_HARMFUL_SPEECH,,,,"[""CONTENT_TYPE_TEXT""]",,,"2024-11-23 00:00:00","[""AT"",""BE"",""BG"",""CY"",""CZ"",""DE"",""DK"",""EE"",""ES"",""FI"",""FR"",""GR"",""HR"",""HU"",""IE"",""IT"",""LI"",""LT"",""LU"",""LV"",""MT"",""NL"",""NO"",""PL"",""PT"",""RO"",""SE"",""SI"",""SK""]","2024-11-23 00:00:00","The decision was taken pursuant to own-initiative investigations.",SOURCE_VOLUNTARY,,Yes,AUTOMATED_DECISION_FULLY,TikTok,7440309522595388193,"2024-11-23 03:21:10"
39ebf9ff-1738-4fa4-8094-ea60ec6a03d2,"[""DECISION_VISIBILITY_CONTENT_REMOVED""]",,,,,,,,,,,DECISION_GROUND_INCOMPATIBLE_CONTENT,,,,"Harassment and Bullying","We welcome the respectful expression of different viewpoints, but not toxicity or trolling. We do not allow language or behavior that harasses, humiliates, threatens, or doxes anyone. This also includes responding to such acts with retaliatory harassment (but excludes non-harassing counterspeech).We proactively enforce our Community Guidelines through a mix of technology and human moderation. We have detected this policy violation using automated measures. We have used automated measures in making this decision.",,STATEMENT_CATEGORY_ILLEGAL_OR_HARMFUL_SPEECH,,,,"[""CONTENT_TYPE_TEXT""]",,,"2024-11-23 00:00:00","[""AT"",""BE"",""BG"",""CY"",""CZ"",""DE"",""DK"",""EE"",""ES"",""FI"",""FR"",""GR"",""HR"",""HU"",""IE"",""IT"",""LI"",""LT"",""LU"",""LV"",""MT"",""NL"",""NO"",""PL"",""PT"",""RO"",""SE"",""SI"",""SK""]","2024-11-23 00:00:00","The decision was taken pursuant to own-initiative investigations.",SOURCE_VOLUNTARY,,Yes,AUTOMATED_DECISION_FULLY,TikTok,7440309522595404577,"2024-11-23 03:21:10"
f3625b20-6053-4f1b-98b6-4b88ad2bf32a,"[""DECISION_VISIBILITY_OTHER""]","Video not eligible for recommendation in the For You feed",,,,,,,,,,DECISION_GROUND_INCOMPATIBLE_CONTENT,,,,"Alcohol, Tobacco, and Drugs","While adults make personal choices about how they engage with alcohol, drugs, and tobacco, we recognize that there are risks connected to trading and using these substances. Content is ineligible for the For You feed and harder to find in search if it shows adults consuming excessive amounts of alcohol or tobacco products.We proactively enforce our Community Guidelines through a mix of technology and human moderation. We have detected this policy violation using automated measures. We have used automated measures in making this decision.",,STATEMENT_CATEGORY_SCOPE_OF_PLATFORM_SERVICE,,,,"[""CONTENT_TYPE_VIDEO""]",,,"2024-11-23 00:00:00","[""AT"",""BE"",""BG"",""CY"",""CZ"",""DE"",""DK"",""EE"",""ES"",""FI"",""FR"",""GR"",""HR"",""HU"",""IE"",""IT"",""LI"",""LT"",""LU"",""LV"",""MT"",""NL"",""NO"",""PL"",""PT"",""RO"",""SE"",""SI"",""SK""]","2024-11-23 00:00:00","The decision was taken pursuant to own-initiative investigations.",SOURCE_VOLUNTARY,,Yes,AUTOMATED_DECISION_FULLY,TikTok,7440309526017891104,"2024-11-23 03:21:10"
9a8d22bb-d13e-40e5-a686-31394af458ac,"[""DECISION_VISIBILITY_OTHER""]","Video not eligible for recommendation in the For You feed",,,,,,,,,,DECISION_GROUND_INCOMPATIBLE_CONTENT,,,,"Community Guidelines","We maintain content eligibility standards for the For You feed (FYF) that prioritize safety and are informed by the diversity of our community and cultural norms. We make ineligible for the FYF certain content that may not be appropriate for a broad audience related to: (1) Behavioral Health, (2) Sensitive and Mature Themes, (3) Integrity and Authenticity, and (4) Regulated Goods. Content that is ineligible for the FYF can still be discovered in other ways, such as through search tools or by following an account.We proactively enforce our Community Guidelines through a mix of technology and human moderation. We have detected this policy violation using automated measures. We have used automated measures in making this decision.",,STATEMENT_CATEGORY_SCOPE_OF_PLATFORM_SERVICE,,,,"[""CONTENT_TYPE_VIDEO""]",,,"2024-11-23 00:00:00","[""AT"",""BE"",""BG"",""CY"",""CZ"",""DE"",""DK"",""EE"",""ES"",""FI"",""FR"",""GR"",""HR"",""HU"",""IE"",""IT"",""LI"",""LT"",""LU"",""LV"",""MT"",""NL"",""NO"",""PL"",""PT"",""RO"",""SE"",""SI"",""SK""]","2024-11-23 00:00:00","The decision was taken pursuant to own-initiative investigations.",SOURCE_VOLUNTARY,,Yes,AUTOMATED_DECISION_FULLY,TikTok,7440309522595420961,"2024-11-23 03:21:10"
8b5da2be-171f-41c0-9b72-427963b8fcef,,,,,,,DECISION_PROVISION_PARTIAL_SUSPENSION,"2024-11-26 00:00:00",,,,DECISION_GROUND_INCOMPATIBLE_CONTENT,,,,"Sexually suggestive content","We welcome performances and dances where people can creatively express themselves, celebrate their culture, or seek to entertain. We are mindful that certain behaviors related to sexual arousal or suggestiveness may be offensive to some people and may put young people at risk of exploitation. We do not allow seductive performances or allusions to sexual activity by young people, or the use of sexually explicit narratives by anyone. Visit our {CG_link} for more information.",,STATEMENT_CATEGORY_SCOPE_OF_PLATFORM_SERVICE,,,,"[""CONTENT_TYPE_VIDEO""]",,,"2024-11-23 00:00:00","[""AT"",""BE"",""BG"",""CY"",""CZ"",""DE"",""DK"",""EE"",""ES"",""FI"",""FR"",""GR"",""HR"",""HU"",""IE"",""IS"",""IT"",""LI"",""LT"",""LU"",""LV"",""MT"",""NL"",""NO"",""PL"",""PT"",""RO"",""SE"",""SI"",""SK""]","2024-11-23 00:00:00","The decision was taken pursuant to own-initiative investigations",SOURCE_VOLUNTARY,,Yes,AUTOMATED_DECISION_FULLY,TikTok,7440309526017907488,"2024-11-23 03:21:10"
25cf7339-08ea-4bf7-af28-1623d997dc1d,"[""DECISION_VISIBILITY_CONTENT_REMOVED""]",,,,,,,,,,,DECISION_GROUND_INCOMPATIBLE_CONTENT,,,,"Harassment and Bullying","We welcome the respectful expression of different viewpoints, but not toxicity or trolling. We do not allow language or behavior that harasses, humiliates, threatens, or doxes anyone. This also includes responding to such acts with retaliatory harassment (but excludes non-harassing counterspeech).We proactively enforce our Community Guidelines through a mix of technology and human moderation. We have detected this policy violation using automated measures. We have used automated measures in making this decision.",,STATEMENT_CATEGORY_ILLEGAL_OR_HARMFUL_SPEECH,,,,"[""CONTENT_TYPE_TEXT""]",,,"2024-11-23 00:00:00","[""AT"",""BE"",""BG"",""CY"",""CZ"",""DE"",""DK"",""EE"",""ES"",""FI"",""FR"",""GR"",""HR"",""HU"",""IE"",""IT"",""LI"",""LT"",""LU"",""LV"",""MT"",""NL"",""NO"",""PL"",""PT"",""RO"",""SE"",""SI"",""SK""]","2024-11-23 00:00:00","The decision was taken pursuant to own-initiative investigations.",SOURCE_VOLUNTARY,,Yes,AUTOMATED_DECISION_FULLY,TikTok,7440309522595437345,"2024-11-23 03:21:10"
f2e1bf6c-e1f1-4325-8e8e-2cee25e58a1a,"[""DECISION_VISIBILITY_CONTENT_REMOVED""]",,,,,,,,,,,DECISION_GROUND_INCOMPATIBLE_CONTENT,,,,"Sexually suggestive content","We welcome performances and dances where people can creatively express themselves, celebrate their culture, or seek to entertain. We are mindful that certain behaviors related to sexual arousal or suggestiveness may be offensive to some people and may put young people at risk of exploitation. We do not allow seductive performances or allusions to sexual activity by young people, or the use of sexually explicit narratives by anyone. Visit our {CG_link} for more information.",,STATEMENT_CATEGORY_SCOPE_OF_PLATFORM_SERVICE,,,,"[""CONTENT_TYPE_VIDEO""]",,,"2024-11-23 00:00:00","[""AT"",""BE"",""BG"",""CY"",""CZ"",""DE"",""DK"",""EE"",""ES"",""FI"",""FR"",""GR"",""HR"",""HU"",""IE"",""IS"",""IT"",""LI"",""LT"",""LU"",""LV"",""MT"",""NL"",""NO"",""PL"",""PT"",""RO"",""SE"",""SI"",""SK""]","2024-11-23 00:00:00","The decision was taken pursuant to own-initiative investigations",SOURCE_VOLUNTARY,,Yes,AUTOMATED_DECISION_FULLY,TikTok,7440309526017923872,"2024-11-23 03:21:10"
9a88b73b-968c-40a1-b498-e4300492f442,"[""DECISION_VISIBILITY_CONTENT_REMOVED""]",,,,,,,,,,,DECISION_GROUND_INCOMPATIBLE_CONTENT,,,,"Harassment and Bullying","We welcome the respectful expression of different viewpoints, but not toxicity or trolling. We do not allow language or behavior that harasses, humiliates, threatens, or doxes anyone. This also includes responding to such acts with retaliatory harassment (but excludes non-harassing counterspeech).We proactively enforce our Community Guidelines through a mix of technology and human moderation. We have detected this policy violation using automated measures. We have used automated measures in making this decision.",,STATEMENT_CATEGORY_ILLEGAL_OR_HARMFUL_SPEECH,,,,"[""CONTENT_TYPE_TEXT""]",,,"2024-11-23 00:00:00","[""AT"",""BE"",""BG"",""CY"",""CZ"",""DE"",""DK"",""EE"",""ES"",""FI"",""FR"",""GR"",""HR"",""HU"",""IE"",""IT"",""LI"",""LT"",""LU"",""LV"",""MT"",""NL"",""NO"",""PL"",""PT"",""RO"",""SE"",""SI"",""SK""]","2024-11-23 00:00:00","The decision was taken pursuant to own-initiative investigations.",SOURCE_VOLUNTARY,,Yes,AUTOMATED_DECISION_FULLY,TikTok,7440309522595453729,"2024-11-23 03:21:12"
77868391-bf16-499c-bdb4-1a1520182502,"[""DECISION_VISIBILITY_CONTENT_REMOVED""]",,,,,,,,,,,DECISION_GROUND_INCOMPATIBLE_CONTENT,,,,"Community Guidelines","Your content is against our Community Guidelines. The guidelines include rules and standards for using TikTok that apply to everyone and everything on our platform.We proactively enforce our Community Guidelines through a mix of technology and human moderation. We have detected this policy violation using automated measures. We have used automated measures in making this decision.",,STATEMENT_CATEGORY_SCOPE_OF_PLATFORM_SERVICE,,,,"[""CONTENT_TYPE_IMAGE""]",,,"2024-11-22 00:00:00","[""AT"",""BE"",""BG"",""CY"",""CZ"",""DE"",""DK"",""EE"",""ES"",""FI"",""FR"",""GR"",""HR"",""HU"",""IE"",""IT"",""LI"",""LT"",""LU"",""LV"",""MT"",""NL"",""NO"",""PL"",""PT"",""RO"",""SE"",""SI"",""SK""]","2024-11-23 00:00:00","The decision was taken pursuant to own-initiative investigations.",SOURCE_VOLUNTARY,,Yes,AUTOMATED_DECISION_FULLY,TikTok,7440309522595470113,"2024-11-23 03:21:12"
d9437e95-d91d-4700-96d5-e482fa7c3ebc,"[""DECISION_VISIBILITY_CONTENT_REMOVED""]",,,,,,,,,,,DECISION_GROUND_INCOMPATIBLE_CONTENT,,,,"Hate Speech and Hateful Behaviors","TikTok is enriched by the various backgrounds of our community members. Our differences should be respected, rather than a cause for division. We do not allow any hateful behavior, hate speech, or promotion of hateful ideologies. This includes content that attacks a person or group because of protected attributes.We proactively enforce our Community Guidelines through a mix of technology and human moderation. We have detected this policy violation using automated measures. We have used automated measures in making this decision.",,STATEMENT_CATEGORY_ILLEGAL_OR_HARMFUL_SPEECH,,,,"[""CONTENT_TYPE_TEXT""]",,,"2024-11-23 00:00:00","[""AT"",""BE"",""BG"",""CY"",""CZ"",""DE"",""DK"",""EE"",""ES"",""FI"",""FR"",""GR"",""HR"",""HU"",""IE"",""IT"",""LI"",""LT"",""LU"",""LV"",""MT"",""NL"",""NO"",""PL"",""PT"",""RO"",""SE"",""SI"",""SK""]","2024-11-23 00:00:00","The decision was taken pursuant to own-initiative investigations.",SOURCE_VOLUNTARY,,Yes,AUTOMATED_DECISION_FULLY,TikTok,7440309526017940256,"2024-11-23 03:21:12"
93e265d5-cbab-4eb9-8551-1e61ef7a72c7,"[""DECISION_VISIBILITY_CONTENT_REMOVED""]",,,,,,,,,,,DECISION_GROUND_INCOMPATIBLE_CONTENT,,,,"Harassment and Bullying","We welcome the respectful expression of different viewpoints, but not toxicity or trolling. We do not allow language or behavior that harasses, humiliates, threatens, or doxes anyone. This also includes responding to such acts with retaliatory harassment (but excludes non-harassing counterspeech).We proactively enforce our Community Guidelines through a mix of technology and human moderation. We have detected this policy violation using automated measures. We have used automated measures in making this decision.",,STATEMENT_CATEGORY_ILLEGAL_OR_HARMFUL_SPEECH,,,,"[""CONTENT_TYPE_TEXT""]",,,"2024-11-23 00:00:00","[""AT"",""BE"",""BG"",""CY"",""CZ"",""DE"",""DK"",""EE"",""ES"",""FI"",""FR"",""GR"",""HR"",""HU"",""IE"",""IT"",""LI"",""LT"",""LU"",""LV"",""MT"",""NL"",""NO"",""PL"",""PT"",""RO"",""SE"",""SI"",""SK""]","2024-11-23 00:00:00","The decision was taken pursuant to own-initiative investigations.",SOURCE_VOLUNTARY,,Yes,AUTOMATED_DECISION_FULLY,TikTok,7440309531785042720,"2024-11-23 03:21:12"
63e2ea7e-f429-4ddf-954a-edbefc86b9eb,"[""DECISION_VISIBILITY_CONTENT_REMOVED""]",,,,,,,,,,,DECISION_GROUND_INCOMPATIBLE_CONTENT,,,,"Sexually Suggestive Content","We welcome performances and dances where people can creatively express themselves, celebrate their culture, or seek to entertain. We are mindful that certain behaviors related to sexual arousal or suggestiveness may be offensive to some people and may put young people at risk of exploitation. We do not allow seductive performances or allusions to sexual activity by young people, or the use of sexually explicit narratives by anyone.We proactively enforce our Community Guidelines through a mix of technology and human moderation. We have detected this policy violation using automated measures. We have used automated measures in making this decision.",,STATEMENT_CATEGORY_SCOPE_OF_PLATFORM_SERVICE,,,,"[""CONTENT_TYPE_VIDEO""]",,,"2024-11-23 00:00:00","[""AT"",""BE"",""BG"",""CY"",""CZ"",""DE"",""DK"",""EE"",""ES"",""FI"",""FR"",""GR"",""HR"",""HU"",""IE"",""IT"",""LI"",""LT"",""LU"",""LV"",""MT"",""NL"",""NO"",""PL"",""PT"",""RO"",""SE"",""SI"",""SK""]","2024-11-23 00:00:00","The decision was taken pursuant to own-initiative investigations.",SOURCE_VOLUNTARY,,Yes,AUTOMATED_DECISION_FULLY,TikTok,7440309526017956640,"2024-11-23 03:21:14"
9aa3dbab-07e7-49dc-99a8-05555bd728e8,"[""DECISION_VISIBILITY_CONTENT_REMOVED""]",,,,,,,,,,,DECISION_GROUND_INCOMPATIBLE_CONTENT,,,,"Harassment and Bullying","We welcome the respectful expression of different viewpoints, but not toxicity or trolling. We do not allow language or behavior that harasses, humiliates, threatens, or doxes anyone. This also includes responding to such acts with retaliatory harassment (but excludes non-harassing counterspeech).We proactively enforce our Community Guidelines through a mix of technology and human moderation. We have detected this policy violation using automated measures. We have used automated measures in making this decision.",,STATEMENT_CATEGORY_ILLEGAL_OR_HARMFUL_SPEECH,,,,"[""CONTENT_TYPE_TEXT""]",,,"2024-11-23 00:00:00","[""AT"",""BE"",""BG"",""CY"",""CZ"",""DE"",""DK"",""EE"",""ES"",""FI"",""FR"",""GR"",""HR"",""HU"",""IE"",""IT"",""LI"",""LT"",""LU"",""LV"",""MT"",""NL"",""NO"",""PL"",""PT"",""RO"",""SE"",""SI"",""SK""]","2024-11-23 00:00:00","The decision was taken pursuant to own-initiative investigations.",SOURCE_VOLUNTARY,,Yes,AUTOMATED_DECISION_FULLY,TikTok,7440309531785059104,"2024-11-23 03:21:14"
860bc8a2-317d-417b-b214-a0c3f589faa1,"[""DECISION_VISIBILITY_CONTENT_REMOVED""]",,,,,,,,,,,DECISION_GROUND_INCOMPATIBLE_CONTENT,,,,"Harassment and Bullying","We welcome the respectful expression of different viewpoints, but not toxicity or trolling. We do not allow language or behavior that harasses, humiliates, threatens, or doxes anyone. This also includes responding to such acts with retaliatory harassment (but excludes non-harassing counterspeech).We proactively enforce our Community Guidelines through a mix of technology and human moderation. We have detected this policy violation using automated measures. We have used automated measures in making this decision.",,STATEMENT_CATEGORY_ILLEGAL_OR_HARMFUL_SPEECH,,,,"[""CONTENT_TYPE_TEXT""]",,,"2024-11-23 00:00:00","[""AT"",""BE"",""BG"",""CY"",""CZ"",""DE"",""DK"",""EE"",""ES"",""FI"",""FR"",""GR"",""HR"",""HU"",""IE"",""IT"",""LI"",""LT"",""LU"",""LV"",""MT"",""NL"",""NO"",""PL"",""PT"",""RO"",""SE"",""SI"",""SK""]","2024-11-23 00:00:00","The decision was taken pursuant to own-initiative investigations.",SOURCE_VOLUNTARY,,Yes,AUTOMATED_DECISION_FULLY,TikTok,7440309531785075488,"2024-11-23 03:21:14"
f2628d9d-92c6-4ad9-8349-71a6a0e53633,"[""DECISION_VISIBILITY_CONTENT_REMOVED""]",,,,,,,,,,,DECISION_GROUND_INCOMPATIBLE_CONTENT,,,,"Harassment and Bullying","We welcome the respectful expression of different viewpoints, but not toxicity or trolling. We do not allow language or behavior that harasses, humiliates, threatens, or doxes anyone. This also includes responding to such acts with retaliatory harassment (but excludes non-harassing counterspeech).We proactively enforce our Community Guidelines through a mix of technology and human moderation. We have detected this policy violation using automated measures. We have used automated measures in making this decision.",,STATEMENT_CATEGORY_ILLEGAL_OR_HARMFUL_SPEECH,,,,"[""CONTENT_TYPE_TEXT""]",,,"2024-11-23 00:00:00","[""AT"",""BE"",""BG"",""CY"",""CZ"",""DE"",""DK"",""EE"",""ES"",""FI"",""FR"",""GR"",""HR"",""HU"",""IE"",""IT"",""LI"",""LT"",""LU"",""LV"",""MT"",""NL"",""NO"",""PL"",""PT"",""RO"",""SE"",""SI"",""SK""]","2024-11-23 00:00:00","The decision was taken pursuant to own-initiative investigations.",SOURCE_VOLUNTARY,,Yes,AUTOMATED_DECISION_FULLY,TikTok,7440309526017973024,"2024-11-23 03:21:14"
d3b35d72-ad96-4d47-9f4c-9658ad0d960c,"[""DECISION_VISIBILITY_OTHER""]","Video not eligible for recommendation in the For You feed",,,,,,,,,,DECISION_GROUND_INCOMPATIBLE_CONTENT,,,,"Community Guidelines","We maintain content eligibility standards for the For You feed (FYF) that prioritize safety and are informed by the diversity of our community and cultural norms. We make ineligible for the FYF certain content that may not be appropriate for a broad audience related to: (1) Behavioral Health, (2) Sensitive and Mature Themes, (3) Integrity and Authenticity, and (4) Regulated Goods. Content that is ineligible for the FYF can still be discovered in other ways, such as through search tools or by following an account.We proactively enforce our Community Guidelines through a mix of technology and human moderation. We have detected this policy violation using automated measures. We have used automated measures in making this decision.",,STATEMENT_CATEGORY_SCOPE_OF_PLATFORM_SERVICE,,,,"[""CONTENT_TYPE_VIDEO""]",,,"2024-11-23 00:00:00","[""AT"",""BE"",""BG"",""CY"",""CZ"",""DE"",""DK"",""EE"",""ES"",""FI"",""FR"",""GR"",""HR"",""HU"",""IE"",""IT"",""LI"",""LT"",""LU"",""LV"",""MT"",""NL"",""NO"",""PL"",""PT"",""RO"",""SE"",""SI"",""SK""]","2024-11-23 00:00:00","The decision was taken pursuant to own-initiative investigations.",SOURCE_VOLUNTARY,,Yes,AUTOMATED_DECISION_FULLY,TikTok,7440309531785091872,"2024-11-23 03:21:14"
2ae63c36-6799-4cbf-9fa7-2e2aedea8bb4,,,,,,,DECISION_PROVISION_PARTIAL_SUSPENSION,"2024-11-30 00:00:00",,,,DECISION_GROUND_INCOMPATIBLE_CONTENT,,,,"Violent behaviors and criminal activities","We recognize that online content related to violence can cause real-world harm. We do not allow any violent threats, incitement to violence, or promotion of criminal activities that may harm people, animals, or property. If there is a specific, credible, and imminent threat to human life or serious physical injury, we will report it to relevant law enforcement authorities. Visit our {CG_link} for more information.",,STATEMENT_CATEGORY_VIOLENCE,,,,"[""CONTENT_TYPE_VIDEO""]",,,"2024-11-23 00:00:00","[""AT"",""BE"",""BG"",""CY"",""CZ"",""DE"",""DK"",""EE"",""ES"",""FI"",""FR"",""GR"",""HR"",""HU"",""IE"",""IS"",""IT"",""LI"",""LT"",""LU"",""LV"",""MT"",""NL"",""NO"",""PL"",""PT"",""RO"",""SE"",""SI"",""SK""]","2024-11-23 00:00:00","The decision was taken pursuant to own-initiative investigations",SOURCE_VOLUNTARY,,Yes,AUTOMATED_DECISION_NOT_AUTOMATED,TikTok,7440309526017989408,"2024-11-23 03:21:14"
269a9d2e-53f5-4868-ab87-c81603428bf0,,,,,,,DECISION_PROVISION_PARTIAL_SUSPENSION,"2024-11-26 00:00:00",,,,DECISION_GROUND_INCOMPATIBLE_CONTENT,,,,"Sexually suggestive content","We welcome performances and dances where people can creatively express themselves, celebrate their culture, or seek to entertain. We are mindful that certain behaviors related to sexual arousal or suggestiveness may be offensive to some people and may put young people at risk of exploitation. We do not allow seductive performances or allusions to sexual activity by young people, or the use of sexually explicit narratives by anyone. Visit our {CG_link} for more information.",,STATEMENT_CATEGORY_SCOPE_OF_PLATFORM_SERVICE,,,,"[""CONTENT_TYPE_VIDEO""]",,,"2024-11-23 00:00:00","[""AT"",""BE"",""BG"",""CY"",""CZ"",""DE"",""DK"",""EE"",""ES"",""FI"",""FR"",""GR"",""HR"",""HU"",""IE"",""IS"",""IT"",""LI"",""LT"",""LU"",""LV"",""MT"",""NL"",""NO"",""PL"",""PT"",""RO"",""SE"",""SI"",""SK""]","2024-11-23 00:00:00","The decision was taken pursuant to own-initiative investigations",SOURCE_VOLUNTARY,,Yes,AUTOMATED_DECISION_FULLY,TikTok,7440309526018005792,"2024-11-23 03:21:14"
3da565b9-c1b0-4682-b40a-c98e8daf1059,"[""DECISION_VISIBILITY_CONTENT_REMOVED""]",,,,,,,,,,,DECISION_GROUND_INCOMPATIBLE_CONTENT,,,,"Harassment and Bullying","We welcome the respectful expression of different viewpoints, but not toxicity or trolling. We do not allow language or behavior that harasses, humiliates, threatens, or doxes anyone. This also includes responding to such acts with retaliatory harassment (but excludes non-harassing counterspeech).We proactively enforce our Community Guidelines through a mix of technology and human moderation. We have detected this policy violation using automated measures. We have used automated measures in making this decision.",,STATEMENT_CATEGORY_ILLEGAL_OR_HARMFUL_SPEECH,,,,"[""CONTENT_TYPE_TEXT""]",,,"2024-11-23 00:00:00","[""AT"",""BE"",""BG"",""CY"",""CZ"",""DE"",""DK"",""EE"",""ES"",""FI"",""FR"",""GR"",""HR"",""HU"",""IE"",""IT"",""LI"",""LT"",""LU"",""LV"",""MT"",""NL"",""NO"",""PL"",""PT"",""RO"",""SE"",""SI"",""SK""]","2024-11-23 00:00:00","The decision was taken pursuant to own-initiative investigations.",SOURCE_VOLUNTARY,,Yes,AUTOMATED_DECISION_FULLY,TikTok,7440309531785108256,"2024-11-23 03:21:14"
c154919f-1636-4531-b24d-c1bf100e3a98,"[""DECISION_VISIBILITY_CONTENT_REMOVED""]",,,,,,,,,,,DECISION_GROUND_INCOMPATIBLE_CONTENT,,,,"Harassment and Bullying","We welcome the respectful expression of different viewpoints, but not toxicity or trolling. We do not allow language or behavior that harasses, humiliates, threatens, or doxes anyone. This also includes responding to such acts with retaliatory harassment (but excludes non-harassing counterspeech).We proactively enforce our Community Guidelines through a mix of technology and human moderation. We have detected this policy violation using automated measures. We have used automated measures in making this decision.",,STATEMENT_CATEGORY_ILLEGAL_OR_HARMFUL_SPEECH,,,,"[""CONTENT_TYPE_TEXT""]",,,"2024-11-23 00:00:00","[""AT"",""BE"",""BG"",""CY"",""CZ"",""DE"",""DK"",""EE"",""ES"",""FI"",""FR"",""GR"",""HR"",""HU"",""IE"",""IT"",""LI"",""LT"",""LU"",""LV"",""MT"",""NL"",""NO"",""PL"",""PT"",""RO"",""SE"",""SI"",""SK""]","2024-11-23 00:00:00","The decision was taken pursuant to own-initiative investigations.",SOURCE_VOLUNTARY,,Yes,AUTOMATED_DECISION_FULLY,TikTok,7440309526018022176,"2024-11-23 03:21:14"
ab566f58-5caf-4754-b511-33a374c292cb,,,,,,,DECISION_PROVISION_PARTIAL_SUSPENSION,"2024-11-24 00:00:00",,,,DECISION_GROUND_INCOMPATIBLE_CONTENT,,,,"Dangerous activities and challenges","Most activities or challenges are appropriate for everyone, but some carry a risk of significant injury. We do not allow showing or promoting dangerous activities and challenges. This includes dares, games, tricks, inappropriate use of dangerous tools, eating substances that are harmful to one’s health, or similar activities that may lead to significant physical harm. Visit our {CG_link} for more information.",,STATEMENT_CATEGORY_SCOPE_OF_PLATFORM_SERVICE,,,,"[""CONTENT_TYPE_VIDEO""]",,,"2024-11-23 00:00:00","[""AT"",""BE"",""BG"",""CY"",""CZ"",""DE"",""DK"",""EE"",""ES"",""FI"",""FR"",""GR"",""HR"",""HU"",""IE"",""IS"",""IT"",""LI"",""LT"",""LU"",""LV"",""MT"",""NL"",""NO"",""PL"",""PT"",""RO"",""SE"",""SI"",""SK""]","2024-11-23 00:00:00","The decision was taken pursuant to own-initiative investigations",SOURCE_VOLUNTARY,,Yes,AUTOMATED_DECISION_FULLY,TikTok,7440309543378098976,"2024-11-23 03:21:14"
b17dee42-219a-41f0-abcb-8ecf086de0a6,"[""DECISION_VISIBILITY_CONTENT_REMOVED""]",,,,,,,,,,,DECISION_GROUND_INCOMPATIBLE_CONTENT,,,,"Harassment and Bullying","We welcome the respectful expression of different viewpoints, but not toxicity or trolling. We do not allow language or behavior that harasses, humiliates, threatens, or doxes anyone. This also includes responding to such acts with retaliatory harassment (but excludes non-harassing counterspeech).We proactively enforce our Community Guidelines through a mix of technology and human moderation. We have detected this policy violation using automated measures. We have used automated measures in making this decision.",,STATEMENT_CATEGORY_ILLEGAL_OR_HARMFUL_SPEECH,,,,"[""CONTENT_TYPE_TEXT""]",,,"2024-11-23 00:00:00","[""AT"",""BE"",""BG"",""CY"",""CZ"",""DE"",""DK"",""EE"",""ES"",""FI"",""FR"",""GR"",""HR"",""HU"",""IE"",""IT"",""LI"",""LT"",""LU"",""LV"",""MT"",""NL"",""NO"",""PL"",""PT"",""RO"",""SE"",""SI"",""SK""]","2024-11-23 00:00:00","The decision was taken pursuant to own-initiative investigations.",SOURCE_VOLUNTARY,,Yes,AUTOMATED_DECISION_FULLY,TikTok,7440309531785124640,"2024-11-23 03:21:14"
d9e3dcb9-73f5-488d-8b8c-3082c4448daf,"[""DECISION_VISIBILITY_OTHER""]","Video not eligible for recommendation in the For You feed",,,,,,,,,,DECISION_GROUND_INCOMPATIBLE_CONTENT,,,,"Community Guidelines","We maintain content eligibility standards for the For You feed (FYF) that prioritize safety and are informed by the diversity of our community and cultural norms. We make ineligible for the FYF certain content that may not be appropriate for a broad audience related to: (1) Behavioral Health, (2) Sensitive and Mature Themes, (3) Integrity and Authenticity, and (4) Regulated Goods. Content that is ineligible for the FYF can still be discovered in other ways, such as through search tools or by following an account.We proactively enforce our Community Guidelines through a mix of technology and human moderation. We have detected this policy violation using automated measures. We have used automated measures in making this decision.",,STATEMENT_CATEGORY_SCOPE_OF_PLATFORM_SERVICE,,,,"[""CONTENT_TYPE_VIDEO""]",,,"2023-08-28 00:00:00","[""AT"",""BE"",""BG"",""CY"",""CZ"",""DE"",""DK"",""EE"",""ES"",""FI"",""FR"",""GR"",""HR"",""HU"",""IE"",""IT"",""LI"",""LT"",""LU"",""LV"",""MT"",""NL"",""NO"",""PL"",""PT"",""RO"",""SE"",""SI"",""SK""]","2024-11-23 00:00:00","The decision was taken pursuant to own-initiative investigations.",SOURCE_VOLUNTARY,,Yes,AUTOMATED_DECISION_FULLY,TikTok,7440307706956749600,"2024-11-23 03:21:15"
0e0871f8-bf01-4cda-b0f3-dd07ac55c85c,"[""DECISION_VISIBILITY_OTHER""]","Video not eligible for recommendation in the For You feed",,,,,,,,,,DECISION_GROUND_INCOMPATIBLE_CONTENT,,,,"Community Guidelines","We maintain content eligibility standards for the For You feed (FYF) that prioritize safety and are informed by the diversity of our community and cultural norms. We make ineligible for the FYF certain content that may not be appropriate for a broad audience related to: (1) Behavioral Health, (2) Sensitive and Mature Themes, (3) Integrity and Authenticity, and (4) Regulated Goods. Content that is ineligible for the FYF can still be discovered in other ways, such as through search tools or by following an account.We proactively enforce our Community Guidelines through a mix of technology and human moderation. We have detected this policy violation using automated measures. We have used automated measures in making this decision.",,STATEMENT_CATEGORY_SCOPE_OF_PLATFORM_SERVICE,,,,"[""CONTENT_TYPE_VIDEO""]",,,"2023-06-05 00:00:00","[""AT"",""BE"",""BG"",""CY"",""CZ"",""DE"",""DK"",""EE"",""ES"",""FI"",""FR"",""GR"",""HR"",""HU"",""IE"",""IT"",""LI"",""LT"",""LU"",""LV"",""MT"",""NL"",""NO"",""PL"",""PT"",""RO"",""SE"",""SI"",""SK""]","2024-11-23 00:00:00","The decision was taken pursuant to own-initiative investigations.",SOURCE_VOLUNTARY,,Yes,AUTOMATED_DECISION_FULLY,TikTok,7440307706973526817,"2024-11-23 03:21:15"
1263bfdb-63ac-4f90-b39c-0bd39bdb0777,"[""DECISION_VISIBILITY_OTHER""]","Video not eligible for recommendation in the For You feed",,,,,,,,,,DECISION_GROUND_INCOMPATIBLE_CONTENT,,,,"Community Guidelines","We maintain content eligibility standards for the For You feed (FYF) that prioritize safety and are informed by the diversity of our community and cultural norms. We make ineligible for the FYF certain content that may not be appropriate for a broad audience related to: (1) Behavioral Health, (2) Sensitive and Mature Themes, (3) Integrity and Authenticity, and (4) Regulated Goods. Content that is ineligible for the FYF can still be discovered in other ways, such as through search tools or by following an account.We proactively enforce our Community Guidelines through a mix of technology and human moderation. We have detected this policy violation using automated measures. We have used automated measures in making this decision.",,STATEMENT_CATEGORY_SCOPE_OF_PLATFORM_SERVICE,,,,"[""CONTENT_TYPE_VIDEO""]",,,"2023-03-05 00:00:00","[""AT"",""BE"",""BG"",""CY"",""CZ"",""DE"",""DK"",""EE"",""ES"",""FI"",""FR"",""GR"",""HR"",""HU"",""IE"",""IT"",""LI"",""LT"",""LU"",""LV"",""MT"",""NL"",""NO"",""PL"",""PT"",""RO"",""SE"",""SI"",""SK""]","2024-11-23 00:00:00","The decision was taken pursuant to own-initiative investigations.",SOURCE_VOLUNTARY,,Yes,AUTOMATED_DECISION_FULLY,TikTok,7440307706973543201,"2024-11-23 03:21:15"
e432514b-3207-4ff9-bd64-33d012e3b15f,"[""DECISION_VISIBILITY_OTHER""]","Video not eligible for recommendation in the For You feed",,,,,,,,,,DECISION_GROUND_INCOMPATIBLE_CONTENT,,,,"Community Guidelines","We maintain content eligibility standards for the For You feed (FYF) that prioritize safety and are informed by the diversity of our community and cultural norms. We make ineligible for the FYF certain content that may not be appropriate for a broad audience related to: (1) Behavioral Health, (2) Sensitive and Mature Themes, (3) Integrity and Authenticity, and (4) Regulated Goods. Content that is ineligible for the FYF can still be discovered in other ways, such as through search tools or by following an account.We proactively enforce our Community Guidelines through a mix of technology and human moderation. We have detected this policy violation using automated measures. We have used automated measures in making this decision.",,STATEMENT_CATEGORY_SCOPE_OF_PLATFORM_SERVICE,,,,"[""CONTENT_TYPE_VIDEO""]",,,"2022-11-20 00:00:00","[""AT"",""BE"",""BG"",""CY"",""CZ"",""DE"",""DK"",""EE"",""ES"",""FI"",""FR"",""GR"",""HR"",""HU"",""IE"",""IT"",""LI"",""LT"",""LU"",""LV"",""MT"",""NL"",""NO"",""PL"",""PT"",""RO"",""SE"",""SI"",""SK""]","2024-11-23 00:00:00","The decision was taken pursuant to own-initiative investigations.",SOURCE_VOLUNTARY,,Yes,AUTOMATED_DECISION_FULLY,TikTok,7440307707183110945,"2024-11-23 03:21:15"
dd886572-3fa7-4c33-a9b5-169f811c8c5d,"[""DECISION_VISIBILITY_OTHER""]","Video not eligible for recommendation in the For You feed",,,,,,,,,,DECISION_GROUND_INCOMPATIBLE_CONTENT,,,,"Community Guidelines","We maintain content eligibility standards for the For You feed (FYF) that prioritize safety and are informed by the diversity of our community and cultural norms. We make ineligible for the FYF certain content that may not be appropriate for a broad audience related to: (1) Behavioral Health, (2) Sensitive and Mature Themes, (3) Integrity and Authenticity, and (4) Regulated Goods. Content that is ineligible for the FYF can still be discovered in other ways, such as through search tools or by following an account.We proactively enforce our Community Guidelines through a mix of technology and human moderation. We have detected this policy violation using automated measures. We have used automated measures in making this decision.",,STATEMENT_CATEGORY_SCOPE_OF_PLATFORM_SERVICE,,,,"[""CONTENT_TYPE_VIDEO""]",,,"2023-12-11 00:00:00","[""AT"",""BE"",""BG"",""CY"",""CZ"",""DE"",""DK"",""EE"",""ES"",""FI"",""FR"",""GR"",""HR"",""HU"",""IE"",""IT"",""LI"",""LT"",""LU"",""LV"",""MT"",""NL"",""NO"",""PL"",""PT"",""RO"",""SE"",""SI"",""SK""]","2024-11-23 00:00:00","The decision was taken pursuant to own-initiative investigations.",SOURCE_VOLUNTARY,,Yes,AUTOMATED_DECISION_FULLY,TikTok,7440307706956765984,"2024-11-23 03:21:15"
c99323f2-2a24-49e5-a79f-5a604c1bb8f3,"[""DECISION_VISIBILITY_OTHER""]","Video not eligible for recommendation in the For You feed",,,,,,,,,,DECISION_GROUND_INCOMPATIBLE_CONTENT,,,,"Community Guidelines","We maintain content eligibility standards for the For You feed (FYF) that prioritize safety and are informed by the diversity of our community and cultural norms. We make ineligible for the FYF certain content that may not be appropriate for a broad audience related to: (1) Behavioral Health, (2) Sensitive and Mature Themes, (3) Integrity and Authenticity, and (4) Regulated Goods. Content that is ineligible for the FYF can still be discovered in other ways, such as through search tools or by following an account.We proactively enforce our Community Guidelines through a mix of technology and human moderation. We have detected this policy violation using automated measures. We have used automated measures in making this decision.",,STATEMENT_CATEGORY_SCOPE_OF_PLATFORM_SERVICE,,,,"[""CONTENT_TYPE_VIDEO""]",,,"2022-12-18 00:00:00","[""AT"",""BE"",""BG"",""CY"",""CZ"",""DE"",""DK"",""EE"",""ES"",""FI"",""FR"",""GR"",""HR"",""HU"",""IE"",""IT"",""LI"",""LT"",""LU"",""LV"",""MT"",""NL"",""NO"",""PL"",""PT"",""RO"",""SE"",""SI"",""SK""]","2024-11-23 00:00:00","The decision was taken pursuant to own-initiative investigations.",SOURCE_VOLUNTARY,,Yes,AUTOMATED_DECISION_FULLY,TikTok,7440307707162139425,"2024-11-23 03:21:15"
a43fc86a-9096-4463-8499-34bf39c37527,"[""DECISION_VISIBILITY_OTHER""]","Video not eligible for recommendation in the For You feed",,,,,,,,,,DECISION_GROUND_INCOMPATIBLE_CONTENT,,,,"Shocking and Graphic Content","Part of the joy of TikTok is coming across new and unexpected content. But the platform is not a space to intentionally shock, upset, or disgust others. Content is ineligible for the For You feed and harder to find in search if it shows fictional violence, blood, potentially distressing or mildly graphic material, animal genitalia or sexual activity between animals, or if it contains graphic footage of events that are in the public interest to view.We proactively enforce our Community Guidelines through a mix of technology and human moderation. We have detected this policy violation using automated measures. We have used automated measures in making this decision.",,STATEMENT_CATEGORY_VIOLENCE,,,,"[""CONTENT_TYPE_VIDEO""]",,,"2023-08-28 00:00:00","[""AT"",""BE"",""BG"",""CY"",""CZ"",""DE"",""DK"",""EE"",""ES"",""FI"",""FR"",""GR"",""HR"",""HU"",""IE"",""IT"",""LI"",""LT"",""LU"",""LV"",""MT"",""NL"",""NO"",""PL"",""PT"",""RO"",""SE"",""SI"",""SK""]","2024-11-23 00:00:00","The decision was taken pursuant to own-initiative investigations.",SOURCE_VOLUNTARY,,Yes,AUTOMATED_DECISION_FULLY,TikTok,7440307707183143713,"2024-11-23 03:21:15"
04ada79a-3c4a-4d22-bb7d-cc6cbf79a69c,"[""DECISION_VISIBILITY_OTHER""]","Video not eligible for recommendation in the For You feed",,,,,,,,,,DECISION_GROUND_INCOMPATIBLE_CONTENT,,,,"Community Guidelines","We maintain content eligibility standards for the For You feed (FYF) that prioritize safety and are informed by the diversity of our community and cultural norms. We make ineligible for the FYF certain content that may not be appropriate for a broad audience related to: (1) Behavioral Health, (2) Sensitive and Mature Themes, (3) Integrity and Authenticity, and (4) Regulated Goods. Content that is ineligible for the FYF can still be discovered in other ways, such as through search tools or by following an account.We proactively enforce our Community Guidelines through a mix of technology and human moderation. We have detected this policy violation using automated measures. We have used automated measures in making this decision.",,STATEMENT_CATEGORY_SCOPE_OF_PLATFORM_SERVICE,,,,"[""CONTENT_TYPE_VIDEO""]",,,"2023-11-20 00:00:00","[""AT"",""BE"",""BG"",""CY"",""CZ"",""DE"",""DK"",""EE"",""ES"",""FI"",""FR"",""GR"",""HR"",""HU"",""IE"",""IT"",""LI"",""LT"",""LU"",""LV"",""MT"",""NL"",""NO"",""PL"",""PT"",""RO"",""SE"",""SI"",""SK""]","2024-11-23 00:00:00","The decision was taken pursuant to own-initiative investigations.",SOURCE_VOLUNTARY,,Yes,AUTOMATED_DECISION_FULLY,TikTok,7440307707183127329,"2024-11-23 03:21:15"
19001243-36d8-4c26-ba7e-c9ed57f92ed0,"[""DECISION_VISIBILITY_OTHER""]","Video not eligible for recommendation in the For You feed",,,,,,,,,,DECISION_GROUND_INCOMPATIBLE_CONTENT,,,,"Community Guidelines","We maintain content eligibility standards for the For You feed (FYF) that prioritize safety and are informed by the diversity of our community and cultural norms. We make ineligible for the FYF certain content that may not be appropriate for a broad audience related to: (1) Behavioral Health, (2) Sensitive and Mature Themes, (3) Integrity and Authenticity, and (4) Regulated Goods. Content that is ineligible for the FYF can still be discovered in other ways, such as through search tools or by following an account.We proactively enforce our Community Guidelines through a mix of technology and human moderation. We have detected this policy violation using automated measures. We have used automated measures in making this decision.",,STATEMENT_CATEGORY_SCOPE_OF_PLATFORM_SERVICE,,,,"[""CONTENT_TYPE_VIDEO""]",,,"2023-04-14 00:00:00","[""AT"",""BE"",""BG"",""CY"",""CZ"",""DE"",""DK"",""EE"",""ES"",""FI"",""FR"",""GR"",""HR"",""HU"",""IE"",""IT"",""LI"",""LT"",""LU"",""LV"",""MT"",""NL"",""NO"",""PL"",""PT"",""RO"",""SE"",""SI"",""SK""]","2024-11-23 00:00:00","The decision was taken pursuant to own-initiative investigations.",SOURCE_VOLUNTARY,,Yes,AUTOMATED_DECISION_FULLY,TikTok,7440307707162155809,"2024-11-23 03:21:15"
0e4fb189-bd12-402c-b261-64b34de51b97,"[""DECISION_VISIBILITY_OTHER""]","Video not eligible for recommendation in the For You feed",,,,,,,,,,DECISION_GROUND_INCOMPATIBLE_CONTENT,,,,"Community Guidelines","We maintain content eligibility standards for the For You feed (FYF) that prioritize safety and are informed by the diversity of our community and cultural norms. We make ineligible for the FYF certain content that may not be appropriate for a broad audience related to: (1) Behavioral Health, (2) Sensitive and Mature Themes, (3) Integrity and Authenticity, and (4) Regulated Goods. Content that is ineligible for the FYF can still be discovered in other ways, such as through search tools or by following an account.We proactively enforce our Community Guidelines through a mix of technology and human moderation. We have detected this policy violation using automated measures. We have used automated measures in making this decision.",,STATEMENT_CATEGORY_SCOPE_OF_PLATFORM_SERVICE,,,,"[""CONTENT_TYPE_VIDEO""]",,,"2023-02-22 00:00:00","[""AT"",""BE"",""BG"",""CY"",""CZ"",""DE"",""DK"",""EE"",""ES"",""FI"",""FR"",""GR"",""HR"",""HU"",""IE"",""IT"",""LI"",""LT"",""LU"",""LV"",""MT"",""NL"",""NO"",""PL"",""PT"",""RO"",""SE"",""SI"",""SK""]","2024-11-23 00:00:00","The decision was taken pursuant to own-initiative investigations.",SOURCE_VOLUNTARY,,Yes,AUTOMATED_DECISION_FULLY,TikTok,7440307707162172193,"2024-11-23 03:21:15"
a7a8dc8f-4d99-4ee5-a42a-dd4d6238f4db,"[""DECISION_VISIBILITY_OTHER""]","Video not eligible for recommendation in the For You feed",,,,,,,,,,DECISION_GROUND_INCOMPATIBLE_CONTENT,,,,"Community Guidelines","We maintain content eligibility standards for the For You feed (FYF) that prioritize safety and are informed by the diversity of our community and cultural norms. We make ineligible for the FYF certain content that may not be appropriate for a broad audience related to: (1) Behavioral Health, (2) Sensitive and Mature Themes, (3) Integrity and Authenticity, and (4) Regulated Goods. Content that is ineligible for the FYF can still be discovered in other ways, such as through search tools or by following an account.We proactively enforce our Community Guidelines through a mix of technology and human moderation. We have detected this policy violation using automated measures. We have used automated measures in making this decision.",,STATEMENT_CATEGORY_SCOPE_OF_PLATFORM_SERVICE,,,,"[""CONTENT_TYPE_VIDEO""]",,,"2022-11-22 00:00:00","[""AT"",""BE"",""BG"",""CY"",""CZ"",""DE"",""DK"",""EE"",""ES"",""FI"",""FR"",""GR"",""HR"",""HU"",""IE"",""IT"",""LI"",""LT"",""LU"",""LV"",""MT"",""NL"",""NO"",""PL"",""PT"",""RO"",""SE"",""SI"",""SK""]","2024-11-23 00:00:00","The decision was taken pursuant to own-initiative investigations.",SOURCE_VOLUNTARY,,Yes,AUTOMATED_DECISION_FULLY,TikTok,7440307707162188577,"2024-11-23 03:21:15"
1166edbc-53d4-4fdd-8a61-cafdbf1716e3,"[""DECISION_VISIBILITY_OTHER""]","Video not eligible for recommendation in the For You feed",,,,,,,,,,DECISION_GROUND_INCOMPATIBLE_CONTENT,,,,"Community Guidelines","We maintain content eligibility standards for the For You feed (FYF) that prioritize safety and are informed by the diversity of our community and cultural norms. We make ineligible for the FYF certain content that may not be appropriate for a broad audience related to: (1) Behavioral Health, (2) Sensitive and Mature Themes, (3) Integrity and Authenticity, and (4) Regulated Goods. Content that is ineligible for the FYF can still be discovered in other ways, such as through search tools or by following an account.We proactively enforce our Community Guidelines through a mix of technology and human moderation. We have detected this policy violation using automated measures. We have used automated measures in making this decision.",,STATEMENT_CATEGORY_SCOPE_OF_PLATFORM_SERVICE,,,,"[""CONTENT_TYPE_VIDEO""]",,,"2023-04-03 00:00:00","[""AT"",""BE"",""BG"",""CY"",""CZ"",""DE"",""DK"",""EE"",""ES"",""FI"",""FR"",""GR"",""HR"",""HU"",""IE"",""IT"",""LI"",""LT"",""LU"",""LV"",""MT"",""NL"",""NO"",""PL"",""PT"",""RO"",""SE"",""SI"",""SK""]","2024-11-23 00:00:00","The decision was taken pursuant to own-initiative investigations.",SOURCE_VOLUNTARY,,Yes,AUTOMATED_DECISION_FULLY,TikTok,7440307707162204961,"2024-11-23 03:21:15"
c4a3aee1-2c9d-43b2-ae0a-ac711a6ca531,"[""DECISION_VISIBILITY_OTHER""]","Video not eligible for recommendation in the For You feed",,,,,,,,,,DECISION_GROUND_INCOMPATIBLE_CONTENT,,,,"Community Guidelines","We maintain content eligibility standards for the For You feed (FYF) that prioritize safety and are informed by the diversity of our community and cultural norms. We make ineligible for the FYF certain content that may not be appropriate for a broad audience related to: (1) Behavioral Health, (2) Sensitive and Mature Themes, (3) Integrity and Authenticity, and (4) Regulated Goods. Content that is ineligible for the FYF can still be discovered in other ways, such as through search tools or by following an account.We proactively enforce our Community Guidelines through a mix of technology and human moderation. We have detected this policy violation using automated measures. We have used automated measures in making this decision.",,STATEMENT_CATEGORY_SCOPE_OF_PLATFORM_SERVICE,,,,"[""CONTENT_TYPE_VIDEO""]",,,"2023-09-13 00:00:00","[""AT"",""BE"",""BG"",""CY"",""CZ"",""DE"",""DK"",""EE"",""ES"",""FI"",""FR"",""GR"",""HR"",""HU"",""IE"",""IT"",""LI"",""LT"",""LU"",""LV"",""MT"",""NL"",""NO"",""PL"",""PT"",""RO"",""SE"",""SI"",""SK""]","2024-11-23 00:00:00","The decision was taken pursuant to own-initiative investigations.",SOURCE_VOLUNTARY,,Yes,AUTOMATED_DECISION_FULLY,TikTok,7440307707183160097,"2024-11-23 03:21:15"
ed578f39-21ec-456b-9377-83366254dc49,"[""DECISION_VISIBILITY_OTHER""]","Video not eligible for recommendation in the For You feed",,,,,,,,,,DECISION_GROUND_INCOMPATIBLE_CONTENT,,,,"Community Guidelines","We maintain content eligibility standards for the For You feed (FYF) that prioritize safety and are informed by the diversity of our community and cultural norms. We make ineligible for the FYF certain content that may not be appropriate for a broad audience related to: (1) Behavioral Health, (2) Sensitive and Mature Themes, (3) Integrity and Authenticity, and (4) Regulated Goods. Content that is ineligible for the FYF can still be discovered in other ways, such as through search tools or by following an account.We proactively enforce our Community Guidelines through a mix of technology and human moderation. We have detected this policy violation using automated measures. We have used automated measures in making this decision.",,STATEMENT_CATEGORY_SCOPE_OF_PLATFORM_SERVICE,,,,"[""CONTENT_TYPE_VIDEO""]",,,"2023-05-04 00:00:00","[""AT"",""BE"",""BG"",""CY"",""CZ"",""DE"",""DK"",""EE"",""ES"",""FI"",""FR"",""GR"",""HR"",""HU"",""IE"",""IT"",""LI"",""LT"",""LU"",""LV"",""MT"",""NL"",""NO"",""PL"",""PT"",""RO"",""SE"",""SI"",""SK""]","2024-11-23 00:00:00","The decision was taken pursuant to own-initiative investigations.",SOURCE_VOLUNTARY,,Yes,AUTOMATED_DECISION_FULLY,TikTok,7440307707183176481,"2024-11-23 03:21:15"
a7dbf08f-8600-4d68-a92d-d138f40517f8,"[""DECISION_VISIBILITY_OTHER""]","Video not eligible for recommendation in the For You feed",,,,,,,,,,DECISION_GROUND_INCOMPATIBLE_CONTENT,,,,"Community Guidelines","We maintain content eligibility standards for the For You feed (FYF) that prioritize safety and are informed by the diversity of our community and cultural norms. We make ineligible for the FYF certain content that may not be appropriate for a broad audience related to: (1) Behavioral Health, (2) Sensitive and Mature Themes, (3) Integrity and Authenticity, and (4) Regulated Goods. Content that is ineligible for the FYF can still be discovered in other ways, such as through search tools or by following an account.We proactively enforce our Community Guidelines through a mix of technology and human moderation. We have detected this policy violation using automated measures. We have used automated measures in making this decision.",,STATEMENT_CATEGORY_SCOPE_OF_PLATFORM_SERVICE,,,,"[""CONTENT_TYPE_VIDEO""]",,,"2023-10-07 00:00:00","[""AT"",""BE"",""BG"",""CY"",""CZ"",""DE"",""DK"",""EE"",""ES"",""FI"",""FR"",""GR"",""HR"",""HU"",""IE"",""IT"",""LI"",""LT"",""LU"",""LV"",""MT"",""NL"",""NO"",""PL"",""PT"",""RO"",""SE"",""SI"",""SK""]","2024-11-23 00:00:00","The decision was taken pursuant to own-initiative investigations.",SOURCE_VOLUNTARY,,Yes,AUTOMATED_DECISION_FULLY,TikTok,7440307707183192865,"2024-11-23 03:21:15"
8ed65689-aa20-492f-8c25-ef660bfb52dd,"[""DECISION_VISIBILITY_OTHER""]","Video not eligible for recommendation in the For You feed",,,,,,,,,,DECISION_GROUND_INCOMPATIBLE_CONTENT,,,,"Community Guidelines","We maintain content eligibility standards for the For You feed (FYF) that prioritize safety and are informed by the diversity of our community and cultural norms. We make ineligible for the FYF certain content that may not be appropriate for a broad audience related to: (1) Behavioral Health, (2) Sensitive and Mature Themes, (3) Integrity and Authenticity, and (4) Regulated Goods. Content that is ineligible for the FYF can still be discovered in other ways, such as through search tools or by following an account.We proactively enforce our Community Guidelines through a mix of technology and human moderation. We have detected this policy violation using automated measures. We have used automated measures in making this decision.",,STATEMENT_CATEGORY_SCOPE_OF_PLATFORM_SERVICE,,,,"[""CONTENT_TYPE_VIDEO""]",,,"2023-03-02 00:00:00","[""AT"",""BE"",""BG"",""CY"",""CZ"",""DE"",""DK"",""EE"",""ES"",""FI"",""FR"",""GR"",""HR"",""HU"",""IE"",""IT"",""LI"",""LT"",""LU"",""LV"",""MT"",""NL"",""NO"",""PL"",""PT"",""RO"",""SE"",""SI"",""SK""]","2024-11-23 00:00:00","The decision was taken pursuant to own-initiative investigations.",SOURCE_VOLUNTARY,,Yes,AUTOMATED_DECISION_FULLY,TikTok,7440307707183209249,"2024-11-23 03:21:15"
639a13d1-aa29-44fd-a31c-a3284dd8bd78,"[""DECISION_VISIBILITY_OTHER""]","Video not eligible for recommendation in the For You feed",,,,,,,,,,DECISION_GROUND_INCOMPATIBLE_CONTENT,,,,"Community Guidelines","We maintain content eligibility standards for the For You feed (FYF) that prioritize safety and are informed by the diversity of our community and cultural norms. We make ineligible for the FYF certain content that may not be appropriate for a broad audience related to: (1) Behavioral Health, (2) Sensitive and Mature Themes, (3) Integrity and Authenticity, and (4) Regulated Goods. Content that is ineligible for the FYF can still be discovered in other ways, such as through search tools or by following an account.We proactively enforce our Community Guidelines through a mix of technology and human moderation. We have detected this policy violation using automated measures. We have used automated measures in making this decision.",,STATEMENT_CATEGORY_SCOPE_OF_PLATFORM_SERVICE,,,,"[""CONTENT_TYPE_VIDEO""]",,,"2023-10-23 00:00:00","[""AT"",""BE"",""BG"",""CY"",""CZ"",""DE"",""DK"",""EE"",""ES"",""FI"",""FR"",""GR"",""HR"",""HU"",""IE"",""IT"",""LI"",""LT"",""LU"",""LV"",""MT"",""NL"",""NO"",""PL"",""PT"",""RO"",""SE"",""SI"",""SK""]","2024-11-23 00:00:00","The decision was taken pursuant to own-initiative investigations.",SOURCE_VOLUNTARY,,Yes,AUTOMATED_DECISION_FULLY,TikTok,7440307707183242017,"2024-11-23 03:21:15"
30aa199f-9b13-4c57-bcb1-2656c0f8d8bc,"[""DECISION_VISIBILITY_OTHER""]","Video not eligible for recommendation in the For You feed",,,,,,,,,,DECISION_GROUND_INCOMPATIBLE_CONTENT,,,,"Community Guidelines","We maintain content eligibility standards for the For You feed (FYF) that prioritize safety and are informed by the diversity of our community and cultural norms. We make ineligible for the FYF certain content that may not be appropriate for a broad audience related to: (1) Behavioral Health, (2) Sensitive and Mature Themes, (3) Integrity and Authenticity, and (4) Regulated Goods. Content that is ineligible for the FYF can still be discovered in other ways, such as through search tools or by following an account.We proactively enforce our Community Guidelines through a mix of technology and human moderation. We have detected this policy violation using automated measures. We have used automated measures in making this decision.",,STATEMENT_CATEGORY_SCOPE_OF_PLATFORM_SERVICE,,,,"[""CONTENT_TYPE_VIDEO""]",,,"2023-05-02 00:00:00","[""AT"",""BE"",""BG"",""CY"",""CZ"",""DE"",""DK"",""EE"",""ES"",""FI"",""FR"",""GR"",""HR"",""HU"",""IE"",""IT"",""LI"",""LT"",""LU"",""LV"",""MT"",""NL"",""NO"",""PL"",""PT"",""RO"",""SE"",""SI"",""SK""]","2024-11-23 00:00:00","The decision was taken pursuant to own-initiative investigations.",SOURCE_VOLUNTARY,,Yes,AUTOMATED_DECISION_FULLY,TikTok,7440307707183225633,"2024-11-23 03:21:15"
74c8258f-0a49-4e41-ae1f-e92290facf34,"[""DECISION_VISIBILITY_OTHER""]","Video not eligible for recommendation in the For You feed",,,,,,,,,,DECISION_GROUND_INCOMPATIBLE_CONTENT,,,,"Community Guidelines","We maintain content eligibility standards for the For You feed (FYF) that prioritize safety and are informed by the diversity of our community and cultural norms. We make ineligible for the FYF certain content that may not be appropriate for a broad audience related to: (1) Behavioral Health, (2) Sensitive and Mature Themes, (3) Integrity and Authenticity, and (4) Regulated Goods. Content that is ineligible for the FYF can still be discovered in other ways, such as through search tools or by following an account.We proactively enforce our Community Guidelines through a mix of technology and human moderation. We have detected this policy violation using automated measures. We have used automated measures in making this decision.",,STATEMENT_CATEGORY_SCOPE_OF_PLATFORM_SERVICE,,,,"[""CONTENT_TYPE_VIDEO""]",,,"2024-10-05 00:00:00","[""AT"",""BE"",""BG"",""CY"",""CZ"",""DE"",""DK"",""EE"",""ES"",""FI"",""FR"",""GR"",""HR"",""HU"",""IE"",""IT"",""LI"",""LT"",""LU"",""LV"",""MT"",""NL"",""NO"",""PL"",""PT"",""RO"",""SE"",""SI"",""SK""]","2024-11-23 00:00:00","The decision was taken pursuant to own-initiative investigations.",SOURCE_VOLUNTARY,,Yes,AUTOMATED_DECISION_FULLY,TikTok,7440307707162221345,"2024-11-23 03:21:15"
367b4ae2-d0cf-41ac-92b9-ab5f33a8d4cc,"[""DECISION_VISIBILITY_OTHER""]","Video not eligible for recommendation in the For You feed",,,,,,,,,,DECISION_GROUND_INCOMPATIBLE_CONTENT,,,,"Community Guidelines","We maintain content eligibility standards for the For You feed (FYF) that prioritize safety and are informed by the diversity of our community and cultural norms. We make ineligible for the FYF certain content that may not be appropriate for a broad audience related to: (1) Behavioral Health, (2) Sensitive and Mature Themes, (3) Integrity and Authenticity, and (4) Regulated Goods. Content that is ineligible for the FYF can still be discovered in other ways, such as through search tools or by following an account.We proactively enforce our Community Guidelines through a mix of technology and human moderation. We have detected this policy violation using automated measures. We have used automated measures in making this decision.",,STATEMENT_CATEGORY_SCOPE_OF_PLATFORM_SERVICE,,,,"[""CONTENT_TYPE_VIDEO""]",,,"2024-10-05 00:00:00","[""AT"",""BE"",""BG"",""CY"",""CZ"",""DE"",""DK"",""EE"",""ES"",""FI"",""FR"",""GR"",""HR"",""HU"",""IE"",""IT"",""LI"",""LT"",""LU"",""LV"",""MT"",""NL"",""NO"",""PL"",""PT"",""RO"",""SE"",""SI"",""SK""]","2024-11-23 00:00:00","The decision was taken pursuant to own-initiative investigations.",SOURCE_VOLUNTARY,,Yes,AUTOMATED_DECISION_FULLY,TikTok,7440307707162237729,"2024-11-23 03:21:15"
72d1d7a5-a402-4e2d-b121-1afa1fe635dd,"[""DECISION_VISIBILITY_OTHER""]","Video not eligible for recommendation in the For You feed",,,,,,,,,,DECISION_GROUND_INCOMPATIBLE_CONTENT,,,,"Community Guidelines","We maintain content eligibility standards for the For You feed (FYF) that prioritize safety and are informed by the diversity of our community and cultural norms. We make ineligible for the FYF certain content that may not be appropriate for a broad audience related to: (1) Behavioral Health, (2) Sensitive and Mature Themes, (3) Integrity and Authenticity, and (4) Regulated Goods. Content that is ineligible for the FYF can still be discovered in other ways, such as through search tools or by following an account.We proactively enforce our Community Guidelines through a mix of technology and human moderation. We have detected this policy violation using automated measures. We have used automated measures in making this decision.",,STATEMENT_CATEGORY_SCOPE_OF_PLATFORM_SERVICE,,,,"[""CONTENT_TYPE_VIDEO""]",,,"2023-02-03 00:00:00","[""AT"",""BE"",""BG"",""CY"",""CZ"",""DE"",""DK"",""EE"",""ES"",""FI"",""FR"",""GR"",""HR"",""HU"",""IE"",""IT"",""LI"",""LT"",""LU"",""LV"",""MT"",""NL"",""NO"",""PL"",""PT"",""RO"",""SE"",""SI"",""SK""]","2024-11-23 00:00:00","The decision was taken pursuant to own-initiative investigations.",SOURCE_VOLUNTARY,,Yes,AUTOMATED_DECISION_FULLY,TikTok,7440307707162254113,"2024-11-23 03:21:15"
3f2308b9-0a53-42ba-9cbc-75c63c42eca8,"[""DECISION_VISIBILITY_OTHER""]","Video not eligible for recommendation in the For You feed",,,,,,,,,,DECISION_GROUND_INCOMPATIBLE_CONTENT,,,,"Community Guidelines","We maintain content eligibility standards for the For You feed (FYF) that prioritize safety and are informed by the diversity of our community and cultural norms. We make ineligible for the FYF certain content that may not be appropriate for a broad audience related to: (1) Behavioral Health, (2) Sensitive and Mature Themes, (3) Integrity and Authenticity, and (4) Regulated Goods. Content that is ineligible for the FYF can still be discovered in other ways, such as through search tools or by following an account.We proactively enforce our Community Guidelines through a mix of technology and human moderation. We have detected this policy violation using automated measures. We have used automated measures in making this decision.",,STATEMENT_CATEGORY_SCOPE_OF_PLATFORM_SERVICE,,,,"[""CONTENT_TYPE_VIDEO""]",,,"2022-11-22 00:00:00","[""AT"",""BE"",""BG"",""CY"",""CZ"",""DE"",""DK"",""EE"",""ES"",""FI"",""FR"",""GR"",""HR"",""HU"",""IE"",""IT"",""LI"",""LT"",""LU"",""LV"",""MT"",""NL"",""NO"",""PL"",""PT"",""RO"",""SE"",""SI"",""SK""]","2024-11-23 00:00:00","The decision was taken pursuant to own-initiative investigations.",SOURCE_VOLUNTARY,,Yes,AUTOMATED_DECISION_FULLY,TikTok,7440307707162270497,"2024-11-23 03:21:15"
ec66804c-2b25-4f55-85ad-2e5de8ce4405,"[""DECISION_VISIBILITY_OTHER""]","Video not eligible for recommendation in the For You feed",,,,,,,,,,DECISION_GROUND_INCOMPATIBLE_CONTENT,,,,"Community Guidelines","We maintain content eligibility standards for the For You feed (FYF) that prioritize safety and are informed by the diversity of our community and cultural norms. We make ineligible for the FYF certain content that may not be appropriate for a broad audience related to: (1) Behavioral Health, (2) Sensitive and Mature Themes, (3) Integrity and Authenticity, and (4) Regulated Goods. Content that is ineligible for the FYF can still be discovered in other ways, such as through search tools or by following an account.We proactively enforce our Community Guidelines through a mix of technology and human moderation. We have detected this policy violation using automated measures. We have used automated measures in making this decision.",,STATEMENT_CATEGORY_SCOPE_OF_PLATFORM_SERVICE,,,,"[""CONTENT_TYPE_VIDEO""]",,,"2024-11-01 00:00:00","[""AT"",""BE"",""BG"",""CY"",""CZ"",""DE"",""DK"",""EE"",""ES"",""FI"",""FR"",""GR"",""HR"",""HU"",""IE"",""IT"",""LI"",""LT"",""LU"",""LV"",""MT"",""NL"",""NO"",""PL"",""PT"",""RO"",""SE"",""SI"",""SK""]","2024-11-23 00:00:00","The decision was taken pursuant to own-initiative investigations.",SOURCE_VOLUNTARY,,Yes,AUTOMATED_DECISION_FULLY,TikTok,7440307707162286881,"2024-11-23 03:21:15"
8aa9832d-63bc-48f9-9dc6-a3ccf9ccf201,"[""DECISION_VISIBILITY_OTHER""]","Video not eligible for recommendation in the For You feed",,,,,,,,,,DECISION_GROUND_INCOMPATIBLE_CONTENT,,,,"Community Guidelines","We maintain content eligibility standards for the For You feed (FYF) that prioritize safety and are informed by the diversity of our community and cultural norms. We make ineligible for the FYF certain content that may not be appropriate for a broad audience related to: (1) Behavioral Health, (2) Sensitive and Mature Themes, (3) Integrity and Authenticity, and (4) Regulated Goods. Content that is ineligible for the FYF can still be discovered in other ways, such as through search tools or by following an account.We proactively enforce our Community Guidelines through a mix of technology and human moderation. We have detected this policy violation using automated measures. We have used automated measures in making this decision.",,STATEMENT_CATEGORY_SCOPE_OF_PLATFORM_SERVICE,,,,"[""CONTENT_TYPE_VIDEO""]",,,"2023-01-27 00:00:00","[""AT"",""BE"",""BG"",""CY"",""CZ"",""DE"",""DK"",""EE"",""ES"",""FI"",""FR"",""GR"",""HR"",""HU"",""IE"",""IT"",""LI"",""LT"",""LU"",""LV"",""MT"",""NL"",""NO"",""PL"",""PT"",""RO"",""SE"",""SI"",""SK""]","2024-11-23 00:00:00","The decision was taken pursuant to own-initiative investigations.",SOURCE_VOLUNTARY,,Yes,AUTOMATED_DECISION_FULLY,TikTok,7440307707183258401,"2024-11-23 03:21:15"
6d75abae-edc6-4272-9474-10f90e3cb224,"[""DECISION_VISIBILITY_OTHER""]","Video not eligible for recommendation in the For You feed",,,,,,,,,,DECISION_GROUND_INCOMPATIBLE_CONTENT,,,,"Community Guidelines","We maintain content eligibility standards for the For You feed (FYF) that prioritize safety and are informed by the diversity of our community and cultural norms. We make ineligible for the FYF certain content that may not be appropriate for a broad audience related to: (1) Behavioral Health, (2) Sensitive and Mature Themes, (3) Integrity and Authenticity, and (4) Regulated Goods. Content that is ineligible for the FYF can still be discovered in other ways, such as through search tools or by following an account.We proactively enforce our Community Guidelines through a mix of technology and human moderation. We have detected this policy violation using automated measures. We have used automated measures in making this decision.",,STATEMENT_CATEGORY_SCOPE_OF_PLATFORM_SERVICE,,,,"[""CONTENT_TYPE_VIDEO""]",,,"2023-11-12 00:00:00","[""AT"",""BE"",""BG"",""CY"",""CZ"",""DE"",""DK"",""EE"",""ES"",""FI"",""FR"",""GR"",""HR"",""HU"",""IE"",""IT"",""LI"",""LT"",""LU"",""LV"",""MT"",""NL"",""NO"",""PL"",""PT"",""RO"",""SE"",""SI"",""SK""]","2024-11-23 00:00:00","The decision was taken pursuant to own-initiative investigations.",SOURCE_VOLUNTARY,,Yes,AUTOMATED_DECISION_FULLY,TikTok,7440307707325717281,"2024-11-23 03:21:15"
6df8f75d-f144-44fd-ae4d-f50b9982f57c,"[""DECISION_VISIBILITY_OTHER""]","Video not eligible for recommendation in the For You feed",,,,,,,,,,DECISION_GROUND_INCOMPATIBLE_CONTENT,,,,"Community Guidelines","We maintain content eligibility standards for the For You feed (FYF) that prioritize safety and are informed by the diversity of our community and cultural norms. We make ineligible for the FYF certain content that may not be appropriate for a broad audience related to: (1) Behavioral Health, (2) Sensitive and Mature Themes, (3) Integrity and Authenticity, and (4) Regulated Goods. Content that is ineligible for the FYF can still be discovered in other ways, such as through search tools or by following an account.We proactively enforce our Community Guidelines through a mix of technology and human moderation. We have detected this policy violation using automated measures. We have used automated measures in making this decision.",,STATEMENT_CATEGORY_SCOPE_OF_PLATFORM_SERVICE,,,,"[""CONTENT_TYPE_VIDEO""]",,,"2023-03-20 00:00:00","[""AT"",""BE"",""BG"",""CY"",""CZ"",""DE"",""DK"",""EE"",""ES"",""FI"",""FR"",""GR"",""HR"",""HU"",""IE"",""IT"",""LI"",""LT"",""LU"",""LV"",""MT"",""NL"",""NO"",""PL"",""PT"",""RO"",""SE"",""SI"",""SK""]","2024-11-23 00:00:00","The decision was taken pursuant to own-initiative investigations.",SOURCE_VOLUNTARY,,Yes,AUTOMATED_DECISION_FULLY,TikTok,7440307707359271713,"2024-11-23 03:21:15"
eef1e456-83a9-4383-982b-cfbdc36133a4,"[""DECISION_VISIBILITY_OTHER""]","Video not eligible for recommendation in the For You feed",,,,,,,,,,DECISION_GROUND_INCOMPATIBLE_CONTENT,,,,"Alcohol, Tobacco, and Drugs","While adults make personal choices about how they engage with alcohol, drugs, and tobacco, we recognize that there are risks connected to trading and using these substances. Content is ineligible for the For You feed and harder to find in search if it shows adults consuming excessive amounts of alcohol or tobacco products.We proactively enforce our Community Guidelines through a mix of technology and human moderation. We have detected this policy violation using automated measures. We have used automated measures in making this decision.",,STATEMENT_CATEGORY_SCOPE_OF_PLATFORM_SERVICE,,,,"[""CONTENT_TYPE_VIDEO""]",,,"2024-09-01 00:00:00","[""AT"",""BE"",""BG"",""CY"",""CZ"",""DE"",""DK"",""EE"",""ES"",""FI"",""FR"",""GR"",""HR"",""HU"",""IE"",""IT"",""LI"",""LT"",""LU"",""LV"",""MT"",""NL"",""NO"",""PL"",""PT"",""RO"",""SE"",""SI"",""SK""]","2024-11-23 00:00:00","The decision was taken pursuant to own-initiative investigations.",SOURCE_VOLUNTARY,,Yes,AUTOMATED_DECISION_FULLY,TikTok,7440307707325733665,"2024-11-23 03:21:15"
7745f6a6-a925-47a8-99b8-8155dbebbe69,"[""DECISION_VISIBILITY_CONTENT_REMOVED""]",,,,,,,,,,,DECISION_GROUND_INCOMPATIBLE_CONTENT,,,,"Community Guidelines","Your content is against our Community Guidelines. The guidelines include rules and standards for using TikTok that apply to everyone and everything on our platform.We proactively enforce our Community Guidelines through a mix of technology and human moderation. We have detected this policy violation using automated measures. We have used automated measures in making this decision.",,STATEMENT_CATEGORY_SCOPE_OF_PLATFORM_SERVICE,,,,"[""CONTENT_TYPE_VIDEO""]",,,"2022-11-16 00:00:00","[""AT"",""BE"",""BG"",""CY"",""CZ"",""DE"",""DK"",""EE"",""ES"",""FI"",""FR"",""GR"",""HR"",""HU"",""IE"",""IT"",""LI"",""LT"",""LU"",""LV"",""MT"",""NL"",""NO"",""PL"",""PT"",""RO"",""SE"",""SI"",""SK""]","2024-11-23 00:00:00","The decision was taken pursuant to own-initiative investigations.",SOURCE_VOLUNTARY,,Yes,AUTOMATED_DECISION_FULLY,TikTok,7440307707325750049,"2024-11-23 03:21:15"
2c3830b9-6bc0-4d2f-8dac-b7c794da29d7,"[""DECISION_VISIBILITY_OTHER""]","Video not eligible for recommendation in the For You feed",,,,,,,,,,DECISION_GROUND_INCOMPATIBLE_CONTENT,,,,"Community Guidelines","We maintain content eligibility standards for the For You feed (FYF) that prioritize safety and are informed by the diversity of our community and cultural norms. We make ineligible for the FYF certain content that may not be appropriate for a broad audience related to: (1) Behavioral Health, (2) Sensitive and Mature Themes, (3) Integrity and Authenticity, and (4) Regulated Goods. Content that is ineligible for the FYF can still be discovered in other ways, such as through search tools or by following an account.We proactively enforce our Community Guidelines through a mix of technology and human moderation. We have detected this policy violation using automated measures. We have used automated measures in making this decision.",,STATEMENT_CATEGORY_SCOPE_OF_PLATFORM_SERVICE,,,,"[""CONTENT_TYPE_VIDEO""]",,,"2022-12-14 00:00:00","[""AT"",""BE"",""BG"",""CY"",""CZ"",""DE"",""DK"",""EE"",""ES"",""FI"",""FR"",""GR"",""HR"",""HU"",""IE"",""IT"",""LI"",""LT"",""LU"",""LV"",""MT"",""NL"",""NO"",""PL"",""PT"",""RO"",""SE"",""SI"",""SK""]","2024-11-23 00:00:00","The decision was taken pursuant to own-initiative investigations.",SOURCE_VOLUNTARY,,Yes,AUTOMATED_DECISION_FULLY,TikTok,7440307707359288097,"2024-11-23 03:21:15"
0d3307ee-912d-4715-b7ec-d43a0bfc134a,"[""DECISION_VISIBILITY_OTHER""]","Video not eligible for recommendation in the For You feed",,,,,,,,,,DECISION_GROUND_INCOMPATIBLE_CONTENT,,,,"Community Guidelines","We maintain content eligibility standards for the For You feed (FYF) that prioritize safety and are informed by the diversity of our community and cultural norms. We make ineligible for the FYF certain content that may not be appropriate for a broad audience related to: (1) Behavioral Health, (2) Sensitive and Mature Themes, (3) Integrity and Authenticity, and (4) Regulated Goods. Content that is ineligible for the FYF can still be discovered in other ways, such as through search tools or by following an account.We proactively enforce our Community Guidelines through a mix of technology and human moderation. We have detected this policy violation using automated measures. We have used automated measures in making this decision.",,STATEMENT_CATEGORY_SCOPE_OF_PLATFORM_SERVICE,,,,"[""CONTENT_TYPE_VIDEO""]",,,"2022-12-31 00:00:00","[""AT"",""BE"",""BG"",""CY"",""CZ"",""DE"",""DK"",""EE"",""ES"",""FI"",""FR"",""GR"",""HR"",""HU"",""IE"",""IT"",""LI"",""LT"",""LU"",""LV"",""MT"",""NL"",""NO"",""PL"",""PT"",""RO"",""SE"",""SI"",""SK""]","2024-11-23 00:00:00","The decision was taken pursuant to own-initiative investigations.",SOURCE_VOLUNTARY,,Yes,AUTOMATED_DECISION_FULLY,TikTok,7440307707325766433,"2024-11-23 03:21:15"
f7f8f0e4-e644-41cd-89a0-b3056ad9601e,"[""DECISION_VISIBILITY_OTHER""]","Video not eligible for recommendation in the For You feed",,,,,,,,,,DECISION_GROUND_INCOMPATIBLE_CONTENT,,,,"Community Guidelines","We maintain content eligibility standards for the For You feed (FYF) that prioritize safety and are informed by the diversity of our community and cultural norms. We make ineligible for the FYF certain content that may not be appropriate for a broad audience related to: (1) Behavioral Health, (2) Sensitive and Mature Themes, (3) Integrity and Authenticity, and (4) Regulated Goods. Content that is ineligible for the FYF can still be discovered in other ways, such as through search tools or by following an account.We proactively enforce our Community Guidelines through a mix of technology and human moderation. We have detected this policy violation using automated measures. We have used automated measures in making this decision.",,STATEMENT_CATEGORY_SCOPE_OF_PLATFORM_SERVICE,,,,"[""CONTENT_TYPE_VIDEO""]",,,"2023-01-13 00:00:00","[""AT"",""BE"",""BG"",""CY"",""CZ"",""DE"",""DK"",""EE"",""ES"",""FI"",""FR"",""GR"",""HR"",""HU"",""IE"",""IT"",""LI"",""LT"",""LU"",""LV"",""MT"",""NL"",""NO"",""PL"",""PT"",""RO"",""SE"",""SI"",""SK""]","2024-11-23 00:00:00","The decision was taken pursuant to own-initiative investigations.",SOURCE_VOLUNTARY,,Yes,AUTOMATED_DECISION_FULLY,TikTok,7440307707359304481,"2024-11-23 03:21:15"
ea5de742-b016-4f0e-9cf0-ba3181a365d4,"[""DECISION_VISIBILITY_OTHER""]","Video not eligible for recommendation in the For You feed",,,,,,,,,,DECISION_GROUND_INCOMPATIBLE_CONTENT,,,,"Community Guidelines","We maintain content eligibility standards for the For You feed (FYF) that prioritize safety and are informed by the diversity of our community and cultural norms. We make ineligible for the FYF certain content that may not be appropriate for a broad audience related to: (1) Behavioral Health, (2) Sensitive and Mature Themes, (3) Integrity and Authenticity, and (4) Regulated Goods. Content that is ineligible for the FYF can still be discovered in other ways, such as through search tools or by following an account.We proactively enforce our Community Guidelines through a mix of technology and human moderation. We have detected this policy violation using automated measures. We have used automated measures in making this decision.",,STATEMENT_CATEGORY_SCOPE_OF_PLATFORM_SERVICE,,,,"[""CONTENT_TYPE_VIDEO""]",,,"2022-12-24 00:00:00","[""AT"",""BE"",""BG"",""CY"",""CZ"",""DE"",""DK"",""EE"",""ES"",""FI"",""FR"",""GR"",""HR"",""HU"",""IE"",""IT"",""LI"",""LT"",""LU"",""LV"",""MT"",""NL"",""NO"",""PL"",""PT"",""RO"",""SE"",""SI"",""SK""]","2024-11-23 00:00:00","The decision was taken pursuant to own-initiative investigations.",SOURCE_VOLUNTARY,,Yes,AUTOMATED_DECISION_FULLY,TikTok,7440307707359320865,"2024-11-23 03:21:15"
05e1fb38-59c3-4e51-bb00-51ebdff81ac3,"[""DECISION_VISIBILITY_OTHER""]","Video not eligible for recommendation in the For You feed",,,,,,,,,,DECISION_GROUND_INCOMPATIBLE_CONTENT,,,,"Community Guidelines","We maintain content eligibility standards for the For You feed (FYF) that prioritize safety and are informed by the diversity of our community and cultural norms. We make ineligible for the FYF certain content that may not be appropriate for a broad audience related to: (1) Behavioral Health, (2) Sensitive and Mature Themes, (3) Integrity and Authenticity, and (4) Regulated Goods. Content that is ineligible for the FYF can still be discovered in other ways, such as through search tools or by following an account.We proactively enforce our Community Guidelines through a mix of technology and human moderation. We have detected this policy violation using automated measures. We have used automated measures in making this decision.",,STATEMENT_CATEGORY_SCOPE_OF_PLATFORM_SERVICE,,,,"[""CONTENT_TYPE_VIDEO""]",,,"2023-09-22 00:00:00","[""AT"",""BE"",""BG"",""CY"",""CZ"",""DE"",""DK"",""EE"",""ES"",""FI"",""FR"",""GR"",""HR"",""HU"",""IE"",""IT"",""LI"",""LT"",""LU"",""LV"",""MT"",""NL"",""NO"",""PL"",""PT"",""RO"",""SE"",""SI"",""SK""]","2024-11-23 00:00:00","The decision was taken pursuant to own-initiative investigations.",SOURCE_VOLUNTARY,,Yes,AUTOMATED_DECISION_FULLY,TikTok,7440307707359337249,"2024-11-23 03:21:15"
83a6f252-ddf9-4542-bff5-28b1faea1557,"[""DECISION_VISIBILITY_OTHER""]","Video not eligible for recommendation in the For You feed",,,,,,,,,,DECISION_GROUND_INCOMPATIBLE_CONTENT,,,,"Community Guidelines","We maintain content eligibility standards for the For You feed (FYF) that prioritize safety and are informed by the diversity of our community and cultural norms. We make ineligible for the FYF certain content that may not be appropriate for a broad audience related to: (1) Behavioral Health, (2) Sensitive and Mature Themes, (3) Integrity and Authenticity, and (4) Regulated Goods. Content that is ineligible for the FYF can still be discovered in other ways, such as through search tools or by following an account.We proactively enforce our Community Guidelines through a mix of technology and human moderation. We have detected this policy violation using automated measures. We have used automated measures in making this decision.",,STATEMENT_CATEGORY_SCOPE_OF_PLATFORM_SERVICE,,,,"[""CONTENT_TYPE_VIDEO""]",,,"2023-09-22 00:00:00","[""AT"",""BE"",""BG"",""CY"",""CZ"",""DE"",""DK"",""EE"",""ES"",""FI"",""FR"",""GR"",""HR"",""HU"",""IE"",""IT"",""LI"",""LT"",""LU"",""LV"",""MT"",""NL"",""NO"",""PL"",""PT"",""RO"",""SE"",""SI"",""SK""]","2024-11-23 00:00:00","The decision was taken pursuant to own-initiative investigations.",SOURCE_VOLUNTARY,,Yes,AUTOMATED_DECISION_FULLY,TikTok,7440307707325782817,"2024-11-23 03:21:15"
ed2e349b-ea3d-4f9b-b1ee-f2b01b09cfb3,"[""DECISION_VISIBILITY_OTHER""]","Video not eligible for recommendation in the For You feed",,,,,,,,,,DECISION_GROUND_INCOMPATIBLE_CONTENT,,,,Misinformation,"In a global community, it is natural for people to have different opinions, but we seek to operate on a shared set of facts and reality. Content is ineligible for the For You feed and harder to find in search if it contains general conspiracy theories or unverified information related to emergencies. Content sent for fact checking may also be temporarily ineligible for the For You feed while it is undergoing review.We proactively enforce our Community Guidelines through a mix of technology and human moderation. We have detected this policy violation using automated measures. We have used automated measures in making this decision.",,STATEMENT_CATEGORY_NEGATIVE_EFFECTS_ON_CIVIC_DISCOURSE_OR_ELECTIONS,,,,"[""CONTENT_TYPE_VIDEO""]",,,"2023-07-03 00:00:00","[""AT"",""BE"",""BG"",""CY"",""CZ"",""DE"",""DK"",""EE"",""ES"",""FI"",""FR"",""GR"",""HR"",""HU"",""IE"",""IT"",""LI"",""LT"",""LU"",""LV"",""MT"",""NL"",""NO"",""PL"",""PT"",""RO"",""SE"",""SI"",""SK""]","2024-11-23 00:00:00","The decision was taken pursuant to own-initiative investigations.",SOURCE_VOLUNTARY,,Yes,AUTOMATED_DECISION_FULLY,TikTok,7440307707325799201,"2024-11-23 03:21:15"
d248129f-a921-413c-9699-19352dd33977,"[""DECISION_VISIBILITY_CONTENT_REMOVED""]",,,,,,,,,,,DECISION_GROUND_INCOMPATIBLE_CONTENT,,,,"Community Guidelines","Your content is against our Community Guidelines. The guidelines include rules and standards for using TikTok that apply to everyone and everything on our platform.We proactively enforce our Community Guidelines through a mix of technology and human moderation. We have detected this policy violation using automated measures. We have used automated measures in making this decision.",,STATEMENT_CATEGORY_SCOPE_OF_PLATFORM_SERVICE,,,,"[""CONTENT_TYPE_VIDEO""]",,,"2024-10-17 00:00:00","[""AT"",""BE"",""BG"",""CY"",""CZ"",""DE"",""DK"",""EE"",""ES"",""FI"",""FR"",""GR"",""HR"",""HU"",""IE"",""IT"",""LI"",""LT"",""LU"",""LV"",""MT"",""NL"",""NO"",""PL"",""PT"",""RO"",""SE"",""SI"",""SK""]","2024-11-23 00:00:00","The decision was taken pursuant to own-initiative investigations.",SOURCE_VOLUNTARY,,Yes,AUTOMATED_DECISION_FULLY,TikTok,7440307707359353633,"2024-11-23 03:21:15"
c6ba4f7e-3b25-4c6d-ad41-4c51f40048cb,"[""DECISION_VISIBILITY_OTHER""]","Video not eligible for recommendation in the For You feed",,,,,,,,,,DECISION_GROUND_INCOMPATIBLE_CONTENT,,,,"Community Guidelines","We maintain content eligibility standards for the For You feed (FYF) that prioritize safety and are informed by the diversity of our community and cultural norms. We make ineligible for the FYF certain content that may not be appropriate for a broad audience related to: (1) Behavioral Health, (2) Sensitive and Mature Themes, (3) Integrity and Authenticity, and (4) Regulated Goods. Content that is ineligible for the FYF can still be discovered in other ways, such as through search tools or by following an account.We proactively enforce our Community Guidelines through a mix of technology and human moderation. We have detected this policy violation using automated measures. We have used automated measures in making this decision.",,STATEMENT_CATEGORY_SCOPE_OF_PLATFORM_SERVICE,,,,"[""CONTENT_TYPE_VIDEO""]",,,"2023-04-01 00:00:00","[""AT"",""BE"",""BG"",""CY"",""CZ"",""DE"",""DK"",""EE"",""ES"",""FI"",""FR"",""GR"",""HR"",""HU"",""IE"",""IT"",""LI"",""LT"",""LU"",""LV"",""MT"",""NL"",""NO"",""PL"",""PT"",""RO"",""SE"",""SI"",""SK""]","2024-11-23 00:00:00","The decision was taken pursuant to own-initiative investigations.",SOURCE_VOLUNTARY,,Yes,AUTOMATED_DECISION_FULLY,TikTok,7440307707325815585,"2024-11-23 03:21:15"
ae723276-3412-42c4-8f19-abf36598099d,"[""DECISION_VISIBILITY_OTHER""]","Video not eligible for recommendation in the For You feed",,,,,,,,,,DECISION_GROUND_INCOMPATIBLE_CONTENT,,,,"Community Guidelines","We maintain content eligibility standards for the For You feed (FYF) that prioritize safety and are informed by the diversity of our community and cultural norms. We make ineligible for the FYF certain content that may not be appropriate for a broad audience related to: (1) Behavioral Health, (2) Sensitive and Mature Themes, (3) Integrity and Authenticity, and (4) Regulated Goods. Content that is ineligible for the FYF can still be discovered in other ways, such as through search tools or by following an account.We proactively enforce our Community Guidelines through a mix of technology and human moderation. We have detected this policy violation using automated measures. We have used automated measures in making this decision.",,STATEMENT_CATEGORY_SCOPE_OF_PLATFORM_SERVICE,,,,"[""CONTENT_TYPE_VIDEO""]",,,"2022-12-08 00:00:00","[""AT"",""BE"",""BG"",""CY"",""CZ"",""DE"",""DK"",""EE"",""ES"",""FI"",""FR"",""GR"",""HR"",""HU"",""IE"",""IT"",""LI"",""LT"",""LU"",""LV"",""MT"",""NL"",""NO"",""PL"",""PT"",""RO"",""SE"",""SI"",""SK""]","2024-11-23 00:00:00","The decision was taken pursuant to own-initiative investigations.",SOURCE_VOLUNTARY,,Yes,AUTOMATED_DECISION_FULLY,TikTok,7440307707359370017,"2024-11-23 03:21:15"
fd91008d-d970-4b6f-a0cf-f9bc212d4db0,"[""DECISION_VISIBILITY_OTHER""]","Video not eligible for recommendation in the For You feed",,,,,,,,,,DECISION_GROUND_INCOMPATIBLE_CONTENT,,,,"Community Guidelines","We maintain content eligibility standards for the For You feed (FYF) that prioritize safety and are informed by the diversity of our community and cultural norms. We make ineligible for the FYF certain content that may not be appropriate for a broad audience related to: (1) Behavioral Health, (2) Sensitive and Mature Themes, (3) Integrity and Authenticity, and (4) Regulated Goods. Content that is ineligible for the FYF can still be discovered in other ways, such as through search tools or by following an account.We proactively enforce our Community Guidelines through a mix of technology and human moderation. We have detected this policy violation using automated measures. We have used automated measures in making this decision.",,STATEMENT_CATEGORY_SCOPE_OF_PLATFORM_SERVICE,,,,"[""CONTENT_TYPE_VIDEO""]",,,"2023-01-15 00:00:00","[""AT"",""BE"",""BG"",""CY"",""CZ"",""DE"",""DK"",""EE"",""ES"",""FI"",""FR"",""GR"",""HR"",""HU"",""IE"",""IT"",""LI"",""LT"",""LU"",""LV"",""MT"",""NL"",""NO"",""PL"",""PT"",""RO"",""SE"",""SI"",""SK""]","2024-11-23 00:00:00","The decision was taken pursuant to own-initiative investigations.",SOURCE_VOLUNTARY,,Yes,AUTOMATED_DECISION_FULLY,TikTok,7440307707359386401,"2024-11-23 03:21:15"
60bccbaa-b826-40ec-b235-0aa3a6cf3443,"[""DECISION_VISIBILITY_CONTENT_REMOVED""]",,,,,,,,,,,DECISION_GROUND_INCOMPATIBLE_CONTENT,,,,"Nudity and Body Exposure","We celebrate all shapes and sizes and want people to feel comfortable in how they present themselves and their bodies. We do not allow nudity, including uncovered genitals and buttocks, as well as nipples and areolas of women and girls. Sheer and partially see-through clothing is not considered covered.We proactively enforce our Community Guidelines through a mix of technology and human moderation. We have detected this policy violation using automated measures. We have used automated measures in making this decision.",,STATEMENT_CATEGORY_SCOPE_OF_PLATFORM_SERVICE,,,,"[""CONTENT_TYPE_VIDEO""]",,,"2023-09-24 00:00:00","[""AT"",""BE"",""BG"",""CY"",""CZ"",""DE"",""DK"",""EE"",""ES"",""FI"",""FR"",""GR"",""HR"",""HU"",""IE"",""IT"",""LI"",""LT"",""LU"",""LV"",""MT"",""NL"",""NO"",""PL"",""PT"",""RO"",""SE"",""SI"",""SK""]","2024-11-23 00:00:00","The decision was taken pursuant to own-initiative investigations.",SOURCE_VOLUNTARY,,Yes,AUTOMATED_DECISION_FULLY,TikTok,7440307707359402785,"2024-11-23 03:21:15"
d024126e-5755-4bab-a55f-0bd04ef454ff,"[""DECISION_VISIBILITY_OTHER""]","Video not eligible for recommendation in the For You feed",,,,,,,,,,DECISION_GROUND_INCOMPATIBLE_CONTENT,,,,"Community Guidelines","We maintain content eligibility standards for the For You feed (FYF) that prioritize safety and are informed by the diversity of our community and cultural norms. We make ineligible for the FYF certain content that may not be appropriate for a broad audience related to: (1) Behavioral Health, (2) Sensitive and Mature Themes, (3) Integrity and Authenticity, and (4) Regulated Goods. Content that is ineligible for the FYF can still be discovered in other ways, such as through search tools or by following an account.We proactively enforce our Community Guidelines through a mix of technology and human moderation. We have detected this policy violation using automated measures. We have used automated measures in making this decision.",,STATEMENT_CATEGORY_SCOPE_OF_PLATFORM_SERVICE,,,,"[""CONTENT_TYPE_VIDEO""]",,,"2024-10-28 00:00:00","[""AT"",""BE"",""BG"",""CY"",""CZ"",""DE"",""DK"",""EE"",""ES"",""FI"",""FR"",""GR"",""HR"",""HU"",""IE"",""IT"",""LI"",""LT"",""LU"",""LV"",""MT"",""NL"",""NO"",""PL"",""PT"",""RO"",""SE"",""SI"",""SK""]","2024-11-23 00:00:00","The decision was taken pursuant to own-initiative investigations.",SOURCE_VOLUNTARY,,Yes,AUTOMATED_DECISION_FULLY,TikTok,7440307707359419169,"2024-11-23 03:21:15"
a9e6db15-d066-4e39-8043-a15fa128b1ec,"[""DECISION_VISIBILITY_OTHER""]","Video not eligible for recommendation in the For You feed",,,,,,,,,,DECISION_GROUND_INCOMPATIBLE_CONTENT,,,,"Community Guidelines","We maintain content eligibility standards for the For You feed (FYF) that prioritize safety and are informed by the diversity of our community and cultural norms. We make ineligible for the FYF certain content that may not be appropriate for a broad audience related to: (1) Behavioral Health, (2) Sensitive and Mature Themes, (3) Integrity and Authenticity, and (4) Regulated Goods. Content that is ineligible for the FYF can still be discovered in other ways, such as through search tools or by following an account.We proactively enforce our Community Guidelines through a mix of technology and human moderation. We have detected this policy violation using automated measures. We have used automated measures in making this decision.",,STATEMENT_CATEGORY_SCOPE_OF_PLATFORM_SERVICE,,,,"[""CONTENT_TYPE_VIDEO""]",,,"2024-10-15 00:00:00","[""AT"",""BE"",""BG"",""CY"",""CZ"",""DE"",""DK"",""EE"",""ES"",""FI"",""FR"",""GR"",""HR"",""HU"",""IE"",""IT"",""LI"",""LT"",""LU"",""LV"",""MT"",""NL"",""NO"",""PL"",""PT"",""RO"",""SE"",""SI"",""SK""]","2024-11-23 00:00:00","The decision was taken pursuant to own-initiative investigations.",SOURCE_VOLUNTARY,,Yes,AUTOMATED_DECISION_FULLY,TikTok,7440307707325831969,"2024-11-23 03:21:15"
94a013f7-6c60-497c-b74d-9642d6e1957c,"[""DECISION_VISIBILITY_OTHER""]","Video not eligible for recommendation in the For You feed",,,,,,,,,,DECISION_GROUND_INCOMPATIBLE_CONTENT,,,,"Community Guidelines","We maintain content eligibility standards for the For You feed (FYF) that prioritize safety and are informed by the diversity of our community and cultural norms. We make ineligible for the FYF certain content that may not be appropriate for a broad audience related to: (1) Behavioral Health, (2) Sensitive and Mature Themes, (3) Integrity and Authenticity, and (4) Regulated Goods. Content that is ineligible for the FYF can still be discovered in other ways, such as through search tools or by following an account.We proactively enforce our Community Guidelines through a mix of technology and human moderation. We have detected this policy violation using automated measures. We have used automated measures in making this decision.",,STATEMENT_CATEGORY_SCOPE_OF_PLATFORM_SERVICE,,,,"[""CONTENT_TYPE_VIDEO""]",,,"2023-09-15 00:00:00","[""AT"",""BE"",""BG"",""CY"",""CZ"",""DE"",""DK"",""EE"",""ES"",""FI"",""FR"",""GR"",""HR"",""HU"",""IE"",""IT"",""LI"",""LT"",""LU"",""LV"",""MT"",""NL"",""NO"",""PL"",""PT"",""RO"",""SE"",""SI"",""SK""]","2024-11-23 00:00:00","The decision was taken pursuant to own-initiative investigations.",SOURCE_VOLUNTARY,,Yes,AUTOMATED_DECISION_FULLY,TikTok,7440307707325848353,"2024-11-23 03:21:15"
9d51ce06-4646-48cf-aad4-ad46922950e1,"[""DECISION_VISIBILITY_CONTENT_REMOVED""]",,,,,,,,,,,DECISION_GROUND_INCOMPATIBLE_CONTENT,,,,"Harassment and Bullying","We welcome the respectful expression of different viewpoints, but not toxicity or trolling. We do not allow language or behavior that harasses, humiliates, threatens, or doxes anyone. This also includes responding to such acts with retaliatory harassment (but excludes non-harassing counterspeech).We proactively enforce our Community Guidelines through a mix of technology and human moderation. We have detected this policy violation using automated measures. We have used automated measures in making this decision.",,STATEMENT_CATEGORY_ILLEGAL_OR_HARMFUL_SPEECH,,,,"[""CONTENT_TYPE_TEXT""]",,,"2024-11-23 00:00:00","[""AT"",""BE"",""BG"",""CY"",""CZ"",""DE"",""DK"",""EE"",""ES"",""FI"",""FR"",""GR"",""HR"",""HU"",""IE"",""IT"",""LI"",""LT"",""LU"",""LV"",""MT"",""NL"",""NO"",""PL"",""PT"",""RO"",""SE"",""SI"",""SK""]","2024-11-23 00:00:00","The decision was taken pursuant to own-initiative investigations.",SOURCE_VOLUNTARY,,Yes,AUTOMATED_DECISION_FULLY,TikTok,7440307707325864737,"2024-11-23 03:21:15"
af49d945-464c-4f0b-9e14-500d6868b2ff,"[""DECISION_VISIBILITY_OTHER""]","Video not eligible for recommendation in the For You feed",,,,,,,,,,DECISION_GROUND_INCOMPATIBLE_CONTENT,,,,"Community Guidelines","We maintain content eligibility standards for the For You feed (FYF) that prioritize safety and are informed by the diversity of our community and cultural norms. We make ineligible for the FYF certain content that may not be appropriate for a broad audience related to: (1) Behavioral Health, (2) Sensitive and Mature Themes, (3) Integrity and Authenticity, and (4) Regulated Goods. Content that is ineligible for the FYF can still be discovered in other ways, such as through search tools or by following an account.We proactively enforce our Community Guidelines through a mix of technology and human moderation. We have detected this policy violation using automated measures. We have used automated measures in making this decision.",,STATEMENT_CATEGORY_SCOPE_OF_PLATFORM_SERVICE,,,,"[""CONTENT_TYPE_VIDEO""]",,,"2024-08-06 00:00:00","[""AT"",""BE"",""BG"",""CY"",""CZ"",""DE"",""DK"",""EE"",""ES"",""FI"",""FR"",""GR"",""HR"",""HU"",""IE"",""IT"",""LI"",""LT"",""LU"",""LV"",""MT"",""NL"",""NO"",""PL"",""PT"",""RO"",""SE"",""SI"",""SK""]","2024-11-23 00:00:00","The decision was taken pursuant to own-initiative investigations.",SOURCE_VOLUNTARY,,Yes,AUTOMATED_DECISION_FULLY,TikTok,7440307707589958433,"2024-11-23 03:21:15"
41f47fd8-d486-4c2d-bf6e-8a4fe4c35dc7,"[""DECISION_VISIBILITY_OTHER""]","Video not eligible for recommendation in the For You feed",,,,,,,,,,DECISION_GROUND_INCOMPATIBLE_CONTENT,,,,"Dangerous Activities and Challenges","Most activities or challenges are appropriate for everyone, but some carry a risk of significant injury. Content is ineligible for the For You feed if it involves activities that are likely to lead to moderate physical harm, or includes professionals who are performing extreme sports and stunts that may endanger others.We proactively enforce our Community Guidelines through a mix of technology and human moderation. We have detected this policy violation using automated measures. We have used automated measures in making this decision.",,STATEMENT_CATEGORY_SCOPE_OF_PLATFORM_SERVICE,,,,"[""CONTENT_TYPE_VIDEO""]",,,"2024-01-24 00:00:00","[""AT"",""BE"",""BG"",""CY"",""CZ"",""DE"",""DK"",""EE"",""ES"",""FI"",""FR"",""GR"",""HR"",""HU"",""IE"",""IT"",""LI"",""LT"",""LU"",""LV"",""MT"",""NL"",""NO"",""PL"",""PT"",""RO"",""SE"",""SI"",""SK""]","2024-11-23 00:00:00","The decision was taken pursuant to own-initiative investigations.",SOURCE_VOLUNTARY,,Yes,AUTOMATED_DECISION_FULLY,TikTok,7440307707581569824,"2024-11-23 03:21:15"
0271dbf8-47d1-4a6c-bfb9-6b0b95f3a540,"[""DECISION_VISIBILITY_OTHER""]","Video not eligible for recommendation in the For You feed",,,,,,,,,,DECISION_GROUND_INCOMPATIBLE_CONTENT,,,,"Community Guidelines","We maintain content eligibility standards for the For You feed (FYF) that prioritize safety and are informed by the diversity of our community and cultural norms. We make ineligible for the FYF certain content that may not be appropriate for a broad audience related to: (1) Behavioral Health, (2) Sensitive and Mature Themes, (3) Integrity and Authenticity, and (4) Regulated Goods. Content that is ineligible for the FYF can still be discovered in other ways, such as through search tools or by following an account.We proactively enforce our Community Guidelines through a mix of technology and human moderation. We have detected this policy violation using automated measures. We have used automated measures in making this decision.",,STATEMENT_CATEGORY_SCOPE_OF_PLATFORM_SERVICE,,,,"[""CONTENT_TYPE_VIDEO""]",,,"2023-10-18 00:00:00","[""AT"",""BE"",""BG"",""CY"",""CZ"",""DE"",""DK"",""EE"",""ES"",""FI"",""FR"",""GR"",""HR"",""HU"",""IE"",""IT"",""LI"",""LT"",""LU"",""LV"",""MT"",""NL"",""NO"",""PL"",""PT"",""RO"",""SE"",""SI"",""SK""]","2024-11-23 00:00:00","The decision was taken pursuant to own-initiative investigations.",SOURCE_VOLUNTARY,,Yes,AUTOMATED_DECISION_FULLY,TikTok,7440307707589974817,"2024-11-23 03:21:15"
caeae1c5-8173-4d64-af32-5f35af287b8b,"[""DECISION_VISIBILITY_OTHER""]","Video not eligible for recommendation in the For You feed",,,,,,,,,,DECISION_GROUND_INCOMPATIBLE_CONTENT,,,,"Community Guidelines","We maintain content eligibility standards for the For You feed (FYF) that prioritize safety and are informed by the diversity of our community and cultural norms. We make ineligible for the FYF certain content that may not be appropriate for a broad audience related to: (1) Behavioral Health, (2) Sensitive and Mature Themes, (3) Integrity and Authenticity, and (4) Regulated Goods. Content that is ineligible for the FYF can still be discovered in other ways, such as through search tools or by following an account.We proactively enforce our Community Guidelines through a mix of technology and human moderation. We have detected this policy violation using automated measures. We have used automated measures in making this decision.",,STATEMENT_CATEGORY_SCOPE_OF_PLATFORM_SERVICE,,,,"[""CONTENT_TYPE_VIDEO""]",,,"2023-01-20 00:00:00","[""AT"",""BE"",""BG"",""CY"",""CZ"",""DE"",""DK"",""EE"",""ES"",""FI"",""FR"",""GR"",""HR"",""HU"",""IE"",""IT"",""LI"",""LT"",""LU"",""LV"",""MT"",""NL"",""NO"",""PL"",""PT"",""RO"",""SE"",""SI"",""SK""]","2024-11-23 00:00:00","The decision was taken pursuant to own-initiative investigations.",SOURCE_VOLUNTARY,,Yes,AUTOMATED_DECISION_FULLY,TikTok,7440307707589991201,"2024-11-23 03:21:15"
b58e7f92-4ff3-4bfd-935b-035676cbf61c,"[""DECISION_VISIBILITY_CONTENT_REMOVED""]",,,,,,,,,,,DECISION_GROUND_INCOMPATIBLE_CONTENT,,,,"Community Guidelines","Your content is against our Community Guidelines. The guidelines include rules and standards for using TikTok that apply to everyone and everything on our platform.We proactively enforce our Community Guidelines through a mix of technology and human moderation. We have detected this policy violation using automated measures. We have used automated measures in making this decision.",,STATEMENT_CATEGORY_SCOPE_OF_PLATFORM_SERVICE,,,,"[""CONTENT_TYPE_VIDEO""]",,,"2024-10-04 00:00:00","[""AT"",""BE"",""BG"",""CY"",""CZ"",""DE"",""DK"",""EE"",""ES"",""FI"",""FR"",""GR"",""HR"",""HU"",""IE"",""IT"",""LI"",""LT"",""LU"",""LV"",""MT"",""NL"",""NO"",""PL"",""PT"",""RO"",""SE"",""SI"",""SK""]","2024-11-23 00:00:00","The decision was taken pursuant to own-initiative investigations.",SOURCE_VOLUNTARY,,Yes,AUTOMATED_DECISION_FULLY,TikTok,7440307707581586208,"2024-11-23 03:21:15"
ab7a973e-8109-4c16-bb18-da6bf0e05fe9,"[""DECISION_VISIBILITY_OTHER""]","Video not eligible for recommendation in the For You feed",,,,,,,,,,DECISION_GROUND_INCOMPATIBLE_CONTENT,,,,"Community Guidelines","We maintain content eligibility standards for the For You feed (FYF) that prioritize safety and are informed by the diversity of our community and cultural norms. We make ineligible for the FYF certain content that may not be appropriate for a broad audience related to: (1) Behavioral Health, (2) Sensitive and Mature Themes, (3) Integrity and Authenticity, and (4) Regulated Goods. Content that is ineligible for the FYF can still be discovered in other ways, such as through search tools or by following an account.We proactively enforce our Community Guidelines through a mix of technology and human moderation. We have detected this policy violation using automated measures. We have used automated measures in making this decision.",,STATEMENT_CATEGORY_SCOPE_OF_PLATFORM_SERVICE,,,,"[""CONTENT_TYPE_VIDEO""]",,,"2022-12-29 00:00:00","[""AT"",""BE"",""BG"",""CY"",""CZ"",""DE"",""DK"",""EE"",""ES"",""FI"",""FR"",""GR"",""HR"",""HU"",""IE"",""IT"",""LI"",""LT"",""LU"",""LV"",""MT"",""NL"",""NO"",""PL"",""PT"",""RO"",""SE"",""SI"",""SK""]","2024-11-23 00:00:00","The decision was taken pursuant to own-initiative investigations.",SOURCE_VOLUNTARY,,Yes,AUTOMATED_DECISION_FULLY,TikTok,7440307707581602592,"2024-11-23 03:21:15"
08fffca3-83c6-44d8-af92-a39966598844,"[""DECISION_VISIBILITY_OTHER""]","Video not eligible for recommendation in the For You feed",,,,,,,,,,DECISION_GROUND_INCOMPATIBLE_CONTENT,,,,"Community Guidelines","We maintain content eligibility standards for the For You feed (FYF) that prioritize safety and are informed by the diversity of our community and cultural norms. We make ineligible for the FYF certain content that may not be appropriate for a broad audience related to: (1) Behavioral Health, (2) Sensitive and Mature Themes, (3) Integrity and Authenticity, and (4) Regulated Goods. Content that is ineligible for the FYF can still be discovered in other ways, such as through search tools or by following an account.We proactively enforce our Community Guidelines through a mix of technology and human moderation. We have detected this policy violation using automated measures. We have used automated measures in making this decision.",,STATEMENT_CATEGORY_SCOPE_OF_PLATFORM_SERVICE,,,,"[""CONTENT_TYPE_VIDEO""]",,,"2023-11-12 00:00:00","[""AT"",""BE"",""BG"",""CY"",""CZ"",""DE"",""DK"",""EE"",""ES"",""FI"",""FR"",""GR"",""HR"",""HU"",""IE"",""IT"",""LI"",""LT"",""LU"",""LV"",""MT"",""NL"",""NO"",""PL"",""PT"",""RO"",""SE"",""SI"",""SK""]","2024-11-23 00:00:00","The decision was taken pursuant to own-initiative investigations.",SOURCE_VOLUNTARY,,Yes,AUTOMATED_DECISION_FULLY,TikTok,7440307707590007585,"2024-11-23 03:21:15"
29361bf0-bed0-4d8a-bdf8-ee3e109d123c,"[""DECISION_VISIBILITY_CONTENT_REMOVED""]",,,,,,,,,,,DECISION_GROUND_INCOMPATIBLE_CONTENT,,,,"Harassment and Bullying","We welcome the respectful expression of different viewpoints, but not toxicity or trolling. We do not allow language or behavior that harasses, humiliates, threatens, or doxes anyone. This also includes responding to such acts with retaliatory harassment (but excludes non-harassing counterspeech).We proactively enforce our Community Guidelines through a mix of technology and human moderation. We have detected this policy violation using automated measures. We have used automated measures in making this decision.",,STATEMENT_CATEGORY_ILLEGAL_OR_HARMFUL_SPEECH,,,,"[""CONTENT_TYPE_TEXT""]",,,"2024-11-23 00:00:00","[""AT"",""BE"",""BG"",""CY"",""CZ"",""DE"",""DK"",""EE"",""ES"",""FI"",""FR"",""GR"",""HR"",""HU"",""IE"",""IT"",""LI"",""LT"",""LU"",""LV"",""MT"",""NL"",""NO"",""PL"",""PT"",""RO"",""SE"",""SI"",""SK""]","2024-11-23 00:00:00","The decision was taken pursuant to own-initiative investigations.",SOURCE_VOLUNTARY,,Yes,AUTOMATED_DECISION_FULLY,TikTok,7440307707581618976,"2024-11-23 03:21:15"
9405f1a4-b7cb-4773-9bdd-9ea9ff79ee82,"[""DECISION_VISIBILITY_OTHER""]","Video not eligible for recommendation in the For You feed",,,,,,,,,,DECISION_GROUND_INCOMPATIBLE_CONTENT,,,,"Community Guidelines","We maintain content eligibility standards for the For You feed (FYF) that prioritize safety and are informed by the diversity of our community and cultural norms. We make ineligible for the FYF certain content that may not be appropriate for a broad audience related to: (1) Behavioral Health, (2) Sensitive and Mature Themes, (3) Integrity and Authenticity, and (4) Regulated Goods. Content that is ineligible for the FYF can still be discovered in other ways, such as through search tools or by following an account.We proactively enforce our Community Guidelines through a mix of technology and human moderation. We have detected this policy violation using automated measures. We have used automated measures in making this decision.",,STATEMENT_CATEGORY_SCOPE_OF_PLATFORM_SERVICE,,,,"[""CONTENT_TYPE_VIDEO""]",,,"2023-04-16 00:00:00","[""AT"",""BE"",""BG"",""CY"",""CZ"",""DE"",""DK"",""EE"",""ES"",""FI"",""FR"",""GR"",""HR"",""HU"",""IE"",""IT"",""LI"",""LT"",""LU"",""LV"",""MT"",""NL"",""NO"",""PL"",""PT"",""RO"",""SE"",""SI"",""SK""]","2024-11-23 00:00:00","The decision was taken pursuant to own-initiative investigations.",SOURCE_VOLUNTARY,,Yes,AUTOMATED_DECISION_FULLY,TikTok,7440307707590023969,"2024-11-23 03:21:15"
13a3ce99-3ffb-4e78-93be-96ee4e8f4a1b,"[""DECISION_VISIBILITY_OTHER""]","Video not eligible for recommendation in the For You feed",,,,,,,,,,DECISION_GROUND_INCOMPATIBLE_CONTENT,,,,"Alcohol, Tobacco, and Drugs","While adults make personal choices about how they engage with alcohol, drugs, and tobacco, we recognize that there are risks connected to trading and using these substances. Content is ineligible for the For You feed and harder to find in search if it shows adults consuming excessive amounts of alcohol or tobacco products.We proactively enforce our Community Guidelines through a mix of technology and human moderation. We have detected this policy violation using automated measures. We have used automated measures in making this decision.",,STATEMENT_CATEGORY_SCOPE_OF_PLATFORM_SERVICE,,,,"[""CONTENT_TYPE_VIDEO""]",,,"2023-10-30 00:00:00","[""AT"",""BE"",""BG"",""CY"",""CZ"",""DE"",""DK"",""EE"",""ES"",""FI"",""FR"",""GR"",""HR"",""HU"",""IE"",""IT"",""LI"",""LT"",""LU"",""LV"",""MT"",""NL"",""NO"",""PL"",""PT"",""RO"",""SE"",""SI"",""SK""]","2024-11-23 00:00:00","The decision was taken pursuant to own-initiative investigations.",SOURCE_VOLUNTARY,,Yes,AUTOMATED_DECISION_FULLY,TikTok,7440307707590040353,"2024-11-23 03:21:15"
edb288e8-13e5-48f4-9d5d-08686c657974,"[""DECISION_VISIBILITY_OTHER""]","Video not eligible for recommendation in the For You feed",,,,,,,,,,DECISION_GROUND_INCOMPATIBLE_CONTENT,,,,"Nudity and Body Exposure","We celebrate all shapes and sizes and want people to feel comfortable in how they present themselves and their bodies. Content is ineligible for the For You feed and harder to find in search if it shows moderate body exposure of a young person, or significant body exposure of an adult. We allow regional exceptions for body exposure in limited situations, such as common cultural practices.We proactively enforce our Community Guidelines through a mix of technology and human moderation. We have detected this policy violation using automated measures. We have used automated measures in making this decision.",,STATEMENT_CATEGORY_SCOPE_OF_PLATFORM_SERVICE,,,,"[""CONTENT_TYPE_VIDEO""]",,,"2023-06-20 00:00:00","[""AT"",""BE"",""BG"",""CY"",""CZ"",""DE"",""DK"",""EE"",""ES"",""FI"",""FR"",""GR"",""HR"",""HU"",""IE"",""IT"",""LI"",""LT"",""LU"",""LV"",""MT"",""NL"",""NO"",""PL"",""PT"",""RO"",""SE"",""SI"",""SK""]","2024-11-23 00:00:00","The decision was taken pursuant to own-initiative investigations.",SOURCE_VOLUNTARY,,Yes,AUTOMATED_DECISION_FULLY,TikTok,7440307707590056737,"2024-11-23 03:21:15"
e4207c85-6ae9-45b4-8687-08adcf6f2395,"[""DECISION_VISIBILITY_OTHER""]","Video not eligible for recommendation in the For You feed",,,,,,,,,,DECISION_GROUND_INCOMPATIBLE_CONTENT,,,,"Community Guidelines","We maintain content eligibility standards for the For You feed (FYF) that prioritize safety and are informed by the diversity of our community and cultural norms. We make ineligible for the FYF certain content that may not be appropriate for a broad audience related to: (1) Behavioral Health, (2) Sensitive and Mature Themes, (3) Integrity and Authenticity, and (4) Regulated Goods. Content that is ineligible for the FYF can still be discovered in other ways, such as through search tools or by following an account.We proactively enforce our Community Guidelines through a mix of technology and human moderation. We have detected this policy violation using automated measures. We have used automated measures in making this decision.",,STATEMENT_CATEGORY_SCOPE_OF_PLATFORM_SERVICE,,,,"[""CONTENT_TYPE_VIDEO""]",,,"2023-09-07 00:00:00","[""AT"",""BE"",""BG"",""CY"",""CZ"",""DE"",""DK"",""EE"",""ES"",""FI"",""FR"",""GR"",""HR"",""HU"",""IE"",""IT"",""LI"",""LT"",""LU"",""LV"",""MT"",""NL"",""NO"",""PL"",""PT"",""RO"",""SE"",""SI"",""SK""]","2024-11-23 00:00:00","The decision was taken pursuant to own-initiative investigations.",SOURCE_VOLUNTARY,,Yes,AUTOMATED_DECISION_FULLY,TikTok,7440307707581635360,"2024-11-23 03:21:15"
101c8daa-1726-4513-a99e-4814d12a2bd3,"[""DECISION_VISIBILITY_OTHER""]","Video not eligible for recommendation in the For You feed",,,,,,,,,,DECISION_GROUND_INCOMPATIBLE_CONTENT,,,,"Community Guidelines","We maintain content eligibility standards for the For You feed (FYF) that prioritize safety and are informed by the diversity of our community and cultural norms. We make ineligible for the FYF certain content that may not be appropriate for a broad audience related to: (1) Behavioral Health, (2) Sensitive and Mature Themes, (3) Integrity and Authenticity, and (4) Regulated Goods. Content that is ineligible for the FYF can still be discovered in other ways, such as through search tools or by following an account.We proactively enforce our Community Guidelines through a mix of technology and human moderation. We have detected this policy violation using automated measures. We have used automated measures in making this decision.",,STATEMENT_CATEGORY_SCOPE_OF_PLATFORM_SERVICE,,,,"[""CONTENT_TYPE_VIDEO""]",,,"2023-12-20 00:00:00","[""AT"",""BE"",""BG"",""CY"",""CZ"",""DE"",""DK"",""EE"",""ES"",""FI"",""FR"",""GR"",""HR"",""HU"",""IE"",""IT"",""LI"",""LT"",""LU"",""LV"",""MT"",""NL"",""NO"",""PL"",""PT"",""RO"",""SE"",""SI"",""SK""]","2024-11-23 00:00:00","The decision was taken pursuant to own-initiative investigations.",SOURCE_VOLUNTARY,,Yes,AUTOMATED_DECISION_FULLY,TikTok,7440307707581651744,"2024-11-23 03:21:15"
93c5b35f-53b9-49b1-b011-bda212ef6e6d,"[""DECISION_VISIBILITY_CONTENT_REMOVED""]",,,,,,,,,,,DECISION_GROUND_INCOMPATIBLE_CONTENT,,,,"Community Guidelines","Your content is against our Community Guidelines. The guidelines include rules and standards for using TikTok that apply to everyone and everything on our platform.We proactively enforce our Community Guidelines through a mix of technology and human moderation. We have detected this policy violation using automated measures. We have used automated measures in making this decision.",,STATEMENT_CATEGORY_SCOPE_OF_PLATFORM_SERVICE,,,,"[""CONTENT_TYPE_VIDEO""]",,,"2024-08-10 00:00:00","[""AT"",""BE"",""BG"",""CY"",""CZ"",""DE"",""DK"",""EE"",""ES"",""FI"",""FR"",""GR"",""HR"",""HU"",""IE"",""IT"",""LI"",""LT"",""LU"",""LV"",""MT"",""NL"",""NO"",""PL"",""PT"",""RO"",""SE"",""SI"",""SK""]","2024-11-23 00:00:00","The decision was taken pursuant to own-initiative investigations.",SOURCE_VOLUNTARY,,Yes,AUTOMATED_DECISION_FULLY,TikTok,7440307707590073121,"2024-11-23 03:21:15"
54f1fa91-268b-4ed3-bac0-8168b31bc2be,"[""DECISION_VISIBILITY_OTHER""]","Video not eligible for recommendation in the For You feed",,,,,,,,,,DECISION_GROUND_INCOMPATIBLE_CONTENT,,,,"Community Guidelines","We maintain content eligibility standards for the For You feed (FYF) that prioritize safety and are informed by the diversity of our community and cultural norms. We make ineligible for the FYF certain content that may not be appropriate for a broad audience related to: (1) Behavioral Health, (2) Sensitive and Mature Themes, (3) Integrity and Authenticity, and (4) Regulated Goods. Content that is ineligible for the FYF can still be discovered in other ways, such as through search tools or by following an account.We proactively enforce our Community Guidelines through a mix of technology and human moderation. We have detected this policy violation using automated measures. We have used automated measures in making this decision.",,STATEMENT_CATEGORY_SCOPE_OF_PLATFORM_SERVICE,,,,"[""CONTENT_TYPE_VIDEO""]",,,"2023-02-13 00:00:00","[""AT"",""BE"",""BG"",""CY"",""CZ"",""DE"",""DK"",""EE"",""ES"",""FI"",""FR"",""GR"",""HR"",""HU"",""IE"",""IT"",""LI"",""LT"",""LU"",""LV"",""MT"",""NL"",""NO"",""PL"",""PT"",""RO"",""SE"",""SI"",""SK""]","2024-11-23 00:00:00","The decision was taken pursuant to own-initiative investigations.",SOURCE_VOLUNTARY,,Yes,AUTOMATED_DECISION_FULLY,TikTok,7440307707590089505,"2024-11-23 03:21:15"
a5e1a629-7a4e-4beb-8cfd-ffa24d8efaa6,"[""DECISION_VISIBILITY_OTHER""]","Video not eligible for recommendation in the For You feed",,,,,,,,,,DECISION_GROUND_INCOMPATIBLE_CONTENT,,,,"Community Guidelines","We maintain content eligibility standards for the For You feed (FYF) that prioritize safety and are informed by the diversity of our community and cultural norms. We make ineligible for the FYF certain content that may not be appropriate for a broad audience related to: (1) Behavioral Health, (2) Sensitive and Mature Themes, (3) Integrity and Authenticity, and (4) Regulated Goods. Content that is ineligible for the FYF can still be discovered in other ways, such as through search tools or by following an account.We proactively enforce our Community Guidelines through a mix of technology and human moderation. We have detected this policy violation using automated measures. We have used automated measures in making this decision.",,STATEMENT_CATEGORY_SCOPE_OF_PLATFORM_SERVICE,,,,"[""CONTENT_TYPE_VIDEO""]",,,"2024-01-03 00:00:00","[""AT"",""BE"",""BG"",""CY"",""CZ"",""DE"",""DK"",""EE"",""ES"",""FI"",""FR"",""GR"",""HR"",""HU"",""IE"",""IT"",""LI"",""LT"",""LU"",""LV"",""MT"",""NL"",""NO"",""PL"",""PT"",""RO"",""SE"",""SI"",""SK""]","2024-11-23 00:00:00","The decision was taken pursuant to own-initiative investigations.",SOURCE_VOLUNTARY,,Yes,AUTOMATED_DECISION_FULLY,TikTok,7440307707581668128,"2024-11-23 03:21:15"
185beaf5-edaa-4e3a-8986-b0eadaa70979,"[""DECISION_VISIBILITY_OTHER""]","Video not eligible for recommendation in the For You feed",,,,,,,,,,DECISION_GROUND_INCOMPATIBLE_CONTENT,,,,"Community Guidelines","We maintain content eligibility standards for the For You feed (FYF) that prioritize safety and are informed by the diversity of our community and cultural norms. We make ineligible for the FYF certain content that may not be appropriate for a broad audience related to: (1) Behavioral Health, (2) Sensitive and Mature Themes, (3) Integrity and Authenticity, and (4) Regulated Goods. Content that is ineligible for the FYF can still be discovered in other ways, such as through search tools or by following an account.We proactively enforce our Community Guidelines through a mix of technology and human moderation. We have detected this policy violation using automated measures. We have used automated measures in making this decision.",,STATEMENT_CATEGORY_SCOPE_OF_PLATFORM_SERVICE,,,,"[""CONTENT_TYPE_VIDEO""]",,,"2023-04-06 00:00:00","[""AT"",""BE"",""BG"",""CY"",""CZ"",""DE"",""DK"",""EE"",""ES"",""FI"",""FR"",""GR"",""HR"",""HU"",""IE"",""IT"",""LI"",""LT"",""LU"",""LV"",""MT"",""NL"",""NO"",""PL"",""PT"",""RO"",""SE"",""SI"",""SK""]","2024-11-23 00:00:00","The decision was taken pursuant to own-initiative investigations.",SOURCE_VOLUNTARY,,Yes,AUTOMATED_DECISION_FULLY,TikTok,7440307707590105889,"2024-11-23 03:21:15"
9993c4f3-009a-4732-aa1b-5f92f3e64367,"[""DECISION_VISIBILITY_OTHER""]","Video not eligible for recommendation in the For You feed",,,,,,,,,,DECISION_GROUND_INCOMPATIBLE_CONTENT,,,,"Community Guidelines","We maintain content eligibility standards for the For You feed (FYF) that prioritize safety and are informed by the diversity of our community and cultural norms. We make ineligible for the FYF certain content that may not be appropriate for a broad audience related to: (1) Behavioral Health, (2) Sensitive and Mature Themes, (3) Integrity and Authenticity, and (4) Regulated Goods. Content that is ineligible for the FYF can still be discovered in other ways, such as through search tools or by following an account.We proactively enforce our Community Guidelines through a mix of technology and human moderation. We have detected this policy violation using automated measures. We have used automated measures in making this decision.",,STATEMENT_CATEGORY_SCOPE_OF_PLATFORM_SERVICE,,,,"[""CONTENT_TYPE_VIDEO""]",,,"2023-01-03 00:00:00","[""AT"",""BE"",""BG"",""CY"",""CZ"",""DE"",""DK"",""EE"",""ES"",""FI"",""FR"",""GR"",""HR"",""HU"",""IE"",""IT"",""LI"",""LT"",""LU"",""LV"",""MT"",""NL"",""NO"",""PL"",""PT"",""RO"",""SE"",""SI"",""SK""]","2024-11-23 00:00:00","The decision was taken pursuant to own-initiative investigations.",SOURCE_VOLUNTARY,,Yes,AUTOMATED_DECISION_FULLY,TikTok,7440307707678038817,"2024-11-23 03:21:15"
dfd0d5d4-7a0b-41b1-84ec-266d2276c68f,"[""DECISION_VISIBILITY_OTHER""]","Video not eligible for recommendation in the For You feed",,,,,,,,,,DECISION_GROUND_INCOMPATIBLE_CONTENT,,,,Misinformation,"In a global community, it is natural for people to have different opinions, but we seek to operate on a shared set of facts and reality. Content is ineligible for the For You feed and harder to find in search if it contains general conspiracy theories or unverified information related to emergencies. Content sent for fact checking may also be temporarily ineligible for the For You feed while it is undergoing review.We proactively enforce our Community Guidelines through a mix of technology and human moderation. We have detected this policy violation using automated measures. We have used automated measures in making this decision.",,STATEMENT_CATEGORY_NEGATIVE_EFFECTS_ON_CIVIC_DISCOURSE_OR_ELECTIONS,,,,"[""CONTENT_TYPE_VIDEO""]",,,"2024-02-10 00:00:00","[""AT"",""BE"",""BG"",""CY"",""CZ"",""DE"",""DK"",""EE"",""ES"",""FI"",""FR"",""GR"",""HR"",""HU"",""IE"",""IT"",""LI"",""LT"",""LU"",""LV"",""MT"",""NL"",""NO"",""PL"",""PT"",""RO"",""SE"",""SI"",""SK""]","2024-11-23 00:00:00","The decision was taken pursuant to own-initiative investigations.",SOURCE_VOLUNTARY,,Yes,AUTOMATED_DECISION_FULLY,TikTok,7440307707678055201,"2024-11-23 03:21:15"
ac67f006-1e75-400c-8325-f7a05ebade9a,"[""DECISION_VISIBILITY_OTHER""]","Video not eligible for recommendation in the For You feed",,,,,,,,,,DECISION_GROUND_INCOMPATIBLE_CONTENT,,,,"Community Guidelines","We maintain content eligibility standards for the For You feed (FYF) that prioritize safety and are informed by the diversity of our community and cultural norms. We make ineligible for the FYF certain content that may not be appropriate for a broad audience related to: (1) Behavioral Health, (2) Sensitive and Mature Themes, (3) Integrity and Authenticity, and (4) Regulated Goods. Content that is ineligible for the FYF can still be discovered in other ways, such as through search tools or by following an account.We proactively enforce our Community Guidelines through a mix of technology and human moderation. We have detected this policy violation using automated measures. We have used automated measures in making this decision.",,STATEMENT_CATEGORY_SCOPE_OF_PLATFORM_SERVICE,,,,"[""CONTENT_TYPE_VIDEO""]",,,"2023-09-22 00:00:00","[""AT"",""BE"",""BG"",""CY"",""CZ"",""DE"",""DK"",""EE"",""ES"",""FI"",""FR"",""GR"",""HR"",""HU"",""IE"",""IT"",""LI"",""LT"",""LU"",""LV"",""MT"",""NL"",""NO"",""PL"",""PT"",""RO"",""SE"",""SI"",""SK""]","2024-11-23 00:00:00","The decision was taken pursuant to own-initiative investigations.",SOURCE_VOLUNTARY,,Yes,AUTOMATED_DECISION_FULLY,TikTok,7440307707678071585,"2024-11-23 03:21:15"
155b4bb9-2833-4cde-8f60-e019ffd53008,"[""DECISION_VISIBILITY_OTHER""]","Video not eligible for recommendation in the For You feed",,,,,,,,,,DECISION_GROUND_INCOMPATIBLE_CONTENT,,,,"Community Guidelines","We maintain content eligibility standards for the For You feed (FYF) that prioritize safety and are informed by the diversity of our community and cultural norms. We make ineligible for the FYF certain content that may not be appropriate for a broad audience related to: (1) Behavioral Health, (2) Sensitive and Mature Themes, (3) Integrity and Authenticity, and (4) Regulated Goods. Content that is ineligible for the FYF can still be discovered in other ways, such as through search tools or by following an account.We proactively enforce our Community Guidelines through a mix of technology and human moderation. We have detected this policy violation using automated measures. We have used automated measures in making this decision.",,STATEMENT_CATEGORY_SCOPE_OF_PLATFORM_SERVICE,,,,"[""CONTENT_TYPE_VIDEO""]",,,"2023-11-21 00:00:00","[""AT"",""BE"",""BG"",""CY"",""CZ"",""DE"",""DK"",""EE"",""ES"",""FI"",""FR"",""GR"",""HR"",""HU"",""IE"",""IT"",""LI"",""LT"",""LU"",""LV"",""MT"",""NL"",""NO"",""PL"",""PT"",""RO"",""SE"",""SI"",""SK""]","2024-11-23 00:00:00","The decision was taken pursuant to own-initiative investigations.",SOURCE_VOLUNTARY,,Yes,AUTOMATED_DECISION_FULLY,TikTok,7440307707678087969,"2024-11-23 03:21:15"
adee04e6-555e-47c9-a93a-18509db8fbca,"[""DECISION_VISIBILITY_OTHER""]","Video not eligible for recommendation in the For You feed",,,,,,,,,,DECISION_GROUND_INCOMPATIBLE_CONTENT,,,,"Community Guidelines","We maintain content eligibility standards for the For You feed (FYF) that prioritize safety and are informed by the diversity of our community and cultural norms. We make ineligible for the FYF certain content that may not be appropriate for a broad audience related to: (1) Behavioral Health, (2) Sensitive and Mature Themes, (3) Integrity and Authenticity, and (4) Regulated Goods. Content that is ineligible for the FYF can still be discovered in other ways, such as through search tools or by following an account.We proactively enforce our Community Guidelines through a mix of technology and human moderation. We have detected this policy violation using automated measures. We have used automated measures in making this decision.",,STATEMENT_CATEGORY_SCOPE_OF_PLATFORM_SERVICE,,,,"[""CONTENT_TYPE_VIDEO""]",,,"2023-09-14 00:00:00","[""AT"",""BE"",""BG"",""CY"",""CZ"",""DE"",""DK"",""EE"",""ES"",""FI"",""FR"",""GR"",""HR"",""HU"",""IE"",""IT"",""LI"",""LT"",""LU"",""LV"",""MT"",""NL"",""NO"",""PL"",""PT"",""RO"",""SE"",""SI"",""SK""]","2024-11-23 00:00:00","The decision was taken pursuant to own-initiative investigations.",SOURCE_VOLUNTARY,,Yes,AUTOMATED_DECISION_FULLY,TikTok,7440307707581684512,"2024-11-23 03:21:15"
984142f0-36a6-450e-9513-ffd3ef056f2d,"[""DECISION_VISIBILITY_OTHER""]","Video not eligible for recommendation in the For You feed",,,,,,,,,,DECISION_GROUND_INCOMPATIBLE_CONTENT,,,,"Nudity and Body Exposure","We celebrate all shapes and sizes and want people to feel comfortable in how they present themselves and their bodies. Content is ineligible for the For You feed and harder to find in search if it shows moderate body exposure of a young person, or significant body exposure of an adult. We allow regional exceptions for body exposure in limited situations, such as common cultural practices.We proactively enforce our Community Guidelines through a mix of technology and human moderation. We have detected this policy violation using automated measures. We have used automated measures in making this decision.",,STATEMENT_CATEGORY_SCOPE_OF_PLATFORM_SERVICE,,,,"[""CONTENT_TYPE_VIDEO""]",,,"2023-09-17 00:00:00","[""AT"",""BE"",""BG"",""CY"",""CZ"",""DE"",""DK"",""EE"",""ES"",""FI"",""FR"",""GR"",""HR"",""HU"",""IE"",""IT"",""LI"",""LT"",""LU"",""LV"",""MT"",""NL"",""NO"",""PL"",""PT"",""RO"",""SE"",""SI"",""SK""]","2024-11-23 00:00:00","The decision was taken pursuant to own-initiative investigations.",SOURCE_VOLUNTARY,,Yes,AUTOMATED_DECISION_FULLY,TikTok,7440307707581700896,"2024-11-23 03:21:15"
99698e32-ecc7-4d2f-9c71-83801757ff96,"[""DECISION_VISIBILITY_OTHER""]","Video not eligible for recommendation in the For You feed",,,,,,,,,,DECISION_GROUND_INCOMPATIBLE_CONTENT,,,,"Community Guidelines","We maintain content eligibility standards for the For You feed (FYF) that prioritize safety and are informed by the diversity of our community and cultural norms. We make ineligible for the FYF certain content that may not be appropriate for a broad audience related to: (1) Behavioral Health, (2) Sensitive and Mature Themes, (3) Integrity and Authenticity, and (4) Regulated Goods. Content that is ineligible for the FYF can still be discovered in other ways, such as through search tools or by following an account.We proactively enforce our Community Guidelines through a mix of technology and human moderation. We have detected this policy violation using automated measures. We have used automated measures in making this decision.",,STATEMENT_CATEGORY_SCOPE_OF_PLATFORM_SERVICE,,,,"[""CONTENT_TYPE_VIDEO""]",,,"2024-01-29 00:00:00","[""AT"",""BE"",""BG"",""CY"",""CZ"",""DE"",""DK"",""EE"",""ES"",""FI"",""FR"",""GR"",""HR"",""HU"",""IE"",""IT"",""LI"",""LT"",""LU"",""LV"",""MT"",""NL"",""NO"",""PL"",""PT"",""RO"",""SE"",""SI"",""SK""]","2024-11-23 00:00:00","The decision was taken pursuant to own-initiative investigations.",SOURCE_VOLUNTARY,,Yes,AUTOMATED_DECISION_FULLY,TikTok,7440307707581717280,"2024-11-23 03:21:15"
cdb89de8-d462-45c3-b995-5fb21358ff09,"[""DECISION_VISIBILITY_OTHER""]","Video not eligible for recommendation in the For You feed",,,,,,,,,,DECISION_GROUND_INCOMPATIBLE_CONTENT,,,,Misinformation,"In a global community, it is natural for people to have different opinions, but we seek to operate on a shared set of facts and reality. Content is ineligible for the For You feed and harder to find in search if it contains general conspiracy theories or unverified information related to emergencies. Content sent for fact checking may also be temporarily ineligible for the For You feed while it is undergoing review.We proactively enforce our Community Guidelines through a mix of technology and human moderation. We have detected this policy violation using automated measures. We have used automated measures in making this decision.",,STATEMENT_CATEGORY_NEGATIVE_EFFECTS_ON_CIVIC_DISCOURSE_OR_ELECTIONS,,,,"[""CONTENT_TYPE_VIDEO""]",,,"2023-08-08 00:00:00","[""AT"",""BE"",""BG"",""CY"",""CZ"",""DE"",""DK"",""EE"",""ES"",""FI"",""FR"",""GR"",""HR"",""HU"",""IE"",""IT"",""LI"",""LT"",""LU"",""LV"",""MT"",""NL"",""NO"",""PL"",""PT"",""RO"",""SE"",""SI"",""SK""]","2024-11-23 00:00:00","The decision was taken pursuant to own-initiative investigations.",SOURCE_VOLUNTARY,,Yes,AUTOMATED_DECISION_FULLY,TikTok,7440307707699010337,"2024-11-23 03:21:15"
95b0dce6-3752-40de-ae79-292c52b1772b,"[""DECISION_VISIBILITY_OTHER""]","Video not eligible for recommendation in the For You feed",,,,,,,,,,DECISION_GROUND_INCOMPATIBLE_CONTENT,,,,"Community Guidelines","We maintain content eligibility standards for the For You feed (FYF) that prioritize safety and are informed by the diversity of our community and cultural norms. We make ineligible for the FYF certain content that may not be appropriate for a broad audience related to: (1) Behavioral Health, (2) Sensitive and Mature Themes, (3) Integrity and Authenticity, and (4) Regulated Goods. Content that is ineligible for the FYF can still be discovered in other ways, such as through search tools or by following an account.We proactively enforce our Community Guidelines through a mix of technology and human moderation. We have detected this policy violation using automated measures. We have used automated measures in making this decision.",,STATEMENT_CATEGORY_SCOPE_OF_PLATFORM_SERVICE,,,,"[""CONTENT_TYPE_VIDEO""]",,,"2023-04-07 00:00:00","[""AT"",""BE"",""BG"",""CY"",""CZ"",""DE"",""DK"",""EE"",""ES"",""FI"",""FR"",""GR"",""HR"",""HU"",""IE"",""IT"",""LI"",""LT"",""LU"",""LV"",""MT"",""NL"",""NO"",""PL"",""PT"",""RO"",""SE"",""SI"",""SK""]","2024-11-23 00:00:00","The decision was taken pursuant to own-initiative investigations.",SOURCE_VOLUNTARY,,Yes,AUTOMATED_DECISION_FULLY,TikTok,7440307707699026721,"2024-11-23 03:21:15"
49f726ac-c673-4623-8897-3cc7b5883c0e,"[""DECISION_VISIBILITY_OTHER""]","Video not eligible for recommendation in the For You feed",,,,,,,,,,DECISION_GROUND_INCOMPATIBLE_CONTENT,,,,"Community Guidelines","We maintain content eligibility standards for the For You feed (FYF) that prioritize safety and are informed by the diversity of our community and cultural norms. We make ineligible for the FYF certain content that may not be appropriate for a broad audience related to: (1) Behavioral Health, (2) Sensitive and Mature Themes, (3) Integrity and Authenticity, and (4) Regulated Goods. Content that is ineligible for the FYF can still be discovered in other ways, such as through search tools or by following an account.We proactively enforce our Community Guidelines through a mix of technology and human moderation. We have detected this policy violation using automated measures. We have used automated measures in making this decision.",,STATEMENT_CATEGORY_SCOPE_OF_PLATFORM_SERVICE,,,,"[""CONTENT_TYPE_VIDEO""]",,,"2023-10-18 00:00:00","[""AT"",""BE"",""BG"",""CY"",""CZ"",""DE"",""DK"",""EE"",""ES"",""FI"",""FR"",""GR"",""HR"",""HU"",""IE"",""IT"",""LI"",""LT"",""LU"",""LV"",""MT"",""NL"",""NO"",""PL"",""PT"",""RO"",""SE"",""SI"",""SK""]","2024-11-23 00:00:00","The decision was taken pursuant to own-initiative investigations.",SOURCE_VOLUNTARY,,Yes,AUTOMATED_DECISION_FULLY,TikTok,7440307707678104353,"2024-11-23 03:21:15"
5c0611d4-3b9f-4eb8-b95a-bb68564680ea,"[""DECISION_VISIBILITY_OTHER""]","Video not eligible for recommendation in the For You feed",,,,,,,,,,DECISION_GROUND_INCOMPATIBLE_CONTENT,,,,"Community Guidelines","We maintain content eligibility standards for the For You feed (FYF) that prioritize safety and are informed by the diversity of our community and cultural norms. We make ineligible for the FYF certain content that may not be appropriate for a broad audience related to: (1) Behavioral Health, (2) Sensitive and Mature Themes, (3) Integrity and Authenticity, and (4) Regulated Goods. Content that is ineligible for the FYF can still be discovered in other ways, such as through search tools or by following an account.We proactively enforce our Community Guidelines through a mix of technology and human moderation. We have detected this policy violation using automated measures. We have used automated measures in making this decision.",,STATEMENT_CATEGORY_SCOPE_OF_PLATFORM_SERVICE,,,,"[""CONTENT_TYPE_VIDEO""]",,,"2023-06-05 00:00:00","[""AT"",""BE"",""BG"",""CY"",""CZ"",""DE"",""DK"",""EE"",""ES"",""FI"",""FR"",""GR"",""HR"",""HU"",""IE"",""IT"",""LI"",""LT"",""LU"",""LV"",""MT"",""NL"",""NO"",""PL"",""PT"",""RO"",""SE"",""SI"",""SK""]","2024-11-23 00:00:00","The decision was taken pursuant to own-initiative investigations.",SOURCE_VOLUNTARY,,Yes,AUTOMATED_DECISION_FULLY,TikTok,7440307707678120737,"2024-11-23 03:21:15"
ba4a5675-3346-43fc-97ba-94ff3d040c95,"[""DECISION_VISIBILITY_CONTENT_REMOVED""]",,,,,,,,,,,DECISION_GROUND_INCOMPATIBLE_CONTENT,,,,"Hate Speech and Hateful Behaviors","TikTok is enriched by the various backgrounds of our community members. Our differences should be respected, rather than a cause for division. We do not allow any hateful behavior, hate speech, or promotion of hateful ideologies. This includes content that attacks a person or group because of protected attributes.We proactively enforce our Community Guidelines through a mix of technology and human moderation. We have detected this policy violation using automated measures. We have used automated measures in making this decision.",,STATEMENT_CATEGORY_ILLEGAL_OR_HARMFUL_SPEECH,,,,"[""CONTENT_TYPE_TEXT""]",,,"2024-11-23 00:00:00","[""AT"",""BE"",""BG"",""CY"",""CZ"",""DE"",""DK"",""EE"",""ES"",""FI"",""FR"",""GR"",""HR"",""HU"",""IE"",""IT"",""LI"",""LT"",""LU"",""LV"",""MT"",""NL"",""NO"",""PL"",""PT"",""RO"",""SE"",""SI"",""SK""]","2024-11-23 00:00:00","The decision was taken pursuant to own-initiative investigations.",SOURCE_VOLUNTARY,,Yes,AUTOMATED_DECISION_FULLY,TikTok,7440309270521846561,"2024-11-23 03:21:15"
f3902819-e3e4-4505-9034-bca82636ae3b,"[""DECISION_VISIBILITY_OTHER""]","Video not eligible for recommendation in the For You feed",,,,,,,,,,DECISION_GROUND_INCOMPATIBLE_CONTENT,,,,"Community Guidelines","We maintain content eligibility standards for the For You feed (FYF) that prioritize safety and are informed by the diversity of our community and cultural norms. We make ineligible for the FYF certain content that may not be appropriate for a broad audience related to: (1) Behavioral Health, (2) Sensitive and Mature Themes, (3) Integrity and Authenticity, and (4) Regulated Goods. Content that is ineligible for the FYF can still be discovered in other ways, such as through search tools or by following an account.We proactively enforce our Community Guidelines through a mix of technology and human moderation. We have detected this policy violation using automated measures. We have used automated measures in making this decision.",,STATEMENT_CATEGORY_SCOPE_OF_PLATFORM_SERVICE,,,,"[""CONTENT_TYPE_VIDEO""]",,,"2024-11-23 00:00:00","[""AT"",""BE"",""BG"",""CY"",""CZ"",""DE"",""DK"",""EE"",""ES"",""FI"",""FR"",""GR"",""HR"",""HU"",""IE"",""IT"",""LI"",""LT"",""LU"",""LV"",""MT"",""NL"",""NO"",""PL"",""PT"",""RO"",""SE"",""SI"",""SK""]","2024-11-23 00:00:00","The decision was taken pursuant to own-initiative investigations.",SOURCE_VOLUNTARY,,Yes,AUTOMATED_DECISION_FULLY,TikTok,7440309328206109473,"2024-11-23 03:21:15"
300ed2ca-f010-441b-9bb5-398a62df6cd3,"[""DECISION_VISIBILITY_CONTENT_REMOVED""]",,,,,,,,,,,DECISION_GROUND_INCOMPATIBLE_CONTENT,,,,"Sexually Suggestive Content","We welcome performances and dances where people can creatively express themselves, celebrate their culture, or seek to entertain. We are mindful that certain behaviors related to sexual arousal or suggestiveness may be offensive to some people and may put young people at risk of exploitation. We do not allow seductive performances or allusions to sexual activity by young people, or the use of sexually explicit narratives by anyone.We proactively enforce our Community Guidelines through a mix of technology and human moderation. We have detected this policy violation using automated measures. We have used automated measures in making this decision.",,STATEMENT_CATEGORY_SCOPE_OF_PLATFORM_SERVICE,,,,"[""CONTENT_TYPE_TEXT""]",,,"2024-11-23 00:00:00","[""AT"",""BE"",""BG"",""CY"",""CZ"",""DE"",""DK"",""EE"",""ES"",""FI"",""FR"",""GR"",""HR"",""HU"",""IE"",""IT"",""LI"",""LT"",""LU"",""LV"",""MT"",""NL"",""NO"",""PL"",""PT"",""RO"",""SE"",""SI"",""SK""]","2024-11-23 00:00:00","The decision was taken pursuant to own-initiative investigations.",SOURCE_VOLUNTARY,,Yes,AUTOMATED_DECISION_FULLY,TikTok,7440309321424018209,"2024-11-23 03:21:15"
797d0e68-a614-48f9-adf2-fb1ae4bfda5b,"[""DECISION_VISIBILITY_OTHER""]","Video not eligible for recommendation in the For You feed",,,,,,,,,,DECISION_GROUND_INCOMPATIBLE_CONTENT,,,,"Community Guidelines","We maintain content eligibility standards for the For You feed (FYF) that prioritize safety and are informed by the diversity of our community and cultural norms. We make ineligible for the FYF certain content that may not be appropriate for a broad audience related to: (1) Behavioral Health, (2) Sensitive and Mature Themes, (3) Integrity and Authenticity, and (4) Regulated Goods. Content that is ineligible for the FYF can still be discovered in other ways, such as through search tools or by following an account.We proactively enforce our Community Guidelines through a mix of technology and human moderation. We have detected this policy violation using automated measures. We have used automated measures in making this decision.",,STATEMENT_CATEGORY_SCOPE_OF_PLATFORM_SERVICE,,,,"[""CONTENT_TYPE_VIDEO""]",,,"2024-11-23 00:00:00","[""AT"",""BE"",""BG"",""CY"",""CZ"",""DE"",""DK"",""EE"",""ES"",""FI"",""FR"",""GR"",""HR"",""HU"",""IE"",""IT"",""LI"",""LT"",""LU"",""LV"",""MT"",""NL"",""NO"",""PL"",""PT"",""RO"",""SE"",""SI"",""SK""]","2024-11-23 00:00:00","The decision was taken pursuant to own-initiative investigations.",SOURCE_VOLUNTARY,,Yes,AUTOMATED_DECISION_FULLY,TikTok,7440309328206125857,"2024-11-23 03:21:15"
21a28fe7-5251-4774-8e76-aaf9785d4f7c,"[""DECISION_VISIBILITY_CONTENT_REMOVED""]",,,,,,,,,,,DECISION_GROUND_INCOMPATIBLE_CONTENT,,,,"Minimum Age Requirement","Users must be 13 years and older to have a TikTok account. We are deeply committed to ensuring that TikTok is a safe and positive experience for people under the age of 18. This starts by being old enough to use TikTok. If we learn someone is below the minimum age on TikTok, we will ban that account.We proactively enforce our Community Guidelines through a mix of technology and human moderation. We have detected this policy violation using automated measures. We have used automated measures in making this decision.",,STATEMENT_CATEGORY_PROTECTION_OF_MINORS,,,,"[""CONTENT_TYPE_TEXT""]",,,"2024-11-23 00:00:00","[""AT"",""BE"",""BG"",""CY"",""CZ"",""DE"",""DK"",""EE"",""ES"",""FI"",""FR"",""GR"",""HR"",""HU"",""IE"",""IT"",""LI"",""LT"",""LU"",""LV"",""MT"",""NL"",""NO"",""PL"",""PT"",""RO"",""SE"",""SI"",""SK""]","2024-11-23 00:00:00","The decision was taken pursuant to own-initiative investigations.",SOURCE_VOLUNTARY,,Yes,AUTOMATED_DECISION_FULLY,TikTok,7440309328206142241,"2024-11-23 03:21:15"
0e3531c4-f16e-419f-9627-ba6b650319c9,"[""DECISION_VISIBILITY_CONTENT_REMOVED""]",,,,,,,,,,,DECISION_GROUND_INCOMPATIBLE_CONTENT,,,,"Harassment and Bullying","We welcome the respectful expression of different viewpoints, but not toxicity or trolling. We do not allow language or behavior that harasses, humiliates, threatens, or doxes anyone. This also includes responding to such acts with retaliatory harassment (but excludes non-harassing counterspeech).We proactively enforce our Community Guidelines through a mix of technology and human moderation. We have detected this policy violation using automated measures. We have used automated measures in making this decision.",,STATEMENT_CATEGORY_ILLEGAL_OR_HARMFUL_SPEECH,,,,"[""CONTENT_TYPE_TEXT""]",,,"2024-11-23 00:00:00","[""AT"",""BE"",""BG"",""CY"",""CZ"",""DE"",""DK"",""EE"",""ES"",""FI"",""FR"",""GR"",""HR"",""HU"",""IE"",""IT"",""LI"",""LT"",""LU"",""LV"",""MT"",""NL"",""NO"",""PL"",""PT"",""RO"",""SE"",""SI"",""SK""]","2024-11-23 00:00:00","The decision was taken pursuant to own-initiative investigations.",SOURCE_VOLUNTARY,,Yes,AUTOMATED_DECISION_FULLY,TikTok,7440309340646415136,"2024-11-23 03:21:15"
bbcdf809-cdc6-4cd4-a927-70bb799f203b,"[""DECISION_VISIBILITY_CONTENT_REMOVED""]",,,,,,,,,,,DECISION_GROUND_INCOMPATIBLE_CONTENT,,,,"Hate Speech and Hateful Behaviors","TikTok is enriched by the various backgrounds of our community members. Our differences should be respected, rather than a cause for division. We do not allow any hateful behavior, hate speech, or promotion of hateful ideologies. This includes content that attacks a person or group because of protected attributes.We proactively enforce our Community Guidelines through a mix of technology and human moderation. We have detected this policy violation using automated measures. We have used automated measures in making this decision.",,STATEMENT_CATEGORY_ILLEGAL_OR_HARMFUL_SPEECH,,,,"[""CONTENT_TYPE_TEXT""]",,,"2024-11-23 00:00:00","[""AT"",""BE"",""BG"",""CY"",""CZ"",""DE"",""DK"",""EE"",""ES"",""FI"",""FR"",""GR"",""HR"",""HU"",""IE"",""IT"",""LI"",""LT"",""LU"",""LV"",""MT"",""NL"",""NO"",""PL"",""PT"",""RO"",""SE"",""SI"",""SK""]","2024-11-23 00:00:00","The decision was taken pursuant to own-initiative investigations.",SOURCE_VOLUNTARY,,Yes,AUTOMATED_DECISION_FULLY,TikTok,7440309340646431520,"2024-11-23 03:21:15"
dba11e29-df1e-406b-a13f-624f79dbd320,"[""DECISION_VISIBILITY_CONTENT_REMOVED""]",,,,,,,,,,,DECISION_GROUND_INCOMPATIBLE_CONTENT,,,,"Hate Speech and Hateful Behaviors","TikTok is enriched by the various backgrounds of our community members. Our differences should be respected, rather than a cause for division. We do not allow any hateful behavior, hate speech, or promotion of hateful ideologies. This includes content that attacks a person or group because of protected attributes.We proactively enforce our Community Guidelines through a mix of technology and human moderation. We have detected this policy violation using automated measures. We have used automated measures in making this decision.",,STATEMENT_CATEGORY_ILLEGAL_OR_HARMFUL_SPEECH,,,,"[""CONTENT_TYPE_TEXT""]",,,"2024-11-23 00:00:00","[""AT"",""BE"",""BG"",""CY"",""CZ"",""DE"",""DK"",""EE"",""ES"",""FI"",""FR"",""GR"",""HR"",""HU"",""IE"",""IT"",""LI"",""LT"",""LU"",""LV"",""MT"",""NL"",""NO"",""PL"",""PT"",""RO"",""SE"",""SI"",""SK""]","2024-11-23 00:00:00","The decision was taken pursuant to own-initiative investigations.",SOURCE_VOLUNTARY,,Yes,AUTOMATED_DECISION_FULLY,TikTok,7440309340646513440,"2024-11-23 03:21:15"
c76c3803-7d90-4257-8243-814dc0c1f3ea,"[""DECISION_VISIBILITY_OTHER""]","Photo not eligible for recommendation in the For You feed, and visibility restricted in search results",,,,,,,,,,DECISION_GROUND_INCOMPATIBLE_CONTENT,,,,"Civic and Election Integrity","We want to enable the informed exchange of civic ideas in a way that fosters productive dialogue. Your video didn’t meet our eligibility standards for the For You Feed. Please review our Community Guidelines for more information.We proactively enforce our Community Guidelines through a mix of technology and human moderation. We have detected this policy violation using automated measures. We have used automated measures in making this decision.",,STATEMENT_CATEGORY_NEGATIVE_EFFECTS_ON_CIVIC_DISCOURSE_OR_ELECTIONS,,,,"[""CONTENT_TYPE_IMAGE""]",,,"2024-11-23 00:00:00","[""AT"",""BE"",""BG"",""CY"",""CZ"",""DE"",""DK"",""EE"",""ES"",""FI"",""FR"",""GR"",""HR"",""HU"",""IE"",""IT"",""LI"",""LT"",""LU"",""LV"",""MT"",""NL"",""NO"",""PL"",""PT"",""RO"",""SE"",""SI"",""SK""]","2024-11-23 00:00:00","The decision was taken pursuant to own-initiative investigations.",SOURCE_VOLUNTARY,,Yes,AUTOMATED_DECISION_FULLY,TikTok,7440309340646529824,"2024-11-23 03:21:15"
ba3f9b93-3f68-4554-b367-45eaa00f9abd,"[""DECISION_VISIBILITY_CONTENT_REMOVED""]",,,,,,,,,,,DECISION_GROUND_INCOMPATIBLE_CONTENT,,,,"Hate Speech and Hateful Behaviors","TikTok is enriched by the various backgrounds of our community members. Our differences should be respected, rather than a cause for division. We do not allow any hateful behavior, hate speech, or promotion of hateful ideologies. This includes content that attacks a person or group because of protected attributes.We proactively enforce our Community Guidelines through a mix of technology and human moderation. We have detected this policy violation using automated measures. We have used automated measures in making this decision.",,STATEMENT_CATEGORY_ILLEGAL_OR_HARMFUL_SPEECH,,,,"[""CONTENT_TYPE_TEXT""]",,,"2024-11-23 00:00:00","[""AT"",""BE"",""BG"",""CY"",""CZ"",""DE"",""DK"",""EE"",""ES"",""FI"",""FR"",""GR"",""HR"",""HU"",""IE"",""IT"",""LI"",""LT"",""LU"",""LV"",""MT"",""NL"",""NO"",""PL"",""PT"",""RO"",""SE"",""SI"",""SK""]","2024-11-23 00:00:00","The decision was taken pursuant to own-initiative investigations.",SOURCE_VOLUNTARY,,Yes,AUTOMATED_DECISION_FULLY,TikTok,7440309343729261344,"2024-11-23 03:21:15"
b408ab7e-cb45-4fb3-ad06-7c350bffb952,"[""DECISION_VISIBILITY_CONTENT_REMOVED""]",,,,,,,,,,,DECISION_GROUND_INCOMPATIBLE_CONTENT,,,,"Harassment and Bullying","We welcome the respectful expression of different viewpoints, but not toxicity or trolling. We do not allow language or behavior that harasses, humiliates, threatens, or doxes anyone. This also includes responding to such acts with retaliatory harassment (but excludes non-harassing counterspeech).We proactively enforce our Community Guidelines through a mix of technology and human moderation. We have detected this policy violation using automated measures. We have used automated measures in making this decision.",,STATEMENT_CATEGORY_ILLEGAL_OR_HARMFUL_SPEECH,,,,"[""CONTENT_TYPE_TEXT""]",,,"2024-11-23 00:00:00","[""AT"",""BE"",""BG"",""CY"",""CZ"",""DE"",""DK"",""EE"",""ES"",""FI"",""FR"",""GR"",""HR"",""HU"",""IE"",""IT"",""LI"",""LT"",""LU"",""LV"",""MT"",""NL"",""NO"",""PL"",""PT"",""RO"",""SE"",""SI"",""SK""]","2024-11-23 00:00:00","The decision was taken pursuant to own-initiative investigations.",SOURCE_VOLUNTARY,,Yes,AUTOMATED_DECISION_FULLY,TikTok,7440309343729277728,"2024-11-23 03:21:15"
1f825ab4-2e15-40d3-bf38-d08318d24019,"[""DECISION_VISIBILITY_CONTENT_REMOVED""]",,,,,,,,,,,DECISION_GROUND_INCOMPATIBLE_CONTENT,,,,"Hate Speech and Hateful Behaviors","TikTok is enriched by the various backgrounds of our community members. Our differences should be respected, rather than a cause for division. We do not allow any hateful behavior, hate speech, or promotion of hateful ideologies. This includes content that attacks a person or group because of protected attributes.We proactively enforce our Community Guidelines through a mix of technology and human moderation. We have detected this policy violation using automated measures. We have used automated measures in making this decision.",,STATEMENT_CATEGORY_ILLEGAL_OR_HARMFUL_SPEECH,,,,"[""CONTENT_TYPE_TEXT""]",,,"2024-11-23 00:00:00","[""AT"",""BE"",""BG"",""CY"",""CZ"",""DE"",""DK"",""EE"",""ES"",""FI"",""FR"",""GR"",""HR"",""HU"",""IE"",""IT"",""LI"",""LT"",""LU"",""LV"",""MT"",""NL"",""NO"",""PL"",""PT"",""RO"",""SE"",""SI"",""SK""]","2024-11-23 00:00:00","The decision was taken pursuant to own-initiative investigations.",SOURCE_VOLUNTARY,,Yes,AUTOMATED_DECISION_FULLY,TikTok,7440309343729310496,"2024-11-23 03:21:15"
11dc7bf5-2940-4b02-8cf4-4c424101f114,,,,,,,,,DECISION_ACCOUNT_TERMINATED,,,DECISION_GROUND_INCOMPATIBLE_CONTENT,,,,"Advertising policy violation","Reasons why your account may have been suspended: - We received a report or complaint about your account from people on TikTok or other channels. - There are problems with your ad creative, or qualifications or services provided in your ads. - We suspected malicious behavior or intent during ad creation. - You made changes to your ad's landing page after launching the campaign.",,STATEMENT_CATEGORY_SCOPE_OF_PLATFORM_SERVICE,,,,"[""CONTENT_TYPE_OTHER""]","Account Suspended",,"2024-11-18 00:00:00","[""AT"",""BE"",""BG"",""CY"",""CZ"",""DE"",""DK"",""EE"",""ES"",""FI"",""FR"",""GR"",""HR"",""HU"",""IE"",""IT"",""LI"",""LT"",""LU"",""LV"",""MT"",""NL"",""NO"",""PL"",""PT"",""RO"",""SE"",""SI"",""SK""]","2024-11-23 00:00:00","The decision was taken pursuant to own-initiative investigations.",SOURCE_VOLUNTARY,,Yes,AUTOMATED_DECISION_FULLY,TikTok,7440309360405814048,"2024-11-23 03:21:15"
c0310695-2143-46fe-8b25-2db24d70fdad,"[""DECISION_VISIBILITY_CONTENT_REMOVED""]",,,,,,,,,,,DECISION_GROUND_INCOMPATIBLE_CONTENT,,,,"Harassment and Bullying","We welcome the respectful expression of different viewpoints, but not toxicity or trolling. We do not allow language or behavior that harasses, humiliates, threatens, or doxes anyone. This also includes responding to such acts with retaliatory harassment (but excludes non-harassing counterspeech).We proactively enforce our Community Guidelines through a mix of technology and human moderation. We have detected this policy violation using automated measures. We have used automated measures in making this decision.",,STATEMENT_CATEGORY_ILLEGAL_OR_HARMFUL_SPEECH,,,,"[""CONTENT_TYPE_TEXT""]",,,"2024-11-23 00:00:00","[""AT"",""BE"",""BG"",""CY"",""CZ"",""DE"",""DK"",""EE"",""ES"",""FI"",""FR"",""GR"",""HR"",""HU"",""IE"",""IT"",""LI"",""LT"",""LU"",""LV"",""MT"",""NL"",""NO"",""PL"",""PT"",""RO"",""SE"",""SI"",""SK""]","2024-11-23 00:00:00","The decision was taken pursuant to own-initiative investigations.",SOURCE_VOLUNTARY,,Yes,AUTOMATED_DECISION_FULLY,TikTok,7440309343729343264,"2024-11-23 03:21:15"
ef1d6f33-21bf-4c0d-a6bd-cebea8ce2b3b,"[""DECISION_VISIBILITY_OTHER""]","Video not eligible for recommendation in the For You feed",,,,,,,,,,DECISION_GROUND_INCOMPATIBLE_CONTENT,,,,"Community Guidelines","We maintain content eligibility standards for the For You feed (FYF) that prioritize safety and are informed by the diversity of our community and cultural norms. We make ineligible for the FYF certain content that may not be appropriate for a broad audience related to: (1) Behavioral Health, (2) Sensitive and Mature Themes, (3) Integrity and Authenticity, and (4) Regulated Goods. Content that is ineligible for the FYF can still be discovered in other ways, such as through search tools or by following an account.We proactively enforce our Community Guidelines through a mix of technology and human moderation. We have detected this policy violation using automated measures. We have used automated measures in making this decision.",,STATEMENT_CATEGORY_SCOPE_OF_PLATFORM_SERVICE,,,,"[""CONTENT_TYPE_VIDEO""]",,,"2020-12-30 00:00:00","[""AT"",""BE"",""BG"",""CY"",""CZ"",""DE"",""DK"",""EE"",""ES"",""FI"",""FR"",""GR"",""HR"",""HU"",""IE"",""IT"",""LI"",""LT"",""LU"",""LV"",""MT"",""NL"",""NO"",""PL"",""PT"",""RO"",""SE"",""SI"",""SK""]","2024-11-23 00:00:00","The decision was taken pursuant to own-initiative investigations.",SOURCE_VOLUNTARY,,Yes,AUTOMATED_DECISION_FULLY,TikTok,7440309343729326880,"2024-11-23 03:21:15"
f7dfd23d-661a-4af3-afa7-9291b3c497f0,"[""DECISION_VISIBILITY_CONTENT_REMOVED""]",,,,,,,,,,,DECISION_GROUND_INCOMPATIBLE_CONTENT,,,,"Nudity and Body Exposure","We celebrate all shapes and sizes and want people to feel comfortable in how they present themselves and their bodies. We do not allow nudity, including uncovered genitals and buttocks, as well as nipples and areolas of women and girls. Sheer and partially see-through clothing is not considered covered.We proactively enforce our Community Guidelines through a mix of technology and human moderation. We have detected this policy violation using automated measures. We have used automated measures in making this decision.",,STATEMENT_CATEGORY_SCOPE_OF_PLATFORM_SERVICE,,,,"[""CONTENT_TYPE_VIDEO""]",,,"2024-11-23 00:00:00","[""AT"",""BE"",""BG"",""CY"",""CZ"",""DE"",""DK"",""EE"",""ES"",""FI"",""FR"",""GR"",""HR"",""HU"",""IE"",""IT"",""LI"",""LT"",""LU"",""LV"",""MT"",""NL"",""NO"",""PL"",""PT"",""RO"",""SE"",""SI"",""SK""]","2024-11-23 00:00:00","The decision was taken pursuant to own-initiative investigations.",SOURCE_VOLUNTARY,,Yes,AUTOMATED_DECISION_FULLY,TikTok,7440309395377920801,"2024-11-23 03:21:15"
c97626c3-5cfc-4ebd-9da5-a74b3f5e0f46,"[""DECISION_VISIBILITY_CONTENT_REMOVED""]",,,,,,,,,,,DECISION_GROUND_INCOMPATIBLE_CONTENT,,,,"Harassment and Bullying","We welcome the respectful expression of different viewpoints, but not toxicity or trolling. We do not allow language or behavior that harasses, humiliates, threatens, or doxes anyone. This also includes responding to such acts with retaliatory harassment (but excludes non-harassing counterspeech).We proactively enforce our Community Guidelines through a mix of technology and human moderation. We have detected this policy violation using automated measures. We have used automated measures in making this decision.",,STATEMENT_CATEGORY_ILLEGAL_OR_HARMFUL_SPEECH,,,,"[""CONTENT_TYPE_TEXT""]",,,"2024-11-23 00:00:00","[""AT"",""BE"",""BG"",""CY"",""CZ"",""DE"",""DK"",""EE"",""ES"",""FI"",""FR"",""GR"",""HR"",""HU"",""IE"",""IT"",""LI"",""LT"",""LU"",""LV"",""MT"",""NL"",""NO"",""PL"",""PT"",""RO"",""SE"",""SI"",""SK""]","2024-11-23 00:00:00","The decision was taken pursuant to own-initiative investigations.",SOURCE_VOLUNTARY,,Yes,AUTOMATED_DECISION_FULLY,TikTok,7440309386356005664,"2024-11-23 03:21:15"
32691391-924f-4474-9cf7-7c54012328cf,"[""DECISION_VISIBILITY_CONTENT_REMOVED""]",,,,,,,,,,,DECISION_GROUND_INCOMPATIBLE_CONTENT,,,,"Sexual Exploitation and Gender-Based Violence","We are committed to providing a space that embraces gender equity, supports healthy relationships, and respects intimate privacy. We do not allow sexual exploitation or gender-based violence, including non-consensual sexual acts, image-based sexual abuse, sextortion, physical abuse, and sexual harassment.We proactively enforce our Community Guidelines through a mix of technology and human moderation. We have detected this policy violation using automated measures. We have used automated measures in making this decision.",,STATEMENT_CATEGORY_VIOLENCE,,,,"[""CONTENT_TYPE_TEXT""]",,,"2024-11-23 00:00:00","[""AT"",""BE"",""BG"",""CY"",""CZ"",""DE"",""DK"",""EE"",""ES"",""FI"",""FR"",""GR"",""HR"",""HU"",""IE"",""IT"",""LI"",""LT"",""LU"",""LV"",""MT"",""NL"",""NO"",""PL"",""PT"",""RO"",""SE"",""SI"",""SK""]","2024-11-23 00:00:00","The decision was taken pursuant to own-initiative investigations.",SOURCE_VOLUNTARY,,Yes,AUTOMATED_DECISION_FULLY,TikTok,7440309386356022048,"2024-11-23 03:21:15"
414bb3a3-024e-4e48-9339-c72c3ee72c82,"[""DECISION_VISIBILITY_OTHER""]","Video not eligible for recommendation in the For You feed",,,,,,,,,,DECISION_GROUND_INCOMPATIBLE_CONTENT,,,,"Community Guidelines","We maintain content eligibility standards for the For You feed (FYF) that prioritize safety and are informed by the diversity of our community and cultural norms. We make ineligible for the FYF certain content that may not be appropriate for a broad audience related to: (1) Behavioral Health, (2) Sensitive and Mature Themes, (3) Integrity and Authenticity, and (4) Regulated Goods. Content that is ineligible for the FYF can still be discovered in other ways, such as through search tools or by following an account.We proactively enforce our Community Guidelines through a mix of technology and human moderation. We have detected this policy violation using automated measures. We have used automated measures in making this decision.",,STATEMENT_CATEGORY_SCOPE_OF_PLATFORM_SERVICE,,,,"[""CONTENT_TYPE_VIDEO""]",,,"2024-11-23 00:00:00","[""AT"",""BE"",""BG"",""CY"",""CZ"",""DE"",""DK"",""EE"",""ES"",""FI"",""FR"",""GR"",""HR"",""HU"",""IE"",""IT"",""LI"",""LT"",""LU"",""LV"",""MT"",""NL"",""NO"",""PL"",""PT"",""RO"",""SE"",""SI"",""SK""]","2024-11-23 00:00:00","The decision was taken pursuant to own-initiative investigations.",SOURCE_VOLUNTARY,,Yes,AUTOMATED_DECISION_FULLY,TikTok,7440309395377937185,"2024-11-23 03:21:15"
75d7fc95-99a2-4cfc-a683-c56c22031c1f,"[""DECISION_VISIBILITY_OTHER""]","Video not eligible for recommendation in the For You feed",,,,,,,,,,DECISION_GROUND_INCOMPATIBLE_CONTENT,,,,"Alcohol, Tobacco, and Drugs","While adults make personal choices about how they engage with alcohol, drugs, and tobacco, we recognize that there are risks connected to trading and using these substances. Content is ineligible for the For You feed and harder to find in search if it shows adults consuming excessive amounts of alcohol or tobacco products.We proactively enforce our Community Guidelines through a mix of technology and human moderation. We have detected this policy violation using automated measures. We have used automated measures in making this decision.",,STATEMENT_CATEGORY_SCOPE_OF_PLATFORM_SERVICE,,,,"[""CONTENT_TYPE_VIDEO""]",,,"2024-11-23 00:00:00","[""AT"",""BE"",""BG"",""CY"",""CZ"",""DE"",""DK"",""EE"",""ES"",""FI"",""FR"",""GR"",""HR"",""HU"",""IE"",""IT"",""LI"",""LT"",""LU"",""LV"",""MT"",""NL"",""NO"",""PL"",""PT"",""RO"",""SE"",""SI"",""SK""]","2024-11-23 00:00:00","The decision was taken pursuant to own-initiative investigations.",SOURCE_VOLUNTARY,,Yes,AUTOMATED_DECISION_FULLY,TikTok,7440309405343570720,"2024-11-23 03:21:15"
9ab9a77d-f6c3-4a30-94fb-7a1682e6b49e,"[""DECISION_VISIBILITY_CONTENT_REMOVED""]",,,,,,,,,,,DECISION_GROUND_INCOMPATIBLE_CONTENT,,,,"Harassment and Bullying","We welcome the respectful expression of different viewpoints, but not toxicity or trolling. We do not allow language or behavior that harasses, humiliates, threatens, or doxes anyone. This also includes responding to such acts with retaliatory harassment (but excludes non-harassing counterspeech).We proactively enforce our Community Guidelines through a mix of technology and human moderation. We have detected this policy violation using automated measures. We have used automated measures in making this decision.",,STATEMENT_CATEGORY_ILLEGAL_OR_HARMFUL_SPEECH,,,,"[""CONTENT_TYPE_TEXT""]",,,"2024-11-23 00:00:00","[""AT"",""BE"",""BG"",""CY"",""CZ"",""DE"",""DK"",""EE"",""ES"",""FI"",""FR"",""GR"",""HR"",""HU"",""IE"",""IT"",""LI"",""LT"",""LU"",""LV"",""MT"",""NL"",""NO"",""PL"",""PT"",""RO"",""SE"",""SI"",""SK""]","2024-11-23 00:00:00","The decision was taken pursuant to own-initiative investigations.",SOURCE_VOLUNTARY,,Yes,AUTOMATED_DECISION_FULLY,TikTok,7440309395377986337,"2024-11-23 03:21:15"
1981c629-1bef-4384-b0e2-8e71b339ae4f,,,,,,,,,DECISION_ACCOUNT_TERMINATED,,,DECISION_GROUND_INCOMPATIBLE_CONTENT,,,,"Advertising policy violation","Reasons why your account may have been suspended: - We received a report or complaint about your account from people on TikTok or other channels. - There are problems with your ad creative, or qualifications or services provided in your ads. - We suspected malicious behavior or intent during ad creation. - You made changes to your ad's landing page after launching the campaign.",,STATEMENT_CATEGORY_SCOPE_OF_PLATFORM_SERVICE,,,,"[""CONTENT_TYPE_OTHER""]","Account Suspended",,"2022-12-17 00:00:00","[""AT"",""BE"",""BG"",""CY"",""CZ"",""DE"",""DK"",""EE"",""ES"",""FI"",""FR"",""GR"",""HR"",""HU"",""IE"",""IT"",""LI"",""LT"",""LU"",""LV"",""MT"",""NL"",""NO"",""PL"",""PT"",""RO"",""SE"",""SI"",""SK""]","2024-11-23 00:00:00","The decision was taken pursuant to own-initiative investigations.",SOURCE_VOLUNTARY,,Yes,AUTOMATED_DECISION_FULLY,TikTok,7440309405343587104,"2024-11-23 03:21:15"
f0d089c8-368c-48f1-9f8e-b5ec489de2db,"[""DECISION_VISIBILITY_OTHER""]","Video not eligible for recommendation in the For You feed",,,,,,,,,,DECISION_GROUND_INCOMPATIBLE_CONTENT,,,,"Community Guidelines","We maintain content eligibility standards for the For You feed (FYF) that prioritize safety and are informed by the diversity of our community and cultural norms. We make ineligible for the FYF certain content that may not be appropriate for a broad audience related to: (1) Behavioral Health, (2) Sensitive and Mature Themes, (3) Integrity and Authenticity, and (4) Regulated Goods. Content that is ineligible for the FYF can still be discovered in other ways, such as through search tools or by following an account.Users and 3rd-parties can report policy violations to us. We have detected this policy violation based on a report that the content violated our Community Guidelines. We have used automated measures to make the decision.",,STATEMENT_CATEGORY_SCOPE_OF_PLATFORM_SERVICE,,,,"[""CONTENT_TYPE_VIDEO""]",,,"2024-11-20 00:00:00","[""AT"",""BE"",""BG"",""CY"",""CZ"",""DE"",""DK"",""EE"",""ES"",""FI"",""FR"",""GR"",""HR"",""HU"",""IE"",""IT"",""LI"",""LT"",""LU"",""LV"",""MT"",""NL"",""NO"",""PL"",""PT"",""RO"",""SE"",""SI"",""SK""]","2024-11-23 00:00:00","The decision was taken in response to a report alleging a violation of our Community Guidelines.",SOURCE_VOLUNTARY,,No,AUTOMATED_DECISION_FULLY,TikTok,7440309395378002721,"2024-11-23 03:21:15"
64a369cd-b76a-4a41-8c00-2b86ecb8a733,"[""DECISION_VISIBILITY_CONTENT_REMOVED""]",,,,,,,,,,,DECISION_GROUND_INCOMPATIBLE_CONTENT,,,,"Dangerous Activities and Challenges","Most activities or challenges are appropriate for everyone, but some carry a risk of significant injury. We do not allow showing or promoting dangerous activities and challenges. This includes dares, games, tricks, inappropriate use of dangerous tools, eating substances that are harmful to one’s health, or similar activities that may lead to significant physical harm.We proactively enforce our Community Guidelines through a mix of technology and human moderation. We have detected this policy violation using automated measures. We have used automated measures in making this decision.",,STATEMENT_CATEGORY_SCOPE_OF_PLATFORM_SERVICE,,,,"[""CONTENT_TYPE_VIDEO""]",,,"2024-02-18 00:00:00","[""AT"",""BE"",""BG"",""CY"",""CZ"",""DE"",""DK"",""EE"",""ES"",""FI"",""FR"",""GR"",""HR"",""HU"",""IE"",""IT"",""LI"",""LT"",""LU"",""LV"",""MT"",""NL"",""NO"",""PL"",""PT"",""RO"",""SE"",""SI"",""SK""]","2024-11-23 00:00:00","The decision was taken pursuant to own-initiative investigations.",SOURCE_VOLUNTARY,,Yes,AUTOMATED_DECISION_FULLY,TikTok,7440309405343603488,"2024-11-23 03:21:15"
5c2e95a1-7d24-4e30-ae66-3645be197ea7,"[""DECISION_VISIBILITY_CONTENT_REMOVED""]",,,,,,,,,,,DECISION_GROUND_INCOMPATIBLE_CONTENT,,,,"Hate Speech and Hateful Behaviors","TikTok is enriched by the various backgrounds of our community members. Our differences should be respected, rather than a cause for division. We do not allow any hateful behavior, hate speech, or promotion of hateful ideologies. This includes content that attacks a person or group because of protected attributes.We proactively enforce our Community Guidelines through a mix of technology and human moderation. We have detected this policy violation using automated measures. We have used automated measures in making this decision.",,STATEMENT_CATEGORY_ILLEGAL_OR_HARMFUL_SPEECH,,,,"[""CONTENT_TYPE_TEXT""]",,,"2024-11-23 00:00:00","[""AT"",""BE"",""BG"",""CY"",""CZ"",""DE"",""DK"",""EE"",""ES"",""FI"",""FR"",""GR"",""HR"",""HU"",""IE"",""IT"",""LI"",""LT"",""LU"",""LV"",""MT"",""NL"",""NO"",""PL"",""PT"",""RO"",""SE"",""SI"",""SK""]","2024-11-23 00:00:00","The decision was taken pursuant to own-initiative investigations.",SOURCE_VOLUNTARY,,Yes,AUTOMATED_DECISION_FULLY,TikTok,7440309395378019105,"2024-11-23 03:21:15"
bf12353f-3fe5-460e-95de-cf69dcce6c81,"[""DECISION_VISIBILITY_CONTENT_REMOVED""]",,,,,,,,,,,DECISION_GROUND_INCOMPATIBLE_CONTENT,,,,"Harassment and Bullying","We welcome the respectful expression of different viewpoints, but not toxicity or trolling. We do not allow language or behavior that harasses, humiliates, threatens, or doxes anyone. This also includes responding to such acts with retaliatory harassment (but excludes non-harassing counterspeech).We proactively enforce our Community Guidelines through a mix of technology and human moderation. We have detected this policy violation using automated measures. We have used automated measures in making this decision.",,STATEMENT_CATEGORY_ILLEGAL_OR_HARMFUL_SPEECH,,,,"[""CONTENT_TYPE_TEXT""]",,,"2024-11-23 00:00:00","[""AT"",""BE"",""BG"",""CY"",""CZ"",""DE"",""DK"",""EE"",""ES"",""FI"",""FR"",""GR"",""HR"",""HU"",""IE"",""IT"",""LI"",""LT"",""LU"",""LV"",""MT"",""NL"",""NO"",""PL"",""PT"",""RO"",""SE"",""SI"",""SK""]","2024-11-23 00:00:00","The decision was taken pursuant to own-initiative investigations.",SOURCE_VOLUNTARY,,Yes,AUTOMATED_DECISION_FULLY,TikTok,7440309395378035489,"2024-11-23 03:21:15"
a9073111-7870-4a15-8e7f-395cd9ce745a,"[""DECISION_VISIBILITY_CONTENT_REMOVED""]",,,,,,,,,,,DECISION_GROUND_INCOMPATIBLE_CONTENT,,,,"Harassment and Bullying","We welcome the respectful expression of different viewpoints, but not toxicity or trolling. We do not allow language or behavior that harasses, humiliates, threatens, or doxes anyone. This also includes responding to such acts with retaliatory harassment (but excludes non-harassing counterspeech).We proactively enforce our Community Guidelines through a mix of technology and human moderation. We have detected this policy violation using automated measures. We have used automated measures in making this decision.",,STATEMENT_CATEGORY_ILLEGAL_OR_HARMFUL_SPEECH,,,,"[""CONTENT_TYPE_TEXT""]",,,"2024-11-23 00:00:00","[""AT"",""BE"",""BG"",""CY"",""CZ"",""DE"",""DK"",""EE"",""ES"",""FI"",""FR"",""GR"",""HR"",""HU"",""IE"",""IT"",""LI"",""LT"",""LU"",""LV"",""MT"",""NL"",""NO"",""PL"",""PT"",""RO"",""SE"",""SI"",""SK""]","2024-11-23 00:00:00","The decision was taken pursuant to own-initiative investigations.",SOURCE_VOLUNTARY,,Yes,AUTOMATED_DECISION_FULLY,TikTok,7440309405343685408,"2024-11-23 03:21:15"
d7a63457-8848-48d8-9c40-28e4277c4bba,"[""DECISION_VISIBILITY_CONTENT_REMOVED""]",,,,,,,,,,,DECISION_GROUND_INCOMPATIBLE_CONTENT,,,,"Harassment and Bullying","We welcome the respectful expression of different viewpoints, but not toxicity or trolling. We do not allow language or behavior that harasses, humiliates, threatens, or doxes anyone. This also includes responding to such acts with retaliatory harassment (but excludes non-harassing counterspeech).We proactively enforce our Community Guidelines through a mix of technology and human moderation. We have detected this policy violation using automated measures. We have used automated measures in making this decision.",,STATEMENT_CATEGORY_ILLEGAL_OR_HARMFUL_SPEECH,,,,"[""CONTENT_TYPE_TEXT""]",,,"2024-11-23 00:00:00","[""AT"",""BE"",""BG"",""CY"",""CZ"",""DE"",""DK"",""EE"",""ES"",""FI"",""FR"",""GR"",""HR"",""HU"",""IE"",""IT"",""LI"",""LT"",""LU"",""LV"",""MT"",""NL"",""NO"",""PL"",""PT"",""RO"",""SE"",""SI"",""SK""]","2024-11-23 00:00:00","The decision was taken pursuant to own-initiative investigations.",SOURCE_VOLUNTARY,,Yes,AUTOMATED_DECISION_FULLY,TikTok,7440309405343701792,"2024-11-23 03:21:15"
9fc0d5b0-f90b-4a40-b644-e54d39b62cc0,"[""DECISION_VISIBILITY_CONTENT_REMOVED""]",,,,,,,,,,,DECISION_GROUND_INCOMPATIBLE_CONTENT,,,,"Community Guidelines","Your content is against our Community Guidelines. The guidelines include rules and standards for using TikTok that apply to everyone and everything on our platform.We proactively enforce our Community Guidelines through a mix of technology and human moderation. We have detected this policy violation using automated measures. We have used automated measures in making this decision.",,STATEMENT_CATEGORY_SCOPE_OF_PLATFORM_SERVICE,,,,"[""CONTENT_TYPE_VIDEO""]",,,"2024-11-23 00:00:00","[""AT"",""BE"",""BG"",""CY"",""CZ"",""DE"",""DK"",""EE"",""ES"",""FI"",""FR"",""GR"",""HR"",""HU"",""IE"",""IT"",""LI"",""LT"",""LU"",""LV"",""MT"",""NL"",""NO"",""PL"",""PT"",""RO"",""SE"",""SI"",""SK""]","2024-11-23 00:00:00","The decision was taken pursuant to own-initiative investigations.",SOURCE_VOLUNTARY,,Yes,AUTOMATED_DECISION_FULLY,TikTok,7440309511966989089,"2024-11-23 03:21:15"
e457f9c8-0083-44cd-ba9a-ac7d83164228,"[""DECISION_VISIBILITY_CONTENT_AGE_RESTRICTED""]",,,,,,,,,,,DECISION_GROUND_INCOMPATIBLE_CONTENT,,,,"Community Guidelines","Your content is against our Community Guidelines. The guidelines include rules and standards for using TikTok that apply to everyone and everything on our platform.Users and 3rd-parties can report policy violations to us. We have detected this policy violation based on a report that the content violated our Community Guidelines.",,STATEMENT_CATEGORY_SCOPE_OF_PLATFORM_SERVICE,,,,"[""CONTENT_TYPE_VIDEO""]",,,"2021-08-08 00:00:00","[""AT"",""BE"",""BG"",""CY"",""CZ"",""DE"",""DK"",""EE"",""ES"",""FI"",""FR"",""GR"",""HR"",""HU"",""IE"",""IT"",""LI"",""LT"",""LU"",""LV"",""MT"",""NL"",""NO"",""PL"",""PT"",""RO"",""SE"",""SI"",""SK""]","2024-11-23 00:00:00","The decision was taken in response to a report alleging a violation of our Community Guidelines.",SOURCE_VOLUNTARY,,No,AUTOMATED_DECISION_NOT_AUTOMATED,TikTok,7440309511967005473,"2024-11-23 03:21:15"
fcd77d57-cbb5-42b0-9808-a8ba4d56da31,"[""DECISION_VISIBILITY_CONTENT_AGE_RESTRICTED""]",,,,,,,,,,,DECISION_GROUND_INCOMPATIBLE_CONTENT,,,,"Community Guidelines","Your content is against our Community Guidelines. The guidelines include rules and standards for using TikTok that apply to everyone and everything on our platform.Users and 3rd-parties can report policy violations to us. We have detected this policy violation based on a report that the content violated our Community Guidelines.",,STATEMENT_CATEGORY_SCOPE_OF_PLATFORM_SERVICE,,,,"[""CONTENT_TYPE_VIDEO""]",,,"2020-08-31 00:00:00","[""AT"",""BE"",""BG"",""CY"",""CZ"",""DE"",""DK"",""EE"",""ES"",""FI"",""FR"",""GR"",""HR"",""HU"",""IE"",""IT"",""LI"",""LT"",""LU"",""LV"",""MT"",""NL"",""NO"",""PL"",""PT"",""RO"",""SE"",""SI"",""SK""]","2024-11-23 00:00:00","The decision was taken in response to a report alleging a violation of our Community Guidelines.",SOURCE_VOLUNTARY,,No,AUTOMATED_DECISION_NOT_AUTOMATED,TikTok,7440309501015759648,"2024-11-23 03:21:15"
fc131c75-c058-425f-a528-615fa930823d,"[""DECISION_VISIBILITY_CONTENT_AGE_RESTRICTED""]",,,,,,,,,,,DECISION_GROUND_INCOMPATIBLE_CONTENT,,,,"Community Guidelines","Your content is against our Community Guidelines. The guidelines include rules and standards for using TikTok that apply to everyone and everything on our platform.Users and 3rd-parties can report policy violations to us. We have detected this policy violation based on a report that the content violated our Community Guidelines.",,STATEMENT_CATEGORY_SCOPE_OF_PLATFORM_SERVICE,,,,"[""CONTENT_TYPE_VIDEO""]",,,"2020-09-14 00:00:00","[""AT"",""BE"",""BG"",""CY"",""CZ"",""DE"",""DK"",""EE"",""ES"",""FI"",""FR"",""GR"",""HR"",""HU"",""IE"",""IT"",""LI"",""LT"",""LU"",""LV"",""MT"",""NL"",""NO"",""PL"",""PT"",""RO"",""SE"",""SI"",""SK""]","2024-11-23 00:00:00","The decision was taken in response to a report alleging a violation of our Community Guidelines.",SOURCE_VOLUNTARY,,No,AUTOMATED_DECISION_NOT_AUTOMATED,TikTok,7440309501015776032,"2024-11-23 03:21:15"
9af9fe7f-1ccd-41c3-93b0-982a216eb444,"[""DECISION_VISIBILITY_CONTENT_REMOVED""]",,,,,,,,,,,DECISION_GROUND_INCOMPATIBLE_CONTENT,,,,"Harassment and Bullying","We welcome the respectful expression of different viewpoints, but not toxicity or trolling. We do not allow language or behavior that harasses, humiliates, threatens, or doxes anyone. This also includes responding to such acts with retaliatory harassment (but excludes non-harassing counterspeech).We proactively enforce our Community Guidelines through a mix of technology and human moderation. We have detected this policy violation using automated measures. We have used automated measures in making this decision.",,STATEMENT_CATEGORY_ILLEGAL_OR_HARMFUL_SPEECH,,,,"[""CONTENT_TYPE_TEXT""]",,,"2024-11-23 00:00:00","[""AT"",""BE"",""BG"",""CY"",""CZ"",""DE"",""DK"",""EE"",""ES"",""FI"",""FR"",""GR"",""HR"",""HU"",""IE"",""IT"",""LI"",""LT"",""LU"",""LV"",""MT"",""NL"",""NO"",""PL"",""PT"",""RO"",""SE"",""SI"",""SK""]","2024-11-23 00:00:00","The decision was taken pursuant to own-initiative investigations.",SOURCE_VOLUNTARY,,Yes,AUTOMATED_DECISION_FULLY,TikTok,7440309511967021857,"2024-11-23 03:21:15"
99f1cba2-752f-40be-a645-58bbaddfac38,"[""DECISION_VISIBILITY_CONTENT_REMOVED""]",,,,,,,,,,,DECISION_GROUND_INCOMPATIBLE_CONTENT,,,,"Community Guidelines","Your content is against our Community Guidelines. The guidelines include rules and standards for using TikTok that apply to everyone and everything on our platform.Users and 3rd-parties can report policy violations to us. We have detected this policy violation based on a report that the content violated our Community Guidelines.",,STATEMENT_CATEGORY_SCOPE_OF_PLATFORM_SERVICE,,,,"[""CONTENT_TYPE_TEXT""]",,,"2024-11-23 00:00:00","[""AT"",""BE"",""BG"",""CY"",""CZ"",""DE"",""DK"",""EE"",""ES"",""FI"",""FR"",""GR"",""HR"",""HU"",""IE"",""IT"",""LI"",""LT"",""LU"",""LV"",""MT"",""NL"",""NO"",""PL"",""PT"",""RO"",""SE"",""SI"",""SK""]","2024-11-23 00:00:00","The decision was taken in response to a report alleging a violation of our Community Guidelines.",SOURCE_VOLUNTARY,,No,AUTOMATED_DECISION_NOT_AUTOMATED,TikTok,7440309518031919905,"2024-11-23 03:21:15"
892ec658-0375-4021-8e90-49a73dce2a51,"[""DECISION_VISIBILITY_CONTENT_AGE_RESTRICTED""]",,,,,,,,,,,DECISION_GROUND_INCOMPATIBLE_CONTENT,,,,"Minimum Age Requirement","Users must be 13 years and older to have a TikTok account. We are deeply committed to ensuring that TikTok is a safe and positive experience for people under the age of 18. This starts by being old enough to use TikTok. If we learn someone is below the minimum age on TikTok, we will ban that account. Content created by anyone under 16 is ineligible for the For You feed and harder to find in search.Users and 3rd-parties can report policy violations to us. We have detected this policy violation based on a report that the content violated our Community Guidelines.",,STATEMENT_CATEGORY_PROTECTION_OF_MINORS,,,,"[""CONTENT_TYPE_VIDEO""]",,,"2021-08-08 00:00:00","[""AT"",""BE"",""BG"",""CY"",""CZ"",""DE"",""DK"",""EE"",""ES"",""FI"",""FR"",""GR"",""HR"",""HU"",""IE"",""IT"",""LI"",""LT"",""LU"",""LV"",""MT"",""NL"",""NO"",""PL"",""PT"",""RO"",""SE"",""SI"",""SK""]","2024-11-23 00:00:00","The decision was taken in response to a report alleging a violation of our Community Guidelines.",SOURCE_VOLUNTARY,,No,AUTOMATED_DECISION_NOT_AUTOMATED,TikTok,7440309511967038241,"2024-11-23 03:21:15"
d9193e50-7c46-4e16-80c4-3fffa0c520ff,"[""DECISION_VISIBILITY_CONTENT_AGE_RESTRICTED""]",,,,,,,,,,,DECISION_GROUND_INCOMPATIBLE_CONTENT,,,,"Minimum Age Requirement","Users must be 13 years and older to have a TikTok account. We are deeply committed to ensuring that TikTok is a safe and positive experience for people under the age of 18. This starts by being old enough to use TikTok. If we learn someone is below the minimum age on TikTok, we will ban that account. Content created by anyone under 16 is ineligible for the For You feed and harder to find in search.Users and 3rd-parties can report policy violations to us. We have detected this policy violation based on a report that the content violated our Community Guidelines.",,STATEMENT_CATEGORY_PROTECTION_OF_MINORS,,,,"[""CONTENT_TYPE_VIDEO""]",,,"2020-09-14 00:00:00","[""AT"",""BE"",""BG"",""CY"",""CZ"",""DE"",""DK"",""EE"",""ES"",""FI"",""FR"",""GR"",""HR"",""HU"",""IE"",""IT"",""LI"",""LT"",""LU"",""LV"",""MT"",""NL"",""NO"",""PL"",""PT"",""RO"",""SE"",""SI"",""SK""]","2024-11-23 00:00:00","The decision was taken in response to a report alleging a violation of our Community Guidelines.",SOURCE_VOLUNTARY,,No,AUTOMATED_DECISION_NOT_AUTOMATED,TikTok,7440309511967054625,"2024-11-23 03:21:15"
bca6c15e-5dec-4fda-bf51-0c66cec6f9b2,"[""DECISION_VISIBILITY_CONTENT_AGE_RESTRICTED""]",,,,,,,,,,,DECISION_GROUND_INCOMPATIBLE_CONTENT,,,,"Minimum Age Requirement","Users must be 13 years and older to have a TikTok account. We are deeply committed to ensuring that TikTok is a safe and positive experience for people under the age of 18. This starts by being old enough to use TikTok. If we learn someone is below the minimum age on TikTok, we will ban that account. Content created by anyone under 16 is ineligible for the For You feed and harder to find in search.Users and 3rd-parties can report policy violations to us. We have detected this policy violation based on a report that the content violated our Community Guidelines.",,STATEMENT_CATEGORY_PROTECTION_OF_MINORS,,,,"[""CONTENT_TYPE_VIDEO""]",,,"2020-08-31 00:00:00","[""AT"",""BE"",""BG"",""CY"",""CZ"",""DE"",""DK"",""EE"",""ES"",""FI"",""FR"",""GR"",""HR"",""HU"",""IE"",""IT"",""LI"",""LT"",""LU"",""LV"",""MT"",""NL"",""NO"",""PL"",""PT"",""RO"",""SE"",""SI"",""SK""]","2024-11-23 00:00:00","The decision was taken in response to a report alleging a violation of our Community Guidelines.",SOURCE_VOLUNTARY,,No,AUTOMATED_DECISION_NOT_AUTOMATED,TikTok,7440309518031936289,"2024-11-23 03:21:15"
d3f39684-c646-4be0-b116-6c8f8747174d,"[""DECISION_VISIBILITY_OTHER""]","Video not eligible for recommendation in the For You feed",,,,,,,,,,DECISION_GROUND_INCOMPATIBLE_CONTENT,,,,"Nudity and Body Exposure","We celebrate all shapes and sizes and want people to feel comfortable in how they present themselves and their bodies. Content is ineligible for the For You feed and harder to find in search if it shows moderate body exposure of a young person, or significant body exposure of an adult. We allow regional exceptions for body exposure in limited situations, such as common cultural practices.We proactively enforce our Community Guidelines through a mix of technology and human moderation. We have detected this policy violation using automated measures. We have used automated measures in making this decision.",,STATEMENT_CATEGORY_SCOPE_OF_PLATFORM_SERVICE,,,,"[""CONTENT_TYPE_VIDEO""]",,,"2024-11-23 00:00:00","[""AT"",""BE"",""BG"",""CY"",""CZ"",""DE"",""DK"",""EE"",""ES"",""FI"",""FR"",""GR"",""HR"",""HU"",""IE"",""IT"",""LI"",""LT"",""LU"",""LV"",""MT"",""NL"",""NO"",""PL"",""PT"",""RO"",""SE"",""SI"",""SK""]","2024-11-23 00:00:00","The decision was taken pursuant to own-initiative investigations.",SOURCE_VOLUNTARY,,Yes,AUTOMATED_DECISION_FULLY,TikTok,7440309511967071009,"2024-11-23 03:21:15"
d4d40f48-1444-44da-a6ad-e040e08c0d8a,"[""DECISION_VISIBILITY_CONTENT_REMOVED""]",,,,,,,,,,,DECISION_GROUND_INCOMPATIBLE_CONTENT,,,,"Harassment and Bullying","We welcome the respectful expression of different viewpoints, but not toxicity or trolling. We do not allow language or behavior that harasses, humiliates, threatens, or doxes anyone. This also includes responding to such acts with retaliatory harassment (but excludes non-harassing counterspeech).We proactively enforce our Community Guidelines through a mix of technology and human moderation. We have detected this policy violation using automated measures. We have used automated measures in making this decision.",,STATEMENT_CATEGORY_ILLEGAL_OR_HARMFUL_SPEECH,,,,"[""CONTENT_TYPE_TEXT""]",,,"2024-11-23 00:00:00","[""AT"",""BE"",""BG"",""CY"",""CZ"",""DE"",""DK"",""EE"",""ES"",""FI"",""FR"",""GR"",""HR"",""HU"",""IE"",""IT"",""LI"",""LT"",""LU"",""LV"",""MT"",""NL"",""NO"",""PL"",""PT"",""RO"",""SE"",""SI"",""SK""]","2024-11-23 00:00:00","The decision was taken pursuant to own-initiative investigations.",SOURCE_VOLUNTARY,,Yes,AUTOMATED_DECISION_FULLY,TikTok,7440309518031952673,"2024-11-23 03:21:15"
c9e747fd-7d1e-43e0-b650-21730788774c,"[""DECISION_VISIBILITY_CONTENT_REMOVED""]",,,,,,,,,,,DECISION_GROUND_INCOMPATIBLE_CONTENT,,,,"Harassment and Bullying","We welcome the respectful expression of different viewpoints, but not toxicity or trolling. We do not allow language or behavior that harasses, humiliates, threatens, or doxes anyone. This also includes responding to such acts with retaliatory harassment (but excludes non-harassing counterspeech).We proactively enforce our Community Guidelines through a mix of technology and human moderation. We have detected this policy violation using automated measures. We have used automated measures in making this decision.",,STATEMENT_CATEGORY_ILLEGAL_OR_HARMFUL_SPEECH,,,,"[""CONTENT_TYPE_TEXT""]",,,"2024-11-23 00:00:00","[""AT"",""BE"",""BG"",""CY"",""CZ"",""DE"",""DK"",""EE"",""ES"",""FI"",""FR"",""GR"",""HR"",""HU"",""IE"",""IT"",""LI"",""LT"",""LU"",""LV"",""MT"",""NL"",""NO"",""PL"",""PT"",""RO"",""SE"",""SI"",""SK""]","2024-11-23 00:00:00","The decision was taken pursuant to own-initiative investigations.",SOURCE_VOLUNTARY,,Yes,AUTOMATED_DECISION_FULLY,TikTok,7440309518031969057,"2024-11-23 03:21:15"
c4bffb40-3d3e-4f30-8a0a-b48cd10ac61e,"[""DECISION_VISIBILITY_CONTENT_REMOVED""]",,,,,,,,,,,DECISION_GROUND_INCOMPATIBLE_CONTENT,,,,"Harassment and Bullying","We welcome the respectful expression of different viewpoints, but not toxicity or trolling. We do not allow language or behavior that harasses, humiliates, threatens, or doxes anyone. This also includes responding to such acts with retaliatory harassment (but excludes non-harassing counterspeech).We proactively enforce our Community Guidelines through a mix of technology and human moderation. We have detected this policy violation using automated measures. We have used automated measures in making this decision.",,STATEMENT_CATEGORY_ILLEGAL_OR_HARMFUL_SPEECH,,,,"[""CONTENT_TYPE_TEXT""]",,,"2024-11-23 00:00:00","[""AT"",""BE"",""BG"",""CY"",""CZ"",""DE"",""DK"",""EE"",""ES"",""FI"",""FR"",""GR"",""HR"",""HU"",""IE"",""IT"",""LI"",""LT"",""LU"",""LV"",""MT"",""NL"",""NO"",""PL"",""PT"",""RO"",""SE"",""SI"",""SK""]","2024-11-23 00:00:00","The decision was taken pursuant to own-initiative investigations.",SOURCE_VOLUNTARY,,Yes,AUTOMATED_DECISION_FULLY,TikTok,7440309511967087393,"2024-11-23 03:21:15"
6e05688e-fc31-4470-86f7-b2fcaf9175a9,"[""DECISION_VISIBILITY_OTHER""]","LIVE not eligible for recommendation and restricted in search results for 10 minutes","2024-11-23 00:00:00",,,,,,,,,DECISION_GROUND_INCOMPATIBLE_CONTENT,,,,"Prastos vaizdo kokybės arba statiškų vaizdų turinys","Tavo TIESIOGINĖ transliacija negali būti rekomenduojama ir 10 min. bus ribojama paieškos rezultatuose, nes joje gali būti prastos vaizdo kokybės arba statiškų vaizdų turinio. Vadovaujantis mūsų Bendruomenės gairėmis, šios drausminės priemonės atitinka srautui „Tau“ taikomus tinkamumo standartus.",,STATEMENT_CATEGORY_SCOPE_OF_PLATFORM_SERVICE,,,,"[""CONTENT_TYPE_VIDEO""]",,,"2024-11-23 00:00:00","[""AT"",""BE"",""BG"",""CY"",""CZ"",""DE"",""DK"",""EE"",""ES"",""FI"",""FR"",""GR"",""HR"",""HU"",""IE"",""IS"",""IT"",""LI"",""LT"",""LU"",""LV"",""MT"",""NL"",""NO"",""PL"",""PT"",""RO"",""SE"",""SI"",""SK""]","2024-11-23 00:00:00","The decision was taken pursuant to own-initiative investigations",SOURCE_VOLUNTARY,,Yes,AUTOMATED_DECISION_FULLY,TikTok,7440309518031985441,"2024-11-23 03:21:15"
bf7f401b-046f-4970-870a-83678780b040,"[""DECISION_VISIBILITY_OTHER""]","Photo not eligible for recommendation in the For You feed",,,,,,,,,,DECISION_GROUND_INCOMPATIBLE_CONTENT,,,,"Community Guidelines","Your content is against our Community Guidelines. The guidelines include rules and standards for using TikTok that apply to everyone and everything on our platform.",,STATEMENT_CATEGORY_NEGATIVE_EFFECTS_ON_CIVIC_DISCOURSE_OR_ELECTIONS,,,,"[""CONTENT_TYPE_IMAGE""]",,,"2024-11-23 00:00:00","[""AT"",""BE"",""BG"",""CY"",""CZ"",""DE"",""DK"",""EE"",""ES"",""FI"",""FR"",""GR"",""HR"",""HU"",""IE"",""IT"",""LI"",""LT"",""LU"",""LV"",""MT"",""NL"",""NO"",""PL"",""PT"",""RO"",""SE"",""SI"",""SK""]","2024-11-23 00:00:00","The decision was taken pursuant to own-initiative investigations.",SOURCE_VOLUNTARY,,Yes,AUTOMATED_DECISION_FULLY,TikTok,7440309511967103777,"2024-11-23 03:21:15"
2629d899-dc9f-47c4-984e-1d9b92ca549b,"[""DECISION_VISIBILITY_CONTENT_REMOVED""]",,,,,,,,,,,DECISION_GROUND_INCOMPATIBLE_CONTENT,,,,"Harassment and Bullying","We welcome the respectful expression of different viewpoints, but not toxicity or trolling. We do not allow language or behavior that harasses, humiliates, threatens, or doxes anyone. This also includes responding to such acts with retaliatory harassment (but excludes non-harassing counterspeech).We proactively enforce our Community Guidelines through a mix of technology and human moderation. We have detected this policy violation using automated measures. We have used automated measures in making this decision.",,STATEMENT_CATEGORY_ILLEGAL_OR_HARMFUL_SPEECH,,,,"[""CONTENT_TYPE_TEXT""]",,,"2024-11-23 00:00:00","[""AT"",""BE"",""BG"",""CY"",""CZ"",""DE"",""DK"",""EE"",""ES"",""FI"",""FR"",""GR"",""HR"",""HU"",""IE"",""IT"",""LI"",""LT"",""LU"",""LV"",""MT"",""NL"",""NO"",""PL"",""PT"",""RO"",""SE"",""SI"",""SK""]","2024-11-23 00:00:00","The decision was taken pursuant to own-initiative investigations.",SOURCE_VOLUNTARY,,Yes,AUTOMATED_DECISION_FULLY,TikTok,7440309522595322657,"2024-11-23 03:21:15"
e8b71fc0-9f98-4b3a-b168-9f62724a4d81,"[""DECISION_VISIBILITY_OTHER""]","Video not eligible for recommendation in the For You feed",,,,,,,,,,DECISION_GROUND_INCOMPATIBLE_CONTENT,,,,"Community Guidelines","We maintain content eligibility standards for the For You feed (FYF) that prioritize safety and are informed by the diversity of our community and cultural norms. We make ineligible for the FYF certain content that may not be appropriate for a broad audience related to: (1) Behavioral Health, (2) Sensitive and Mature Themes, (3) Integrity and Authenticity, and (4) Regulated Goods. Content that is ineligible for the FYF can still be discovered in other ways, such as through search tools or by following an account.We proactively enforce our Community Guidelines through a mix of technology and human moderation. We have detected this policy violation using automated measures. We have used automated measures in making this decision.",,STATEMENT_CATEGORY_SCOPE_OF_PLATFORM_SERVICE,,,,"[""CONTENT_TYPE_VIDEO""]",,,"2024-11-23 00:00:00","[""AT"",""BE"",""BG"",""CY"",""CZ"",""DE"",""DK"",""EE"",""ES"",""FI"",""FR"",""GR"",""HR"",""HU"",""IE"",""IT"",""LI"",""LT"",""LU"",""LV"",""MT"",""NL"",""NO"",""PL"",""PT"",""RO"",""SE"",""SI"",""SK""]","2024-11-23 00:00:00","The decision was taken pursuant to own-initiative investigations.",SOURCE_VOLUNTARY,,Yes,AUTOMATED_DECISION_FULLY,TikTok,7440309522595339041,"2024-11-23 03:21:15"
97751f94-276b-40f0-bcd7-dd2a76a67a55,"[""DECISION_VISIBILITY_CONTENT_REMOVED""]",,,,,,,,,,,DECISION_GROUND_INCOMPATIBLE_CONTENT,,,,"Harassment and Bullying","We welcome the respectful expression of different viewpoints, but not toxicity or trolling. We do not allow language or behavior that harasses, humiliates, threatens, or doxes anyone. This also includes responding to such acts with retaliatory harassment (but excludes non-harassing counterspeech).We proactively enforce our Community Guidelines through a mix of technology and human moderation. We have detected this policy violation using automated measures. We have used automated measures in making this decision.",,STATEMENT_CATEGORY_ILLEGAL_OR_HARMFUL_SPEECH,,,,"[""CONTENT_TYPE_TEXT""]",,,"2024-11-23 00:00:00","[""AT"",""BE"",""BG"",""CY"",""CZ"",""DE"",""DK"",""EE"",""ES"",""FI"",""FR"",""GR"",""HR"",""HU"",""IE"",""IT"",""LI"",""LT"",""LU"",""LV"",""MT"",""NL"",""NO"",""PL"",""PT"",""RO"",""SE"",""SI"",""SK""]","2024-11-23 00:00:00","The decision was taken pursuant to own-initiative investigations.",SOURCE_VOLUNTARY,,Yes,AUTOMATED_DECISION_FULLY,TikTok,7440309518032001825,"2024-11-23 03:21:15"
bf4039b9-28e1-48c1-ac5e-ea4be16a6c35,"[""DECISION_VISIBILITY_CONTENT_REMOVED""]",,,,,,,,,,,DECISION_GROUND_INCOMPATIBLE_CONTENT,,,,"Spam and Deceptive Account Behaviors","To build a trusted community online, it is important that the behaviors and identities of accounts are authentic and truthful. We do not allow account behaviors that may spam or mislead our community. We will restrict the visibility of comments that contain excessive or irrelevant spam content. We proactively enforce our Community Guidelines through a mix of technology and human moderation. We have detected this policy violation using automated measures. We have used automated measures in making this decision.",,STATEMENT_CATEGORY_SCAMS_AND_FRAUD,,,,"[""CONTENT_TYPE_TEXT""]",,,"2024-11-23 00:00:00","[""AT"",""BE"",""BG"",""CY"",""CZ"",""DE"",""DK"",""EE"",""ES"",""FI"",""FR"",""GR"",""HR"",""HU"",""IE"",""IT"",""LI"",""LT"",""LU"",""LV"",""MT"",""NL"",""NO"",""PL"",""PT"",""RO"",""SE"",""SI"",""SK""]","2024-11-23 00:00:00","The decision was taken pursuant to own-initiative investigations.",SOURCE_VOLUNTARY,,Yes,AUTOMATED_DECISION_FULLY,TikTok,7440309518032018209,"2024-11-23 03:21:15"
25d5ae1b-bdf1-45fb-a693-09b92ce7e49a,"[""DECISION_VISIBILITY_OTHER""]","Video not eligible for recommendation in the For You feed",,,,,,,,,,DECISION_GROUND_INCOMPATIBLE_CONTENT,,,,"Community Guidelines","We maintain content eligibility standards for the For You feed (FYF) that prioritize safety and are informed by the diversity of our community and cultural norms. We make ineligible for the FYF certain content that may not be appropriate for a broad audience related to: (1) Behavioral Health, (2) Sensitive and Mature Themes, (3) Integrity and Authenticity, and (4) Regulated Goods. Content that is ineligible for the FYF can still be discovered in other ways, such as through search tools or by following an account.We proactively enforce our Community Guidelines through a mix of technology and human moderation. We have detected this policy violation using automated measures. We have used automated measures in making this decision.",,STATEMENT_CATEGORY_SCOPE_OF_PLATFORM_SERVICE,,,,"[""CONTENT_TYPE_VIDEO""]",,,"2024-11-23 00:00:00","[""AT"",""BE"",""BG"",""CY"",""CZ"",""DE"",""DK"",""EE"",""ES"",""FI"",""FR"",""GR"",""HR"",""HU"",""IE"",""IT"",""LI"",""LT"",""LU"",""LV"",""MT"",""NL"",""NO"",""PL"",""PT"",""RO"",""SE"",""SI"",""SK""]","2024-11-23 00:00:00","The decision was taken pursuant to own-initiative investigations.",SOURCE_VOLUNTARY,,Yes,AUTOMATED_DECISION_FULLY,TikTok,7440309518032034593,"2024-11-23 03:21:15"
7ca47a44-2290-470c-a0a3-dc666d354faf,,,,,,,,,DECISION_ACCOUNT_TERMINATED,,,DECISION_GROUND_INCOMPATIBLE_CONTENT,,,,"Advertising policy violation","Reasons why your account may have been suspended: - We received a report or complaint about your account from people on TikTok or other channels. - There are problems with your ad creative, or qualifications or services provided in your ads. - We suspected malicious behavior or intent during ad creation. - You made changes to your ad's landing page after launching the campaign.",,STATEMENT_CATEGORY_SCOPE_OF_PLATFORM_SERVICE,,,,"[""CONTENT_TYPE_OTHER""]","Account Suspended",,"2024-11-22 00:00:00","[""AT"",""BE"",""BG"",""CY"",""CZ"",""DE"",""DK"",""EE"",""ES"",""FI"",""FR"",""GR"",""HR"",""HU"",""IE"",""IT"",""LI"",""LT"",""LU"",""LV"",""MT"",""NL"",""NO"",""PL"",""PT"",""RO"",""SE"",""SI"",""SK""]","2024-11-23 00:00:00","The decision was taken pursuant to own-initiative investigations.",SOURCE_VOLUNTARY,,Yes,AUTOMATED_DECISION_FULLY,TikTok,7440309518032050977,"2024-11-23 03:21:15"
ec9d5f8f-3e4c-4b49-9471-348e602185e0,"[""DECISION_VISIBILITY_OTHER""]","Video not eligible for recommendation in the For You feed",,,,,,,,,,DECISION_GROUND_INCOMPATIBLE_CONTENT,,,,"Community Guidelines","Your content is against our Community Guidelines. The guidelines include rules and standards for using TikTok that apply to everyone and everything on our platform.",,STATEMENT_CATEGORY_SCOPE_OF_PLATFORM_SERVICE,,,,"[""CONTENT_TYPE_VIDEO""]",,,"2024-11-23 00:00:00","[""AT"",""BE"",""BG"",""CY"",""CZ"",""DE"",""DK"",""EE"",""ES"",""FI"",""FR"",""GR"",""HR"",""HU"",""IE"",""IT"",""LI"",""LT"",""LU"",""LV"",""MT"",""NL"",""NO"",""PL"",""PT"",""RO"",""SE"",""SI"",""SK""]","2024-11-23 00:00:00","The decision was taken pursuant to own-initiative investigations.",SOURCE_VOLUNTARY,,Yes,AUTOMATED_DECISION_FULLY,TikTok,7440309518032067361,"2024-11-23 03:21:15"
24b9a488-abe4-420e-bf07-8cdb3eb90b17,"[""DECISION_VISIBILITY_CONTENT_REMOVED""]",,,,,,,,,,,DECISION_GROUND_INCOMPATIBLE_CONTENT,,,,"Harassment and Bullying","We welcome the respectful expression of different viewpoints, but not toxicity or trolling. We do not allow language or behavior that harasses, humiliates, threatens, or doxes anyone. This also includes responding to such acts with retaliatory harassment (but excludes non-harassing counterspeech).We proactively enforce our Community Guidelines through a mix of technology and human moderation. We have detected this policy violation using automated measures. We have used automated measures in making this decision.",,STATEMENT_CATEGORY_ILLEGAL_OR_HARMFUL_SPEECH,,,,"[""CONTENT_TYPE_TEXT""]",,,"2024-11-23 00:00:00","[""AT"",""BE"",""BG"",""CY"",""CZ"",""DE"",""DK"",""EE"",""ES"",""FI"",""FR"",""GR"",""HR"",""HU"",""IE"",""IT"",""LI"",""LT"",""LU"",""LV"",""MT"",""NL"",""NO"",""PL"",""PT"",""RO"",""SE"",""SI"",""SK""]","2024-11-23 00:00:00","The decision was taken pursuant to own-initiative investigations.",SOURCE_VOLUNTARY,,Yes,AUTOMATED_DECISION_FULLY,TikTok,7440309531785141024,"2024-11-23 03:21:16"
9e48cee5-1570-4ab2-beab-f6d609ed9326,"[""DECISION_VISIBILITY_CONTENT_REMOVED""]",,,,,,,,,,,DECISION_GROUND_INCOMPATIBLE_CONTENT,,,,"Dangerous activities and challenges","Most activities or challenges are appropriate for everyone, but some carry a risk of significant injury. We do not allow showing or promoting dangerous activities and challenges. This includes dares, games, tricks, inappropriate use of dangerous tools, eating substances that are harmful to one’s health, or similar activities that may lead to significant physical harm. Visit our {CG_link} for more information.",,STATEMENT_CATEGORY_SCOPE_OF_PLATFORM_SERVICE,,,,"[""CONTENT_TYPE_VIDEO""]",,,"2024-11-23 00:00:00","[""AT"",""BE"",""BG"",""CY"",""CZ"",""DE"",""DK"",""EE"",""ES"",""FI"",""FR"",""GR"",""HR"",""HU"",""IE"",""IS"",""IT"",""LI"",""LT"",""LU"",""LV"",""MT"",""NL"",""NO"",""PL"",""PT"",""RO"",""SE"",""SI"",""SK""]","2024-11-23 00:00:00","The decision was taken pursuant to own-initiative investigations",SOURCE_VOLUNTARY,,Yes,AUTOMATED_DECISION_FULLY,TikTok,7440309543378115360,"2024-11-23 03:21:16"
92a31b9d-8b92-4dd3-93ac-ad5b56aa4e5a,"[""DECISION_VISIBILITY_CONTENT_REMOVED""]",,,,,,,,,,,DECISION_GROUND_INCOMPATIBLE_CONTENT,,,,"Harassment and Bullying","We welcome the respectful expression of different viewpoints, but not toxicity or trolling. We do not allow language or behavior that harasses, humiliates, threatens, or doxes anyone. This also includes responding to such acts with retaliatory harassment (but excludes non-harassing counterspeech).We proactively enforce our Community Guidelines through a mix of technology and human moderation. We have detected this policy violation using automated measures. We have used automated measures in making this decision.",,STATEMENT_CATEGORY_ILLEGAL_OR_HARMFUL_SPEECH,,,,"[""CONTENT_TYPE_TEXT""]",,,"2024-11-23 00:00:00","[""AT"",""BE"",""BG"",""CY"",""CZ"",""DE"",""DK"",""EE"",""ES"",""FI"",""FR"",""GR"",""HR"",""HU"",""IE"",""IT"",""LI"",""LT"",""LU"",""LV"",""MT"",""NL"",""NO"",""PL"",""PT"",""RO"",""SE"",""SI"",""SK""]","2024-11-23 00:00:00","The decision was taken pursuant to own-initiative investigations.",SOURCE_VOLUNTARY,,Yes,AUTOMATED_DECISION_FULLY,TikTok,7440309543378131744,"2024-11-23 03:21:16"
6b59f048-906e-4659-bf51-d1d393412103,"[""DECISION_VISIBILITY_CONTENT_REMOVED""]",,,,,,,,,,,DECISION_GROUND_INCOMPATIBLE_CONTENT,,,,"Harassment and Bullying","We welcome the respectful expression of different viewpoints, but not toxicity or trolling. We do not allow language or behavior that harasses, humiliates, threatens, or doxes anyone. This also includes responding to such acts with retaliatory harassment (but excludes non-harassing counterspeech).We proactively enforce our Community Guidelines through a mix of technology and human moderation. We have detected this policy violation using automated measures. We have used automated measures in making this decision.",,STATEMENT_CATEGORY_ILLEGAL_OR_HARMFUL_SPEECH,,,,"[""CONTENT_TYPE_TEXT""]",,,"2024-11-23 00:00:00","[""AT"",""BE"",""BG"",""CY"",""CZ"",""DE"",""DK"",""EE"",""ES"",""FI"",""FR"",""GR"",""HR"",""HU"",""IE"",""IT"",""LI"",""LT"",""LU"",""LV"",""MT"",""NL"",""NO"",""PL"",""PT"",""RO"",""SE"",""SI"",""SK""]","2024-11-23 00:00:00","The decision was taken pursuant to own-initiative investigations.",SOURCE_VOLUNTARY,,Yes,AUTOMATED_DECISION_FULLY,TikTok,7440309543378148128,"2024-11-23 03:21:16"
2c38dfb7-e23a-4c95-ad2d-badf49bab19d,"[""DECISION_VISIBILITY_CONTENT_REMOVED""]",,,,,,,,,,,DECISION_GROUND_INCOMPATIBLE_CONTENT,,,,"Harassment and Bullying","We welcome the respectful expression of different viewpoints, but not toxicity or trolling. We do not allow language or behavior that harasses, humiliates, threatens, or doxes anyone. This also includes responding to such acts with retaliatory harassment (but excludes non-harassing counterspeech).We proactively enforce our Community Guidelines through a mix of technology and human moderation. We have detected this policy violation using automated measures. We have used automated measures in making this decision.",,STATEMENT_CATEGORY_ILLEGAL_OR_HARMFUL_SPEECH,,,,"[""CONTENT_TYPE_TEXT""]",,,"2024-11-23 00:00:00","[""AT"",""BE"",""BG"",""CY"",""CZ"",""DE"",""DK"",""EE"",""ES"",""FI"",""FR"",""GR"",""HR"",""HU"",""IE"",""IT"",""LI"",""LT"",""LU"",""LV"",""MT"",""NL"",""NO"",""PL"",""PT"",""RO"",""SE"",""SI"",""SK""]","2024-11-23 00:00:00","The decision was taken pursuant to own-initiative investigations.",SOURCE_VOLUNTARY,,Yes,AUTOMATED_DECISION_FULLY,TikTok,7440309543378164512,"2024-11-23 03:21:16"
e872b5aa-50ad-4c25-95e6-5f3bcbb1280a,,,,,,,DECISION_PROVISION_PARTIAL_SUSPENSION,"2024-11-30 00:00:00",,,,DECISION_GROUND_INCOMPATIBLE_CONTENT,,,,"Hate speech and hateful behaviors","TikTok is enriched by the various backgrounds of our community members. Our differences should be respected, rather than a cause for division. We do not allow any hateful behavior, hate speech, or promotion of hateful ideologies. This includes content that attacks a person or group because of protected attributes. Visit our {CG_link} for more information.",,STATEMENT_CATEGORY_ILLEGAL_OR_HARMFUL_SPEECH,,,,"[""CONTENT_TYPE_VIDEO""]",,,"2024-11-23 00:00:00","[""AT"",""BE"",""BG"",""CY"",""CZ"",""DE"",""DK"",""EE"",""ES"",""FI"",""FR"",""GR"",""HR"",""HU"",""IE"",""IS"",""IT"",""LI"",""LT"",""LU"",""LV"",""MT"",""NL"",""NO"",""PL"",""PT"",""RO"",""SE"",""SI"",""SK""]","2024-11-23 00:00:00","The decision was taken pursuant to own-initiative investigations",SOURCE_VOLUNTARY,,Yes,AUTOMATED_DECISION_NOT_AUTOMATED,TikTok,7440309531785157408,"2024-11-23 03:21:16"
ae7df9d2-cc54-44b6-b516-75726182924a,"[""DECISION_VISIBILITY_CONTENT_REMOVED""]",,,,,,,,,,,DECISION_GROUND_INCOMPATIBLE_CONTENT,,,,"Hate speech and hateful behaviors","TikTok is enriched by the various backgrounds of our community members. Our differences should be respected, rather than a cause for division. We do not allow any hateful behavior, hate speech, or promotion of hateful ideologies. This includes content that attacks a person or group because of protected attributes. Visit our {CG_link} for more information.",,STATEMENT_CATEGORY_ILLEGAL_OR_HARMFUL_SPEECH,,,,"[""CONTENT_TYPE_VIDEO""]",,,"2024-11-23 00:00:00","[""AT"",""BE"",""BG"",""CY"",""CZ"",""DE"",""DK"",""EE"",""ES"",""FI"",""FR"",""GR"",""HR"",""HU"",""IE"",""IS"",""IT"",""LI"",""LT"",""LU"",""LV"",""MT"",""NL"",""NO"",""PL"",""PT"",""RO"",""SE"",""SI"",""SK""]","2024-11-23 00:00:00","The decision was taken pursuant to own-initiative investigations",SOURCE_VOLUNTARY,,Yes,AUTOMATED_DECISION_NOT_AUTOMATED,TikTok,7440309543378180896,"2024-11-23 03:21:16"
d2385c4d-7b20-411e-bd01-25e5ca61e922,"[""DECISION_VISIBILITY_CONTENT_REMOVED""]",,,,,,,,,,,DECISION_GROUND_INCOMPATIBLE_CONTENT,,,,"Harassment and Bullying","We welcome the respectful expression of different viewpoints, but not toxicity or trolling. We do not allow language or behavior that harasses, humiliates, threatens, or doxes anyone. This also includes responding to such acts with retaliatory harassment (but excludes non-harassing counterspeech).We proactively enforce our Community Guidelines through a mix of technology and human moderation. We have detected this policy violation using automated measures. We have used automated measures in making this decision.",,STATEMENT_CATEGORY_ILLEGAL_OR_HARMFUL_SPEECH,,,,"[""CONTENT_TYPE_TEXT""]",,,"2024-11-23 00:00:00","[""AT"",""BE"",""BG"",""CY"",""CZ"",""DE"",""DK"",""EE"",""ES"",""FI"",""FR"",""GR"",""HR"",""HU"",""IE"",""IT"",""LI"",""LT"",""LU"",""LV"",""MT"",""NL"",""NO"",""PL"",""PT"",""RO"",""SE"",""SI"",""SK""]","2024-11-23 00:00:00","The decision was taken pursuant to own-initiative investigations.",SOURCE_VOLUNTARY,,Yes,AUTOMATED_DECISION_FULLY,TikTok,7440309531785173792,"2024-11-23 03:21:16"
38187fc7-5bdc-4196-a9da-84bd2eaedaeb,"[""DECISION_VISIBILITY_CONTENT_REMOVED""]",,,,,,,,,,,DECISION_GROUND_INCOMPATIBLE_CONTENT,,,,"Harassment and Bullying","We welcome the respectful expression of different viewpoints, but not toxicity or trolling. We do not allow language or behavior that harasses, humiliates, threatens, or doxes anyone. This also includes responding to such acts with retaliatory harassment (but excludes non-harassing counterspeech).We proactively enforce our Community Guidelines through a mix of technology and human moderation. We have detected this policy violation using automated measures. We have used automated measures in making this decision.",,STATEMENT_CATEGORY_ILLEGAL_OR_HARMFUL_SPEECH,,,,"[""CONTENT_TYPE_TEXT""]",,,"2024-11-23 00:00:00","[""AT"",""BE"",""BG"",""CY"",""CZ"",""DE"",""DK"",""EE"",""ES"",""FI"",""FR"",""GR"",""HR"",""HU"",""IE"",""IT"",""LI"",""LT"",""LU"",""LV"",""MT"",""NL"",""NO"",""PL"",""PT"",""RO"",""SE"",""SI"",""SK""]","2024-11-23 00:00:00","The decision was taken pursuant to own-initiative investigations.",SOURCE_VOLUNTARY,,Yes,AUTOMATED_DECISION_FULLY,TikTok,7440309531785190176,"2024-11-23 03:21:16"
f6eb8183-166e-4ebf-a9d3-1334a88087d8,"[""DECISION_VISIBILITY_CONTENT_REMOVED""]",,,,,,,,,,,DECISION_GROUND_INCOMPATIBLE_CONTENT,,,,"Harassment and Bullying","We welcome the respectful expression of different viewpoints, but not toxicity or trolling. We do not allow language or behavior that harasses, humiliates, threatens, or doxes anyone. This also includes responding to such acts with retaliatory harassment (but excludes non-harassing counterspeech).We proactively enforce our Community Guidelines through a mix of technology and human moderation. We have detected this policy violation using automated measures. We have used automated measures in making this decision.",,STATEMENT_CATEGORY_ILLEGAL_OR_HARMFUL_SPEECH,,,,"[""CONTENT_TYPE_TEXT""]",,,"2024-11-23 00:00:00","[""AT"",""BE"",""BG"",""CY"",""CZ"",""DE"",""DK"",""EE"",""ES"",""FI"",""FR"",""GR"",""HR"",""HU"",""IE"",""IT"",""LI"",""LT"",""LU"",""LV"",""MT"",""NL"",""NO"",""PL"",""PT"",""RO"",""SE"",""SI"",""SK""]","2024-11-23 00:00:00","The decision was taken pursuant to own-initiative investigations.",SOURCE_VOLUNTARY,,Yes,AUTOMATED_DECISION_FULLY,TikTok,7440309543378197280,"2024-11-23 03:21:16"
ada87248-987a-4d4a-a57e-762d01437d79,"[""DECISION_VISIBILITY_CONTENT_REMOVED""]",,,,,,,,,,,DECISION_GROUND_INCOMPATIBLE_CONTENT,,,,"Dangerous Activities and Challenges","Most activities or challenges are appropriate for everyone, but some carry a risk of significant injury. We do not allow showing or promoting dangerous activities and challenges. This includes dares, games, tricks, inappropriate use of dangerous tools, eating substances that are harmful to one’s health, or similar activities that may lead to significant physical harm.We proactively enforce our Community Guidelines through a mix of technology and human moderation. We have detected this policy violation using automated measures. We have used automated measures in making this decision.",,STATEMENT_CATEGORY_SCOPE_OF_PLATFORM_SERVICE,,,,"[""CONTENT_TYPE_VIDEO""]",,,"2024-11-23 00:00:00","[""AT"",""BE"",""BG"",""CY"",""CZ"",""DE"",""DK"",""EE"",""ES"",""FI"",""FR"",""GR"",""HR"",""HU"",""IE"",""IT"",""LI"",""LT"",""LU"",""LV"",""MT"",""NL"",""NO"",""PL"",""PT"",""RO"",""SE"",""SI"",""SK""]","2024-11-23 00:00:00","The decision was taken pursuant to own-initiative investigations.",SOURCE_VOLUNTARY,,Yes,AUTOMATED_DECISION_FULLY,TikTok,7440309543378213664,"2024-11-23 03:21:16"
1c4fff4e-318c-4ac5-b8d7-e5db16ee55a5,"[""DECISION_VISIBILITY_OTHER""]","Video not eligible for recommendation in the For You feed",,,,,,,,,,DECISION_GROUND_INCOMPATIBLE_CONTENT,,,,"Community Guidelines","We maintain content eligibility standards for the For You feed (FYF) that prioritize safety and are informed by the diversity of our community and cultural norms. We make ineligible for the FYF certain content that may not be appropriate for a broad audience related to: (1) Behavioral Health, (2) Sensitive and Mature Themes, (3) Integrity and Authenticity, and (4) Regulated Goods. Content that is ineligible for the FYF can still be discovered in other ways, such as through search tools or by following an account.We proactively enforce our Community Guidelines through a mix of technology and human moderation. We have detected this policy violation using automated measures. We have used automated measures in making this decision.",,STATEMENT_CATEGORY_SCOPE_OF_PLATFORM_SERVICE,,,,"[""CONTENT_TYPE_VIDEO""]",,,"2024-11-23 00:00:00","[""AT"",""BE"",""BG"",""CY"",""CZ"",""DE"",""DK"",""EE"",""ES"",""FI"",""FR"",""GR"",""HR"",""HU"",""IE"",""IT"",""LI"",""LT"",""LU"",""LV"",""MT"",""NL"",""NO"",""PL"",""PT"",""RO"",""SE"",""SI"",""SK""]","2024-11-23 00:00:00","The decision was taken pursuant to own-initiative investigations.",SOURCE_VOLUNTARY,,Yes,AUTOMATED_DECISION_FULLY,TikTok,7440309543378230048,"2024-11-23 03:21:16"
d3296426-e593-4194-9ed3-3a1e57e38d1b,"[""DECISION_VISIBILITY_OTHER""]","Video not eligible for recommendation in the For You feed",,,,,,,,,,DECISION_GROUND_INCOMPATIBLE_CONTENT,,,,"Community Guidelines","We maintain content eligibility standards for the For You feed (FYF) that prioritize safety and are informed by the diversity of our community and cultural norms. We make ineligible for the FYF certain content that may not be appropriate for a broad audience related to: (1) Behavioral Health, (2) Sensitive and Mature Themes, (3) Integrity and Authenticity, and (4) Regulated Goods. Content that is ineligible for the FYF can still be discovered in other ways, such as through search tools or by following an account.We proactively enforce our Community Guidelines through a mix of technology and human moderation. We have detected this policy violation using automated measures. We have used automated measures in making this decision.",,STATEMENT_CATEGORY_SCOPE_OF_PLATFORM_SERVICE,,,,"[""CONTENT_TYPE_VIDEO""]",,,"2024-11-23 00:00:00","[""AT"",""BE"",""BG"",""CY"",""CZ"",""DE"",""DK"",""EE"",""ES"",""FI"",""FR"",""GR"",""HR"",""HU"",""IE"",""IT"",""LI"",""LT"",""LU"",""LV"",""MT"",""NL"",""NO"",""PL"",""PT"",""RO"",""SE"",""SI"",""SK""]","2024-11-23 00:00:00","The decision was taken pursuant to own-initiative investigations.",SOURCE_VOLUNTARY,,Yes,AUTOMATED_DECISION_FULLY,TikTok,7440309543378246432,"2024-11-23 03:21:16"
72c7a224-1fdf-4bc0-a506-3a45d3bd82d2,"[""DECISION_VISIBILITY_CONTENT_REMOVED""]",,,,,,,,,,,DECISION_GROUND_INCOMPATIBLE_CONTENT,,,,"Nudity and Body Exposure","We celebrate all shapes and sizes and want people to feel comfortable in how they present themselves and their bodies. We do not allow nudity, including uncovered genitals and buttocks, as well as nipples and areolas of women and girls. Sheer and partially see-through clothing is not considered covered.We proactively enforce our Community Guidelines through a mix of technology and human moderation. We have detected this policy violation using automated measures. We have used automated measures in making this decision.",,STATEMENT_CATEGORY_SCOPE_OF_PLATFORM_SERVICE,,,,"[""CONTENT_TYPE_VIDEO""]",,,"2024-11-23 00:00:00","[""AT"",""BE"",""BG"",""CY"",""CZ"",""DE"",""DK"",""EE"",""ES"",""FI"",""FR"",""GR"",""HR"",""HU"",""IE"",""IT"",""LI"",""LT"",""LU"",""LV"",""MT"",""NL"",""NO"",""PL"",""PT"",""RO"",""SE"",""SI"",""SK""]","2024-11-23 00:00:00","The decision was taken pursuant to own-initiative investigations.",SOURCE_VOLUNTARY,,Yes,AUTOMATED_DECISION_FULLY,TikTok,7440309550789434144,"2024-11-23 03:21:16"
8211a0a7-8a4d-4f6d-9647-5a748be7a53b,"[""DECISION_VISIBILITY_CONTENT_REMOVED""]",,,,,,,,,,,DECISION_GROUND_INCOMPATIBLE_CONTENT,,,,"Harassment and Bullying","We welcome the respectful expression of different viewpoints, but not toxicity or trolling. We do not allow language or behavior that harasses, humiliates, threatens, or doxes anyone. This also includes responding to such acts with retaliatory harassment (but excludes non-harassing counterspeech).We proactively enforce our Community Guidelines through a mix of technology and human moderation. We have detected this policy violation using automated measures. We have used automated measures in making this decision.",,STATEMENT_CATEGORY_ILLEGAL_OR_HARMFUL_SPEECH,,,,"[""CONTENT_TYPE_TEXT""]",,,"2024-11-23 00:00:00","[""AT"",""BE"",""BG"",""CY"",""CZ"",""DE"",""DK"",""EE"",""ES"",""FI"",""FR"",""GR"",""HR"",""HU"",""IE"",""IT"",""LI"",""LT"",""LU"",""LV"",""MT"",""NL"",""NO"",""PL"",""PT"",""RO"",""SE"",""SI"",""SK""]","2024-11-23 00:00:00","The decision was taken pursuant to own-initiative investigations.",SOURCE_VOLUNTARY,,Yes,AUTOMATED_DECISION_FULLY,TikTok,7440309550789450528,"2024-11-23 03:21:16"
9ad3513b-65e3-43d3-bc81-3e0fb35a6609,"[""DECISION_VISIBILITY_CONTENT_REMOVED""]",,,,,,,,,,,DECISION_GROUND_INCOMPATIBLE_CONTENT,,,,"Frauds and Scams","We want people to be able to use our platform to learn about ways to be financially responsible and consider economic transactions or investment opportunities, without worrying about scams or financial exploitation. We do not allow attempts to defraud or scam members of our community.We proactively enforce our Community Guidelines through a mix of technology and human moderation. We have detected this policy violation using automated measures.",,STATEMENT_CATEGORY_SCAMS_AND_FRAUD,,,,"[""CONTENT_TYPE_VIDEO""]",,,"2024-11-23 00:00:00","[""AT"",""BE"",""BG"",""CY"",""CZ"",""DE"",""DK"",""EE"",""ES"",""FI"",""FR"",""GR"",""HR"",""HU"",""IE"",""IT"",""LI"",""LT"",""LU"",""LV"",""MT"",""NL"",""NO"",""PL"",""PT"",""RO"",""SE"",""SI"",""SK""]","2024-11-23 00:00:00","The decision was taken pursuant to own-initiative investigations.",SOURCE_VOLUNTARY,,Yes,AUTOMATED_DECISION_NOT_AUTOMATED,TikTok,7440309555856153377,"2024-11-23 03:21:16"
0ded166c-d1ae-4500-aa76-9ce43f37b314,"[""DECISION_VISIBILITY_OTHER""]","Video not eligible for recommendation in the For You feed",,,,,,,,,,DECISION_GROUND_INCOMPATIBLE_CONTENT,,,,"Minimum Age Requirement","Users must be 13 years and older to have a TikTok account. We are deeply committed to ensuring that TikTok is a safe and positive experience for people under the age of 18. This starts by being old enough to use TikTok. If we learn someone is below the minimum age on TikTok, we will ban that account. Content created by anyone under 16 is ineligible for the For You feed and harder to find in search.We proactively enforce our Community Guidelines through a mix of technology and human moderation. We have detected this policy violation using automated measures.",,STATEMENT_CATEGORY_PROTECTION_OF_MINORS,,,,"[""CONTENT_TYPE_VIDEO""]",,,"2024-11-22 00:00:00","[""AT"",""BE"",""BG"",""CY"",""CZ"",""DE"",""DK"",""EE"",""ES"",""FI"",""FR"",""GR"",""HR"",""HU"",""IE"",""IT"",""LI"",""LT"",""LU"",""LV"",""MT"",""NL"",""NO"",""PL"",""PT"",""RO"",""SE"",""SI"",""SK""]","2024-11-23 00:00:00","The decision was taken pursuant to own-initiative investigations.",SOURCE_VOLUNTARY,,Yes,AUTOMATED_DECISION_NOT_AUTOMATED,TikTok,7440309555856169761,"2024-11-23 03:21:16"
41149bb0-bc52-4ebb-8c19-53f7c1aaaa55,"[""DECISION_VISIBILITY_OTHER""]","Video not eligible for recommendation in the For You feed",,,,,,,,,,DECISION_GROUND_INCOMPATIBLE_CONTENT,,,,"Community Guidelines","Your content is against our Community Guidelines. The guidelines include rules and standards for using TikTok that apply to everyone and everything on our platform.We proactively enforce our Community Guidelines through a mix of technology and human moderation. We have detected this policy violation using automated measures. We have used automated measures in making this decision.",,STATEMENT_CATEGORY_SCOPE_OF_PLATFORM_SERVICE,,,,"[""CONTENT_TYPE_OTHER""]","Video Sticker",,"2024-11-23 00:00:00","[""AT"",""BE"",""BG"",""CY"",""CZ"",""DE"",""DK"",""EE"",""ES"",""FI"",""FR"",""GR"",""HR"",""HU"",""IE"",""IT"",""LI"",""LT"",""LU"",""LV"",""MT"",""NL"",""NO"",""PL"",""PT"",""RO"",""SE"",""SI"",""SK""]","2024-11-23 00:00:00","The decision was taken pursuant to own-initiative investigations.",SOURCE_VOLUNTARY,,Yes,AUTOMATED_DECISION_FULLY,TikTok,7440309555856186145,"2024-11-23 03:21:16"
f77f83f8-4777-4c13-88ec-c615e87c76ee,"[""DECISION_VISIBILITY_CONTENT_REMOVED""]",,,,,,,,,,,DECISION_GROUND_INCOMPATIBLE_CONTENT,,,,"Harassment and Bullying","We welcome the respectful expression of different viewpoints, but not toxicity or trolling. We do not allow language or behavior that harasses, humiliates, threatens, or doxes anyone. This also includes responding to such acts with retaliatory harassment (but excludes non-harassing counterspeech).We proactively enforce our Community Guidelines through a mix of technology and human moderation. We have detected this policy violation using automated measures. We have used automated measures in making this decision.",,STATEMENT_CATEGORY_ILLEGAL_OR_HARMFUL_SPEECH,,,,"[""CONTENT_TYPE_TEXT""]",,,"2024-11-23 00:00:00","[""AT"",""BE"",""BG"",""CY"",""CZ"",""DE"",""DK"",""EE"",""ES"",""FI"",""FR"",""GR"",""HR"",""HU"",""IE"",""IT"",""LI"",""LT"",""LU"",""LV"",""MT"",""NL"",""NO"",""PL"",""PT"",""RO"",""SE"",""SI"",""SK""]","2024-11-23 00:00:00","The decision was taken pursuant to own-initiative investigations.",SOURCE_VOLUNTARY,,Yes,AUTOMATED_DECISION_FULLY,TikTok,7440309550789466912,"2024-11-23 03:21:16"
b85fb434-707a-4a21-a72d-7df772242f22,"[""DECISION_VISIBILITY_CONTENT_REMOVED""]",,,,,,,,,,,DECISION_GROUND_INCOMPATIBLE_CONTENT,,,,"Harassment and Bullying","We welcome the respectful expression of different viewpoints, but not toxicity or trolling. We do not allow language or behavior that harasses, humiliates, threatens, or doxes anyone. This also includes responding to such acts with retaliatory harassment (but excludes non-harassing counterspeech).We proactively enforce our Community Guidelines through a mix of technology and human moderation. We have detected this policy violation using automated measures. We have used automated measures in making this decision.",,STATEMENT_CATEGORY_ILLEGAL_OR_HARMFUL_SPEECH,,,,"[""CONTENT_TYPE_TEXT""]",,,"2024-11-23 00:00:00","[""AT"",""BE"",""BG"",""CY"",""CZ"",""DE"",""DK"",""EE"",""ES"",""FI"",""FR"",""GR"",""HR"",""HU"",""IE"",""IT"",""LI"",""LT"",""LU"",""LV"",""MT"",""NL"",""NO"",""PL"",""PT"",""RO"",""SE"",""SI"",""SK""]","2024-11-23 00:00:00","The decision was taken pursuant to own-initiative investigations.",SOURCE_VOLUNTARY,,Yes,AUTOMATED_DECISION_FULLY,TikTok,7440309550789483296,"2024-11-23 03:21:16"
95172ab5-1790-4f17-9d83-a67ea297c3d4,"[""DECISION_VISIBILITY_OTHER""]","Video not eligible for recommendation in the For You feed",,,,,,,,,,DECISION_GROUND_INCOMPATIBLE_CONTENT,,,,"Community Guidelines","Your content is against our Community Guidelines. The guidelines include rules and standards for using TikTok that apply to everyone and everything on our platform.We proactively enforce our Community Guidelines through a mix of technology and human moderation. We have detected this policy violation using automated measures. We have used automated measures in making this decision.",,STATEMENT_CATEGORY_SCOPE_OF_PLATFORM_SERVICE,,,,"[""CONTENT_TYPE_OTHER""]","Video Sticker",,"2024-11-23 00:00:00","[""AT"",""BE"",""BG"",""CY"",""CZ"",""DE"",""DK"",""EE"",""ES"",""FI"",""FR"",""GR"",""HR"",""HU"",""IE"",""IT"",""LI"",""LT"",""LU"",""LV"",""MT"",""NL"",""NO"",""PL"",""PT"",""RO"",""SE"",""SI"",""SK""]","2024-11-23 00:00:00","The decision was taken pursuant to own-initiative investigations.",SOURCE_VOLUNTARY,,Yes,AUTOMATED_DECISION_FULLY,TikTok,7440309550789499680,"2024-11-23 03:21:16"